caller,callee,kind,site,count
0x00000000,0x08006338,bl,0x08038F48,9
0x00000000,0x08037F2A,bl,0x08038F98,1
0x00000000,0x0803E1B8,bl,0x08038FC0,1
0x00000000,0x0803E4A8,bl,0x08038FAE,1
0x00000000,0x080413A4,bl,0x08038F32,1
0x00000000,0x08053940,bl,0x08048FFA,2
0x00000000,0x0805AFAC,bl,0x08049168,4
0x00000000,0x080CFDCC,bl,0x08038F4E,22
0x08000288,0x080CFDDC,bl,0x08000290,1
0x08000310,0x08001A0C,bl,0x08000634,1
0x08000310,0x08002028,bl,0x0800064A,1
0x08000310,0x08002268,bl,0x080006E0,1
0x08000310,0x08002EAC,bl,0x080006EE,1
0x08000310,0x080CE55C,bl,0x080005B4,1
0x08000310,0x080CFA54,bl,0x08000326,5
0x08000310,0x080CFA58,bl,0x0800037E,5
0x08000DE4,0x08000934,bl,0x08000DE6,1
0x08000DE4,0x08003484,bl,0x08000E92,1
0x08000DE4,0x08004734,bl,0x0800100A,1
0x08000DE4,0x080CDF00,bl,0x08000FE8,1
0x08000DE4,0x080CF588,bl,0x08000EF0,6
0x08000DE4,0x080CFA7C,bl,0x08000FE4,1
0x08000DE4,0x080CFC30,bl,0x0800105E,1
0x08000DE4,0x080CFC38,bl,0x08000F7A,1
0x080010CC,0x080011AC,bl,0x08001160,1
0x080010CC,0x080011DC,bl,0x08001126,2
0x080010CC,0x08001280,bl,0x0800115C,1
0x080010CC,0x080013F8,bl,0x08001164,1
0x080010CC,0x08006CD4,bl,0x080010FE,1
0x080010CC,0x080CDF00,bl,0x080010D6,1
0x080010CC,0x080CE5D4,bl,0x0800117C,1
0x080010CC,0x080CFC30,bl,0x0800110A,4
0x080011AC,0x080CFA54,bl,0x080011BA,2
0x080013F8,0x080CFA54,bl,0x08001424,1
0x080013F8,0x080CFA58,bl,0x08001430,1
0x08001518,0x08001488,bl,0x08001534,1
0x08001518,0x080014E8,bl,0x08001530,1
0x0800157C,0x080CFA58,bl,0x080015F6,4
0x0800157C,0x080CFA6C,bl,0x080017BC,1
0x080017E4,0x080CFA58,bl,0x080018E0,2
0x080017E4,0x080CFA6C,bl,0x080019F4,1
0x08001A0C,0x08001A34,bl,0x08001A0E,2
0x08001A34,0x080CFA54,bl,0x08001A50,1
0x08001A84,0x080CFC30,bl,0x08001A88,1
0x08001CC8,0x080CFA5C,bl,0x08001D5A,2
0x080022AC,0x08001A0C,bl,0x080022B2,1
0x080022AC,0x08004FEC,bl,0x080022AE,1
0x080022D0,0x08000DE4,bl,0x080022D6,1
0x080022D0,0x08001A34,bl,0x080022DA,1
0x080022D0,0x08001A84,bl,0x080022D2,1
0x080022E4,0x08000DE4,bl,0x080022EE,1
0x080022E4,0x08001A34,bl,0x080022F2,1
0x080022E4,0x08001A84,bl,0x080022EA,1
0x080022E4,0x08005228,bl,0x080022E6,1
0x08002378,0x080022D0,bl,0x080024AA,1
0x08002378,0x08006914,bl,0x080024B4,1
0x08002378,0x080072E0,bl,0x080024B8,1
0x08002378,0x08008B8C,bl,0x080024C0,2
0x08002668,0x080022D0,bl,0x08002796,1
0x08002668,0x08006914,bl,0x080027A0,1
0x08002668,0x080072E0,bl,0x080027A4,1
0x08002668,0x08008B8C,bl,0x080027AC,2
0x0800293C,0x080022D0,bl,0x080029FC,1
0x0800293C,0x08002D54,bl,0x08002AD8,1
0x0800293C,0x08006868,bl,0x08002ADC,1
0x0800293C,0x08006914,bl,0x08002A06,1
0x0800293C,0x080072E0,bl,0x08002A0A,1
0x0800293C,0x08008B8C,bl,0x08002A12,2
0x08002B04,0x080B84F0,bl,0x08002B84,1
0x08002B8C,0x08002B04,bl,0x08002C40,1
0x08002B8C,0x08006914,bl,0x08002BCE,2
0x08002B8C,0x08008B8C,bl,0x08002C3C,1
0x08002B8C,0x080B8694,bl,0x08002CD6,1
0x08002D18,0x08000DE4,bl,0x08002D32,1
0x08002D18,0x08001A34,bl,0x08002D36,1
0x08002D18,0x08001A84,bl,0x08002D1E,1
0x08002D18,0x08002B04,bl,0x08002D2A,1
0x08002D18,0x08002B8C,bl,0x08002D3A,1
0x08002D18,0x08005228,bl,0x08002D1A,1
0x08002D18,0x080072E0,bl,0x08002D3E,1
0x08002D18,0x08008B8C,bl,0x08002D46,1
0x08002D54,0x080022E4,bl,0x08002D64,1
0x08002D74,0x080022D0,bl,0x08002D84,1
0x08002D94,0x08002D18,bl,0x08002DA4,1
0x08002DB4,0x080022E4,bl,0x08002DC0,1
0x08002DE0,0x080022D0,bl,0x08002DEC,1
0x08002E0C,0x08002D18,bl,0x08002E18,1
0x08002E98,0x080CFC30,bl,0x08002EA4,1
0x08003110,0x0800315E,bl,0x0800315C,1
0x08003110,0x080CE658,bl,0x0800314A,1
0x0800315E,0x080CE5E0,bl,0x08003170,1
0x08003184,0x080CE7D0,bl,0x08003188,1
0x080031B8,0x080CED14,bl,0x08003452,1
0x08003484,0x080CE714,bl,0x0800348E,2
0x08003484,0x080CE74C,bl,0x080034C2,1
0x080034D0,0x080CEDF8,bl,0x080034DE,1
0x080034F0,0x080CEDF8,bl,0x08003538,1
0x08003564,0x080CEDF8,bl,0x080035B6,1
0x080035F4,0x080CEDF8,bl,0x08003646,1
0x08003688,0x080CE5E0,bl,0x08003734,1
0x08003688,0x080CE658,bl,0x0800370E,1
0x08003688,0x080CE7D0,bl,0x0800373A,1
0x08003688,0x080CEDF8,bl,0x0800369C,1
0x08003770,0x080CF588,bl,0x08003790,4
0x08003840,0x080CEBE4,bl,0x08003842,1
0x08003864,0x080CEC60,bl,0x08003866,1
0x08003888,0x080CFA58,bl,0x080038AA,1
0x08003A34,0x08004968,bl,0x08003A7A,1
0x08003A34,0x080CFA58,bl,0x08003A5A,1
0x08003AB8,0x08004984,bl,0x08003AD4,1
0x08003DC4,0x08003484,bl,0x08003F3A,1
0x08003DC4,0x08003840,bl,0x08003F3E,1
0x08003DC4,0x08004984,bl,0x08003F56,1
0x08003DC4,0x08004DD8,bl,0x08003F0E,1
0x08003DC4,0x08004E9C,bl,0x08003FDE,1
0x08004000,0x08003AB8,bl,0x0800404E,1
0x08004000,0x08003BD8,bl,0x08004054,1
0x08004000,0x08003DC4,bl,0x0800405A,1
0x08004984,0x08004968,bl,0x080049CA,5
0x08004984,0x08004D6C,bl,0x08004C08,3
0x08004984,0x08004DB4,bl,0x08004AE8,1
0x08004984,0x08004E9C,bl,0x08004990,3
0x08004984,0x08004EAC,bl,0x080049E0,1
0x08004984,0x08004FB0,bl,0x08004D4A,1
0x08004984,0x080CFA74,bl,0x08004C6E,1
0x08004D6C,0x08004968,bl,0x08004DA2,1
0x08004DB4,0x08004968,bl,0x08004DC0,1
0x08004DD8,0x08004968,bl,0x08004E14,1
0x08004EAC,0x08004968,bl,0x08004F86,1
0x08004EAC,0x08004D6C,bl,0x08004F2C,1
0x08004FB0,0x08004F98,bl,0x08004FD8,1
0x08004FEC,0x080CFA58,bl,0x080050B6,2
0x08005228,0x080CFC30,bl,0x080053CA,3
0x08005228,0x080CFC34,bl,0x080053AC,1
0x08005228,0x080CFDC4,bl,0x08005364,1
0x080058E4,0x0800579C,bl,0x080058F6,1
0x08005904,0x0800579C,bl,0x08005942,1
0x080059A0,0x08005954,bl,0x080059B6,1
0x080059D8,0x080059A0,bl,0x080059DA,1
0x080059FC,0x080059A0,bl,0x08005A1A,1
0x08005A90,0x080059A0,bl,0x08005A92,1
0x08005ACC,0x080017E4,bl,0x08005B7E,2
0x08005BC4,0x080017E4,bl,0x08005C1E,1
0x08005CA0,0x08001A94,bl,0x08005D06,1
0x08005D18,0x08001A94,bl,0x08005D7E,1
0x08005D18,0x08005654,bl,0x08005D8C,1
0x08005D9C,0x08001A94,bl,0x08005E02,2
0x08005D9C,0x08005654,bl,0x08005E98,1
0x08005D9C,0x08005ACC,bl,0x08005DB6,2
0x08005EA8,0x08001A94,bl,0x08005F18,1
0x08005EA8,0x08005ACC,bl,0x08005ECC,1
0x08005EA8,0x08005C4C,bl,0x08005EC2,1
0x08005F30,0x08001A94,bl,0x08005FA0,1
0x08005F30,0x08005654,bl,0x08005FB8,1
0x08005F30,0x08005ACC,bl,0x08005F54,1
0x08005F30,0x08005C4C,bl,0x08005F4A,1
0x08005FC8,0x08001A94,bl,0x08006028,1
0x08005FC8,0x08005ACC,bl,0x08005FE2,1
0x08005FC8,0x08005BC4,bl,0x08005FEE,1
0x08006040,0x08001A94,bl,0x080060A6,1
0x08006040,0x08005ACC,bl,0x0800605A,1
0x080060C0,0x08001A94,bl,0x08006126,1
0x08006138,0x080CFDCC,bl,0x0800613C,1
0x08006338,0x08006304,bl,0x08006340,1
0x080064AC,0x08002EE8,bl,0x080064C4,1
0x080064DC,0x08002EE8,bl,0x080064F4,1
0x0800663C,0x080CFA58,bl,0x0800669A,1
0x08006724,0x08007124,bl,0x08006778,1
0x08006724,0x08007174,bl,0x0800677C,1
0x08006724,0x080CFA58,bl,0x08006774,1
0x08006868,0x08006724,bl,0x08006906,1
0x08006868,0x08006868,bl,0x0800690A,1
0x08006868,0x080CFA58,bl,0x080068A4,1
0x08006914,0x08006724,bl,0x08006972,1
0x08006914,0x08006868,bl,0x0800695C,1
0x08006914,0x08006A48,bl,0x0800698E,1
0x08006914,0x08006A70,bl,0x080069B8,1
0x08006914,0x08006AC8,bl,0x080069C4,1
0x08006914,0x08006BB4,bl,0x080069CA,1
0x08006CD4,0x08006E8C,bl,0x08006D04,2
0x08006D18,0x08006E8C,bl,0x08006D1E,1
0x08006D18,0x080070B8,bl,0x08006D1A,1
0x08006D28,0x08006E9C,bl,0x08006D4E,1
0x080071DC,0x080022E4,bl,0x080072CC,1
0x080071DC,0x08006724,bl,0x0800720E,1
0x080071DC,0x08006868,bl,0x080071E4,1
0x080071DC,0x08006914,bl,0x0800729E,1
0x08007300,0x080022BC,bl,0x08007522,1
0x08007300,0x08007624,bl,0x08007428,1
0x08007300,0x0800783C,bl,0x08007492,1
0x08007300,0x0800791C,bl,0x08007470,4
0x08007300,0x08007F9C,bl,0x080074B6,1
0x08007300,0x08008A00,bl,0x08007534,1
0x08007300,0x080091AC,bl,0x0800739C,1
0x08007300,0x080096E0,bl,0x080073AC,1
0x08007300,0x0800B44C,bl,0x08007384,1
0x08007300,0x0800B4A8,bl,0x080073CC,2
0x08007300,0x0800B514,bl,0x080073D0,1
0x08007300,0x0800B5DC,bl,0x08007414,2
0x08007300,0x0800B628,bl,0x0800745C,2
0x08007300,0x0800B920,bl,0x080073C8,1
0x08007300,0x080100AC,bl,0x080073DE,1
0x08007300,0x08022F50,bl,0x08007526,1
0x08007300,0x0805B110,bl,0x080074A6,1
0x08007300,0x080B7800,bl,0x08007308,1
0x08007300,0x080BA354,bl,0x08007504,1
0x08007300,0x080C6260,bl,0x08007574,1
0x08007300,0x080C6420,bl,0x08007598,1
0x08007300,0x080CACF0,bl,0x080074FE,1
0x08007300,0x080CD330,bl,0x08007594,1
0x08007624,0x0800214C,bl,0x08007658,1
0x08007624,0x080021DC,bl,0x080077E2,1
0x08007624,0x080022FC,bl,0x0800763E,1
0x08007624,0x08002338,bl,0x080077DE,1
0x08007624,0x08002378,bl,0x0800763A,1
0x08007624,0x08002D18,bl,0x08007664,1
0x08007624,0x08002E0C,bl,0x0800765C,2
0x08007624,0x080034F0,bl,0x0800780C,1
0x08007624,0x080075B8,bl,0x0800766C,1
0x08007624,0x08008664,bl,0x080076FC,1
0x08007624,0x08008C4C,bl,0x0800762E,1
0x08007624,0x0800B788,bl,0x08007632,1
0x08007624,0x0801A7B4,bl,0x08007660,1
0x08007624,0x08027178,bl,0x0800781E,1
0x08007624,0x08040788,bl,0x08007668,1
0x0800783C,0x0800214C,bl,0x0800786C,1
0x0800783C,0x080021DC,bl,0x080078EC,1
0x0800783C,0x080022FC,bl,0x08007852,1
0x0800783C,0x08002338,bl,0x080078E8,1
0x0800783C,0x08002378,bl,0x0800784E,1
0x0800783C,0x08002D18,bl,0x08007874,1
0x0800783C,0x08002E0C,bl,0x08007870,2
0x0800783C,0x08008C4C,bl,0x08007842,1
0x0800783C,0x0800B87C,bl,0x08007846,1
0x0800783C,0x08027198,bl,0x080078F4,1
0x0800783C,0x080B8290,bl,0x080078F8,1
0x0800783C,0x080C6750,bl,0x08007908,1
0x0800791C,0x0800214C,bl,0x08007958,1
0x0800791C,0x080021DC,bl,0x08007ADA,1
0x0800791C,0x080022AC,bl,0x08007B3E,1
0x0800791C,0x080022FC,bl,0x0800793E,1
0x0800791C,0x08002338,bl,0x08007AD6,1
0x0800791C,0x08002378,bl,0x0800793A,1
0x0800791C,0x08002D18,bl,0x08007966,3
0x0800791C,0x08003688,bl,0x08007B3A,1
0x0800791C,0x080075B8,bl,0x0800798A,1
0x0800791C,0x08008664,bl,0x08007A28,1
0x0800791C,0x08008C4C,bl,0x0800792E,1
0x0800791C,0x0800B648,bl,0x08007932,1
0x0800791C,0x0801A7B4,bl,0x0800797A,1
0x0800791C,0x08027128,bl,0x08007AFC,1
0x0800791C,0x080272DC,bl,0x08007A34,1
0x0800791C,0x080273A0,bl,0x08007A66,2
0x0800791C,0x08040788,bl,0x08007986,1
0x0800791C,0x080B6F38,bl,0x08007928,1
0x0800791C,0x080B77D4,bl,0x0800796A,3
0x0800791C,0x080B7B7C,bl,0x08007B36,1
0x0800791C,0x080C6750,bl,0x08007B42,1
0x08007B68,0x080022E4,bl,0x08007B74,3
0x08007B68,0x08002D54,bl,0x08007B94,1
0x08007B68,0x08004390,bl,0x08007B70,1
0x08007B68,0x08004400,bl,0x08007B8A,1
0x08007B68,0x080044B8,bl,0x08007B98,1
0x08007B68,0x08004714,bl,0x08007BB0,1
0x08007B68,0x08006914,bl,0x08007B7E,2
0x08007B68,0x080071DC,bl,0x08007BB8,1
0x08007B68,0x080072E0,bl,0x08007B82,2
0x08007C5C,0x080022E4,bl,0x08007C82,1
0x08007C5C,0x080022FC,bl,0x08007D1A,1
0x08007C5C,0x08002D94,bl,0x08007D20,1
0x08007C5C,0x08004308,bl,0x08007C98,1
0x08007C5C,0x08006914,bl,0x08007C8C,1
0x08007C5C,0x080071DC,bl,0x08007C5E,1
0x08007C5C,0x080072E0,bl,0x08007C90,1
0x08007C5C,0x08007B68,bl,0x08007CFC,1
0x08007D4C,0x0800214C,bl,0x08007D88,1
0x08007D4C,0x080021DC,bl,0x08007D4E,2
0x08007D4C,0x080022D0,bl,0x08007DB4,1
0x08007D4C,0x08002D74,bl,0x08007D8E,1
0x08007D4C,0x08002DE0,bl,0x08007D52,2
0x08007D4C,0x080031B8,bl,0x08007DC4,2
0x08007D4C,0x08006868,bl,0x08007D56,1
0x08007D4C,0x08008C4C,bl,0x08007D5C,1
0x08007D4C,0x08008C64,bl,0x08007D62,1
0x08007E04,0x08003A00,bl,0x08007F68,1
0x08007E04,0x080CFA58,bl,0x08007E1A,10
0x08007F9C,0x080017E4,bl,0x08007FFE,1
0x08007F9C,0x0800214C,bl,0x080080A6,2
0x08007F9C,0x080021DC,bl,0x08008162,2
0x08007F9C,0x080022AC,bl,0x08007F9E,1
0x08007F9C,0x080022E4,bl,0x080080CC,2
0x08007F9C,0x080022FC,bl,0x08008190,1
0x08007F9C,0x08002338,bl,0x08008282,1
0x08007F9C,0x08002378,bl,0x0800818C,1
0x08007F9C,0x08002D18,bl,0x080081B2,1
0x08007F9C,0x08002D94,bl,0x080081A4,2
0x08007F9C,0x08002DB4,bl,0x08008166,1
0x08007F9C,0x08002E0C,bl,0x0800819E,2
0x08007F9C,0x08003110,bl,0x08008144,1
0x08007F9C,0x080031B8,bl,0x0800815E,4
0x08007F9C,0x08003864,bl,0x08008122,2
0x08007F9C,0x08003A98,bl,0x080080EE,1
0x08007F9C,0x08004000,bl,0x080080DC,2
0x08007F9C,0x08007C5C,bl,0x08008148,1
0x08007F9C,0x08007D4C,bl,0x0800811E,2
0x08007F9C,0x08007E04,bl,0x08008088,1
0x08007F9C,0x080082D0,bl,0x0800806C,1
0x08007F9C,0x08008C4C,bl,0x08007FA4,1
0x08007F9C,0x08008C64,bl,0x08007FB2,2
0x08007F9C,0x08008E1C,bl,0x08007FAC,1
0x08007F9C,0x080C6AB4,bl,0x08008052,1
0x080082D0,0x080058E4,bl,0x080082E0,2
0x08008348,0x08002E98,bl,0x08008382,1
0x08008348,0x08006138,bl,0x08008386,1
0x08008394,0x08002E98,bl,0x080083A0,1
0x080083B0,0x08001A94,bl,0x08008412,3
0x080083B0,0x08001CC8,bl,0x08008402,1
0x080083B0,0x08006138,bl,0x08008454,1
0x080083B0,0x080CFDCC,bl,0x08008446,1
0x08008460,0x08003014,bl,0x080084AC,1
0x080084DC,0x08001A94,bl,0x08008516,2
0x080084DC,0x080CFDCC,bl,0x08008550,1
0x08008558,0x08003014,bl,0x080085D2,1
0x08008664,0x08002028,bl,0x080087F6,1
0x08008664,0x0800214C,bl,0x080087FA,2
0x08008664,0x080021DC,bl,0x08008698,2
0x08008664,0x080022FC,bl,0x080087F2,2
0x08008664,0x08002338,bl,0x08008970,1
0x08008664,0x08002378,bl,0x080087EE,2
0x08008664,0x08002D18,bl,0x08008806,1
0x08008664,0x08002D94,bl,0x0800869E,1
0x08008664,0x08002E0C,bl,0x080086A8,4
0x08008664,0x080031B8,bl,0x08008680,5
0x08008664,0x08003688,bl,0x08008854,2
0x08008664,0x080037F8,bl,0x080089A8,1
0x08008664,0x0800381C,bl,0x080086A4,1
0x08008664,0x080055B0,bl,0x0800868A,4
0x08008664,0x080089E0,bl,0x080087E6,3
0x08008664,0x08008C4C,bl,0x08008700,2
0x08008664,0x08008FC4,bl,0x080087C8,1
0x08008664,0x080271EC,bl,0x08008694,1
0x08008664,0x08027210,bl,0x080089C4,1
0x08008664,0x08027228,bl,0x080086C0,1
0x08008664,0x08027240,bl,0x08008982,1
0x08008664,0x080B6EEC,bl,0x080086BC,1
0x08008664,0x080B6F04,bl,0x08008996,1
0x080089E0,0x080017E4,bl,0x080089F0,1
0x08008A00,0x0800214C,bl,0x08008A56,1
0x08008A00,0x080021DC,bl,0x08008B14,1
0x08008A00,0x080022FC,bl,0x08008A3C,1
0x08008A00,0x08002338,bl,0x08008B10,1
0x08008A00,0x08002378,bl,0x08008A38,1
0x08008A00,0x08002D18,bl,0x08008A64,3
0x08008A00,0x080034F0,bl,0x08008B58,1
0x08008A00,0x080075B8,bl,0x08008A88,1
0x08008A00,0x08008664,bl,0x08008AE8,1
0x08008A00,0x08008C4C,bl,0x08008A0A,1
0x08008A00,0x0800B648,bl,0x08008A16,1
0x08008A00,0x0801A7B4,bl,0x08008A78,1
0x08008A00,0x08027128,bl,0x08008B6A,1
0x08008A00,0x0803D0A0,bl,0x08008A28,1
0x08008A00,0x08040788,bl,0x08008A84,1
0x08008A00,0x080B6F38,bl,0x08008A12,1
0x08008A00,0x080B77D4,bl,0x08008A68,3
0x08008B8C,0x08002028,bl,0x08008B8E,1
0x08008B8C,0x0800214C,bl,0x08008BDE,1
0x08008B8C,0x080021DC,bl,0x08008C36,1
0x08008B8C,0x080022AC,bl,0x08008B92,1
0x08008B8C,0x080022D0,bl,0x08008BAE,2
0x08008B8C,0x08002D74,bl,0x08008BE4,1
0x08008B8C,0x08002DE0,bl,0x08008C3A,1
0x08008B8C,0x080031B8,bl,0x08008C20,2
0x08008B8C,0x08003484,bl,0x08008B96,1
0x08008B8C,0x08006868,bl,0x08008B9A,1
0x08008B8C,0x08008C4C,bl,0x08008BB4,1
0x08008B8C,0x08008C64,bl,0x08008BBA,1
0x08008B8C,0x080B6E60,bl,0x08008B9E,1
0x08008C4C,0x08002E38,bl,0x08008C56,1
0x08008C64,0x0800157C,bl,0x08008C70,1
0x08008C7C,0x080017E4,bl,0x08008C90,2
0x08008CB8,0x080017E4,bl,0x08008CC4,4
0x08008D10,0x080017E4,bl,0x08008D4A,2
0x08008D10,0x080CFA70,bl,0x08008D32,2
0x08008D98,0x080017E4,bl,0x08008DB0,3
0x08008D98,0x080CFA6C,bl,0x08008DE2,3
0x08008E1C,0x080017E4,bl,0x08008E36,1
0x08008E1C,0x080CFA6C,bl,0x08008E42,2
0x08008E6C,0x080017E4,bl,0x08008E7C,3
0x08008EBC,0x080017E4,bl,0x08008EC8,1
0x08008ED4,0x080017E4,bl,0x08008EE8,2
0x08008F10,0x080017E4,bl,0x08008F26,6
0x08008FC4,0x080017E4,bl,0x08008FDA,5
0x08008FC4,0x080CFA68,bl,0x08008FE4,6
0x08008FC4,0x080CFA6C,bl,0x08008FEC,15
0x080091AC,0x080008E8,bl,0x080091BC,1
0x080091AC,0x080022AC,bl,0x080091E6,1
0x080091AC,0x080022E4,bl,0x080091CE,1
0x080091AC,0x08003688,bl,0x080091DA,1
0x080091AC,0x08003770,bl,0x080091CA,2
0x080091AC,0x08009200,bl,0x080091AE,1
0x08009200,0x0800214C,bl,0x08009280,1
0x08009200,0x080022AC,bl,0x0800920A,1
0x08009200,0x080022E4,bl,0x08009340,1
0x08009200,0x08002D54,bl,0x0800928A,2
0x08009200,0x08002DB4,bl,0x08009284,1
0x08009200,0x080031B8,bl,0x080092AE,1
0x08009200,0x080058E4,bl,0x08009292,1
0x08009200,0x08008C4C,bl,0x08009220,1
0x08009200,0x08008C64,bl,0x08009226,2
0x08009200,0x08009398,bl,0x080092A4,3
0x08009200,0x080CAA3C,bl,0x0800920E,1
0x08009398,0x080022E4,bl,0x080093B8,2
0x080093FC,0x080CAAB8,bl,0x08009408,1
0x080093FC,0x080CFDCC,bl,0x0800940E,1
0x08009418,0x080017E4,bl,0x08009444,1
0x08009418,0x08003014,bl,0x0800949C,5
0x08009418,0x080CFDCC,bl,0x0800944A,4
0x080095C0,0x080095E4,bl,0x080095D0,1
0x080095C0,0x08009640,bl,0x080095DC,1
0x080095E4,0x080058E4,bl,0x080095FE,1
0x080095E4,0x080CFDCC,bl,0x080095EC,2
0x080095E4,0x080CFDD4,bl,0x0800962E,1
0x08009640,0x08006138,bl,0x080096D0,1
0x08009640,0x080CFDCC,bl,0x080096A2,3
0x080096E0,0x08002DB4,bl,0x08009718,1
0x080096E0,0x0800973C,bl,0x080096E8,1
0x080096E0,0x080098A8,bl,0x080096E4,1
0x0800973C,0x0800214C,bl,0x080097B0,1
0x0800973C,0x080021DC,bl,0x0800988E,1
0x0800973C,0x080022AC,bl,0x0800974C,1
0x0800973C,0x080022E4,bl,0x08009870,1
0x0800973C,0x08002D54,bl,0x0800984E,2
0x0800973C,0x08002DB4,bl,0x080097B4,2
0x0800973C,0x08003110,bl,0x08009840,1
0x0800973C,0x080058E4,bl,0x080097BC,3
0x0800973C,0x08008C4C,bl,0x08009752,1
0x0800973C,0x08008C64,bl,0x08009758,1
0x080098A8,0x080020B8,bl,0x080098F0,1
0x080098A8,0x08002198,bl,0x08009974,1
0x080098A8,0x080022AC,bl,0x080098B2,1
0x080098A8,0x08002DB4,bl,0x080098F4,2
0x080098A8,0x080058E4,bl,0x08009910,1
0x080098A8,0x08008C4C,bl,0x080098B8,1
0x080098A8,0x08008C64,bl,0x080098BE,2
0x080098A8,0x080099C8,bl,0x0800992E,3
0x080099E0,0x080022E4,bl,0x080099E8,1
0x080099FC,0x080017E4,bl,0x08009A40,2
0x080099FC,0x080CFA6C,bl,0x08009A4A,1
0x080099FC,0x080CFDCC,bl,0x08009A6C,1
0x080099FC,0x080CFDD4,bl,0x08009A70,1
0x08009AB8,0x080CFC30,bl,0x08009AC6,1
0x08009ADC,0x0800AA94,bl,0x08009AF2,1
0x08009B2C,0x0800A130,bl,0x08009BA2,2
0x08009B2C,0x0800AA94,bl,0x08009C5E,1
0x08009B2C,0x0800AB3C,bl,0x08009B40,1
0x08009B2C,0x0800AB64,bl,0x08009B70,1
0x08009B2C,0x0800ABC0,bl,0x08009B78,1
0x08009B2C,0x0800AC38,bl,0x08009B86,1
0x08009B2C,0x0800AD68,bl,0x08009C32,1
0x08009B2C,0x0800AF40,bl,0x08009C4A,1
0x08009B2C,0x0800B0A4,bl,0x08009BB8,3
0x08009B2C,0x0800B37C,bl,0x08009B30,1
0x08009B2C,0x0800B3F8,bl,0x08009C9E,1
0x08009B2C,0x0800B428,bl,0x08009B6A,1
0x08009CB0,0x0800A0DC,bl,0x08009D70,1
0x08009CB0,0x0800A130,bl,0x08009D10,1
0x08009CB0,0x0800A280,bl,0x08009DAC,1
0x08009CB0,0x0800AB3C,bl,0x08009CD2,1
0x08009CB0,0x0800AB64,bl,0x08009CD8,1
0x08009CB0,0x0800ABC0,bl,0x08009CE6,1
0x08009CB0,0x0800AC38,bl,0x08009CF4,1
0x08009CB0,0x0800AD68,bl,0x08009D8C,1
0x08009CB0,0x0800AF40,bl,0x08009DA2,1
0x08009CB0,0x0800B0A4,bl,0x08009D28,2
0x08009CB0,0x0800B130,bl,0x08009DC2,1
0x08009CB0,0x0800B230,bl,0x08009DE4,2
0x08009CB0,0x0800B3A8,bl,0x08009CBE,1
0x08009CB0,0x0800B3F8,bl,0x08009E08,1
0x08009CB0,0x0800B428,bl,0x08009CC2,1
0x08009E2C,0x0800AB3C,bl,0x08009E4A,1
0x08009E2C,0x0800B3A8,bl,0x08009E3A,1
0x08009E60,0x0800ABC0,bl,0x08009EA6,1
0x08009EE8,0x080031B8,bl,0x08009F70,1
0x08009EE8,0x0800ACBC,bl,0x08009F9E,1
0x0800A008,0x0800A130,bl,0x0800A032,1
0x0800A04C,0x0800AD68,bl,0x0800A08E,1
0x0800A0DC,0x08008EBC,bl,0x0800A0F6,1
0x0800A0DC,0x08008ED4,bl,0x0800A11E,1
0x0800A0DC,0x0800B0A4,bl,0x0800A104,1
0x0800A130,0x08008EBC,bl,0x0800A148,1
0x0800A130,0x08008ED4,bl,0x0800A16E,1
0x0800A130,0x0800B0A4,bl,0x0800A156,1
0x0800A280,0x0800B0FC,bl,0x0800A288,1
0x0800A294,0x0800AA18,bl,0x0800A32A,1
0x0800A294,0x0800AA94,bl,0x0800A31A,1
0x0800A294,0x0800B130,bl,0x0800A2BE,2
0x0800A294,0x080CFA5C,bl,0x0800A300,1
0x0800A340,0x0800A9A0,bl,0x0800A414,1
0x0800A340,0x0800AA94,bl,0x0800A402,1
0x0800A340,0x0800B130,bl,0x0800A39A,2
0x0800A340,0x080CFA5C,bl,0x0800A3F4,1
0x0800A42C,0x0800A9A0,bl,0x0800A4A0,1
0x0800A42C,0x080CFA5C,bl,0x0800A48A,1
0x0800A4C0,0x0800AA74,bl,0x0800A544,1
0x0800A4C0,0x080CFA5C,bl,0x0800A520,1
0x0800A554,0x0800AA74,bl,0x0800A5FE,1
0x0800A554,0x0800AD68,bl,0x0800A654,1
0x0800A554,0x0800AF40,bl,0x0800A66E,1
0x0800A554,0x0800B34C,bl,0x0800A632,2
0x0800A6A4,0x0800AB08,bl,0x0800A764,1
0x0800A6A4,0x0800B230,bl,0x0800A746,2
0x0800A6A4,0x0800B34C,bl,0x0800A702,2
0x0800A6A4,0x0800B3F8,bl,0x0800A768,1
0x0800A778,0x0800A21C,bl,0x0800A80E,1
0x0800A778,0x0800B0A4,bl,0x0800A7EC,2
0x0800A854,0x080031B8,bl,0x0800A8AA,2
0x0800A854,0x0800B190,bl,0x0800A8CE,3
0x0800A9A0,0x0800B130,bl,0x0800A9C8,1
0x0800AA74,0x0800AAAC,bl,0x0800AA7C,1
0x0800AA74,0x0800B130,bl,0x0800AA82,1
0x0800AB08,0x0800AF40,bl,0x0800AB24,1
0x0800AB3C,0x08008E6C,bl,0x0800AB46,1
0x0800AB3C,0x0800B318,bl,0x0800AB52,1
0x0800AB64,0x0800B318,bl,0x0800AB7C,4
0x0800ABC0,0x08002F14,bl,0x0800ABD0,1
0x0800ABC0,0x0800B318,bl,0x0800ABE6,4
0x0800AC38,0x0800B318,bl,0x0800AC6C,4
0x0800ACBC,0x0800B318,bl,0x0800ACFA,4
0x0800AD68,0x0800B318,bl,0x0800AD9A,16
0x0800AF40,0x0800B318,bl,0x0800AF74,16
0x0800B0A4,0x0800B318,bl,0x0800B0CC,1
0x0800B0A4,0x0800B34C,bl,0x0800B0E4,1
0x0800B0FC,0x0800B318,bl,0x0800B110,2
0x0800B130,0x0800B318,bl,0x0800B166,2
0x0800B190,0x0800B318,bl,0x0800B1D6,3
0x0800B230,0x080017E4,bl,0x0800B288,1
0x0800B230,0x0800B318,bl,0x0800B296,6
0x0800B230,0x0800B34C,bl,0x0800B260,2
0x0800B37C,0x080CFA58,bl,0x0800B38C,1
0x0800B3A8,0x080CFA58,bl,0x0800B3C2,2
0x0800B3F8,0x080017E4,bl,0x0800B40C,1
0x0800B428,0x08008C64,bl,0x0800B434,2
0x0800B44C,0x080022AC,bl,0x0800B454,1
0x0800B4A8,0x080022AC,bl,0x0800B4AA,1
0x0800B4A8,0x080022BC,bl,0x0800B4C2,1
0x0800B4A8,0x08009AA0,bl,0x0800B4F2,1
0x0800B4A8,0x08009AB8,bl,0x0800B502,1
0x0800B4A8,0x0802296C,bl,0x0800B506,1
0x0800B4A8,0x0803D0A0,bl,0x0800B4B8,1
0x0800B514,0x080022AC,bl,0x0800B51C,1
0x0800B514,0x0803D0A0,bl,0x0800B566,1
0x0800B5DC,0x08022F98,bl,0x0800B5DE,1
0x0800B5DC,0x0803D0A0,bl,0x0800B5FE,1
0x0800B628,0x080022AC,bl,0x0800B62A,1
0x0800B628,0x08022F9C,bl,0x0800B62E,1
0x0800B628,0x0803D0A0,bl,0x0800B636,1
0x0800B648,0x08001FD0,bl,0x0800B658,1
0x0800B648,0x08002028,bl,0x0800B654,1
0x0800B648,0x08008C64,bl,0x0800B662,1
0x0800B648,0x08008C7C,bl,0x0800B666,1
0x0800B648,0x08008CB8,bl,0x0800B69E,1
0x0800B648,0x0801A7B4,bl,0x0800B65C,1
0x0800B648,0x08022FA8,bl,0x0800B67A,1
0x0800B648,0x080233E0,bl,0x0800B68C,1
0x0800B648,0x08066144,bl,0x0800B6C8,1
0x0800B788,0x08001FD0,bl,0x0800B798,1
0x0800B788,0x08002028,bl,0x0800B794,1
0x0800B788,0x080022AC,bl,0x0800B79C,1
0x0800B788,0x08008C64,bl,0x0800B7D0,1
0x0800B788,0x08008C7C,bl,0x0800B7D4,1
0x0800B788,0x08023948,bl,0x0800B7D8,1
0x0800B788,0x08066144,bl,0x0800B7F8,1
0x0800B87C,0x08001FD0,bl,0x0800B88C,1
0x0800B87C,0x08002028,bl,0x0800B888,1
0x0800B87C,0x08008C64,bl,0x0800B892,1
0x0800B87C,0x08008C7C,bl,0x0800B896,1
0x0800B87C,0x08023CA0,bl,0x0800B89A,1
0x0800B87C,0x08066144,bl,0x0800B8BA,1
0x0800B920,0x08002028,bl,0x0800B934,1
0x0800B920,0x080021DC,bl,0x0800BBAE,1
0x0800B920,0x080022AC,bl,0x0800B930,1
0x0800B920,0x080022E4,bl,0x0800BBCC,1
0x0800B920,0x08002338,bl,0x0800BC3A,1
0x0800B920,0x08002D54,bl,0x0800BB02,1
0x0800B920,0x08002DB4,bl,0x0800BAFC,2
0x0800B920,0x08002E0C,bl,0x0800BC3E,1
0x0800B920,0x08003110,bl,0x0800BACC,1
0x0800B920,0x0800374C,bl,0x0800BBBC,2
0x0800B920,0x08003964,bl,0x0800B922,1
0x0800B920,0x08004000,bl,0x0800BBDC,1
0x0800B920,0x080058E4,bl,0x0800B97E,4
0x0800B920,0x08006868,bl,0x0800B926,1
0x0800B920,0x08008C4C,bl,0x0800B96C,1
0x0800B920,0x08008C64,bl,0x0800B972,1
0x0800B920,0x0800B4A8,bl,0x0800BC9C,1
0x0800B920,0x0800BCF0,bl,0x0800BA56,1
0x0800B920,0x0800C09C,bl,0x0800BB6C,1
0x0800B920,0x0800C34C,bl,0x0800BB72,1
0x0800B920,0x0800C558,bl,0x0800BB78,1
0x0800B920,0x0800C610,bl,0x0800BB7E,1
0x0800B920,0x0800C8A0,bl,0x0800BB90,1
0x0800B920,0x0800CA10,bl,0x0800BAC0,1
0x0800B920,0x0800CD60,bl,0x0800BB84,1
0x0800B920,0x0800D0F4,bl,0x0800BB8A,1
0x0800B920,0x0800D450,bl,0x0800BB96,1
0x0800B920,0x0800D85C,bl,0x0800BB9C,1
0x0800B920,0x0800DA9C,bl,0x0800BA5C,1
0x0800B920,0x0800FCBC,bl,0x0800B976,1
0x0800B920,0x0800FDB8,bl,0x0800BA36,2
0x0800B920,0x08010020,bl,0x0800BC5E,1
0x0800B920,0x080B6E44,bl,0x0800B938,1
0x0800B920,0x080B78E4,bl,0x0800B94C,1
0x0800B920,0x080B8070,bl,0x0800BC94,2
0x0800B920,0x080B81A0,bl,0x0800BCD2,1
0x0800B920,0x080B8290,bl,0x0800BC98,2
0x0800B920,0x080B8888,bl,0x0800BC32,1
0x0800B920,0x080B8918,bl,0x0800BC36,1
0x0800BCF0,0x08008C64,bl,0x0800BD02,1
0x0800BCF0,0x0800BDA4,bl,0x0800BD1A,1
0x0800BCF0,0x0800BE8C,bl,0x0800BD54,1
0x0800BCF0,0x0800BF6C,bl,0x0800BD86,1
0x0800BDA4,0x080017E4,bl,0x0800BDF4,4
0x0800BDA4,0x08002F14,bl,0x0800BE1C,1
0x0800BE8C,0x080017E4,bl,0x0800BEBE,3
0x0800BE8C,0x0800BF10,bl,0x0800BEF4,1
0x0800BF10,0x080017E4,bl,0x0800BF36,2
0x0800BF6C,0x080017E4,bl,0x0800BFEE,5
0x0800BF6C,0x08002F14,bl,0x0800BF7C,1
0x0800C09C,0x0800214C,bl,0x0800C134,1
0x0800C09C,0x080021DC,bl,0x0800C0F2,1
0x0800C09C,0x080022E4,bl,0x0800C1FA,1
0x0800C09C,0x08002DB4,bl,0x0800C0F6,2
0x0800C09C,0x080031B8,bl,0x0800C0AE,4
0x0800C09C,0x08008C4C,bl,0x0800C10E,1
0x0800C09C,0x08008C64,bl,0x0800C118,1
0x0800C09C,0x0800BCF0,bl,0x0800C112,1
0x0800C09C,0x0800C20C,bl,0x0800C14E,1
0x0800C09C,0x0800FE54,bl,0x0800C140,1
0x0800C09C,0x080B798C,bl,0x0800C0CE,1
0x0800C09C,0x080B8070,bl,0x0800C0DE,1
0x0800C09C,0x080B8290,bl,0x0800C0E2,1
0x0800C09C,0x080C680C,bl,0x0800C0FC,1
0x0800C20C,0x08002D54,bl,0x0800C2A2,1
0x0800C20C,0x080058E4,bl,0x0800C218,2
0x0800C20C,0x08008C64,bl,0x0800C222,5
0x0800C20C,0x0800BDA4,bl,0x0800C22A,1
0x0800C20C,0x0800BF6C,bl,0x0800C23A,1
0x0800C20C,0x0800E28C,bl,0x0800C21C,1
0x0800C20C,0x08010020,bl,0x0800C246,1
0x0800C20C,0x080B6E6C,bl,0x0800C29C,2
0x0800C34C,0x080022E4,bl,0x0800C542,1
0x0800C34C,0x08002D54,bl,0x0800C3B6,3
0x0800C34C,0x080031B8,bl,0x0800C3D6,4
0x0800C34C,0x080058E4,bl,0x0800C3A8,2
0x0800C34C,0x08008C64,bl,0x0800C4C6,1
0x0800C34C,0x0800BCF0,bl,0x0800C49C,1
0x0800C34C,0x0800CA10,bl,0x0800C476,1
0x0800C34C,0x0800D280,bl,0x0800C47C,1
0x0800C34C,0x0800DA9C,bl,0x0800C4A2,1
0x0800C34C,0x0800FE54,bl,0x0800C4CC,1
0x0800C34C,0x0800FE94,bl,0x0800C386,1
0x0800C34C,0x080B6E60,bl,0x0800C382,1
0x0800C34C,0x080B6E6C,bl,0x0800C4C0,1
0x0800C558,0x080022E4,bl,0x0800C5CA,1
0x0800C558,0x08002D54,bl,0x0800C57E,2
0x0800C558,0x080031B8,bl,0x0800C574,4
0x0800C558,0x080058E4,bl,0x0800C5F4,1
0x0800C610,0x080022E4,bl,0x0800C886,1
0x0800C610,0x08002D54,bl,0x0800C6C0,4
0x0800C610,0x080031B8,bl,0x0800C6E4,4
0x0800C610,0x080058E4,bl,0x0800C680,6
0x0800C610,0x08008C64,bl,0x0800C746,5
0x0800C610,0x0800FD24,bl,0x0800C776,2
0x0800C610,0x0800FE94,bl,0x0800C656,1
0x0800C610,0x080B6E60,bl,0x0800C652,1
0x0800C610,0x080B6E6C,bl,0x0800C794,1
0x0800C8A0,0x080022E4,bl,0x0800C9FE,1
0x0800C8A0,0x08002D54,bl,0x0800C8BE,6
0x0800C8A0,0x080031B8,bl,0x0800C8DC,6
0x0800C8A0,0x080058E4,bl,0x0800C8B8,2
0x0800C8A0,0x08008C64,bl,0x0800C8B0,3
0x0800C8A0,0x0800BCF0,bl,0x0800C92E,1
0x0800C8A0,0x0800DA9C,bl,0x0800C964,1
0x0800C8A0,0x0800FE54,bl,0x0800C958,1
0x0800C8A0,0x080B6E6C,bl,0x0800C94C,1
0x0800C8A0,0x080B7D74,bl,0x0800C926,1
0x0800CA10,0x080022E4,bl,0x0800CA88,2
0x0800CA10,0x08002D54,bl,0x0800CADE,2
0x0800CA10,0x080058E4,bl,0x0800CC1C,1
0x0800CA10,0x08008C64,bl,0x0800CA26,5
0x0800CA10,0x0800CC30,bl,0x0800CC08,1
0x0800CA10,0x0800FD24,bl,0x0800CB7E,2
0x0800CA10,0x0800FE54,bl,0x0800CACC,1
0x0800CA10,0x0800FE94,bl,0x0800CA6C,1
0x0800CA10,0x08010020,bl,0x0800CA52,1
0x0800CA10,0x08010048,bl,0x0800CA84,1
0x0800CA10,0x080B6E60,bl,0x0800CA68,1
0x0800CA10,0x080B6E6C,bl,0x0800CAD8,2
0x0800CC30,0x080017E4,bl,0x0800CC3C,12
0x0800CD60,0x080022E4,bl,0x0800CF3A,2
0x0800CD60,0x08002D54,bl,0x0800CEA0,1
0x0800CD60,0x080031B8,bl,0x0800CE00,4
0x0800CD60,0x080058E4,bl,0x0800CE9A,1
0x0800CD60,0x08008C64,bl,0x0800CF04,1
0x0800CD60,0x0800C20C,bl,0x0800CF5C,1
0x0800CD60,0x0800FE54,bl,0x0800CEFE,1
0x0800CD60,0x0800FE94,bl,0x0800CF4E,1
0x0800CD60,0x08010048,bl,0x0800CD96,2
0x0800CFF4,0x080022E4,bl,0x0800D07C,1
0x0800CFF4,0x08002D54,bl,0x0800D0BA,1
0x0800CFF4,0x080058E4,bl,0x0800D04A,3
0x0800CFF4,0x08008C64,bl,0x0800D006,5
0x0800CFF4,0x0800FD24,bl,0x0800D038,2
0x0800CFF4,0x08010048,bl,0x0800D078,1
0x0800CFF4,0x080B6E6C,bl,0x0800D056,1
0x0800D0F4,0x080022E4,bl,0x0800D26A,1
0x0800D0F4,0x08002D54,bl,0x0800D17A,2
0x0800D0F4,0x080031B8,bl,0x0800D1A2,4
0x0800D0F4,0x080058E4,bl,0x0800D15E,2
0x0800D0F4,0x0800CFF4,bl,0x0800D1E4,1
0x0800D0F4,0x0800FE94,bl,0x0800D12E,1
0x0800D0F4,0x080B6E60,bl,0x0800D12A,1
0x0800D280,0x080022E4,bl,0x0800D29E,1
0x0800D280,0x08002D54,bl,0x0800D284,2
0x0800D280,0x0800374C,bl,0x0800D2A4,1
0x0800D280,0x08008C64,bl,0x0800D2B0,2
0x0800D280,0x0800FD24,bl,0x0800D2D4,1
0x0800D280,0x080B6E6C,bl,0x0800D2B6,1
0x0800D310,0x080017E4,bl,0x0800D32A,2
0x0800D35C,0x080017E4,bl,0x0800D3C2,2
0x0800D35C,0x08002F14,bl,0x0800D370,1
0x0800D404,0x080031B8,bl,0x0800D438,1
0x0800D450,0x080022E4,bl,0x0800D81E,1
0x0800D450,0x08002D54,bl,0x0800D5A0,3
0x0800D450,0x08003110,bl,0x0800D57E,2
0x0800D450,0x080031B8,bl,0x0800D5C8,1
0x0800D450,0x08003688,bl,0x0800D590,2
0x0800D450,0x0800374C,bl,0x0800D638,1
0x0800D450,0x080058E4,bl,0x0800D4B4,2
0x0800D450,0x08008C64,bl,0x0800D53C,6
0x0800D450,0x0800C20C,bl,0x0800D848,1
0x0800D450,0x0800D310,bl,0x0800D4AC,3
0x0800D450,0x0800D35C,bl,0x0800D4A2,4
0x0800D450,0x0800D404,bl,0x0800D594,1
0x0800D450,0x0800FD24,bl,0x0800D5FE,1
0x0800D450,0x0800FE94,bl,0x0800D48E,1
0x0800D450,0x080B6E60,bl,0x0800D48A,1
0x0800D450,0x080CE6AC,bl,0x0800D536,1
0x0800D85C,0x080022E4,bl,0x0800DA00,1
0x0800D85C,0x08002D54,bl,0x0800D87A,2
0x0800D85C,0x080031B8,bl,0x0800D88E,1
0x0800D85C,0x08003888,bl,0x0800D866,1
0x0800D85C,0x08003964,bl,0x0800D892,2
0x0800D85C,0x08003A34,bl,0x0800D86E,1
0x0800D85C,0x08003A98,bl,0x0800D9D8,1
0x0800D85C,0x08004000,bl,0x0800D95A,1
0x0800D85C,0x080071DC,bl,0x0800D99E,1
0x0800D85C,0x08008B8C,bl,0x0800D9A6,1
0x0800D85C,0x08008C64,bl,0x0800D8BC,4
0x0800D85C,0x0800C20C,bl,0x0800D90A,1
0x0800D85C,0x0800CA10,bl,0x0800D93E,1
0x0800D85C,0x0800DA18,bl,0x0800D862,1
0x0800D85C,0x0800DA74,bl,0x0800D9EA,1
0x0800D85C,0x0800FD24,bl,0x0800D8F0,2
0x0800D85C,0x080B6E6C,bl,0x0800D900,1
0x0800D85C,0x080B83B8,bl,0x0800D85E,1
0x0800DA9C,0x080058E4,bl,0x0800DAA4,3
0x0800DAF8,0x0800DC98,bl,0x0800DB18,1
0x0800DAF8,0x080CFDCC,bl,0x0800DB2A,2
0x0800DAF8,0x080CFDD4,bl,0x0800DB46,1
0x0800DB64,0x0800DC98,bl,0x0800DB8C,1
0x0800DB64,0x080CFDCC,bl,0x0800DB9E,2
0x0800DB64,0x080CFDD4,bl,0x0800DBBA,1
0x0800DBDC,0x08001A94,bl,0x0800DC78,1
0x0800DBDC,0x0800BF10,bl,0x0800DC18,1
0x0800DC98,0x080CFDCC,bl,0x0800DCB4,2
0x0800DCD8,0x080CFDCC,bl,0x0800DD2A,3
0x0800DCD8,0x080CFDD4,bl,0x0800DD84,1
0x0800DDA0,0x080017E4,bl,0x0800DE24,2
0x0800DDA0,0x08003014,bl,0x0800DE02,1
0x0800DE6C,0x080CFDCC,bl,0x0800DEA4,3
0x0800DE6C,0x080CFDD4,bl,0x0800DFCC,1
0x0800DFDC,0x08001A94,bl,0x0800E010,5
0x0800E0C0,0x080CFDCC,bl,0x0800E116,1
0x0800E0C0,0x080CFDD4,bl,0x0800E132,1
0x0800E148,0x08001A94,bl,0x0800E24E,2
0x0800E148,0x08003014,bl,0x0800E1C0,2
0x0800E148,0x08008C64,bl,0x0800E1C6,2
0x0800E148,0x0800E28C,bl,0x0800E1D8,1
0x0800E148,0x0800E2DC,bl,0x0800E1E2,1
0x0800E28C,0x080017E4,bl,0x0800E2A8,2
0x0800E2DC,0x080017E4,bl,0x0800E2FE,1
0x0800E2DC,0x080CFA70,bl,0x0800E2EC,1
0x0800E314,0x080CFDCC,bl,0x0800E35E,1
0x0800E314,0x080CFDD4,bl,0x0800E36E,1
0x0800E390,0x08003014,bl,0x0800E40E,2
0x0800E390,0x0800E2DC,bl,0x0800E418,1
0x0800E46C,0x080CFDCC,bl,0x0800E4FE,1
0x0800E46C,0x080CFDD4,bl,0x0800E50A,1
0x0800E518,0x08003014,bl,0x0800E588,1
0x0800E518,0x0800E2DC,bl,0x0800E592,1
0x0800E5B0,0x08008C64,bl,0x0800E5C8,1
0x0800E5B0,0x0800E2DC,bl,0x0800E5E4,1
0x0800E5B0,0x0800E7B0,bl,0x0800E5CC,1
0x0800E5B0,0x080CFDCC,bl,0x0800E63E,1
0x0800E5B0,0x080CFDD4,bl,0x0800E668,1
0x0800E674,0x08001A94,bl,0x0800E774,2
0x0800E674,0x08003014,bl,0x0800E6EA,2
0x0800E674,0x0800E2DC,bl,0x0800E70E,1
0x0800E674,0x0800E7B0,bl,0x0800E6FC,1
0x0800E7B0,0x080017E4,bl,0x0800E7DA,2
0x0800E81C,0x080CFDCC,bl,0x0800E882,1
0x0800E81C,0x080CFDD4,bl,0x0800E88E,1
0x0800E8C0,0x08003014,bl,0x0800E93C,2
0x0800E8C0,0x0800E2DC,bl,0x0800E950,1
0x0800E9A4,0x080CFDCC,bl,0x0800E9E2,1
0x0800E9A4,0x080CFDD4,bl,0x0800E9FA,1
0x0800EA0C,0x08001A94,bl,0x0800EA3A,2
0x0800EA0C,0x08003014,bl,0x0800EAC8,1
0x0800EAE4,0x080CFDCC,bl,0x0800EB1E,5
0x0800EAE4,0x080CFDD4,bl,0x0800EBEA,1
0x0800EC08,0x08001A94,bl,0x0800EC38,2
0x0800EC70,0x080CFDCC,bl,0x0800EC96,1
0x0800EC70,0x080CFDD4,bl,0x0800ECA2,1
0x0800ECB8,0x08001A94,bl,0x0800ECE2,3
0x0800ECB8,0x08003014,bl,0x0800ED58,1
0x0800EE7E,0x080017E4,bl,0x0800EEFA,1
0x0800EE7E,0x08003014,bl,0x0800EEBC,2
0x0800EE7E,0x080CFDCC,bl,0x0800EF00,1
0x0800EE7E,0x080CFDD4,bl,0x0800EF12,1
0x0800EF30,0x080017E4,bl,0x0800F03C,1
0x0800EF30,0x08003014,bl,0x0800F010,1
0x0800EF30,0x08010020,bl,0x0800EF52,1
0x0800EF30,0x080CFDCC,bl,0x0800F054,1
0x0800EF30,0x080CFDD4,bl,0x0800F066,1
0x0800F084,0x08003014,bl,0x0800F116,2
0x0800F084,0x080CFDCC,bl,0x0800F154,1
0x0800F084,0x080CFDD4,bl,0x0800F166,1
0x0800F180,0x080058E4,bl,0x0800F1BA,2
0x0800F180,0x0800FFD8,bl,0x0800F232,1
0x0800F180,0x080CFDCC,bl,0x0800F294,1
0x0800F180,0x080CFDD4,bl,0x0800F2A6,1
0x0800F2B4,0x08003014,bl,0x0800F316,2
0x0800F390,0x080CFDCC,bl,0x0800F3D4,1
0x0800F390,0x080CFDD4,bl,0x0800F3E4,1
0x0800F408,0x08001A94,bl,0x0800F4EE,3
0x0800F408,0x08001CC8,bl,0x0800F56E,1
0x0800F408,0x0800FFD8,bl,0x0800F4FE,1
0x0800F5EC,0x080CFDCC,bl,0x0800F674,1
0x0800F5EC,0x080CFDD4,bl,0x0800F686,1
0x0800F7B0,0x08006138,bl,0x0800F832,1
0x0800F7B0,0x08008C64,bl,0x0800F7DE,1
0x0800F8FC,0x08008C64,bl,0x0800F922,3
0x0800FA30,0x08003014,bl,0x0800FB0E,4
0x0800FA30,0x080CFDCC,bl,0x0800FB8A,1
0x0800FB94,0x080017E4,bl,0x0800FBD0,1
0x0800FB94,0x08008C64,bl,0x0800FBBA,1
0x0800FC26,0x08003014,bl,0x0800FC50,2
0x0800FC26,0x08008C64,bl,0x0800FC70,1
0x0800FC26,0x080CFDCC,bl,0x0800FCAE,1
0x0800FCFC,0x0800FD24,bl,0x0800FD0C,1
0x0800FCFC,0x0800FDB8,bl,0x0800FD1A,1
0x0800FE54,0x0800FDB8,bl,0x0800FE80,1
0x0800FF00,0x080CFDCC,bl,0x0800FFBA,1
0x080100AC,0x0800214C,bl,0x0801021A,1
0x080100AC,0x080021DC,bl,0x0801023C,1
0x080100AC,0x080022AC,bl,0x080100AE,1
0x080100AC,0x080022FC,bl,0x08010216,1
0x080100AC,0x08002338,bl,0x08010238,1
0x080100AC,0x08002378,bl,0x08010212,1
0x080100AC,0x08002D18,bl,0x0801022E,1
0x080100AC,0x08002E0C,bl,0x0801021E,2
0x080100AC,0x080058E4,bl,0x0801020A,1
0x080100AC,0x08008C4C,bl,0x080100F6,2
0x080100AC,0x08008C64,bl,0x080100DA,1
0x080100AC,0x08008D98,bl,0x08010128,1
0x080100AC,0x080102C0,bl,0x08010202,1
0x080100AC,0x08024300,bl,0x080100E4,1
0x080100AC,0x08027178,bl,0x0801027C,1
0x080100AC,0x0803D0A0,bl,0x080101F8,1
0x080102C0,0x080017E4,bl,0x080102EA,3
0x080102C0,0x080CFA70,bl,0x080102DC,2
0x08010358,0x08005904,bl,0x08010360,1
0x080103F0,0x08002E98,bl,0x08010404,1
0x080103F0,0x08006138,bl,0x0801045C,1
0x080103F0,0x080CFDCC,bl,0x0801040A,2
0x08010480,0x080034F0,bl,0x080104B0,1
0x08010480,0x08005654,bl,0x080104C0,1
0x080104F0,0x08002E98,bl,0x080104FC,1
0x0801050C,0x08003110,bl,0x08010510,1
0x0801050C,0x08010358,bl,0x08010518,2
0x08010528,0x08006138,bl,0x080107F4,1
0x08010528,0x0800625C,bl,0x0801058C,5
0x08010528,0x080062C4,bl,0x08010558,5
0x08010528,0x08010358,bl,0x080106CC,2
0x08010528,0x080CFDCC,bl,0x08010564,36
0x08010834,0x080017E4,bl,0x080108DA,5
0x08010834,0x08006338,bl,0x0801095E,1
0x08010834,0x080CFDCC,bl,0x08010964,2
0x08010834,0x080CFDD4,bl,0x08010986,1
0x080109C8,0x08001A94,bl,0x08010B10,1
0x080109C8,0x08002EE8,bl,0x08010A0A,1
0x08010B38,0x08001A94,bl,0x08010B9C,1
0x08010B38,0x0803D55C,bl,0x08010B6C,1
0x08010BAC,0x080064AC,bl,0x08010C74,1
0x08010BAC,0x080064DC,bl,0x08010C54,1
0x08010BAC,0x08010358,bl,0x08010BD0,4
0x08010BAC,0x080CFDCC,bl,0x08010C48,2
0x08010BAC,0x080CFDD4,bl,0x08010C96,1
0x08010CB4,0x080CFDCC,bl,0x08010D1E,20
0x08010CB4,0x080CFDD4,bl,0x08010E9C,1
0x08010EB8,0x08006138,bl,0x08011128,1
0x08010EB8,0x080062C4,bl,0x08010EE6,2
0x08010EB8,0x080CFDCC,bl,0x08010EFE,37
0x08011154,0x08003110,bl,0x08011158,1
0x08011154,0x08010358,bl,0x08011160,9
0x080111A8,0x08006138,bl,0x08011394,1
0x080111A8,0x0800625C,bl,0x080112A6,1
0x080111A8,0x080062C4,bl,0x08011202,8
0x080111A8,0x080CFDCC,bl,0x080111E2,28
0x080113CC,0x08006138,bl,0x0801143C,1
0x080113CC,0x080CFDCC,bl,0x08011402,4
0x08011458,0x08006138,bl,0x0801156E,1
0x08011458,0x0800625C,bl,0x080114D0,2
0x08011458,0x080062C4,bl,0x08011564,1
0x08011458,0x080CFDCC,bl,0x0801149A,15
0x080115A0,0x08006138,bl,0x080116D2,1
0x080115A0,0x0800625C,bl,0x08011630,2
0x080115A0,0x080062C4,bl,0x080115D4,2
0x080115A0,0x080CFDCC,bl,0x080115E0,16
0x0801170C,0x08006138,bl,0x08011848,1
0x0801170C,0x0800625C,bl,0x0801179E,2
0x0801170C,0x080062C4,bl,0x08011740,2
0x0801170C,0x080CFDCC,bl,0x0801174C,16
0x08011880,0x08006138,bl,0x08011980,1
0x08011880,0x0800625C,bl,0x08011904,1
0x08011880,0x080062C4,bl,0x080118AE,3
0x08011880,0x080CFDCC,bl,0x080118BA,14
0x080119B4,0x08006138,bl,0x08011B2A,1
0x080119B4,0x080062C4,bl,0x080119E4,3
0x080119B4,0x080CFDCC,bl,0x080119F0,23
0x08011B60,0x08006138,bl,0x08011BCE,1
0x08011B60,0x0800625C,bl,0x08011BB6,1
0x08011B60,0x080062C4,bl,0x08011B88,2
0x08011B60,0x080CFDCC,bl,0x08011B94,3
0x08011BFC,0x08006138,bl,0x08011FC6,1
0x08011BFC,0x080062C4,bl,0x08011C20,2
0x08011BFC,0x080CFDCC,bl,0x08011C2C,50
0x08011FF8,0x08003110,bl,0x08011FFC,1
0x08011FF8,0x08010358,bl,0x08012004,3
0x0801201C,0x080058E4,bl,0x08012542,1
0x0801201C,0x08006138,bl,0x080125F6,1
0x0801201C,0x0800625C,bl,0x080120DA,2
0x0801201C,0x080062C4,bl,0x0801204C,7
0x0801201C,0x08010358,bl,0x080120BE,1
0x0801201C,0x080261D4,bl,0x080120B6,2
0x0801201C,0x080CFDCC,bl,0x0801205E,82
0x08012628,0x08006138,bl,0x080129AA,1
0x08012628,0x0800625C,bl,0x0801277A,4
0x08012628,0x080062C4,bl,0x08012660,4
0x08012628,0x08010358,bl,0x0801265C,1
0x08012628,0x080CFDCC,bl,0x0801266C,56
0x080129F8,0x08006138,bl,0x08012B56,1
0x080129F8,0x0800625C,bl,0x08012A54,2
0x080129F8,0x080062C4,bl,0x08012A2E,8
0x080129F8,0x08010358,bl,0x08012A1E,1
0x080129F8,0x080CFDCC,bl,0x08012A3A,16
0x08012B94,0x08006138,bl,0x08012DB4,1
0x08012B94,0x0800625C,bl,0x08012C28,2
0x08012B94,0x080062C4,bl,0x08012BD0,4
0x08012B94,0x08010358,bl,0x08012BC0,2
0x08012B94,0x080CFDCC,bl,0x08012BDC,26
0x08012DF8,0x08006138,bl,0x08012E48,1
0x08012DF8,0x080062C4,bl,0x08012E1E,2
0x08012DF8,0x080CFDCC,bl,0x08012E30,1
0x08012E6C,0x08006138,bl,0x08012FB2,1
0x08012E6C,0x080062C4,bl,0x08012E98,2
0x08012E6C,0x080CFDCC,bl,0x08012EA4,18
0x08012FE0,0x080059A0,bl,0x08012FFE,1
0x08013058,0x08006138,bl,0x08013318,1
0x08013058,0x080062C4,bl,0x08013084,2
0x08013058,0x080CFDCC,bl,0x08013090,45
0x08013348,0x080CFDCC,bl,0x080133B2,7
0x08013348,0x080CFDD4,bl,0x08013408,1
0x08013430,0x08003110,bl,0x08013434,1
0x08013430,0x08010358,bl,0x0801343C,8
0x0801347C,0x08006138,bl,0x08013AD2,1
0x0801347C,0x0800625C,bl,0x080134C0,15
0x0801347C,0x080062C4,bl,0x08013760,4
0x0801347C,0x080CFDCC,bl,0x080134CC,91
0x08013AF8,0x08006138,bl,0x08013BB8,1
0x08013AF8,0x0800625C,bl,0x08013B40,1
0x08013AF8,0x080062C4,bl,0x08013B20,2
0x08013AF8,0x080CFDCC,bl,0x08013B2C,10
0x08013BE4,0x08006138,bl,0x08013E06,1
0x08013BE4,0x0800625C,bl,0x08013C32,1
0x08013BE4,0x080062C4,bl,0x08013C12,2
0x08013BE4,0x080CFDCC,bl,0x08013C1E,41
0x08013E38,0x08006138,bl,0x0801405A,1
0x08013E38,0x0800625C,bl,0x08013E86,1
0x08013E38,0x080062C4,bl,0x08013E66,2
0x08013E38,0x080CFDCC,bl,0x08013E72,41
0x0801408C,0x08006138,bl,0x08014152,1
0x0801408C,0x0800625C,bl,0x080140E6,1
0x0801408C,0x080062C4,bl,0x080140B8,2
0x0801408C,0x080CFDCC,bl,0x080140C4,10
0x08014184,0x08006138,bl,0x08014268,1
0x08014184,0x0800625C,bl,0x080141EA,2
0x08014184,0x080062C4,bl,0x080141BC,2
0x08014184,0x080CFDCC,bl,0x080141C8,10
0x080142A0,0x08006138,bl,0x08014380,1
0x080142A0,0x0800625C,bl,0x080142FE,2
0x080142A0,0x080062C4,bl,0x080142D0,2
0x080142A0,0x080153A2,bl,0x080143A0,1
0x080142A0,0x080CFDCC,bl,0x080142DC,10
0x080143B4,0x08006138,bl,0x0801446E,1
0x080143B4,0x080062C4,bl,0x080143E2,3
0x080143B4,0x080CFDCC,bl,0x080143EE,10
0x0801448C,0x08003110,bl,0x08014490,1
0x0801448C,0x08010358,bl,0x08014498,3
0x080144B0,0x08006138,bl,0x0801497A,1
0x080144B0,0x0800625C,bl,0x080145AC,4
0x080144B0,0x080062C4,bl,0x080144FE,7
0x080144B0,0x08010358,bl,0x080144E6,1
0x080144B0,0x080CFDCC,bl,0x0801450E,73
0x08014994,0x08006138,bl,0x08014BD6,1
0x08014994,0x0800625C,bl,0x08014A40,1
0x08014994,0x080062C4,bl,0x080149C4,2
0x08014994,0x080CFDCC,bl,0x080149D0,38
0x08014C08,0x08006138,bl,0x08014CDE,1
0x08014C08,0x080062C4,bl,0x08014C30,2
0x08014C08,0x080CFDCC,bl,0x08014C46,10
0x08014D08,0x08006138,bl,0x08014E38,1
0x08014D08,0x080062C4,bl,0x08014D32,3
0x08014D08,0x080CFDCC,bl,0x08014D3E,17
0x08014E6C,0x08003110,bl,0x08014E70,1
0x08014E6C,0x08010358,bl,0x08014E78,5
0x08014EA0,0x0800625C,bl,0x08014F06,6
0x08014EA0,0x080062C4,bl,0x08014ED0,5
0x08014EA0,0x0801625A,bl,0x08015258,1
0x08014EA0,0x080CFDCC,bl,0x08014EDC,49
0x08015268,0x0800625C,bl,0x080152BC,2
0x08015268,0x080062C4,bl,0x08015298,1
0x08015268,0x080CFDCC,bl,0x080152A4,17
0x080153A2,0x08006138,bl,0x080153CA,1
0x080153A2,0x080062C4,bl,0x080153C6,1
0x080153A2,0x080CFDCC,bl,0x080153A4,3
0x08015400,0x08006138,bl,0x080154EC,1
0x08015400,0x0800625C,bl,0x08015456,1
0x08015400,0x080062C4,bl,0x08015430,3
0x08015400,0x080CFDCC,bl,0x0801543C,9
0x08015524,0x08006138,bl,0x08015644,1
0x08015524,0x0800625C,bl,0x080155A2,2
0x08015524,0x080062C4,bl,0x08015554,3
0x08015524,0x080CFDCC,bl,0x08015560,11
0x08015680,0x080062C4,bl,0x080156A6,1
0x08015680,0x080CFDCC,bl,0x080156B2,6
0x08015704,0x08003110,bl,0x08015708,1
0x08015704,0x08010358,bl,0x08015710,9
0x08015758,0x08006138,bl,0x08015EE8,1
0x08015758,0x0800625C,bl,0x08015946,13
0x08015758,0x080062C4,bl,0x08015788,8
0x08015758,0x08010358,bl,0x08015DBC,1
0x08015758,0x080261D4,bl,0x08015DB4,2
0x08015758,0x080CFDCC,bl,0x08015798,107
0x08015F18,0x080670F0,bl,0x08015F48,8
0x08015F18,0x080CFDCC,bl,0x08015F4E,7
0x08015F18,0x080CFDD4,bl,0x0801605C,1
0x0801607C,0x080062C4,bl,0x080160B8,1
0x0801607C,0x08010358,bl,0x08016250,1
0x0801607C,0x080CFDCC,bl,0x080160D8,22
0x0801625A,0x08006138,bl,0x08016274,1
0x0801625A,0x080062C4,bl,0x08016268,1
0x0801625A,0x080CFDCC,bl,0x08016264,1
0x080162A0,0x08001A94,bl,0x080163B0,4
0x080162A0,0x080062C4,bl,0x080162B0,1
0x080162A0,0x080CFDCC,bl,0x080164DE,1
0x080162A0,0x080CFDD4,bl,0x080164F6,1
0x08016514,0x08006138,bl,0x08016794,1
0x08016514,0x080062C4,bl,0x08016544,3
0x08016514,0x080CFDCC,bl,0x08016550,35
0x080167DC,0x08006138,bl,0x08016A80,1
0x080167DC,0x080062C4,bl,0x0801680C,3
0x080167DC,0x080CFDCC,bl,0x08016818,40
0x08016AC4,0x08006138,bl,0x08016D84,1
0x08016AC4,0x0800625C,bl,0x08016D6C,1
0x08016AC4,0x080062C4,bl,0x08016AF6,3
0x08016AC4,0x080CFDCC,bl,0x08016B02,41
0x08016DD4,0x08006138,bl,0x0801709E,1
0x08016DD4,0x080062C4,bl,0x08016E04,3
0x08016DD4,0x080CFDCC,bl,0x08016E10,42
0x080170E4,0x08006138,bl,0x080173B0,1
0x080170E4,0x080062C4,bl,0x08017114,3
0x080170E4,0x080CFDCC,bl,0x08017120,42
0x080173F4,0x08006138,bl,0x08017544,1
0x080173F4,0x0800625C,bl,0x0801747C,1
0x080173F4,0x080062C4,bl,0x08017422,3
0x080173F4,0x080CFDCC,bl,0x0801742E,20
0x0801757C,0x08006138,bl,0x080175FE,1
0x0801757C,0x080062C4,bl,0x080175A2,2
0x0801757C,0x080CFDCC,bl,0x080175AE,7
0x0801761C,0x08003110,bl,0x08017620,1
0x0801761C,0x08010358,bl,0x08017628,8
0x08017668,0x08003110,bl,0x080180BA,1
0x08017668,0x08003184,bl,0x080180BE,1
0x08017668,0x080031B8,bl,0x08017DF6,4
0x08017668,0x08006138,bl,0x08018440,1
0x08017668,0x0800625C,bl,0x08017E12,3
0x08017668,0x080062C4,bl,0x080176BA,14
0x08017668,0x08010358,bl,0x08017FFE,1
0x08017668,0x080CFDCC,bl,0x080176C6,215
0x08018464,0x08003770,bl,0x0801848E,1
0x08018498,0x080031B8,bl,0x0801853A,10
0x08018498,0x080034F0,bl,0x08018AA0,1
0x08018498,0x08006138,bl,0x08018B3A,1
0x08018498,0x0800625C,bl,0x08018566,8
0x08018498,0x080062C4,bl,0x080184F0,11
0x08018498,0x08010358,bl,0x080184E2,2
0x08018498,0x080261D4,bl,0x08018534,2
0x08018498,0x080CFDCC,bl,0x080184FC,67
0x08018B84,0x080031B8,bl,0x08018B96,1
0x08018BB8,0x0800625C,bl,0x08018C6E,2
0x08018BB8,0x080062C4,bl,0x08018CCC,1
0x08018BB8,0x08010358,bl,0x08018C9A,1
0x08018BB8,0x080CFDCC,bl,0x08018C12,12
0x08018D7C,0x080CFDCC,bl,0x08018DDA,3
0x08018D7C,0x080CFDD4,bl,0x08018DF2,1
0x08018E14,0x08001A94,bl,0x08018F9E,1
0x08018E14,0x08002EE8,bl,0x08018E6A,1
0x08018E14,0x080CFDCC,bl,0x08018FCC,1
0x08018E14,0x080CFDD4,bl,0x08018FEC,1
0x08019000,0x080017E4,bl,0x0801904C,2
0x08019000,0x080031B8,bl,0x0801946E,1
0x08019000,0x08006138,bl,0x08019574,1
0x08019000,0x0800625C,bl,0x080192A4,1
0x08019000,0x080062C4,bl,0x0801906A,4
0x08019000,0x08010358,bl,0x080190A2,1
0x08019000,0x0801A41A,bl,0x08019418,1
0x08019000,0x080CFA70,bl,0x0801903E,1
0x08019000,0x080CFDCC,bl,0x08019076,87
0x08019590,0x08003014,bl,0x080195C2,1
0x080195EC,0x080031B8,bl,0x08019638,3
0x080195EC,0x08006138,bl,0x08019B14,1
0x080195EC,0x0800625C,bl,0x0801964E,2
0x080195EC,0x080062C4,bl,0x08019626,5
0x080195EC,0x080CFDCC,bl,0x08019630,91
0x08019B30,0x080017E4,bl,0x08019B5A,1
0x08019B30,0x08006138,bl,0x08019C18,1
0x08019B30,0x080CFDCC,bl,0x08019B78,12
0x08019C44,0x080017E4,bl,0x08019C6E,1
0x08019C44,0x08006138,bl,0x08019D06,1
0x08019C44,0x080CFDCC,bl,0x08019C86,12
0x08019D30,0x080017E4,bl,0x08019D5A,1
0x08019D30,0x08006138,bl,0x08019E1E,1
0x08019D30,0x080CFDCC,bl,0x08019D78,13
0x08019E48,0x08006138,bl,0x08019EAE,1
0x08019E48,0x080062C4,bl,0x08019E72,3
0x08019E48,0x080CFDCC,bl,0x08019E78,6
0x08019ECC,0x08026264,bl,0x08019EE0,1
0x08019EEC,0x08003014,bl,0x08019FA4,3
0x08019EEC,0x08006138,bl,0x0801A042,1
0x08019EEC,0x080CFDCC,bl,0x08019F1C,12
0x0801A07C,0x080031B8,bl,0x0801A0A8,1
0x0801A07C,0x080062C4,bl,0x0801A0A2,1
0x0801A07C,0x080CFDCC,bl,0x0801A0BA,22
0x0801A07C,0x080CFDD4,bl,0x0801A1CC,1
0x0801A1EC,0x080017E4,bl,0x0801A2A4,1
0x0801A1EC,0x08001A94,bl,0x0801A2DA,1
0x0801A1EC,0x08003014,bl,0x0801A27A,1
0x0801A1EC,0x0803D55C,bl,0x0801A230,1
0x0801A310,0x080017E4,bl,0x0801A364,2
0x0801A310,0x08001A94,bl,0x0801A3BE,1
0x0801A41A,0x080017E4,bl,0x0801A46C,8
0x0801A41A,0x08001A94,bl,0x0801A4DC,5
0x0801A8C8,0x08009EE8,bl,0x0801AC5C,1
0x0801A8C8,0x0801B8E4,bl,0x0801ABC2,3
0x0801A8C8,0x0801B9E4,bl,0x0801AED8,1
0x0801AF14,0x0801B8E4,bl,0x0801B1DE,1
0x0801AF14,0x0801B9E4,bl,0x0801B20C,1
0x0801B24C,0x0801B8E4,bl,0x0801B6BE,1
0x0801B24C,0x0801B9E4,bl,0x0801B77A,1
0x0801B24C,0x080CFA50,bl,0x0801B662,1
0x0801B8E4,0x080CFA50,bl,0x0801B93A,2
0x0801BAA4,0x0801C51C,bl,0x0801BAAE,1
0x0801BAA4,0x0801C5C8,bl,0x0801BC90,1
0x0801BAA4,0x0801C690,bl,0x0801BB76,2
0x0801BAA4,0x0801C7CC,bl,0x0801BB72,2
0x0801BAA4,0x0801C8DC,bl,0x0801BBC4,1
0x0801BAA4,0x0801C930,bl,0x0801BBC8,1
0x0801BAA4,0x0801D9C8,bl,0x0801BBDE,2
0x0801BAA4,0x0801DC88,bl,0x0801BBDA,2
0x0801BAA4,0x0801DEE8,bl,0x0801BBF0,1
0x0801BAA4,0x0801E178,bl,0x0801BBF4,1
0x0801BAA4,0x08021130,bl,0x0801BBF8,1
0x0801BAA4,0x08021564,bl,0x0801BBFC,1
0x0801BAA4,0x08022650,bl,0x0801BB5C,1
0x0801BCAC,0x0801C51C,bl,0x0801BCB6,1
0x0801BCAC,0x0801C5C8,bl,0x0801BDD0,1
0x0801BCAC,0x0801C690,bl,0x0801BDA0,1
0x0801BCAC,0x0801C7CC,bl,0x0801BD56,1
0x0801BCAC,0x0801C8DC,bl,0x0801BDA4,1
0x0801BCAC,0x0801D394,bl,0x0801BDA8,1
0x0801BCAC,0x0801D9C8,bl,0x0801BDBE,1
0x0801BCAC,0x0801DC88,bl,0x0801BDB8,1
0x0801BCAC,0x0801DEE8,bl,0x0801BDC2,1
0x0801BCAC,0x0801ECD0,bl,0x0801BDC6,1
0x0801BCAC,0x0802136C,bl,0x0801BDCA,1
0x0801BDE0,0x0801C51C,bl,0x0801BDEA,1
0x0801BDE0,0x0801C5C8,bl,0x0801BF0C,1
0x0801BDE0,0x0801C690,bl,0x0801BED8,1
0x0801BDE0,0x0801C7CC,bl,0x0801BE8E,1
0x0801BDE0,0x0801C8DC,bl,0x0801BEDC,1
0x0801BDE0,0x0801C930,bl,0x0801BEE0,1
0x0801BDE0,0x0801D9C8,bl,0x0801BEF6,1
0x0801BDE0,0x0801DC88,bl,0x0801BEF0,1
0x0801BDE0,0x0801DEE8,bl,0x0801BEFA,1
0x0801BDE0,0x0801E178,bl,0x0801BEFE,1
0x0801BDE0,0x0802136C,bl,0x0801BF02,1
0x0801BDE0,0x08021564,bl,0x0801BF06,1
0x0801BDE0,0x08022810,bl,0x0801BE7A,1
0x0801BF1C,0x0801C51C,bl,0x0801BF26,1
0x0801BF1C,0x0801C5C8,bl,0x0801C01E,1
0x0801BF1C,0x0801F540,bl,0x0801C014,1
0x0801BF1C,0x0801F6B0,bl,0x0801BFC8,1
0x0801BF1C,0x0802136C,bl,0x0801C018,1
0x0801C030,0x0801C51C,bl,0x0801C038,1
0x0801C030,0x0801C5C8,bl,0x0801C0D8,1
0x0801C030,0x0801F800,bl,0x0801C0CA,1
0x0801C030,0x0801F9B8,bl,0x0801C0CE,1
0x0801C030,0x0802136C,bl,0x0801C0D2,1
0x0801C12C,0x0801C51C,bl,0x0801C134,1
0x0801C12C,0x0801C5C8,bl,0x0801C222,1
0x0801C12C,0x0801FC48,bl,0x0801C1CC,1
0x0801C12C,0x0801FE2C,bl,0x0801C218,1
0x0801C12C,0x0802136C,bl,0x0801C21C,1
0x0801C230,0x0801C51C,bl,0x0801C234,1
0x0801C230,0x0801C5C8,bl,0x0801C2BC,1
0x0801C230,0x0801FF84,bl,0x0801C2B2,1
0x0801C230,0x080214E0,bl,0x0801C2B6,1
0x0801C30C,0x0801C51C,bl,0x0801C310,1
0x0801C30C,0x0801C5C8,bl,0x0801C374,1
0x0801C30C,0x080207A0,bl,0x0801C36A,1
0x0801C30C,0x080214E0,bl,0x0801C36E,1
0x0801C30C,0x080222B0,bl,0x0801C366,1
0x0801C3A4,0x0801C51C,bl,0x0801C3A8,1
0x0801C3A4,0x0801C5C8,bl,0x0801C412,1
0x0801C3A4,0x0802069C,bl,0x0801C402,1
0x0801C3A4,0x0802136C,bl,0x0801C40C,1
0x0801C3A4,0x080222B0,bl,0x0801C3FE,1
0x0801C444,0x0801C51C,bl,0x0801C448,1
0x0801C444,0x0801C5C8,bl,0x0801C4CC,1
0x0801C444,0x08020B38,bl,0x0801C4C6,1
0x0801C690,0x080217DC,bl,0x0801C6A6,2
0x0801C690,0x080219F0,bl,0x0801C6F0,2
0x0801C7CC,0x080217DC,bl,0x0801C7E2,2
0x0801C7CC,0x080219D0,bl,0x0801C82A,2
0x0801C8DC,0x08021634,bl,0x0801C8F2,1
0x0801C930,0x08021634,bl,0x0801C972,4
0x0801C930,0x080216D8,bl,0x0801CB86,5
0x0801C930,0x080217DC,bl,0x0801D2B2,1
0x0801C930,0x08021970,bl,0x0801CDBA,9
0x0801C930,0x080219D0,bl,0x0801CA94,2
0x0801C930,0x080219F0,bl,0x0801CB08,2
0x0801C930,0x08021A10,bl,0x0801CDB2,7
0x0801C930,0x08021AB4,bl,0x0801C9D6,4
0x0801C930,0x08021B18,bl,0x0801D304,2
0x0801D394,0x08021634,bl,0x0801D5BE,1
0x0801D394,0x080216D8,bl,0x0801D3BA,3
0x0801D394,0x08021970,bl,0x0801D578,9
0x0801D394,0x08021AB4,bl,0x0801D750,2
0x0801D9C8,0x080217DC,bl,0x0801D9E8,3
0x0801D9C8,0x080219F0,bl,0x0801DA2E,3
0x0801DC88,0x080217DC,bl,0x0801DCA2,3
0x0801DC88,0x080219D0,bl,0x0801DCEA,3
0x0801DEE8,0x08021634,bl,0x0801DF0A,2
0x0801DEE8,0x080217DC,bl,0x0801E07C,2
0x0801DEE8,0x08021990,bl,0x0801DFD0,4
0x0801E178,0x0801ECBA,bl,0x0801E470,1
0x0801E178,0x08021634,bl,0x0801E1B0,4
0x0801E178,0x080216D8,bl,0x0801E406,3
0x0801E178,0x080219B0,bl,0x0801E54A,5
0x0801E178,0x080219D0,bl,0x0801E310,2
0x0801E178,0x080219F0,bl,0x0801E384,2
0x0801E178,0x08021AB4,bl,0x0801E252,2
0x0801ECD0,0x08021634,bl,0x0801EDBC,1
0x0801ECD0,0x080216D8,bl,0x0801ECF4,3
0x0801ECD0,0x080219B0,bl,0x0801EDA0,5
0x0801F540,0x080217DC,bl,0x0801F556,3
0x0801F540,0x080219F0,bl,0x0801F58A,3
0x0801F6B0,0x080217DC,bl,0x0801F6C6,3
0x0801F6B0,0x080219D0,bl,0x0801F6FA,3
0x0801F800,0x08021634,bl,0x0801F822,2
0x0801F800,0x080217DC,bl,0x0801F8C4,2
0x0801F800,0x08021990,bl,0x0801F850,3
0x0801F9B8,0x08021634,bl,0x0801FA48,1
0x0801F9B8,0x080216D8,bl,0x0801F9F4,3
0x0801F9B8,0x080219B0,bl,0x0801FA2C,4
0x0801FC48,0x08021634,bl,0x0801FCF4,1
0x0801FC48,0x080216D8,bl,0x0801FC70,3
0x0801FC48,0x08021970,bl,0x0801FCA0,5
0x0801FE2C,0x08021634,bl,0x0801FE84,3
0x0801FE2C,0x080216D8,bl,0x0801FE4A,1
0x0801FE2C,0x080219B0,bl,0x0801FE6A,4
0x0801FF84,0x08021634,bl,0x08020158,5
0x0801FF84,0x080216D8,bl,0x080204EC,1
0x0801FF84,0x080217DC,bl,0x0801FFB2,2
0x0801FF84,0x08021990,bl,0x0802048A,2
0x0801FF84,0x080219B0,bl,0x08020546,2
0x0801FF84,0x080219D0,bl,0x08020376,2
0x0801FF84,0x080219F0,bl,0x08020124,2
0x0802069C,0x080216D8,bl,0x080206AC,1
0x080207A0,0x08021634,bl,0x08020826,5
0x080207A0,0x080216D8,bl,0x080207B8,1
0x080207A0,0x08021990,bl,0x08020A2C,2
0x080207A0,0x080219B0,bl,0x08020AAE,2
0x080207A0,0x080219D0,bl,0x0802098A,2
0x080207A0,0x080219F0,bl,0x080208E0,2
0x08020B38,0x08021634,bl,0x08020D32,4
0x08020B38,0x080217DC,bl,0x08020B56,4
0x08020B38,0x08021990,bl,0x08020F36,2
0x08020B38,0x080219B0,bl,0x08021020,2
0x08020B38,0x080219D0,bl,0x08020E86,2
0x08020B38,0x080219F0,bl,0x08020D0A,2
0x08021130,0x08021634,bl,0x080211FA,3
0x08021130,0x080216D8,bl,0x08021148,1
0x0802136C,0x08021634,bl,0x080213BA,3
0x0802136C,0x080216D8,bl,0x08021388,1
0x080214E0,0x08021634,bl,0x08021512,2
0x080214E0,0x080216D8,bl,0x080214EE,1
0x08021564,0x080218F8,bl,0x08021594,4
0x08021B18,0x08021B2C,bl,0x08021B22,1
0x08021C14,0x08021634,bl,0x08021C1E,1
0x08021C4C,0x08021634,bl,0x08021C56,1
0x08021C74,0x08021634,bl,0x08021E6C,3
0x08021C74,0x080216D8,bl,0x08021CF0,3
0x08021C74,0x08021970,bl,0x08021E3C,6
0x0802205C,0x080216D8,bl,0x08022204,1
0x0802205C,0x080217DC,bl,0x080220C0,2
0x080222B0,0x080216D8,bl,0x080222BE,1
0x0802233C,0x080217DC,bl,0x0802236E,1
0x080224B0,0x08021634,bl,0x080224BE,1
0x080224F8,0x08021634,bl,0x0802250C,1
0x08022624,0x08021B18,bl,0x08022630,1
0x08022F50,0x08009AB8,bl,0x08022F74,1
0x08022FA8,0x080017E4,bl,0x080230C8,3
0x08022FA8,0x080022AC,bl,0x08022FAC,1
0x08022FA8,0x08008C64,bl,0x08023024,1
0x08022FA8,0x08009B2C,bl,0x08023300,1
0x08022FA8,0x08009E60,bl,0x080231EA,1
0x08022FA8,0x080235EC,bl,0x0802302A,1
0x08022FA8,0x08027E28,bl,0x08023176,1
0x08022FA8,0x08028304,bl,0x0802318E,1
0x08022FA8,0x0802885C,bl,0x0802316E,1
0x08022FA8,0x08028948,bl,0x08023172,1
0x08022FA8,0x08028990,bl,0x080232F8,1
0x08022FA8,0x08028B1C,bl,0x080232D8,1
0x08022FA8,0x08028E4C,bl,0x0802317E,1
0x08022FA8,0x080290DC,bl,0x0802332E,1
0x08022FA8,0x08029110,bl,0x08023182,1
0x08022FA8,0x080291D0,bl,0x08023070,1
0x08022FA8,0x08029204,bl,0x08023074,1
0x08022FA8,0x0802923C,bl,0x0802306C,1
0x08022FA8,0x08029270,bl,0x08023078,1
0x08022FA8,0x080292B0,bl,0x0802338E,2
0x08022FA8,0x080292D0,bl,0x08023336,1
0x08022FA8,0x08029318,bl,0x0802318A,1
0x08022FA8,0x08029930,bl,0x08023332,1
0x08022FA8,0x0802A9CC,bl,0x0802338A,2
0x08022FA8,0x0802AB30,bl,0x080233CC,1
0x08022FA8,0x0802AEAC,bl,0x080233B0,1
0x08022FA8,0x0802B074,bl,0x0802339C,1
0x08022FA8,0x0802B4BC,bl,0x08023314,1
0x08022FA8,0x0802BE80,bl,0x08023324,1
0x08022FA8,0x0802C42C,bl,0x0802332A,1
0x08022FA8,0x0802CD24,bl,0x0802316A,1
0x08022FA8,0x0802D0F4,bl,0x08023186,1
0x08022FA8,0x08030724,bl,0x08023166,1
0x08022FA8,0x0803D034,bl,0x08023296,1
0x08022FA8,0x0803D1C4,bl,0x0802329C,1
0x08022FA8,0x080B4E40,bl,0x0802317A,1
0x08022FA8,0x080B5024,bl,0x080232CC,1
0x08022FA8,0x080CFA54,bl,0x08023344,1
0x08022FA8,0x080CFA58,bl,0x0802312E,2
0x080233E0,0x080017E4,bl,0x080234B4,1
0x080233E0,0x080055B0,bl,0x080233EA,1
0x080233E0,0x080055C4,bl,0x080233F2,1
0x080233E0,0x08008C64,bl,0x0802341A,1
0x080233E0,0x080235EC,bl,0x08023420,1
0x080233E0,0x08028130,bl,0x080234CC,1
0x080233E0,0x0802885C,bl,0x080234C4,1
0x080233E0,0x08028948,bl,0x080234C8,1
0x080233E0,0x08028990,bl,0x0802354C,1
0x080233E0,0x08028B1C,bl,0x080234E8,1
0x080233E0,0x080290AC,bl,0x080234DC,1
0x080233E0,0x080290DC,bl,0x08023576,1
0x080233E0,0x080291D0,bl,0x08023460,1
0x080233E0,0x08029204,bl,0x08023464,1
0x080233E0,0x0802923C,bl,0x0802345C,1
0x080233E0,0x08029270,bl,0x08023468,1
0x080233E0,0x080292B0,bl,0x080235DA,1
0x080233E0,0x08029318,bl,0x080234D4,1
0x080233E0,0x08029930,bl,0x0802358A,1
0x080233E0,0x0802A9CC,bl,0x080235A8,2
0x080233E0,0x0802AB30,bl,0x080235B2,1
0x080233E0,0x0802B4BC,bl,0x08023560,1
0x080233E0,0x0802BE80,bl,0x0802356C,1
0x080233E0,0x0802C42C,bl,0x08023572,1
0x080233E0,0x0802CD24,bl,0x080234C0,1
0x080233E0,0x08030724,bl,0x080234BC,1
0x080233E0,0x080307B0,bl,0x080234D8,1
0x080233E0,0x08077D38,bl,0x080233F8,1
0x080233E0,0x080B4EA8,bl,0x080234D0,1
0x080233E0,0x080CFA54,bl,0x08023598,1
0x080235EC,0x080058E4,bl,0x080235F4,1
0x08023618,0x08002E98,bl,0x08023624,1
0x08023634,0x08006138,bl,0x080236C6,1
0x080236D4,0x0800A6A4,bl,0x080236DA,1
0x080236D4,0x08026EEC,bl,0x080236D6,1
0x080236E4,0x0802B4BC,bl,0x08023728,1
0x080236E4,0x0802B62C,bl,0x0802372E,1
0x080236E4,0x0802BE80,bl,0x08023734,1
0x080236E4,0x0802BFF4,bl,0x0802373A,1
0x080236E4,0x0802C42C,bl,0x08023740,1
0x08023748,0x0800A778,bl,0x08023794,1
0x08023748,0x0800A854,bl,0x08023790,1
0x08023748,0x08026CA4,bl,0x08023782,1
0x08023748,0x080293D8,bl,0x08023768,1
0x08023748,0x080294D0,bl,0x0802376C,1
0x08023748,0x08029930,bl,0x08023774,1
0x08023748,0x08029BB8,bl,0x08023770,1
0x08023748,0x0802CD38,bl,0x08023756,1
0x08023748,0x0802D188,bl,0x08023764,1
0x080237A4,0x0800A778,bl,0x080237EC,1
0x080237A4,0x0800A854,bl,0x080237E8,1
0x080237A4,0x08026CA4,bl,0x080237DA,1
0x080237A4,0x080293D8,bl,0x080237C4,1
0x080237A4,0x080296A0,bl,0x080237C8,1
0x080237A4,0x08029930,bl,0x080237CC,1
0x080237A4,0x0802CD38,bl,0x080237B2,1
0x080237A4,0x0802D188,bl,0x080237C0,1
0x080237FC,0x0800A778,bl,0x0802384C,1
0x080237FC,0x0800A854,bl,0x08023848,1
0x080237FC,0x08026CA4,bl,0x0802383A,1
0x080237FC,0x080293D8,bl,0x0802381C,1
0x080237FC,0x080294D0,bl,0x08023820,1
0x080237FC,0x080295B8,bl,0x08023824,1
0x080237FC,0x08029930,bl,0x0802382C,1
0x080237FC,0x08029BB8,bl,0x08023828,1
0x080237FC,0x0802CD38,bl,0x0802380A,1
0x080237FC,0x0802D188,bl,0x08023818,1
0x0802385C,0x0800A778,bl,0x08023896,1
0x0802385C,0x0800A854,bl,0x08023892,1
0x0802385C,0x08029444,bl,0x0802387C,1
0x0802385C,0x080297DC,bl,0x08023880,1
0x0802385C,0x080299E8,bl,0x08023884,1
0x0802385C,0x0802CD38,bl,0x0802386A,1
0x0802385C,0x0802D188,bl,0x08023878,1
0x080238A4,0x0800A778,bl,0x080238DE,1
0x080238A4,0x0800A854,bl,0x080238DA,1
0x080238A4,0x08029444,bl,0x080238C4,1
0x080238A4,0x080298C4,bl,0x080238C8,1
0x080238A4,0x080299E8,bl,0x080238CC,1
0x080238A4,0x0802CD38,bl,0x080238B2,1
0x080238A4,0x0802D188,bl,0x080238C0,1
0x080238EC,0x0800A778,bl,0x08023938,1
0x080238EC,0x0800A854,bl,0x08023934,1
0x080238EC,0x08026CA4,bl,0x08023926,1
0x080238EC,0x08029474,bl,0x0802390C,1
0x080238EC,0x080294D0,bl,0x08023910,1
0x080238EC,0x08029930,bl,0x08023918,1
0x080238EC,0x08029BB8,bl,0x08023914,1
0x080238EC,0x0802CD38,bl,0x080238FA,1
0x080238EC,0x0802D188,bl,0x08023908,1
0x08023948,0x080022AC,bl,0x0802394C,1
0x08023948,0x08008C64,bl,0x0802399E,1
0x08023948,0x08009B2C,bl,0x08023BEC,1
0x08023948,0x08009E60,bl,0x08023AC6,1
0x08023948,0x080235EC,bl,0x080239A4,1
0x08023948,0x08027A6C,bl,0x08023A28,1
0x08023948,0x08028320,bl,0x08023A64,1
0x08023948,0x0802885C,bl,0x08023A54,1
0x08023948,0x08028948,bl,0x08023A58,1
0x08023948,0x08028B1C,bl,0x08023BE4,1
0x08023948,0x08028E4C,bl,0x08023A60,1
0x08023948,0x080290DC,bl,0x08023C4C,1
0x08023948,0x08029194,bl,0x08023A68,1
0x08023948,0x080291D0,bl,0x080239EA,1
0x08023948,0x08029204,bl,0x080239EE,1
0x08023948,0x0802923C,bl,0x080239E6,1
0x08023948,0x08029270,bl,0x080239F2,1
0x08023948,0x08029318,bl,0x08023A5C,1
0x08023948,0x08029930,bl,0x08023C50,1
0x08023948,0x0802AC30,bl,0x08023C70,1
0x08023948,0x0802AD78,bl,0x08023C8E,1
0x08023948,0x0802C550,bl,0x08023C3C,1
0x08023948,0x0802C680,bl,0x08023C48,1
0x08023948,0x0802CBB8,bl,0x08023C42,1
0x08023948,0x0802CD24,bl,0x08023A50,1
0x08023948,0x08030724,bl,0x08023A4C,1
0x08023948,0x0803D034,bl,0x08023BAE,1
0x08023948,0x0803D1C4,bl,0x08023BB4,1
0x08023948,0x080CFA54,bl,0x08023C5E,1
0x08023CA0,0x08008C64,bl,0x08023CC0,1
0x08023CA0,0x080235EC,bl,0x08023CC6,1
0x08023CA0,0x08026834,bl,0x08023D8E,1
0x08023CA0,0x08026B60,bl,0x08023D8A,1
0x08023CA0,0x08027A6C,bl,0x08023D4A,1
0x08023CA0,0x08028320,bl,0x08023D82,1
0x08023CA0,0x0802885C,bl,0x08023D76,1
0x08023CA0,0x08028948,bl,0x08023D7A,1
0x08023CA0,0x08028B1C,bl,0x08023D92,1
0x08023CA0,0x08029034,bl,0x08023D86,1
0x08023CA0,0x080290DC,bl,0x08023D9A,1
0x08023CA0,0x080291D0,bl,0x08023D0A,1
0x08023CA0,0x08029204,bl,0x08023D0E,1
0x08023CA0,0x0802923C,bl,0x08023D06,1
0x08023CA0,0x08029270,bl,0x08023D12,1
0x08023CA0,0x08029318,bl,0x08023D7E,1
0x08023CA0,0x08029930,bl,0x08023D9E,1
0x08023CA0,0x0802AC30,bl,0x08023DB4,1
0x08023CA0,0x0802CAB0,bl,0x08023D96,1
0x08023CA0,0x0802CD24,bl,0x08023D72,1
0x08023CA0,0x08030724,bl,0x08023D6E,1
0x08023CA0,0x080CFA54,bl,0x08023DAA,1
0x08023E34,0x08006138,bl,0x08023E6C,1
0x08023E78,0x08006138,bl,0x08023E8C,1
0x08023EA0,0x0802C550,bl,0x08023EE0,1
0x08023EA0,0x0802C680,bl,0x08023EF2,1
0x08023EA0,0x0802C7F4,bl,0x08023EEC,1
0x08023EA0,0x0802CBB8,bl,0x08023EE6,1
0x08023EFC,0x0802CAB0,bl,0x08023F0A,1
0x08023F18,0x0800A778,bl,0x08023F4E,1
0x08023F18,0x08026CA4,bl,0x08023F4A,1
0x08023F18,0x08029444,bl,0x08023F34,1
0x08023F18,0x080297DC,bl,0x08023F38,1
0x08023F18,0x08029A4C,bl,0x08023F3C,1
0x08023F18,0x0802CD38,bl,0x08023F26,1
0x08023F5C,0x0800A778,bl,0x08023F92,1
0x08023F5C,0x08026CA4,bl,0x08023F8E,1
0x08023F5C,0x08029444,bl,0x08023F78,1
0x08023F5C,0x08029708,bl,0x08023F7C,1
0x08023F5C,0x08029AB4,bl,0x08023F80,1
0x08023F5C,0x0802CD38,bl,0x08023F6A,1
0x08023FA0,0x08029444,bl,0x08023FBC,1
0x08023FA0,0x08029708,bl,0x08023FC0,1
0x08023FA0,0x08029AB4,bl,0x08023FC4,1
0x08023FA0,0x0802CD38,bl,0x08023FAE,1
0x08023FD4,0x080017E4,bl,0x08024062,2
0x08023FD4,0x08003110,bl,0x08024110,1
0x08023FD4,0x08008C64,bl,0x08023FE4,1
0x08023FD4,0x08009B2C,bl,0x08024272,1
0x08023FD4,0x08009E60,bl,0x08024176,1
0x08023FD4,0x080235EC,bl,0x08023FEA,1
0x08023FD4,0x0802885C,bl,0x080240F2,1
0x08023FD4,0x08028948,bl,0x080240F6,1
0x08023FD4,0x08028B1C,bl,0x0802426A,1
0x08023FD4,0x080290DC,bl,0x0802427A,1
0x08023FD4,0x080291D0,bl,0x08024014,1
0x08023FD4,0x08029204,bl,0x08024018,1
0x08023FD4,0x0802923C,bl,0x08024010,1
0x08023FD4,0x08029270,bl,0x0802401C,1
0x08023FD4,0x08029930,bl,0x0802427E,1
0x08023FD4,0x0802AD78,bl,0x08024296,1
0x08023FD4,0x0802CC90,bl,0x08024276,1
0x08023FD4,0x0802CD24,bl,0x080240EE,1
0x08023FD4,0x0802D0F4,bl,0x080240FA,1
0x08023FD4,0x08030724,bl,0x080240EA,1
0x08023FD4,0x0803D034,bl,0x08024230,1
0x08023FD4,0x0803D0A0,bl,0x08024236,1
0x08023FD4,0x08040788,bl,0x08024266,1
0x08023FD4,0x080CFA54,bl,0x0802428C,1
0x08023FD4,0x080CFA58,bl,0x080240AA,1
0x080242D0,0x08006138,bl,0x080242E6,1
0x08024300,0x080017E4,bl,0x080243D0,2
0x08024300,0x08008C64,bl,0x08024310,1
0x08024300,0x08009ADC,bl,0x080244AE,1
0x08024300,0x080235EC,bl,0x08024316,1
0x08024300,0x08027E28,bl,0x08024462,1
0x08024300,0x0802885C,bl,0x0802445E,1
0x08024300,0x08028948,bl,0x08024466,1
0x08024300,0x08028B1C,bl,0x0802448C,1
0x08024300,0x080290DC,bl,0x08024494,1
0x08024300,0x080291D0,bl,0x08024386,1
0x08024300,0x08029204,bl,0x0802438A,1
0x08024300,0x0802923C,bl,0x08024382,1
0x08024300,0x08029270,bl,0x0802438E,1
0x08024300,0x080292B0,bl,0x0802452A,1
0x08024300,0x08029930,bl,0x08024498,1
0x08024300,0x0802A4EC,bl,0x0802449C,1
0x08024300,0x0802A9CC,bl,0x080244C0,2
0x08024300,0x0802AB30,bl,0x080244CA,1
0x08024300,0x0802CC90,bl,0x08024490,1
0x08024300,0x0802CD24,bl,0x0802445A,1
0x08024300,0x0802D0F4,bl,0x0802446A,1
0x08024300,0x08030724,bl,0x08024456,1
0x08024300,0x080CFA54,bl,0x080244AA,1
0x08024300,0x080CFA58,bl,0x0802441E,1
0x08024540,0x08006138,bl,0x08024570,1
0x0802457C,0x0802CC90,bl,0x0802458A,1
0x08024598,0x080293D8,bl,0x080245B8,1
0x08024598,0x080294D0,bl,0x080245BC,1
0x08024598,0x08029930,bl,0x080245C0,1
0x08024598,0x0802CD38,bl,0x080245A6,1
0x08024598,0x0802D188,bl,0x080245B4,1
0x080245D0,0x0800A778,bl,0x08024600,1
0x080245D0,0x080293D8,bl,0x080245F0,1
0x080245D0,0x080294D0,bl,0x080245F4,1
0x080245D0,0x080295B8,bl,0x080245F8,1
0x080245D0,0x08029930,bl,0x080245FC,1
0x080245D0,0x0802CD38,bl,0x080245DE,1
0x080245D0,0x0802D188,bl,0x080245EC,1
0x08024610,0x08024698,bl,0x08024634,1
0x08024654,0x08024698,bl,0x08024676,1
0x08024698,0x080017E4,bl,0x08024762,3
0x08024698,0x080022AC,bl,0x080246A2,1
0x08024698,0x08008C64,bl,0x080246C4,1
0x08024698,0x08009ADC,bl,0x08024834,1
0x08024698,0x080235EC,bl,0x080246CA,1
0x08024698,0x08028280,bl,0x08024820,1
0x08024698,0x08028304,bl,0x0802482C,1
0x08024698,0x0802885C,bl,0x08024816,1
0x08024698,0x08028948,bl,0x0802481A,1
0x08024698,0x08028B1C,bl,0x08024830,1
0x08024698,0x08028E4C,bl,0x08024824,1
0x08024698,0x080290DC,bl,0x08024878,1
0x08024698,0x080291D0,bl,0x0802470A,1
0x08024698,0x08029204,bl,0x0802470E,1
0x08024698,0x0802923C,bl,0x08024706,1
0x08024698,0x08029270,bl,0x08024712,1
0x08024698,0x080292B0,bl,0x080248D2,1
0x08024698,0x08029930,bl,0x0802487C,1
0x08024698,0x0802A9CC,bl,0x080248CE,2
0x08024698,0x0802AB30,bl,0x080248EC,1
0x08024698,0x0802B4BC,bl,0x08024848,1
0x08024698,0x0802C42C,bl,0x08024874,1
0x08024698,0x0802CD24,bl,0x08024812,1
0x08024698,0x0802D0F4,bl,0x08024828,1
0x08024698,0x08030724,bl,0x0802480E,1
0x08024698,0x080CFA54,bl,0x0802488A,1
0x08024698,0x080CFA58,bl,0x080247D6,2
0x08024904,0x08006138,bl,0x0802496E,1
0x0802497C,0x080017E4,bl,0x08024A96,3
0x0802497C,0x080022AC,bl,0x08024980,1
0x0802497C,0x08009ADC,bl,0x08024CC8,1
0x0802497C,0x08009E60,bl,0x08024BB6,1
0x0802497C,0x080235EC,bl,0x080249F8,1
0x0802497C,0x08027E28,bl,0x08024B46,1
0x0802497C,0x08028304,bl,0x08024B5A,1
0x0802497C,0x0802885C,bl,0x08024B3E,1
0x0802497C,0x08028948,bl,0x08024B42,1
0x0802497C,0x08028990,bl,0x08024CC4,1
0x0802497C,0x08028B1C,bl,0x08024CA4,1
0x0802497C,0x08028E4C,bl,0x08024B4E,1
0x0802497C,0x080290DC,bl,0x08024CF2,1
0x0802497C,0x080291D0,bl,0x08024A3E,1
0x0802497C,0x08029204,bl,0x08024A42,1
0x0802497C,0x0802923C,bl,0x08024A3A,1
0x0802497C,0x08029270,bl,0x08024A46,1
0x0802497C,0x080292B0,bl,0x08024D52,2
0x0802497C,0x080292D0,bl,0x08024CFA,1
0x0802497C,0x08029318,bl,0x08024B56,1
0x0802497C,0x08029930,bl,0x08024CF6,1
0x0802497C,0x0802A9CC,bl,0x08024D4E,2
0x0802497C,0x0802AB30,bl,0x08024D90,1
0x0802497C,0x0802AEAC,bl,0x08024D74,1
0x0802497C,0x0802B074,bl,0x08024D60,1
0x0802497C,0x0802B4BC,bl,0x08024CDC,1
0x0802497C,0x0802BE80,bl,0x08024CE8,1
0x0802497C,0x0802C42C,bl,0x08024CEE,1
0x0802497C,0x0802CD24,bl,0x08024B3A,1
0x0802497C,0x0802D0F4,bl,0x08024B52,1
0x0802497C,0x08030724,bl,0x08024B36,1
0x0802497C,0x0803D034,bl,0x08024C62,1
0x0802497C,0x0803D0A0,bl,0x08024C68,1
0x0802497C,0x080B4E40,bl,0x08024B4A,1
0x0802497C,0x080B5024,bl,0x08024C98,1
0x0802497C,0x080CFA54,bl,0x08024D08,1
0x0802497C,0x080CFA58,bl,0x08024AFE,2
0x08024DA4,0x08006138,bl,0x08024E32,1
0x08024E40,0x08021B18,bl,0x08024E6A,1
0x08025024,0x0802589E,bl,0x0802503A,1
0x080258E0,0x0802695C,bl,0x080259B4,1
0x08025E00,0x08028B8C,bl,0x08025E02,1
0x080261C0,0x080301E8,bl,0x080261CA,1
0x0802621C,0x080058E4,bl,0x08026258,1
0x080262E8,0x0802D478,bl,0x080262FA,1
0x08026308,0x08029930,bl,0x08026352,1
0x080264B0,0x0802ED94,bl,0x080264FC,1
0x0802653C,0x0802EF90,bl,0x08026570,1
0x08026584,0x080031B8,bl,0x080266E8,1
0x08026584,0x08006148,bl,0x08026612,4
0x08026584,0x080301E8,bl,0x0802662A,2
0x0802672C,0x0802D074,bl,0x0802680C,1
0x0802672C,0x0802D344,bl,0x08026730,1
0x08026834,0x0802D074,bl,0x080268C6,1
0x08026834,0x0802D344,bl,0x08026838,1
0x08026998,0x080B7B7C,bl,0x080269A6,1
0x080269D8,0x08031738,bl,0x080269DE,1
0x080269E8,0x08030F78,bl,0x080269F4,1
0x08026A0C,0x0802CDA0,bl,0x08026A5C,1
0x08026A80,0x0802CDA0,bl,0x08026ACC,1
0x08026AEC,0x0802CDA0,bl,0x08026B3C,1
0x08026CA4,0x08021B18,bl,0x08026D00,1
0x08026EEC,0x08001A94,bl,0x0802708E,1
0x08026EEC,0x08021B18,bl,0x08026F6A,1
0x080270D0,0x08003110,bl,0x08027108,2
0x080270D0,0x080034D0,bl,0x080270E2,1
0x08027128,0x08003688,bl,0x08027152,1
0x08027128,0x080055C4,bl,0x08027164,1
0x08027128,0x08005654,bl,0x08027134,1
0x08027128,0x08026998,bl,0x08027144,1
0x08027128,0x080307A4,bl,0x0802712A,1
0x08027128,0x080B6E60,bl,0x0802712E,1
0x08027178,0x08005654,bl,0x08027184,1
0x08027178,0x080307A4,bl,0x0802717A,1
0x08027178,0x080B6E60,bl,0x0802717E,1
0x08027198,0x08005654,bl,0x080271A2,2
0x08027198,0x080307A4,bl,0x080271D8,1
0x080271EC,0x080307A4,bl,0x080271F4,1
0x080271EC,0x080B6ED4,bl,0x080271F8,1
0x08027210,0x08030758,bl,0x08027218,1
0x08027210,0x080B6F20,bl,0x0802721C,1
0x08027228,0x080CFA58,bl,0x08027230,1
0x08027240,0x080017E4,bl,0x08027264,1
0x08027240,0x0800AB08,bl,0x080272D0,1
0x08027240,0x08029930,bl,0x080272C0,1
0x08027240,0x0802B460,bl,0x0802728C,2
0x08027240,0x0802B49C,bl,0x0802727E,1
0x08027240,0x080B6F04,bl,0x080272CC,1
0x08027240,0x080CFA58,bl,0x0802726E,1
0x08027588,0x0802D344,bl,0x0802759E,1
0x080275CC,0x0802D344,bl,0x08027644,1
0x080276CC,0x08009E2C,bl,0x08027746,1
0x080276CC,0x0800A0DC,bl,0x0802772C,1
0x080277F0,0x08028B8C,bl,0x08027848,1
0x080277F0,0x08028E3C,bl,0x08027838,1
0x08027A6C,0x080017E4,bl,0x08027A88,2
0x08027A6C,0x080CFA54,bl,0x08027B04,2
0x08027A6C,0x080CFA58,bl,0x08027AC0,1
0x08027E28,0x08008C64,bl,0x0802802C,1
0x08027E28,0x08025E0C,bl,0x080280BE,1
0x08027E28,0x0802B460,bl,0x08027F58,2
0x08027E28,0x0802B49C,bl,0x08027F00,1
0x08027E28,0x08030074,bl,0x08028038,1
0x08027E28,0x08030100,bl,0x0802810C,1
0x08027E28,0x080B6EA0,bl,0x0802806E,2
0x08027E28,0x080CFA58,bl,0x08027FC4,2
0x08028130,0x080017E4,bl,0x0802823A,2
0x08028130,0x0802B49C,bl,0x080281E0,1
0x08028280,0x0802B460,bl,0x080282AC,1
0x08028280,0x0802B49C,bl,0x080282F0,1
0x08028280,0x080B6EA0,bl,0x080282B2,1
0x08028304,0x080307B0,bl,0x08028318,1
0x08028304,0x080307CC,bl,0x0802830E,1
0x08028320,0x08008C64,bl,0x0802832C,1
0x08028320,0x08021B18,bl,0x08028392,1
0x08028320,0x0802EAC8,bl,0x0802881A,1
0x08028320,0x0802EC1C,bl,0x08028622,1
0x08028320,0x0802EF90,bl,0x080285EC,1
0x08028320,0x0802F05C,bl,0x08028728,3
0x08028320,0x0802F1FC,bl,0x08028658,3
0x08028320,0x0802F31C,bl,0x080286C0,3
0x08028320,0x0802F420,bl,0x08028826,1
0x08028320,0x0802F4C8,bl,0x08028534,3
0x08028320,0x0802F53C,bl,0x08028580,2
0x08028320,0x0802F5B4,bl,0x080285D4,1
0x08028320,0x0802F7DC,bl,0x080287D4,1
0x08028320,0x0802FA3C,bl,0x080287EC,2
0x08028320,0x0802FDF4,bl,0x08028604,2
0x0802885C,0x080CFA5C,bl,0x080288B0,2
0x08028990,0x0802A190,bl,0x08028AE4,1
0x08028B8C,0x08028948,bl,0x08028B98,1
0x08028B8C,0x08029C74,bl,0x08028C98,1
0x08028B8C,0x08029E24,bl,0x08028C9C,1
0x08028B8C,0x0802A190,bl,0x08028CA0,1
0x08028B8C,0x0802A42C,bl,0x08028CA4,1
0x08028B8C,0x0802A4EC,bl,0x08028D1E,1
0x08028E3C,0x08028948,bl,0x08028E3E,1
0x08028E3C,0x08028B1C,bl,0x08028E42,1
0x080290DC,0x080293D8,bl,0x080290DE,1
0x08029110,0x08003110,bl,0x0802913E,3
0x08029110,0x08003194,bl,0x0802914C,1
0x08029110,0x080031B8,bl,0x08029184,1
0x08029110,0x080034D0,bl,0x0802912A,1
0x08029110,0x080408E4,bl,0x08029112,1
0x08029194,0x08003110,bl,0x080291C0,1
0x08029194,0x080034D0,bl,0x080291AE,1
0x080291D0,0x080017E4,bl,0x080291DE,2
0x08029204,0x080017E4,bl,0x08029212,2
0x0802923C,0x080CFA54,bl,0x0802924C,2
0x080292B0,0x080017E4,bl,0x080292C0,1
0x080292D0,0x0802A82C,bl,0x080292F6,1
0x08029318,0x08021B2C,bl,0x08029346,2
0x080294D0,0x0802AA4C,bl,0x0802956C,2
0x080294D0,0x0802AA9C,bl,0x08029514,2
0x080295B8,0x0802ABA8,bl,0x08029654,2
0x080295B8,0x0802ABEC,bl,0x080295FC,2
0x080296A0,0x0802AAE8,bl,0x080296FA,1
0x080296A0,0x0802B25C,bl,0x080296D2,2
0x08029708,0x0802ACBC,bl,0x0802978A,2
0x08029708,0x0802AD1C,bl,0x08029742,2
0x080297DC,0x0802AE00,bl,0x08029878,2
0x080297DC,0x0802AE58,bl,0x08029820,2
0x080298C4,0x0802AF1C,bl,0x080298EA,2
0x08029B30,0x0802AE58,bl,0x08029B50,2
0x08029BB8,0x0802A82C,bl,0x08029BE6,4
0x0802A82C,0x080B5338,bl,0x0802A8BA,4
0x0802A9CC,0x0802AFC8,bl,0x0802AA26,1
0x0802AA4C,0x0802AFC8,bl,0x0802AA82,1
0x0802AA9C,0x0802AFC8,bl,0x0802AAD0,1
0x0802AAE8,0x0802B168,bl,0x0802AB10,1
0x0802AB30,0x0802B030,bl,0x0802AB84,1
0x0802ABA8,0x0802B030,bl,0x0802ABD8,1
0x0802ABEC,0x0802B030,bl,0x0802AC1A,1
0x0802AC30,0x0802AF6C,bl,0x0802AC88,1
0x0802AC30,0x0802AFC8,bl,0x0802AC90,1
0x0802AC30,0x0802B030,bl,0x0802AC98,1
0x0802ACBC,0x0802AF6C,bl,0x0802ACF2,1
0x0802ACBC,0x0802AFC8,bl,0x0802ACFA,1
0x0802ACBC,0x0802B030,bl,0x0802AD02,1
0x0802AD1C,0x0802AF6C,bl,0x0802AD50,1
0x0802AD1C,0x0802AFC8,bl,0x0802AD58,1
0x0802AD1C,0x0802B030,bl,0x0802AD60,1
0x0802AD78,0x0802AFC8,bl,0x0802ADD2,1
0x0802AD78,0x0802B030,bl,0x0802ADDA,1
0x0802AE00,0x0802AFC8,bl,0x0802AE36,1
0x0802AE00,0x0802B030,bl,0x0802AE3E,1
0x0802AE58,0x0802AFC8,bl,0x0802AE8C,1
0x0802AE58,0x0802B030,bl,0x0802AE94,1
0x0802AEAC,0x0802AFC8,bl,0x0802AEEC,1
0x0802AEAC,0x0802B030,bl,0x0802AEF4,1
0x0802AF1C,0x0802AFC8,bl,0x0802AF44,1
0x0802AF1C,0x0802B030,bl,0x0802AF4C,1
0x0802B074,0x0802B168,bl,0x0802B132,2
0x0802B25C,0x0802B29C,bl,0x0802B280,1
0x0802B4BC,0x08029C74,bl,0x0802B590,1
0x0802B4BC,0x08029E24,bl,0x0802B594,1
0x0802B4BC,0x0802A190,bl,0x0802B598,1
0x0802B4BC,0x0802A42C,bl,0x0802B59C,1
0x0802B4BC,0x0802A4EC,bl,0x0802B616,1
0x0802B62C,0x08029C74,bl,0x0802B8EC,1
0x0802B62C,0x08029EF4,bl,0x0802B8F0,1
0x0802B62C,0x0802A260,bl,0x0802BD22,1
0x0802B62C,0x0802A484,bl,0x0802BD26,1
0x0802B62C,0x0802A568,bl,0x0802BE42,1
0x0802B62C,0x0802A63C,bl,0x0802BE6C,1
0x0802B62C,0x0802BE70,bl,0x0802B63E,1
0x0802BE80,0x08029C74,bl,0x0802BF2C,1
0x0802BE80,0x08029E24,bl,0x0802BF30,1
0x0802BE80,0x0802A190,bl,0x0802BF60,1
0x0802BE80,0x0802A42C,bl,0x0802BF64,1
0x0802BE80,0x0802A4EC,bl,0x0802BFDE,1
0x0802BFF4,0x08029C74,bl,0x0802C258,1
0x0802BFF4,0x08029E24,bl,0x0802C25C,1
0x0802BFF4,0x0802A190,bl,0x0802C38A,1
0x0802BFF4,0x0802A42C,bl,0x0802C38E,1
0x0802BFF4,0x0802A4EC,bl,0x0802C40A,1
0x0802C550,0x08029C74,bl,0x0802C5EC,1
0x0802C550,0x0802A190,bl,0x0802C5F0,1
0x0802C550,0x0802A4EC,bl,0x0802C66A,1
0x0802C7F4,0x0802A340,bl,0x0802C938,1
0x0802C7F4,0x0802A4EC,bl,0x0802CA8C,1
0x0802CDA0,0x0802A63C,bl,0x0802CFE0,1
0x0802D074,0x08028948,bl,0x0802D0C6,1
0x0802D074,0x08028B1C,bl,0x0802D0CA,1
0x0802D188,0x080031B8,bl,0x0802D23E,1
0x0802D188,0x0802D25C,bl,0x0802D202,1
0x0802D188,0x0802D278,bl,0x0802D212,1
0x0802D188,0x0802D294,bl,0x0802D1AE,1
0x0802D188,0x0802D2F0,bl,0x0802D236,1
0x0802D188,0x0802D32C,bl,0x0802D24C,1
0x0802D25C,0x080017E4,bl,0x0802D26C,1
0x0802D294,0x08003014,bl,0x0802D2CE,1
0x0802D344,0x0802621C,bl,0x0802D34A,1
0x0802D370,0x08002E98,bl,0x0802D37C,1
0x0802D38C,0x080031B8,bl,0x0802D434,1
0x0802D38C,0x080261C0,bl,0x0802D448,1
0x0802D38C,0x08027750,bl,0x0802D3C6,1
0x0802D38C,0x0802D01C,bl,0x0802D3F0,1
0x0802D38C,0x0802D478,bl,0x0802D428,1
0x0802D38C,0x0802D5B4,bl,0x0802D40E,1
0x0802D38C,0x08030F78,bl,0x0802D456,2
0x0802D38C,0x080CFDCC,bl,0x0802D3AA,3
0x0802D38C,0x080CFDD4,bl,0x0802D46A,1
0x0802D478,0x0802621C,bl,0x0802D480,1
0x0802D4BC,0x080031B8,bl,0x0802D4CA,1
0x0802D4BC,0x08005654,bl,0x0802D59C,1
0x0802D4BC,0x080301E8,bl,0x0802D4E2,2
0x0802D4BC,0x08030F78,bl,0x0802D570,2
0x0802D4BC,0x080CFDCC,bl,0x0802D540,2
0x0802D4BC,0x080CFDD4,bl,0x0802D510,2
0x0802D5B4,0x0802621C,bl,0x0802D5BC,1
0x0802D5F8,0x080301E8,bl,0x0802D616,3
0x0802D5F8,0x08030F78,bl,0x0802D634,3
0x0802D5F8,0x080CFDCC,bl,0x0802D61C,6
0x0802D5F8,0x080CFDD4,bl,0x0802D6BE,1
0x0802D6CC,0x08003014,bl,0x0802D78A,9
0x0802D6CC,0x080CFDCC,bl,0x0802D7CA,5
0x0802D6CC,0x080CFDD4,bl,0x0802D920,1
0x0802D96C,0x08006138,bl,0x0802DA7E,1
0x0802D96C,0x080CFDD4,bl,0x0802DA82,1
0x0802DA8C,0x08003014,bl,0x0802DAF8,1
0x0802DA8C,0x08005654,bl,0x0802DBC8,2
0x0802DCB4,0x080017E4,bl,0x0802E0AA,1
0x0802DCB4,0x08029B30,bl,0x0802E0C8,1
0x0802DCB4,0x080307A4,bl,0x0802E09C,1
0x0802DCB4,0x080307E8,bl,0x0802DF24,1
0x0802DCB4,0x08032288,bl,0x0802DF42,2
0x0802DCB4,0x08032338,bl,0x0802DF4A,2
0x0802DCB4,0x080CFDCC,bl,0x0802DDC0,13
0x0802DCB4,0x080CFDD4,bl,0x0802E386,1
0x0802E3AC,0x080017E4,bl,0x0802E7B2,1
0x0802E3AC,0x08025DC4,bl,0x0802EA98,1
0x0802E3AC,0x08026584,bl,0x0802EA6E,1
0x0802E3AC,0x080307A4,bl,0x0802E7A4,1
0x0802E3AC,0x080307E8,bl,0x0802E62A,1
0x0802E3AC,0x08032288,bl,0x0802E648,2
0x0802E3AC,0x08032338,bl,0x0802E650,2
0x0802E3AC,0x080CFDCC,bl,0x0802E450,17
0x0802E3AC,0x080CFDD4,bl,0x0802EAA2,1
0x0802EAC8,0x08005904,bl,0x0802EAD6,1
0x0802EB28,0x080CFDCC,bl,0x0802EB64,4
0x0802EBA4,0x080017E4,bl,0x0802EBC4,3
0x0802EC1C,0x08005904,bl,0x0802EC2A,1
0x0802EC7C,0x080CFDCC,bl,0x0802ECBE,7
0x0802ED20,0x080017E4,bl,0x0802ED40,3
0x0802ED94,0x08005904,bl,0x0802EDA2,1
0x0802EDE4,0x080031B8,bl,0x0802EE1C,2
0x0802EDE4,0x080CFDCC,bl,0x0802EE26,5
0x0802EDE4,0x080CFDD4,bl,0x0802EE6A,1
0x0802EE88,0x080017E4,bl,0x0802EED4,6
0x0802EF90,0x08005904,bl,0x0802EFA4,1
0x0802EFF8,0x080CFDCC,bl,0x0802F01C,4
0x0802F05C,0x08005904,bl,0x0802F070,1
0x0802F0CC,0x0802F110,bl,0x0802F104,1
0x0802F0CC,0x0802F1DC,bl,0x0802F0F2,1
0x0802F0CC,0x080CFDD4,bl,0x0802F108,1
0x0802F110,0x080CFDCC,bl,0x0802F124,13
0x0802F1DC,0x08006138,bl,0x0802F1EA,1
0x0802F1FC,0x08005904,bl,0x0802F210,1
0x0802F26C,0x0802F2B0,bl,0x0802F2A4,1
0x0802F26C,0x0802F2FC,bl,0x0802F292,1
0x0802F26C,0x080CFDD4,bl,0x0802F2A8,1
0x0802F2B0,0x080CFDCC,bl,0x0802F2C4,4
0x0802F2FC,0x08006138,bl,0x0802F30A,1
0x0802F31C,0x08005904,bl,0x0802F330,1
0x0802F38C,0x0802F3D0,bl,0x0802F3C4,1
0x0802F38C,0x0802F400,bl,0x0802F3B2,1
0x0802F38C,0x080CFDD4,bl,0x0802F3C8,1
0x0802F3D0,0x080CFDCC,bl,0x0802F3E4,2
0x0802F400,0x08006138,bl,0x0802F40E,1
0x0802F420,0x08005904,bl,0x0802F42E,1
0x0802F480,0x08006138,bl,0x0802F4AE,1
0x0802F480,0x080CFDCC,bl,0x0802F4AA,1
0x0802F4C8,0x08005904,bl,0x0802F4DC,1
0x0802F53C,0x08005904,bl,0x0802F552,1
0x0802F5B4,0x08005904,bl,0x0802F5CA,1
0x0802F62C,0x0802F684,bl,0x0802F678,1
0x0802F62C,0x0802F6C0,bl,0x0802F672,1
0x0802F62C,0x0802F6F4,bl,0x0802F656,1
0x0802F62C,0x080CFDD4,bl,0x0802F67C,1
0x0802F684,0x080CFDCC,bl,0x0802F69E,2
0x0802F6C0,0x080CFDCC,bl,0x0802F6DA,2
0x0802F6F4,0x08006138,bl,0x0802F708,1
0x0802F718,0x080306B4,bl,0x0802F75C,3
0x0802F7DC,0x08005904,bl,0x0802F7F0,1
0x0802F84C,0x080CFDCC,bl,0x0802F88A,4
0x0802F8C8,0x080017E4,bl,0x0802F8E8,3
0x0802F93C,0x080306B4,bl,0x0802F9A4,3
0x0802FA3C,0x08005904,bl,0x0802FA50,1
0x0802FAA8,0x080CFDCC,bl,0x0802FAF0,40
0x0802FD98,0x080306B4,bl,0x0802FDDE,1
0x0802FDF4,0x08005904,bl,0x0802FE08,1
0x0802FE64,0x08006138,bl,0x0802FE8C,1
0x0802FEA4,0x080306B4,bl,0x0802FEE2,3
0x0802FF70,0x080306B4,bl,0x0802FFB0,2
0x0802FFE8,0x08005904,bl,0x0802FFF6,1
0x08030034,0x08006138,bl,0x0803005C,1
0x08030074,0x08005904,bl,0x0803007E,1
0x080300C0,0x08006138,bl,0x080300E8,1
0x08030100,0x08008F10,bl,0x0803010E,1
0x08030100,0x08030140,bl,0x0803012A,1
0x08030140,0x08005904,bl,0x0803014E,1
0x080301A4,0x08006138,bl,0x080301CA,1
0x080301E8,0x08005904,bl,0x080301F6,1
0x08030238,0x08002E98,bl,0x08030244,1
0x08030254,0x080CFDCC,bl,0x08030274,5
0x08030254,0x080CFDD4,bl,0x080302B0,1
0x080302CC,0x08006138,bl,0x080303E8,1
0x080302CC,0x080062C4,bl,0x080302E8,1
0x080302CC,0x080CFDCC,bl,0x080302F2,18
0x08030404,0x080062C4,bl,0x0803041E,1
0x08030404,0x080CFDCC,bl,0x0803042E,12
0x08030404,0x080CFDD4,bl,0x080304CC,1
0x080304EC,0x080062C4,bl,0x08030508,1
0x080304EC,0x080CFDCC,bl,0x08030516,6
0x080304EC,0x080CFDD4,bl,0x08030560,1
0x08030580,0x080CFDCC,bl,0x080305A0,6
0x08030580,0x080CFDD4,bl,0x080305EA,1
0x08030604,0x080CFDCC,bl,0x08030624,9
0x08030604,0x080CFDD4,bl,0x08030698,1
0x080306B4,0x08001A94,bl,0x08030710,1
0x08030804,0x0803097C,bl,0x08030836,1
0x08030848,0x0803097C,bl,0x08030884,1
0x08030898,0x08030B14,bl,0x080308D4,1
0x080308E8,0x0803097C,bl,0x08030928,2
0x0803097C,0x0803111C,bl,0x08030AAC,1
0x0803097C,0x08031374,bl,0x08030AB4,1
0x08030B14,0x0803111C,bl,0x08030C2E,6
0x08030B14,0x08031374,bl,0x08030C36,6
0x08030DB8,0x08030E00,bl,0x08030DEE,1
0x08030E00,0x08030F1C,bl,0x08030EC0,2
0x08030E00,0x0803111C,bl,0x08030EEE,1
0x08030E00,0x08031374,bl,0x08030EF6,1
0x08030F78,0x08031AB8,bl,0x080310B8,1
0x0803111C,0x08031310,bl,0x08031240,4
0x08031374,0x080031B8,bl,0x080314B2,8
0x08031374,0x0800A04C,bl,0x08031508,5
0x08031374,0x080261C0,bl,0x080314AC,5
0x08031374,0x080261D4,bl,0x080316E4,1
0x08031374,0x080301E8,bl,0x080316A2,1
0x08031374,0x08031AB8,bl,0x08031728,1
0x08031374,0x08031EBC,bl,0x08031708,1
0x080318B4,0x0802B2F0,bl,0x080318B6,1
0x080318B4,0x08031994,bl,0x0803195C,1
0x080318B4,0x080319B0,bl,0x08031964,1
0x080318B4,0x080319D0,bl,0x0803193A,1
0x080318B4,0x08031B58,bl,0x0803192E,1
0x080318B4,0x08031D04,bl,0x08031942,1
0x080319D0,0x08031C38,bl,0x080319E2,2
0x080319D0,0x08031C7C,bl,0x080319E8,2
0x08031AB8,0x08031C38,bl,0x08031AC8,2
0x08031B58,0x08031C7C,bl,0x08031B6A,2
0x08031D04,0x0803111C,bl,0x08031D14,4
0x08031D04,0x08031374,bl,0x08031D1C,4
0x08031DE4,0x08026308,bl,0x08031EAA,1
0x08031DE4,0x0802B3E4,bl,0x08031DE6,1
0x08031DE4,0x08031994,bl,0x08031E80,1
0x08031DE4,0x080319B0,bl,0x08031E88,1
0x08031DE4,0x08031EBC,bl,0x08031E5A,1
0x08031DE4,0x08031F3C,bl,0x08031E60,1
0x08032338,0x080031B8,bl,0x080323E4,1
0x08032338,0x08032500,bl,0x080323F2,1
0x08032428,0x0802B368,bl,0x0803242A,1
0x08032428,0x080324E4,bl,0x080324B4,1
0x08032428,0x08032500,bl,0x0803248C,1
0x08032428,0x08032520,bl,0x08032484,2
0x08032428,0x080325B8,bl,0x0803249A,1
0x080325B8,0x08032288,bl,0x080325C2,4
0x080325B8,0x08032338,bl,0x080325CA,4
0x08032688,0x08002E98,bl,0x08032B96,2
0x08032688,0x08006138,bl,0x08032704,6
0x08032688,0x08009FCC,bl,0x08032980,2
0x08032688,0x0800A008,bl,0x08032952,2
0x08032688,0x08021C74,bl,0x08032AD2,1
0x08032688,0x080224B0,bl,0x08032AC8,1
0x08032688,0x080260B0,bl,0x08032A6A,1
0x08032688,0x08040808,bl,0x08032B76,1
0x08032688,0x08049738,bl,0x08032814,1
0x08032688,0x08049A58,bl,0x080328C6,1
0x08032688,0x0804FE68,bl,0x080329F6,1
0x08032688,0x0805AFAC,bl,0x080328C2,1
0x08032688,0x0805B278,bl,0x080329C4,1
0x08032688,0x0806EE30,bl,0x08032A78,1
0x08032688,0x08071CC0,bl,0x08032A74,1
0x08032688,0x08076318,bl,0x08032AA0,1
0x08032688,0x080B8EBC,bl,0x0803270E,1
0x08032688,0x080B9118,bl,0x08032700,1
0x08032688,0x080B9610,bl,0x080326DE,1
0x08032BD0,0x08002E98,bl,0x08032D0A,2
0x08032BD0,0x0803E1B8,bl,0x08032CB6,1
0x08032BD0,0x08049738,bl,0x08032CDA,1
0x08032D48,0x08002E98,bl,0x08032F7E,2
0x08032D48,0x08002EE8,bl,0x080330EE,1
0x08032D48,0x08009EE8,bl,0x08032E80,1
0x08032D48,0x0801A828,bl,0x08032F68,2
0x08032D48,0x0801BAA4,bl,0x08032E04,1
0x08032D48,0x08026264,bl,0x080332E6,1
0x08032D48,0x08030848,bl,0x08032DA8,2
0x08032D48,0x0803E080,bl,0x08032FDA,1
0x08032D48,0x0803E2D4,bl,0x08032FB2,1
0x08032D48,0x0803E5F8,bl,0x08033220,1
0x08032D48,0x0803FA74,bl,0x08032F1A,1
0x08032D48,0x0803FB54,bl,0x08032FC4,1
0x08032D48,0x0805AFAC,bl,0x08033042,3
0x08032D48,0x0805B088,bl,0x08033112,1
0x0803332C,0x08006148,bl,0x080333C0,1
0x0803332C,0x0803CBD8,bl,0x0803338A,1
0x0803332C,0x0803E650,bl,0x08033362,1
0x0803332C,0x08040514,bl,0x08033404,1
0x08033414,0x08003110,bl,0x08033542,1
0x08033414,0x080055B0,bl,0x0803361C,1
0x08033414,0x08006148,bl,0x080336C8,1
0x08033414,0x0803C9B4,bl,0x080336F2,2
0x08033414,0x0803CE98,bl,0x080336B0,1
0x08033414,0x0803E1B8,bl,0x0803352C,1
0x08033414,0x0803E3AC,bl,0x08033632,1
0x08033414,0x08040894,bl,0x08033554,1
0x08033414,0x08049A58,bl,0x0803373E,1
0x08033414,0x0805AFAC,bl,0x0803373A,1
0x0803380C,0x08006138,bl,0x08033A20,1
0x0803380C,0x08006338,bl,0x08033996,3
0x0803380C,0x0803CD60,bl,0x08033882,1
0x0803380C,0x0803E050,bl,0x08033838,1
0x0803380C,0x0803FD20,bl,0x08033894,3
0x0803380C,0x080CFDCC,bl,0x0803399C,8
0x08033A2C,0x08006148,bl,0x08033CBA,1
0x08033A2C,0x08006338,bl,0x08033C5E,1
0x08033A2C,0x08022624,bl,0x08033AB2,2
0x08033A2C,0x08022788,bl,0x08033B60,1
0x08033A2C,0x0803E414,bl,0x08033A42,1
0x08033A2C,0x0803E448,bl,0x08033A3A,1
0x08033A2C,0x0803FD20,bl,0x08033BDC,3
0x08033A2C,0x0803FDF4,bl,0x08033A46,1
0x08033A2C,0x0803FE68,bl,0x08033A50,1
0x08033A2C,0x0803FEC4,bl,0x08033CD8,1
0x08033A2C,0x0803FF7C,bl,0x08033CD0,1
0x08033A2C,0x0803FFE0,bl,0x08033CE0,1
0x08033A2C,0x080400C0,bl,0x08033CE8,1
0x08033A2C,0x08040298,bl,0x08033CC8,1
0x08033A2C,0x08040340,bl,0x08033A60,1
0x08033D0C,0x08006138,bl,0x0803426C,1
0x08033D0C,0x08006338,bl,0x08033DB2,10
0x08033D0C,0x0803CD60,bl,0x08033D62,1
0x08033D0C,0x0803FD20,bl,0x08033D72,1
0x08033D0C,0x08040B40,bl,0x08033D36,1
0x08033D0C,0x0805AFAC,bl,0x08034188,1
0x08033D0C,0x080CFDCC,bl,0x08033DBC,44
0x08034278,0x08006148,bl,0x0803437A,1
0x08034278,0x0803F8E8,bl,0x080342C8,1
0x08034278,0x0803FD20,bl,0x08034348,2
0x08034278,0x0803FD90,bl,0x0803427A,1
0x08034278,0x0803FDF4,bl,0x08034284,1
0x08034278,0x0803FE68,bl,0x08034388,1
0x08034278,0x0803FEC4,bl,0x080343A0,1
0x08034278,0x0803FF7C,bl,0x08034398,1
0x08034278,0x0803FFE0,bl,0x080343A8,1
0x08034278,0x080400C0,bl,0x08034290,1
0x08034278,0x08040298,bl,0x08034390,1
0x08034278,0x08040340,bl,0x0803429A,1
0x08034278,0x08040B40,bl,0x080343B6,1
0x080343C0,0x08006138,bl,0x08034690,1
0x080343C0,0x08006338,bl,0x080344A6,5
0x080343C0,0x0803CD60,bl,0x08034428,1
0x080343C0,0x0803E374,bl,0x0803443E,1
0x080343C0,0x0803FD20,bl,0x08034462,1
0x080343C0,0x08040B40,bl,0x080343EC,1
0x080343C0,0x0805AFAC,bl,0x08034452,2
0x080343C0,0x080CFDCC,bl,0x080344AC,10
0x0803469C,0x08006148,bl,0x08034830,1
0x0803469C,0x08022624,bl,0x080346FA,1
0x0803469C,0x0803F8E8,bl,0x0803471E,1
0x0803469C,0x0803FD20,bl,0x080347EC,2
0x0803469C,0x0803FD90,bl,0x08034768,1
0x0803469C,0x0803FDF4,bl,0x08034770,1
0x0803469C,0x0803FE68,bl,0x0803484A,1
0x0803469C,0x0803FEC4,bl,0x08034780,1
0x0803469C,0x0803FF7C,bl,0x0803485A,1
0x0803469C,0x0803FFE0,bl,0x08034788,1
0x0803469C,0x080400C0,bl,0x08034790,1
0x0803469C,0x08040298,bl,0x08034852,1
0x0803469C,0x08040340,bl,0x08034798,1
0x0803469C,0x08040B40,bl,0x08034866,1
0x08034874,0x08006138,bl,0x080349A8,1
0x08034874,0x08006338,bl,0x0803497E,2
0x08034874,0x0803E34C,bl,0x080348B0,1
0x08034874,0x08040B40,bl,0x08034894,1
0x08034874,0x0805AFAC,bl,0x080348C4,1
0x08034874,0x080CFDCC,bl,0x08034984,2
0x080349B4,0x0803F8E8,bl,0x08034A54,1
0x080349B4,0x0803FDF4,bl,0x080349B6,1
0x080349B4,0x0803FE68,bl,0x080349BE,1
0x080349B4,0x080400C0,bl,0x08034A70,1
0x080349B4,0x08040340,bl,0x08034A78,1
0x08034A88,0x08006138,bl,0x08034B10,2
0x08034A88,0x08006338,bl,0x08034AFE,3
0x08034A88,0x0803CD60,bl,0x08034AE8,1
0x08034A88,0x0803E34C,bl,0x08034ADC,1
0x08034A88,0x080413A4,bl,0x08034AC6,1
0x08034A88,0x080CFDCC,bl,0x08034B04,3
0x08034BEC,0x08006148,bl,0x08034CFA,1
0x08034BEC,0x0803E050,bl,0x08034C3E,2
0x08034BEC,0x0803E4EC,bl,0x08034C22,1
0x08034BEC,0x0803F870,bl,0x08034BEE,1
0x08034BEC,0x0803F8E8,bl,0x08034C1C,3
0x08034BEC,0x0803F9E8,bl,0x08034D2A,1
0x08034BEC,0x0803FF7C,bl,0x08034BF2,1
0x08034BEC,0x080400C0,bl,0x08034BFC,1
0x08034BEC,0x08040298,bl,0x08034D18,1
0x08034BEC,0x08040340,bl,0x08034D10,1
0x08034BEC,0x0804042C,bl,0x08034C26,1
0x08034BEC,0x08040B40,bl,0x08034D26,1
0x08034BEC,0x080413A4,bl,0x08034C90,2
0x08034D34,0x08006138,bl,0x08034E52,1
0x08034D34,0x08006338,bl,0x08034E26,2
0x08034D34,0x0803E34C,bl,0x08034D7A,1
0x08034D34,0x080413A4,bl,0x08034D66,1
0x08034D34,0x080CFDCC,bl,0x08034E2C,2
0x08034E60,0x08006148,bl,0x08034F20,1
0x08034E60,0x0803E050,bl,0x08034E86,2
0x08034E60,0x0803E4EC,bl,0x08034F52,1
0x08034E60,0x0803F870,bl,0x08034E62,1
0x08034E60,0x0803F8E8,bl,0x08034E80,3
0x08034E60,0x0803F9E8,bl,0x08034F62,1
0x08034E60,0x080400C0,bl,0x08034E66,1
0x08034E60,0x08040340,bl,0x08034E6E,1
0x08034E60,0x0804042C,bl,0x08034F56,1
0x08034E60,0x08040B40,bl,0x08034F5E,1
0x08034E60,0x080413A4,bl,0x08034EC2,2
0x08034F70,0x08034F8C,bl,0x08034F7E,1
0x08034F8C,0x08006338,bl,0x08035020,12
0x08034F8C,0x0803CCD8,bl,0x08035260,20
0x08034F8C,0x0803CD60,bl,0x08034FF4,1
0x08034F8C,0x080413A4,bl,0x08034FAE,1
0x08034F8C,0x080CFDCC,bl,0x08035026,32
0x08035458,0x08006148,bl,0x08035508,1
0x08035458,0x0803E050,bl,0x0803555A,1
0x08035458,0x0803E4EC,bl,0x0803548E,2
0x08035458,0x0803F870,bl,0x0803545A,1
0x08035458,0x0803F8E8,bl,0x08035488,2
0x08035458,0x0803F9C0,bl,0x080355C8,1
0x08035458,0x0803FF7C,bl,0x08035468,1
0x08035458,0x0803FFE0,bl,0x08035588,1
0x08035458,0x080400C0,bl,0x08035598,1
0x08035458,0x08040264,bl,0x0803545E,1
0x08035458,0x08040298,bl,0x08035580,1
0x08035458,0x08040340,bl,0x080355A0,1
0x08035458,0x0804042C,bl,0x08035492,1
0x08035458,0x08040B40,bl,0x080355AE,1
0x080355D8,0x08006138,bl,0x08035718,2
0x080355D8,0x08006338,bl,0x080356EE,6
0x080355D8,0x080413A4,bl,0x080356E6,2
0x080355D8,0x0805AFAC,bl,0x08035794,1
0x080355D8,0x080CFDCC,bl,0x080356F4,14
0x08035848,0x08006148,bl,0x08035930,2
0x08035848,0x0801A828,bl,0x0803598A,1
0x08035848,0x0803E34C,bl,0x080358E6,1
0x08035848,0x0803E4EC,bl,0x080359B4,1
0x08035848,0x0803F870,bl,0x080358A0,1
0x08035848,0x0803F8E8,bl,0x080358D2,3
0x08035848,0x0803F9C0,bl,0x080359E4,1
0x08035848,0x0803FA44,bl,0x080358CA,1
0x08035848,0x0803FF7C,bl,0x0803584A,1
0x08035848,0x0803FFE0,bl,0x08035862,1
0x08035848,0x080400C0,bl,0x08035872,1
0x08035848,0x08040264,bl,0x0803585A,1
0x08035848,0x08040298,bl,0x08035852,1
0x08035848,0x08040340,bl,0x0803587A,1
0x08035848,0x0804042C,bl,0x080359B8,1
0x08035848,0x08040B40,bl,0x080358A8,1
0x080359F8,0x08006138,bl,0x080360CE,1
0x080359F8,0x08006338,bl,0x08035AA2,19
0x080359F8,0x0803E34C,bl,0x08035A86,4
0x080359F8,0x08040298,bl,0x08036074,1
0x080359F8,0x080413A4,bl,0x08036004,5
0x080359F8,0x08053940,bl,0x08035FF6,1
0x080359F8,0x080CFDCC,bl,0x08035AA8,44
0x08036280,0x08006148,bl,0x08036448,2
0x08036280,0x0803E050,bl,0x0803633E,8
0x08036280,0x0803E4EC,bl,0x080365E4,2
0x08036280,0x0803F870,bl,0x080362B0,1
0x08036280,0x0803F9C0,bl,0x08036374,4
0x08036280,0x0803F9E8,bl,0x080365EE,2
0x08036280,0x0803FA44,bl,0x080365EA,2
0x08036280,0x08040298,bl,0x080362F0,4
0x08036280,0x08040340,bl,0x0803628E,1
0x08036280,0x0804042C,bl,0x08036668,1
0x08036280,0x08040B40,bl,0x08036370,6
0x08036280,0x080413A4,bl,0x0803631C,7
0x080366C4,0x08006138,bl,0x0803687A,1
0x080366C4,0x08006338,bl,0x080367EE,3
0x080366C4,0x0803FD20,bl,0x0803671C,2
0x080366C4,0x08040B40,bl,0x08036708,1
0x080366C4,0x080CFDCC,bl,0x080367F4,4
0x08036888,0x08006148,bl,0x08036958,2
0x08036888,0x0803E050,bl,0x08036994,1
0x08036888,0x0803E448,bl,0x08036894,1
0x08036888,0x0803FE68,bl,0x08036898,1
0x08036888,0x08040340,bl,0x080368A0,1
0x08036888,0x0804042C,bl,0x080368E2,1
0x080369B0,0x08006138,bl,0x08036AEA,2
0x080369B0,0x08006338,bl,0x08036AE6,4
0x080369B0,0x0803E374,bl,0x080369FC,1
0x080369B0,0x08040B40,bl,0x08036A0E,1
0x080369B0,0x0805AFAC,bl,0x08036A22,1
0x080369B0,0x080CFDCC,bl,0x08036AFE,4
0x08036B9C,0x08006148,bl,0x08036BE4,1
0x08036B9C,0x0801A828,bl,0x08036C12,1
0x08036B9C,0x0803E050,bl,0x08036C72,1
0x08036B9C,0x0803F8E8,bl,0x08036C6C,1
0x08036B9C,0x0803FE68,bl,0x08036B9E,1
0x08036B9C,0x08040340,bl,0x08036C3A,1
0x08036B9C,0x08040B40,bl,0x08036C34,2
0x08036C94,0x08006138,bl,0x0803719C,1
0x08036C94,0x0803E050,bl,0x08036CCA,2
0x08036C94,0x0803E34C,bl,0x08036EC4,3
0x08036C94,0x080CFDCC,bl,0x08036F12,5
0x080371F0,0x08006148,bl,0x0803721C,3
0x080371F0,0x0803E050,bl,0x0803757C,1
0x080371F0,0x0803E34C,bl,0x080372F8,1
0x080371F0,0x08040340,bl,0x080371F2,1
0x080371F0,0x0804042C,bl,0x08037580,1
0x080375E0,0x08006138,bl,0x08037906,1
0x080375E0,0x08006338,bl,0x08037724,4
0x080375E0,0x0803E34C,bl,0x08037874,1
0x080375E0,0x0803E374,bl,0x0803774C,1
0x080375E0,0x0803E3AC,bl,0x0803783A,1
0x080375E0,0x0803E650,bl,0x080378BE,1
0x080375E0,0x08049738,bl,0x08037716,1
0x080375E0,0x0805AFAC,bl,0x08037760,3
0x080375E0,0x080CFDCC,bl,0x0803772A,8
0x08037914,0x08006148,bl,0x080379C4,1
0x08037914,0x0801A828,bl,0x08037A6C,2
0x08037914,0x08030898,bl,0x080379F8,1
0x08037914,0x0803E4A8,bl,0x08037922,2
0x08037914,0x0803E4EC,bl,0x08037B94,1
0x08037914,0x0803E650,bl,0x08037AEC,1
0x08037914,0x0803F9C0,bl,0x08037BC6,1
0x08037914,0x08040B40,bl,0x08037B5C,4
0x08037914,0x080413A4,bl,0x08037BAA,2
0x08037914,0x08065100,bl,0x08037A2A,1
0x08037BD4,0x08006138,bl,0x08037CB8,1
0x08037BD4,0x08006338,bl,0x08037C06,1
0x08037BD4,0x0803E650,bl,0x08037C00,1
0x08037BD4,0x08053940,bl,0x08037C3E,2
0x08037BD4,0x0805AFAC,bl,0x08037C76,2
0x08037BD4,0x080CFDCC,bl,0x08037C0C,4
0x08037CC8,0x0803E4A8,bl,0x08037CE2,1
0x08037CC8,0x0803E4EC,bl,0x08037D26,1
0x08037CC8,0x0803F9C0,bl,0x08037D58,1
0x08037CC8,0x0804042C,bl,0x08037CD4,1
0x08037CC8,0x08040B40,bl,0x08037D10,4
0x08037CC8,0x080413A4,bl,0x08037D3C,2
0x08037D64,0x08006138,bl,0x08037E18,1
0x08037D64,0x08006338,bl,0x08037D90,1
0x08037D64,0x0803E34C,bl,0x08037DAA,1
0x08037D64,0x080CFDCC,bl,0x08037D96,8
0x08037E28,0x0803E4EC,bl,0x08037E9A,1
0x08037E28,0x0803F9C0,bl,0x08037ECC,1
0x08037E28,0x0804042C,bl,0x08037E50,1
0x08037E28,0x08040B40,bl,0x08037E7E,4
0x08037E28,0x080413A4,bl,0x08037EB0,2
0x08037F2A,0x08006338,bl,0x08038106,42
0x08037F2A,0x0800634C,bl,0x08038382,1
0x08037F2A,0x08006364,bl,0x0803836E,1
0x08037F2A,0x0800A008,bl,0x08037FCE,2
0x08037F2A,0x0800A130,bl,0x0803805E,1
0x08037F2A,0x080261D4,bl,0x0803807A,1
0x08037F2A,0x08038FD8,bl,0x08037F38,1
0x08037F2A,0x0803E050,bl,0x080380A6,3
0x08037F2A,0x0803E34C,bl,0x080380C4,12
0x08037F2A,0x08040B40,bl,0x080380EC,24
0x08037F2A,0x080413A4,bl,0x080384F2,11
0x08037F2A,0x0805AFAC,bl,0x08038546,13
0x08037F2A,0x08064EB8,bl,0x0803802A,1
0x08037F2A,0x080CFDCC,bl,0x0803810C,105
0x08038FD8,0x08006138,bl,0x08038FD8,1
0x08038FE8,0x08006148,bl,0x08039144,2
0x08038FE8,0x0803E050,bl,0x080390D2,3
0x08038FE8,0x0803F9C0,bl,0x08039190,1
0x08038FE8,0x0803FA44,bl,0x0803905C,1
0x08038FE8,0x08040710,bl,0x0803918C,1
0x08038FE8,0x08040B40,bl,0x0803914C,1
0x08038FE8,0x080413A4,bl,0x0803904E,2
0x0803919C,0x08003110,bl,0x08039544,1
0x0803919C,0x080031B8,bl,0x080394D4,2
0x0803919C,0x08003484,bl,0x080392C6,2
0x0803919C,0x08003688,bl,0x080392CA,4
0x0803919C,0x080055B0,bl,0x080393AE,2
0x0803919C,0x08006138,bl,0x08039692,1
0x0803919C,0x0800A008,bl,0x08039264,1
0x0803919C,0x080261D4,bl,0x08039426,2
0x0803919C,0x080271EC,bl,0x080393C0,2
0x0803919C,0x08027204,bl,0x08039350,3
0x0803919C,0x08027548,bl,0x080391FE,1
0x0803919C,0x080276AC,bl,0x08039274,1
0x0803919C,0x080276CC,bl,0x08039648,1
0x0803919C,0x0803E050,bl,0x08039248,1
0x0803919C,0x0803E1B8,bl,0x08039242,1
0x0803919C,0x0803E34C,bl,0x080394F2,1
0x0803919C,0x0803E3E4,bl,0x0803934A,1
0x0803919C,0x0803E868,bl,0x08039314,1
0x0803919C,0x08040934,bl,0x08039408,2
0x0803919C,0x080413A4,bl,0x08039562,1
0x0803919C,0x0805AFAC,bl,0x08039530,1
0x0803919C,0x0805B088,bl,0x0803958E,2
0x0803919C,0x080CFDCC,bl,0x080394C6,5
0x0803919C,0x080CFDD4,bl,0x08039638,1
0x080396A4,0x08006148,bl,0x080396F8,1
0x080396A4,0x0803E050,bl,0x08039772,1
0x080396A4,0x0803E080,bl,0x080397C4,1
0x080396A4,0x0805AFAC,bl,0x080397A4,1
0x080396A4,0x080B9118,bl,0x0803970C,1
0x080397F8,0x080031B8,bl,0x08039A82,1
0x080397F8,0x080035F4,bl,0x080398B4,1
0x080397F8,0x08003688,bl,0x080398D8,1
0x080397F8,0x080055B0,bl,0x0803989E,1
0x080397F8,0x08006138,bl,0x08039C14,1
0x080397F8,0x08006338,bl,0x08039924,8
0x080397F8,0x08025024,bl,0x08039A66,1
0x080397F8,0x080261D4,bl,0x0803983C,1
0x080397F8,0x080264B0,bl,0x08039A74,1
0x080397F8,0x0803E050,bl,0x08039822,1
0x080397F8,0x0803E3E4,bl,0x0803984E,1
0x080397F8,0x08053940,bl,0x08039906,5
0x080397F8,0x0805AFAC,bl,0x080399CA,2
0x080397F8,0x080CFDCC,bl,0x0803992A,21
0x08039C24,0x080017E4,bl,0x0803A1DA,2
0x08039C24,0x080031B8,bl,0x0803A486,1
0x08039C24,0x080055B0,bl,0x08039C8E,5
0x08039C24,0x08006338,bl,0x08039DCE,7
0x08039C24,0x08021C74,bl,0x08039C58,1
0x08039C24,0x080224B0,bl,0x08039C4E,1
0x08039C24,0x080261D4,bl,0x0803A452,1
0x08039C24,0x080264B0,bl,0x08039CE6,1
0x08039C24,0x0802651C,bl,0x08039F84,2
0x08039C24,0x0802653C,bl,0x0803A44A,1
0x08039C24,0x08026584,bl,0x08039FC4,2
0x08039C24,0x08026704,bl,0x0803A700,1
0x08039C24,0x0802672C,bl,0x0803A5C4,1
0x08039C24,0x08027850,bl,0x0803A1E2,1
0x08039C24,0x08027908,bl,0x0803A712,1
0x08039C24,0x08027A30,bl,0x0803A9B6,1
0x08039C24,0x08027A60,bl,0x0803A9BE,1
0x08039C24,0x0803AA14,bl,0x08039FC0,3
0x08039C24,0x0803CD60,bl,0x0803A9A0,1
0x08039C24,0x0803E050,bl,0x08039FB2,4
0x08039C24,0x0803E650,bl,0x0803A480,1
0x08039C24,0x0803F6E0,bl,0x08039C64,1
0x08039C24,0x08040808,bl,0x08039FD4,2
0x08039C24,0x08040B40,bl,0x08039EE2,11
0x08039C24,0x080413A4,bl,0x0803A35E,4
0x08039C24,0x08049738,bl,0x0803AA10,1
0x08039C24,0x08049A58,bl,0x0803A85C,1
0x08039C24,0x0805AFAC,bl,0x0803A466,2
0x08039C24,0x080CFA70,bl,0x0803A1CC,1
0x08039C24,0x080CFDCC,bl,0x08039CD2,66
0x0803AA14,0x08006138,bl,0x0803AA1E,1
0x0803AA40,0x0804042C,bl,0x0803AA4C,1
0x0803AA64,0x08006138,bl,0x0803AE06,2
0x0803AA64,0x08006338,bl,0x0803AADE,8
0x0803AA64,0x0803E34C,bl,0x0803AB56,4
0x0803AA64,0x0803E4A8,bl,0x0803AAD4,2
0x0803AA64,0x08040B40,bl,0x0803AC7C,4
0x0803AA64,0x080413A4,bl,0x0803AC74,7
0x0803AA64,0x080CFDCC,bl,0x0803AAE6,30
0x0803AFCC,0x08006148,bl,0x0803B1AA,3
0x0803AFCC,0x0803E4EC,bl,0x0803B3B0,1
0x0803AFCC,0x0803F870,bl,0x0803AFD8,1
0x0803AFCC,0x0803F9C0,bl,0x0803B39A,1
0x0803AFCC,0x080400C0,bl,0x0803B2E0,1
0x0803AFCC,0x08040298,bl,0x0803B2E8,1
0x0803AFCC,0x08040340,bl,0x0803AFCE,1
0x0803AFCC,0x08040B40,bl,0x0803B098,4
0x0803AFCC,0x080413A4,bl,0x0803B03E,6
0x0803B3C4,0x08006138,bl,0x0803B46C,1
0x0803B3C4,0x08006338,bl,0x0803B468,1
0x0803B3C4,0x0803E050,bl,0x0803B3F0,1
0x0803B47C,0x0803F870,bl,0x0803B47E,1
0x0803B47C,0x0803FEC4,bl,0x0803B4DC,1
0x0803B47C,0x080400C0,bl,0x0803B4E4,1
0x0803B47C,0x08040298,bl,0x0803B482,1
0x0803B47C,0x08040340,bl,0x0803B4EC,1
0x0803B47C,0x080403E4,bl,0x0803B48A,1
0x0803B4F8,0x08006338,bl,0x0803B55C,4
0x0803B4F8,0x08040B40,bl,0x0803B542,1
0x0803B4F8,0x080CFDCC,bl,0x0803B562,13
0x0803B6EC,0x0803F870,bl,0x0803B6EE,1
0x0803B6EC,0x0803FEC4,bl,0x0803B744,1
0x0803B6EC,0x080400C0,bl,0x0803B74C,1
0x0803B6EC,0x08040298,bl,0x0803B6F2,1
0x0803B6EC,0x08040340,bl,0x0803B754,1
0x0803B6EC,0x080403E4,bl,0x0803B6FA,1
0x0803B6EC,0x08040B40,bl,0x0803B760,1
0x0803B768,0x08006138,bl,0x0803B818,1
0x0803B768,0x08006338,bl,0x0803B794,3
0x0803B768,0x0803E34C,bl,0x0803B7AE,1
0x0803B768,0x080CFDCC,bl,0x0803B79A,8
0x0803B87C,0x08006138,bl,0x0803B904,1
0x0803B87C,0x08006338,bl,0x0803B8A8,1
0x0803B87C,0x08053940,bl,0x0803B8D6,2
0x0803B87C,0x080CFDCC,bl,0x0803B8AE,3
0x0803B914,0x0803E4EC,bl,0x0803B980,1
0x0803B914,0x0803F9C0,bl,0x0803B994,1
0x0803B914,0x08040B40,bl,0x0803B97A,2
0x0803B914,0x080413A4,bl,0x0803B988,1
0x0803B9A0,0x08006138,bl,0x0803BBE4,1
0x0803B9A0,0x080061C0,bl,0x0803BA56,1
0x0803B9A0,0x08006338,bl,0x0803BACA,5
0x0803B9A0,0x080413A4,bl,0x0803BA7A,1
0x0803B9A0,0x08053940,bl,0x0803BAC4,4
0x0803B9A0,0x080CFDCC,bl,0x0803BAD0,10
0x0803BBF0,0x08006148,bl,0x0803BC32,2
0x0803BBF0,0x0803E4EC,bl,0x0803BD68,1
0x0803BBF0,0x0803F9C0,bl,0x0803BD84,1
0x0803BBF0,0x080403E4,bl,0x0803BCD2,1
0x0803BBF0,0x08040B40,bl,0x0803BD70,2
0x0803BBF0,0x080413A4,bl,0x0803BD80,1
0x0803BD90,0x08006138,bl,0x0803BDC4,1
0x0803BD90,0x08040B40,bl,0x0803BDB4,1
0x0803BD90,0x080413A4,bl,0x0803BDBA,1
0x0803BDE8,0x080031B8,bl,0x0803C2B0,6
0x0803BDE8,0x080055B0,bl,0x0803BE5A,4
0x0803BDE8,0x08006138,bl,0x0803BF5E,3
0x0803BDE8,0x08006338,bl,0x0803BF5A,23
0x0803BDE8,0x0803E050,bl,0x0803C07A,1
0x0803BDE8,0x0803E34C,bl,0x0803BE34,1
0x0803BDE8,0x0803E3E4,bl,0x0803C048,2
0x0803BDE8,0x080B4204,bl,0x0803C2B8,6
0x0803BDE8,0x080CFDCC,bl,0x0803BF72,39
0x0803C990,0x08040710,bl,0x0803C9A2,1
0x0803C9B4,0x08001A94,bl,0x0803CBA2,1
0x0803C9B4,0x08002EE8,bl,0x0803CA42,1
0x0803CBD8,0x080055B0,bl,0x0803CC42,2
0x0803CCD8,0x0800622C,bl,0x0803CD0A,1
0x0803CD60,0x08006338,bl,0x0803CDCC,4
0x0803CD60,0x0803E34C,bl,0x0803CE1E,3
0x0803CD60,0x0805AFAC,bl,0x0803CDB6,1
0x0803CD60,0x080CFDCC,bl,0x0803CDD2,4
0x0803CE98,0x08001A94,bl,0x0803CFE2,1
0x0803CE98,0x0803D010,bl,0x0803CF8A,1
0x0803D034,0x080058E4,bl,0x0803D03C,1
0x0803D034,0x08009FCC,bl,0x0803D084,1
0x0803D494,0x0803D3D4,bl,0x0803D4A4,2
0x0803D55C,0x080017E4,bl,0x0803D5BA,6
0x0803D710,0x080017E4,bl,0x0803D74C,3
0x0803D710,0x0803D7C4,bl,0x0803D7A8,1
0x0803D710,0x0803DB74,bl,0x0803D7AC,1
0x0803D7C4,0x080017E4,bl,0x0803D80E,1
0x0803D7C4,0x0803D870,bl,0x0803D7D8,1
0x0803D824,0x080017E4,bl,0x0803D856,1
0x0803D824,0x0803D870,bl,0x0803D826,1
0x0803D870,0x080B6B36,bl,0x0803DB34,1
0x0803DB74,0x080017E4,bl,0x0803DD0A,3
0x0803DB74,0x08003014,bl,0x0803DC76,1
0x0803DDC0,0x08001A94,bl,0x0803DF60,3
0x0803DDC0,0x08033414,bl,0x0803DDDC,1
0x0803DDC0,0x0803D55C,bl,0x0803DEE2,1
0x0803DDC0,0x0803D710,bl,0x0803DE3C,1
0x0803DDC0,0x0803D7C4,bl,0x0803DF00,1
0x0803DDC0,0x0803D824,bl,0x0803DF1C,1
0x0803DDC0,0x0803DB74,bl,0x0803DF20,1
0x0803DDC0,0x08040A44,bl,0x0803DF3C,1
0x0803DFC8,0x08001A94,bl,0x0803E036,1
0x0803DFC8,0x0803D55C,bl,0x0803DFFC,1
0x0803E080,0x080017E4,bl,0x0803E0FC,2
0x0803E080,0x0803E8EC,bl,0x0803E1A4,1
0x0803E1F4,0x0803E28C,bl,0x0803E1FE,5
0x0803E2D4,0x0803E7D8,bl,0x0803E33C,1
0x0803E34C,0x080031B8,bl,0x0803E36A,1
0x0803E374,0x080031B8,bl,0x0803E392,1
0x0803E3AC,0x080034F0,bl,0x0803E3C8,1
0x0803E3E4,0x0800652C,bl,0x0803E3F0,1
0x0803E3E4,0x0800663C,bl,0x0803E3FA,1
0x0803E3E4,0x080271EC,bl,0x0803E3FE,1
0x0803E3E4,0x08027210,bl,0x0803E408,1
0x0803E4A8,0x080413A4,bl,0x0803E4C8,2
0x0803E4EC,0x0803E050,bl,0x0803E544,1
0x0803E4EC,0x0803E34C,bl,0x0803E51A,1
0x0803E4EC,0x0803FA44,bl,0x0803E4F0,1
0x0803E4EC,0x0805AFAC,bl,0x0803E53E,1
0x0803E55C,0x0803E4EC,bl,0x0803E57E,1
0x0803E55C,0x0803F9C0,bl,0x0803E55E,1
0x0803E55C,0x08040B40,bl,0x0803E586,2
0x0803E55C,0x080413A4,bl,0x0803E592,1
0x0803E68C,0x0803E050,bl,0x0803E7C6,1
0x0803E7D8,0x080270D0,bl,0x0803E81A,2
0x0803E868,0x080270D0,bl,0x0803E8B6,1
0x0803E8EC,0x080017E4,bl,0x0803E9AE,4
0x0803E8EC,0x0803D710,bl,0x0803EA2C,2
0x0803E8EC,0x0805B088,bl,0x0803E9E0,1
0x0803EAF8,0x0803F41A,bl,0x0803EB62,2
0x0803EAF8,0x0803F494,bl,0x0803EB94,2
0x0803EAF8,0x0803F5C4,bl,0x0803EB1C,5
0x0803F5FC,0x08005654,bl,0x0803F64E,3
0x0803F6E0,0x08002EE8,bl,0x0803F730,1
0x0803F834,0x080CFA58,bl,0x0803F844,1
0x0803F870,0x0803E414,bl,0x0803F87A,1
0x0803F870,0x0803E448,bl,0x0803F872,1
0x0803F9C0,0x0803F9E8,bl,0x0803F9D8,1
0x0803F9E8,0x0803E050,bl,0x0803FA2A,1
0x0803FA44,0x0803E050,bl,0x0803FA60,1
0x0803FA74,0x08009EE8,bl,0x0803FB28,1
0x0803FA74,0x08022760,bl,0x0803FA9C,1
0x08040298,0x08024E40,bl,0x080402EA,1
0x08040298,0x0803E1B8,bl,0x08040312,1
0x08040340,0x0800A008,bl,0x080403BE,1
0x08040340,0x0803E34C,bl,0x080403AA,1
0x08040340,0x08064EB8,bl,0x08040396,1
0x08040808,0x0805B088,bl,0x08040824,1
0x08040934,0x08005654,bl,0x08040960,2
0x08040934,0x080409B8,bl,0x080409A0,1
0x080409B8,0x0805AFAC,bl,0x080409DA,1
0x08040A44,0x08001A94,bl,0x08040B22,1
0x08040B40,0x080061C0,bl,0x08040BE4,22
0x08040B40,0x0803E050,bl,0x0804129A,2
0x08040B40,0x08040B40,bl,0x08040D50,1
0x08040B40,0x0804139E,bl,0x08040B5C,1
0x08041438,0x08006138,bl,0x080414D2,1
0x08041438,0x08006338,bl,0x080414CE,1
0x08041438,0x0803CD60,bl,0x080414AE,1
0x08041438,0x0803E050,bl,0x08041464,1
0x08041438,0x0803FD20,bl,0x080414C2,1
0x080414E8,0x08006338,bl,0x0804153E,1
0x080414E8,0x0803CD60,bl,0x08041538,1
0x080414E8,0x08040B40,bl,0x0804150C,1
0x080414E8,0x080CFDCC,bl,0x08041548,8
0x080415C8,0x0803F8E8,bl,0x08041600,1
0x080415C8,0x0803FD90,bl,0x080415CA,1
0x080415C8,0x0803FDF4,bl,0x080415D2,1
0x080415C8,0x0803FE68,bl,0x08041668,1
0x080415C8,0x0803FEC4,bl,0x08041680,1
0x080415C8,0x0803FF7C,bl,0x08041678,1
0x080415C8,0x080400C0,bl,0x08041688,1
0x080415C8,0x08040298,bl,0x08041670,1
0x080415C8,0x08040B40,bl,0x08041694,1
0x080416A0,0x08006338,bl,0x08041736,1
0x080416A0,0x0803CD60,bl,0x08041704,1
0x080416A0,0x0803E374,bl,0x0804171A,1
0x080416A0,0x08040B40,bl,0x080416C8,1
0x080416A0,0x0805AFAC,bl,0x0804172E,1
0x080416A0,0x080CFDCC,bl,0x0804173C,2
0x08041778,0x08022624,bl,0x080417D6,1
0x08041778,0x0803F8E8,bl,0x08041886,1
0x08041778,0x0803FD90,bl,0x0804182E,1
0x08041778,0x0803FDF4,bl,0x08041836,1
0x08041778,0x0803FE68,bl,0x080418B2,1
0x08041778,0x0803FEC4,bl,0x08041844,1
0x08041778,0x0803FF7C,bl,0x080418C2,1
0x08041778,0x080400C0,bl,0x0804184C,1
0x08041778,0x08040298,bl,0x080418BA,1
0x08041778,0x08040B40,bl,0x080418CE,1
0x080418DC,0x080031B8,bl,0x0804190E,1
0x080418DC,0x08006138,bl,0x0804192C,1
0x080418DC,0x08006338,bl,0x08041928,1
0x080418DC,0x08040B40,bl,0x080418FC,1
0x080418DC,0x0805AFAC,bl,0x08041922,1
0x08041940,0x080031B8,bl,0x080419A6,1
0x08041940,0x08006138,bl,0x08041A10,1
0x08041940,0x08006338,bl,0x08041988,3
0x08041940,0x0803CD60,bl,0x080419BE,1
0x08041940,0x080413A4,bl,0x0804199E,1
0x08041940,0x080CFDCC,bl,0x0804198E,4
0x08041A2C,0x08006148,bl,0x08041B52,1
0x08041A2C,0x0803E050,bl,0x08041A8A,1
0x08041A2C,0x0803E4EC,bl,0x08041A6E,1
0x08041A2C,0x0803F870,bl,0x08041A2E,1
0x08041A2C,0x0803F8E8,bl,0x08041A68,3
0x08041A2C,0x0803F9E8,bl,0x08041B82,1
0x08041A2C,0x0803FF7C,bl,0x08041A3C,1
0x08041A2C,0x080400C0,bl,0x08041B68,1
0x08041A2C,0x08040264,bl,0x08041A32,1
0x08041A2C,0x08040298,bl,0x08041B70,1
0x08041A2C,0x0804042C,bl,0x08041A72,1
0x08041A2C,0x08040B40,bl,0x08041B7E,1
0x08041A2C,0x080413A4,bl,0x08041AD2,2
0x08041B8C,0x080031B8,bl,0x08041BC0,1
0x08041B8C,0x08006138,bl,0x08041BDC,1
0x08041B8C,0x08006338,bl,0x08041BD8,1
0x08041B8C,0x080413A4,bl,0x08041BB8,1
0x08041BF0,0x08006138,bl,0x08041C1E,1
0x08041BF0,0x08006338,bl,0x08041C1A,1
0x08041BF0,0x0803CD60,bl,0x08041C14,1
0x08041BF0,0x080413A4,bl,0x08041C10,1
0x08041C30,0x08006148,bl,0x08041CC2,1
0x08041C30,0x0803E4EC,bl,0x08041C62,2
0x08041C30,0x0803F870,bl,0x08041C32,1
0x08041C30,0x0803F8E8,bl,0x08041C5C,2
0x08041C30,0x0803F9C0,bl,0x08041D06,1
0x08041C30,0x0803FF7C,bl,0x08041C3E,1
0x08041C30,0x080400C0,bl,0x08041CE0,1
0x08041C30,0x08040264,bl,0x08041C36,1
0x08041C30,0x08040298,bl,0x08041CD8,1
0x08041C30,0x0804042C,bl,0x08041C66,1
0x08041C30,0x08040B40,bl,0x08041CEC,1
0x08041D14,0x080031B8,bl,0x08041D50,1
0x08041D14,0x08006138,bl,0x08041DAC,1
0x08041D14,0x08006338,bl,0x08041D56,2
0x08041D14,0x080413A4,bl,0x08041D4A,1
0x08041D14,0x080CFDCC,bl,0x08041D5C,6
0x08041DC8,0x08006148,bl,0x08041E3C,1
0x08041DC8,0x0803E4EC,bl,0x08041E02,1
0x08041DC8,0x0803F870,bl,0x08041DCA,1
0x08041DC8,0x0803F8E8,bl,0x08041DFC,1
0x08041DC8,0x0803F9E8,bl,0x08041E80,1
0x08041DC8,0x0803FF7C,bl,0x08041DCE,1
0x08041DC8,0x080400C0,bl,0x08041DD6,1
0x08041DC8,0x08040298,bl,0x08041E6E,1
0x08041DC8,0x0804042C,bl,0x08041E06,1
0x08041DC8,0x08040B40,bl,0x08041E7C,1
0x08041DC8,0x080413A4,bl,0x08041E5E,1
0x08041E8C,0x08006138,bl,0x08041EF4,1
0x08041E8C,0x08006338,bl,0x08041EF0,1
0x08041E8C,0x0803FD20,bl,0x08041EE4,1
0x08041E8C,0x08040B40,bl,0x08041ECE,1
0x08041F10,0x08006138,bl,0x08042044,1
0x08041F10,0x08006338,bl,0x08041F70,2
0x08041F10,0x0803E050,bl,0x08041F7C,1
0x08041F10,0x0803E374,bl,0x08041FC8,1
0x08041F10,0x08040B40,bl,0x08041F6A,2
0x08041F10,0x0805AFAC,bl,0x08041FDC,1
0x08041F10,0x080CFDCC,bl,0x08041F76,4
0x08042050,0x0801A828,bl,0x080420E6,1
0x08042050,0x0803E050,bl,0x08042086,1
0x08042050,0x0803F8E8,bl,0x08042080,1
0x08042050,0x0803FE68,bl,0x08042052,1
0x08042050,0x08040B40,bl,0x080420B6,2
0x08042128,0x080031B8,bl,0x08042230,2
0x08042128,0x08006138,bl,0x0804231E,1
0x08042128,0x0803E050,bl,0x08042156,2
0x08042128,0x080CFDCC,bl,0x0804227E,2
0x08042328,0x080031B8,bl,0x080423D4,1
0x08042328,0x08006148,bl,0x0804243A,2
0x08042328,0x0803E050,bl,0x0804251C,1
0x08042328,0x0804042C,bl,0x08042520,1
0x08042580,0x080031B8,bl,0x0804268C,5
0x08042580,0x08006138,bl,0x08042686,1
0x08042580,0x08006338,bl,0x080426BE,12
0x08042580,0x080261D4,bl,0x08042610,1
0x08042580,0x0803E050,bl,0x08042654,2
0x08042580,0x0803E1B8,bl,0x08042682,1
0x08042580,0x0803E4A8,bl,0x08042670,1
0x08042580,0x0803E650,bl,0x080426D8,5
0x08042580,0x08040B40,bl,0x080426A4,6
0x08042580,0x080413A4,bl,0x08042846,1
0x08042580,0x0805AFAC,bl,0x080426EE,4
0x08042580,0x080CFDCC,bl,0x080426C4,18
0x08042980,0x08006148,bl,0x080429E4,1
0x08042980,0x0803F9C0,bl,0x080429E8,1
0x08042980,0x08040710,bl,0x080429BC,1
0x08042980,0x08040B40,bl,0x080429C6,1
0x080429FC,0x08002EE8,bl,0x08042BEC,2
0x080429FC,0x08003110,bl,0x08042B7E,1
0x080429FC,0x080031B8,bl,0x08042B1E,1
0x080429FC,0x08003484,bl,0x08042AD2,1
0x080429FC,0x08003688,bl,0x08042ACE,1
0x080429FC,0x08006138,bl,0x08042C34,1
0x080429FC,0x08006338,bl,0x08042ADE,2
0x080429FC,0x08022760,bl,0x08042B84,1
0x080429FC,0x080261D4,bl,0x08042B12,1
0x080429FC,0x08027204,bl,0x08042AEA,1
0x080429FC,0x08027548,bl,0x08042A50,1
0x080429FC,0x080276AC,bl,0x08042ACA,1
0x080429FC,0x0803E050,bl,0x08042AB2,1
0x080429FC,0x0803E1B8,bl,0x08042A96,1
0x080429FC,0x0803E3E4,bl,0x08042AE4,1
0x080429FC,0x080413A4,bl,0x08042B8E,2
0x080429FC,0x0805AFAC,bl,0x08042B44,2
0x080429FC,0x080CFDCC,bl,0x08042B18,2
0x08042C50,0x08005654,bl,0x08042CE8,1
0x08042C50,0x0803E050,bl,0x08042C92,1
0x08042C50,0x0803E080,bl,0x08042CBC,1
0x08042CFC,0x08006138,bl,0x08042D30,1
0x08042CFC,0x08040B40,bl,0x08042D20,1
0x08042CFC,0x080413A4,bl,0x08042D26,1
0x08042D54,0x080031B8,bl,0x08042DFC,1
0x08042D54,0x08003688,bl,0x08042DAE,1
0x08042D54,0x08006138,bl,0x08042E86,1
0x08042D54,0x08006338,bl,0x08042E12,2
0x08042D54,0x08025024,bl,0x08042DE0,1
0x08042D54,0x080261D4,bl,0x08042D9E,1
0x08042D54,0x080264B0,bl,0x08042DEE,1
0x08042D54,0x0803E050,bl,0x08042D84,1
0x08042D54,0x0803E3E4,bl,0x08042DB4,1
0x08042D54,0x080CFDCC,bl,0x08042DDC,7
0x08042E98,0x080055B0,bl,0x08042F9E,2
0x08042E98,0x08006138,bl,0x08042FE0,1
0x08042E98,0x0800617C,bl,0x08042F68,1
0x08042E98,0x08006338,bl,0x08042F8C,1
0x08042E98,0x08021C74,bl,0x08042EC0,1
0x08042E98,0x080224B0,bl,0x08042EB6,1
0x08042E98,0x080264B0,bl,0x08042F00,1
0x08042E98,0x0802651C,bl,0x08042F40,1
0x08042E98,0x0802653C,bl,0x08042ED8,1
0x08042E98,0x08026584,bl,0x08042FD4,1
0x08042E98,0x08026704,bl,0x08042EE6,1
0x08042E98,0x0802672C,bl,0x08042FA2,1
0x08042E98,0x08027A60,bl,0x08042ED4,2
0x08042E98,0x0803E050,bl,0x08042F62,1
0x08042E98,0x0803FD20,bl,0x08042F80,1
0x08042E98,0x08040B40,bl,0x08042F20,1
0x08042E98,0x080CFDCC,bl,0x08042EE0,9
0x08043014,0x080031B8,bl,0x08043124,2
0x08043014,0x08006138,bl,0x08043254,2
0x08043014,0x08006338,bl,0x080430F2,7
0x08043014,0x0803E4A8,bl,0x080430A2,1
0x08043014,0x08040B40,bl,0x080430E4,4
0x08043014,0x080413A4,bl,0x080430DC,7
0x08043014,0x080CFDCC,bl,0x080430F8,14
0x0804335C,0x08006148,bl,0x08043570,1
0x0804335C,0x0803E4EC,bl,0x08043642,1
0x0804335C,0x0803F870,bl,0x0804335E,1
0x0804335C,0x0803F9C0,bl,0x0804362C,1
0x0804335C,0x080400C0,bl,0x08043574,1
0x0804335C,0x08040298,bl,0x0804357C,1
0x0804335C,0x08040B40,bl,0x080434DC,2
0x0804335C,0x080413A4,bl,0x0804351C,3
0x08043654,0x08006138,bl,0x08043698,1
0x08043654,0x08006338,bl,0x08043694,1
0x08043654,0x0803E050,bl,0x08043680,1
0x080436AC,0x08006338,bl,0x080436D4,1
0x080436AC,0x08040B40,bl,0x080436CE,1
0x080436AC,0x080CFDCC,bl,0x080436DA,8
0x0804374C,0x080031B8,bl,0x080437D2,2
0x0804374C,0x08006138,bl,0x08043A4A,1
0x0804374C,0x080061C0,bl,0x0804380E,4
0x0804374C,0x08006338,bl,0x080437D8,2
0x0804374C,0x0803E050,bl,0x0804391A,1
0x0804374C,0x0803E5F8,bl,0x08043848,4
0x0804374C,0x08044A72,bl,0x08043A70,1
0x0804374C,0x0805AFAC,bl,0x08043804,1
0x0804374C,0x080CFDCC,bl,0x080437DE,8
0x08043A88,0x0801A828,bl,0x08043B18,1
0x08043A88,0x0803E4EC,bl,0x08043B72,1
0x08043A88,0x0803F9E8,bl,0x08043B76,1
0x08043A88,0x0804042C,bl,0x08043B34,1
0x08043A88,0x080413A4,bl,0x08043B5C,2
0x08043B80,0x080031B8,bl,0x08043C02,2
0x08043B80,0x08006138,bl,0x08043DFE,1
0x08043B80,0x080061C0,bl,0x08043C2A,5
0x08043B80,0x08006338,bl,0x08043C0C,2
0x08043B80,0x0803E050,bl,0x08043D18,1
0x08043B80,0x0803E5F8,bl,0x08043C52,4
0x08043B80,0x0805AFAC,bl,0x08043C92,1
0x08043B80,0x080CFDCC,bl,0x08043C12,10
0x08043E28,0x0801A828,bl,0x08043F40,1
0x08043E28,0x0803E4EC,bl,0x08043F9E,1
0x08043E28,0x0803F870,bl,0x08043E82,1
0x08043E28,0x080413A4,bl,0x08043F86,1
0x08043FA8,0x080031B8,bl,0x080440B8,1
0x08043FA8,0x08006138,bl,0x08044198,1
0x08043FA8,0x0800622C,bl,0x080440C8,2
0x08043FA8,0x08006338,bl,0x08044040,4
0x08043FA8,0x0803E050,bl,0x0804401E,2
0x08043FA8,0x0803E5F8,bl,0x08044110,2
0x08043FA8,0x0803E650,bl,0x0804402C,1
0x08043FA8,0x08040B40,bl,0x08044026,1
0x08043FA8,0x080CFDCC,bl,0x08044046,13
0x080441CC,0x0801A828,bl,0x08044230,1
0x080441CC,0x0803E4EC,bl,0x0804427A,1
0x080441CC,0x0803F9E8,bl,0x0804427E,1
0x080441CC,0x0804042C,bl,0x080441D8,1
0x080441CC,0x080413A4,bl,0x08044258,2
0x08044288,0x080031B8,bl,0x0804430C,2
0x08044288,0x08006138,bl,0x08044450,1
0x08044288,0x0800622C,bl,0x080443A4,1
0x08044288,0x08006338,bl,0x08044376,2
0x08044288,0x0801A828,bl,0x08044438,1
0x08044288,0x080261D4,bl,0x080443DE,1
0x08044288,0x0803E050,bl,0x08044342,1
0x08044288,0x0803E5F8,bl,0x08044370,2
0x08044288,0x0805AFAC,bl,0x080443F8,2
0x08044288,0x080CFDCC,bl,0x0804437C,3
0x08044470,0x08006148,bl,0x080444B4,1
0x08044470,0x0801A828,bl,0x080445F4,1
0x08044470,0x0803E050,bl,0x080444A2,1
0x08044470,0x0803E4A8,bl,0x08044514,1
0x08044470,0x0803E4EC,bl,0x08044618,1
0x08044470,0x0803F9E8,bl,0x08044622,1
0x08044470,0x0803FA44,bl,0x08044498,1
0x08044470,0x0804042C,bl,0x0804461E,1
0x08044470,0x08040B40,bl,0x0804457A,2
0x08044470,0x080413A4,bl,0x08044500,1
0x0804462C,0x08006138,bl,0x080447EC,1
0x0804462C,0x08006338,bl,0x0804468E,4
0x0804462C,0x0803E374,bl,0x08044706,1
0x0804462C,0x0803E3AC,bl,0x080447D0,1
0x0804462C,0x08053940,bl,0x0804471A,2
0x0804462C,0x0805AFAC,bl,0x08044742,4
0x0804462C,0x080CFDCC,bl,0x08044694,10
0x08044800,0x08006148,bl,0x08044850,1
0x08044800,0x0803E55C,bl,0x0804486E,1
0x08044800,0x0804042C,bl,0x0804486A,1
0x08044878,0x08006138,bl,0x080449B4,1
0x08044878,0x08006338,bl,0x080448D8,3
0x08044878,0x0803E374,bl,0x08044944,1
0x08044878,0x0803E3AC,bl,0x0804499C,1
0x08044878,0x0805AFAC,bl,0x08044908,3
0x08044878,0x080CFDCC,bl,0x080448DE,4
0x080449C8,0x08006148,bl,0x08044A20,1
0x08044A72,0x08003014,bl,0x08044AF0,2
0x08044A72,0x0803E55C,bl,0x08044B68,1
0x08044A72,0x0804042C,bl,0x08044B64,1
0x08044B94,0x08006138,bl,0x08044C68,1
0x08044B94,0x08006338,bl,0x08044BBE,1
0x08044B94,0x0803E34C,bl,0x08044C32,1
0x08044B94,0x08053A44,bl,0x08044C18,1
0x08044B94,0x0805AFAC,bl,0x08044C04,1
0x08044B94,0x080CFDCC,bl,0x08044BC4,6
0x08044C7C,0x08006148,bl,0x08044CAE,1
0x08044C7C,0x0803E55C,bl,0x08044CF8,1
0x08044C7C,0x0803F870,bl,0x08044CDE,1
0x08044C7C,0x0804042C,bl,0x08044CF4,1
0x08044D04,0x08006138,bl,0x0804537A,1
0x08044D04,0x08006338,bl,0x08044DDA,6
0x08044D04,0x0803E34C,bl,0x08044E54,4
0x08044D04,0x0803E5F8,bl,0x08044E7E,14
0x08044D04,0x0805AFAC,bl,0x08044E10,4
0x08044D04,0x080CFDCC,bl,0x08044DE0,38
0x08045398,0x0801A828,bl,0x0804542A,2
0x08045398,0x0803E4EC,bl,0x080455BA,1
0x08045398,0x0803F9C0,bl,0x080455BE,1
0x08045398,0x0804042C,bl,0x080453BA,2
0x08045398,0x08040B40,bl,0x08045432,7
0x08045398,0x080413A4,bl,0x080455A4,2
0x080455C8,0x08006138,bl,0x08045A38,1
0x080455C8,0x08006338,bl,0x08045672,7
0x080455C8,0x080261D4,bl,0x08045A20,1
0x080455C8,0x0803E050,bl,0x0804568C,1
0x080455C8,0x0803E1B8,bl,0x08045706,3
0x080455C8,0x0803E34C,bl,0x08045A1A,1
0x080455C8,0x0803E374,bl,0x080456E6,1
0x080455C8,0x0803E3AC,bl,0x080458B0,2
0x080455C8,0x08040B40,bl,0x0804563E,5
0x080455C8,0x080413A4,bl,0x08045644,3
0x080455C8,0x0805AFAC,bl,0x08045658,8
0x080455C8,0x080CFDCC,bl,0x08045678,30
0x08045A50,0x08003014,bl,0x08045BB4,1
0x08045A50,0x08006148,bl,0x08045B64,1
0x08045A50,0x0801A828,bl,0x08045BD4,1
0x08045A50,0x0803E050,bl,0x08045AB4,1
0x08045A50,0x0803E1B8,bl,0x08045B28,1
0x08045A50,0x0803E55C,bl,0x08045BF8,1
0x08045A50,0x0804042C,bl,0x08045BFE,1
0x08045A50,0x08040B40,bl,0x08045B16,1
0x08045C40,0x08006138,bl,0x08045D04,1
0x08045C40,0x08006338,bl,0x08045C6C,3
0x08045C40,0x0803E34C,bl,0x08045CC2,1
0x08045C40,0x08053940,bl,0x08045CAE,1
0x08045C40,0x080CFDCC,bl,0x08045C72,6
0x08045D18,0x0803E55C,bl,0x08045D28,1
0x08045D18,0x0804042C,bl,0x08045D24,1
0x08045D34,0x080031B8,bl,0x08045F04,3
0x08045D34,0x08003564,bl,0x0804600A,2
0x08045D34,0x08006138,bl,0x080462D8,1
0x08045D34,0x08006338,bl,0x08045E6C,13
0x08045D34,0x08009FCC,bl,0x08045D90,2
0x08045D34,0x0800A130,bl,0x08046296,1
0x08045D34,0x080261D4,bl,0x08045F16,3
0x08045D34,0x08027204,bl,0x08045F1C,3
0x08045D34,0x0803E050,bl,0x08045DC0,3
0x08045D34,0x0803E1B8,bl,0x08045E1C,2
0x08045D34,0x0803E3E4,bl,0x08045DC6,2
0x08045D34,0x0803E650,bl,0x08045F3C,6
0x08045D34,0x08040B40,bl,0x08045E66,2
0x08045D34,0x080413A4,bl,0x0804612E,1
0x08045D34,0x0805AFAC,bl,0x08045E08,4
0x08045D34,0x080CFDCC,bl,0x08045E72,41
0x080462F0,0x0803F9C0,bl,0x08046326,1
0x08046330,0x08006138,bl,0x08046760,1
0x08046330,0x08006338,bl,0x080463EA,7
0x08046330,0x080261D4,bl,0x08046704,1
0x08046330,0x0803E050,bl,0x080465A4,1
0x08046330,0x0803E1B8,bl,0x0804647C,4
0x08046330,0x0803E34C,bl,0x0804651C,2
0x08046330,0x0803E374,bl,0x0804644C,1
0x08046330,0x0803E3AC,bl,0x08046654,2
0x08046330,0x08040B40,bl,0x080463E4,10
0x08046330,0x080413A4,bl,0x0804671A,1
0x08046330,0x0805AFAC,bl,0x08046390,5
0x08046330,0x080CFDCC,bl,0x080463F0,19
0x0804676C,0x08006148,bl,0x080469CE,4
0x0804676C,0x0801A828,bl,0x08046AA6,1
0x0804676C,0x08021C4C,bl,0x08046902,1
0x0804676C,0x08022624,bl,0x080467CA,1
0x0804676C,0x0803E050,bl,0x0804688E,8
0x0804676C,0x0803E3AC,bl,0x08046BD2,1
0x0804676C,0x0803E4EC,bl,0x08046846,1
0x0804676C,0x0804042C,bl,0x08046BA4,1
0x0804676C,0x08040B40,bl,0x0804684E,5
0x0804676C,0x080413A4,bl,0x0804685A,3
0x08046C00,0x08006138,bl,0x08047256,1
0x08046C00,0x08006338,bl,0x08046D0C,12
0x08046C00,0x0802259C,bl,0x08046DDC,2
0x08046C00,0x080261D4,bl,0x08046E02,2
0x08046C00,0x0803E34C,bl,0x08046CA2,4
0x08046C00,0x0803E5F8,bl,0x08046CF6,11
0x08046C00,0x0805AFAC,bl,0x08046D26,6
0x08046C00,0x080CFDCC,bl,0x08046D12,27
0x08047270,0x0801A828,bl,0x08047302,2
0x08047270,0x0803E4EC,bl,0x080474DA,1
0x08047270,0x0803F9C0,bl,0x080474DE,1
0x08047270,0x0804042C,bl,0x08047292,2
0x08047270,0x08040B40,bl,0x0804730A,7
0x08047270,0x080413A4,bl,0x080474C4,2
0x080474E8,0x08006138,bl,0x080477AA,1
0x080474E8,0x08006338,bl,0x0804755E,8
0x080474E8,0x0803E34C,bl,0x0804754E,1
0x080474E8,0x08040B40,bl,0x0804753A,1
0x080474E8,0x0805AFAC,bl,0x08047588,8
0x080474E8,0x080CFDCC,bl,0x08047564,21
0x080477CC,0x0803E4EC,bl,0x08047836,1
0x080477CC,0x0803F9C0,bl,0x0804783A,1
0x080477CC,0x0804042C,bl,0x080477D8,1
0x080477CC,0x080413A4,bl,0x08047822,2
0x08047844,0x08006138,bl,0x08047B9C,1
0x08047844,0x08006338,bl,0x08047886,14
0x08047844,0x0800A008,bl,0x08047AF6,1
0x08047844,0x0803E34C,bl,0x0804791A,3
0x08047844,0x08040B40,bl,0x08047880,1
0x08047844,0x080413A4,bl,0x08047B24,1
0x08047844,0x0805AFAC,bl,0x08047980,3
0x08047844,0x080CFDCC,bl,0x0804788C,43
0x08047BD8,0x0800A008,bl,0x08047C0A,1
0x08047BD8,0x0803E55C,bl,0x08047BDA,1
0x08047BD8,0x0804042C,bl,0x08047C22,1
0x08047C30,0x08006138,bl,0x08047E50,1
0x08047C30,0x0803E34C,bl,0x08047CFA,1
0x08047C30,0x0805AFAC,bl,0x08047D6C,2
0x08047C30,0x080CFDCC,bl,0x08047CE6,13
0x08047E74,0x08006148,bl,0x08047ED8,1
0x08047E74,0x0801A828,bl,0x08047F9A,1
0x08047E74,0x08030848,bl,0x08047FAE,1
0x08047E74,0x0803E55C,bl,0x08047E86,1
0x08047E74,0x0803E5F8,bl,0x08047F20,2
0x08047E74,0x0804042C,bl,0x08047FDC,1
0x08047FE8,0x080008E8,bl,0x08048092,1
0x08047FE8,0x080031B8,bl,0x080481C2,3
0x08047FE8,0x08006338,bl,0x080482D0,40
0x08047FE8,0x0800634C,bl,0x08048456,3
0x08047FE8,0x08006364,bl,0x08048446,3
0x08047FE8,0x08009FCC,bl,0x080480CE,2
0x08047FE8,0x0800A0DC,bl,0x080480F6,4
0x08047FE8,0x0803E050,bl,0x0804801A,1
0x08047FE8,0x0803E3AC,bl,0x080480AE,5
0x08047FE8,0x0803E3E4,bl,0x08048070,1
0x08047FE8,0x0803F5FC,bl,0x080480AA,1
0x08047FE8,0x080493D2,bl,0x0804842A,7
0x08047FE8,0x08049738,bl,0x08048380,1
0x08047FE8,0x08049A58,bl,0x0804893C,1
0x08047FE8,0x08053940,bl,0x08048552,7
0x08047FE8,0x0805AFAC,bl,0x0804810A,32
0x08047FE8,0x080CFDCC,bl,0x0804814C,105
0x080491EC,0x08006338,bl,0x080491FE,3
0x080491EC,0x0805AFAC,bl,0x080492CE,4
0x080491EC,0x080CFDCC,bl,0x08049204,18
0x080493D2,0x080008E8,bl,0x080493EC,1
0x080493D2,0x08006138,bl,0x0804946C,1
0x080493D2,0x0803E1B8,bl,0x0804944A,1
0x080493D2,0x0803E3E4,bl,0x080493FC,1
0x080493D2,0x080CFDCC,bl,0x080493F2,1
0x08049484,0x08003014,bl,0x0804959C,2
0x08049484,0x0801A828,bl,0x08049656,3
0x08049484,0x08030848,bl,0x080496DA,2
0x08049484,0x0803E5F8,bl,0x08049696,1
0x08049484,0x08040710,bl,0x080494A6,1
0x08049738,0x080017E4,bl,0x080497EA,26
0x08049A58,0x080017E4,bl,0x08049A88,8
0x08049B48,0x08006138,bl,0x08049D08,1
0x08049B48,0x08006338,bl,0x08049BA6,4
0x08049B48,0x0803E374,bl,0x08049C1C,1
0x08049B48,0x0803E3AC,bl,0x08049CEC,1
0x08049B48,0x08053940,bl,0x08049C30,2
0x08049B48,0x0805AFAC,bl,0x08049C58,4
0x08049B48,0x080CFDCC,bl,0x08049BAC,10
0x08049D1C,0x08006148,bl,0x08049D6C,1
0x08049D1C,0x0803E55C,bl,0x08049D8A,1
0x08049D1C,0x0804042C,bl,0x08049D86,1
0x08049D94,0x08006138,bl,0x08049ECA,1
0x08049D94,0x08006338,bl,0x08049DF4,3
0x08049D94,0x0803E374,bl,0x08049E68,1
0x08049D94,0x0803E3AC,bl,0x08049EB0,1
0x08049D94,0x0805AFAC,bl,0x08049E18,4
0x08049D94,0x080CFDCC,bl,0x08049DFA,4
0x08049EDC,0x08006148,bl,0x08049F2C,1
0x08049EDC,0x0801A828,bl,0x08049F60,1
0x08049EDC,0x08030848,bl,0x08049F72,1
0x08049EDC,0x0803E55C,bl,0x08049F8C,1
0x08049EDC,0x0804042C,bl,0x08049F88,1
0x08049F98,0x08006338,bl,0x0804A034,3
0x08049F98,0x0803E050,bl,0x0804A028,1
0x08049F98,0x0803E1B8,bl,0x0804A066,2
0x08049F98,0x0803E374,bl,0x0804A080,1
0x08049F98,0x0803E650,bl,0x0804A02E,1
0x08049F98,0x080413A4,bl,0x0804A052,5
0x08049F98,0x0805AFAC,bl,0x0804A022,5
0x08049F98,0x080CFDCC,bl,0x0804A03A,9
0x0804A258,0x080017E4,bl,0x0804A2AE,1
0x0804A258,0x08006148,bl,0x0804A2F8,2
0x0804A258,0x08006338,bl,0x0804A472,1
0x0804A258,0x0800634C,bl,0x0804A49C,1
0x0804A258,0x08006364,bl,0x0804A48C,1
0x0804A258,0x0801A828,bl,0x0804A390,1
0x0804A258,0x0803E050,bl,0x0804A328,2
0x0804A258,0x0803E1B8,bl,0x0804A30A,2
0x0804A258,0x0803E3AC,bl,0x0804A30E,2
0x0804A258,0x0803E448,bl,0x0804A3B0,1
0x0804A258,0x0803E4EC,bl,0x0804A4B8,1
0x0804A258,0x0803F8E8,bl,0x0804A4B2,1
0x0804A258,0x0803FF7C,bl,0x0804A520,1
0x0804A258,0x0804042C,bl,0x0804A4BC,1
0x0804A258,0x08040B40,bl,0x0804A3B8,2
0x0804A258,0x0805AFAC,bl,0x0804A322,1
0x0804A54C,0x08006138,bl,0x0804A682,1
0x0804A54C,0x08006338,bl,0x0804A576,5
0x0804A54C,0x08053940,bl,0x0804A59E,3
0x0804A54C,0x080CFDCC,bl,0x0804A57C,9
0x0804A6A0,0x0803E55C,bl,0x0804A6B0,1
0x0804A6A0,0x0804042C,bl,0x0804A6AC,1
0x0804A6BC,0x08006138,bl,0x0804A95C,1
0x0804A6BC,0x08006338,bl,0x0804A766,4
0x0804A6BC,0x0803E050,bl,0x0804A74C,3
0x0804A6BC,0x0803E1B8,bl,0x0804A958,1
0x0804A6BC,0x0803E34C,bl,0x0804A72A,1
0x0804A6BC,0x080413A4,bl,0x0804A760,4
0x0804A6BC,0x0805AFAC,bl,0x0804A8BC,4
0x0804A6BC,0x080CFDCC,bl,0x0804A76C,11
0x0804A970,0x08006338,bl,0x0804AA42,2
0x0804A970,0x0800634C,bl,0x0804AA5C,1
0x0804A970,0x0801A828,bl,0x0804A9D2,2
0x0804A970,0x080261D4,bl,0x0804AA2E,1
0x0804A970,0x08030848,bl,0x0804AA8C,1
0x0804A970,0x0803E050,bl,0x0804AA34,1
0x0804A970,0x0803E1B8,bl,0x0804AA7A,2
0x0804A970,0x0803E34C,bl,0x0804AA28,1
0x0804A970,0x0803E4A8,bl,0x0804AAB4,1
0x0804A970,0x0803E4EC,bl,0x0804A9E2,2
0x0804A970,0x0803F870,bl,0x0804A9AC,1
0x0804A970,0x0804042C,bl,0x0804AB42,1
0x0804A970,0x08040B40,bl,0x0804A9B4,1
0x0804A970,0x080413A4,bl,0x0804AAC6,2
0x0804A970,0x0805AFAC,bl,0x0804AA14,1
0x0804AB70,0x08006138,bl,0x0804AD90,1
0x0804AB70,0x08006338,bl,0x0804ABFA,2
0x0804AB70,0x0803E1B8,bl,0x0804ABE2,2
0x0804AB70,0x0803E34C,bl,0x0804ABD0,1
0x0804AB70,0x08040B40,bl,0x0804ABEA,3
0x0804AB70,0x0805AFAC,bl,0x0804AC48,4
0x0804AB70,0x080CFDCC,bl,0x0804AC00,8
0x0804ADA8,0x0801A828,bl,0x0804AEEA,1
0x0804ADA8,0x0803E34C,bl,0x0804AE36,1
0x0804ADA8,0x0803E448,bl,0x0804AE68,1
0x0804ADA8,0x0803E4A8,bl,0x0804AF30,1
0x0804ADA8,0x0803FA44,bl,0x0804AF14,1
0x0804ADA8,0x0804042C,bl,0x0804AF00,1
0x0804ADA8,0x080413A4,bl,0x0804ADFA,3
0x0804AF54,0x08003014,bl,0x0804B0E6,2
0x0804AF54,0x080031B8,bl,0x0804B00C,1
0x0804AF54,0x080055B0,bl,0x0804B31A,2
0x0804AF54,0x08006138,bl,0x0804B442,1
0x0804AF54,0x08006338,bl,0x0804B018,14
0x0804AF54,0x0800A008,bl,0x0804B3CA,1
0x0804AF54,0x080261D4,bl,0x0804B000,1
0x0804AF54,0x08027204,bl,0x0804B006,1
0x0804AF54,0x0803E050,bl,0x0804AF86,4
0x0804AF54,0x0803E1B8,bl,0x0804AFC0,2
0x0804AF54,0x0803E3E4,bl,0x0804AF8C,1
0x0804AF54,0x080413A4,bl,0x0804B092,3
0x0804AF54,0x0805AFAC,bl,0x0804AFEC,2
0x0804AF54,0x080CFDCC,bl,0x0804B01E,29
0x0804B474,0x08003014,bl,0x0804B4C0,2
0x0804B474,0x080261D4,bl,0x0804B52A,1
0x0804B474,0x0803E050,bl,0x0804B598,1
0x0804B5B4,0x08006138,bl,0x0804B7E6,1
0x0804B5B4,0x08006338,bl,0x0804B624,8
0x0804B5B4,0x0800A008,bl,0x0804B78A,1
0x0804B5B4,0x0803E050,bl,0x0804B5E2,2
0x0804B5B4,0x0803E3E4,bl,0x0804B604,2
0x0804B5B4,0x080413A4,bl,0x0804B694,2
0x0804B5B4,0x08053940,bl,0x0804B618,1
0x0804B5B4,0x080CFDCC,bl,0x0804B62A,17
0x0804B818,0x0803F9C0,bl,0x0804B84E,1
0x0804B8A0,0x08002EE8,bl,0x0804B902,1
0x0804B8A0,0x08006138,bl,0x0804BA4C,1
0x0804B8A0,0x08006338,bl,0x0804B938,17
0x0804B8A0,0x080261D4,bl,0x0804BB64,5
0x0804B8A0,0x0803E050,bl,0x0804B97A,9
0x0804B8A0,0x0803E1B8,bl,0x0804B928,2
0x0804B8A0,0x0803E34C,bl,0x0804BAF6,10
0x0804B8A0,0x0803E650,bl,0x0804B93E,1
0x0804B8A0,0x0803F884,bl,0x0804B9C4,1
0x0804B8A0,0x08040B40,bl,0x0804BC3E,4
0x0804B8A0,0x080413A4,bl,0x0804BAE2,16
0x0804B8A0,0x0804B8A0,bl,0x0804C49E,1
0x0804B8A0,0x0805AFAC,bl,0x0804B962,6
0x0804B8A0,0x080CFDCC,bl,0x0804B968,75
0x0804C4AC,0x08006148,bl,0x0804C5BE,1
0x0804C4AC,0x080061C0,bl,0x0804C560,1
0x0804C4AC,0x0803E050,bl,0x0804C500,3
0x0804C4AC,0x0803E1B8,bl,0x0804C5F4,1
0x0804C4AC,0x0803E4EC,bl,0x0804C61C,1
0x0804C4AC,0x0803F870,bl,0x0804C63A,1
0x0804C4AC,0x0803F884,bl,0x0804C532,1
0x0804C4AC,0x0803F9C0,bl,0x0804C5C2,1
0x0804C4AC,0x0804042C,bl,0x0804C504,1
0x0804C4AC,0x08040B40,bl,0x0804C642,1
0x0804C4AC,0x080413A4,bl,0x0804C5A6,1
0x0804C64C,0x08006138,bl,0x0804C870,1
0x0804C64C,0x08006338,bl,0x0804C720,6
0x0804C64C,0x0803E050,bl,0x0804C70E,1
0x0804C64C,0x0803E1B8,bl,0x0804C6D8,2
0x0804C64C,0x0803E34C,bl,0x0804C8E6,3
0x0804C64C,0x0803E650,bl,0x0804C6DE,4
0x0804C64C,0x0805AFAC,bl,0x0804C702,5
0x0804C64C,0x080CFDCC,bl,0x0804C726,21
0x0804CA84,0x08006148,bl,0x0804CBF0,1
0x0804CA84,0x08006338,bl,0x0804CB4C,6
0x0804CA84,0x0803E1B8,bl,0x0804CC38,1
0x0804CA84,0x0803E4A8,bl,0x0804CADC,1
0x0804CA84,0x0803E4EC,bl,0x0804CC72,1
0x0804CA84,0x0803F870,bl,0x0804CACC,1
0x0804CA84,0x0803F9C0,bl,0x0804CC06,1
0x0804CA84,0x0804042C,bl,0x0804CC00,1
0x0804CA84,0x08040B40,bl,0x0804CC5E,2
0x0804CA84,0x080413A4,bl,0x0804CC56,1
0x0804CC7C,0x080061C0,bl,0x0804D0C2,1
0x0804CC7C,0x08006338,bl,0x0804CDE8,23
0x0804CC7C,0x0803E050,bl,0x0804CD2E,3
0x0804CC7C,0x0803E34C,bl,0x0804D29A,4
0x0804CC7C,0x0803E448,bl,0x0804D002,2
0x0804CC7C,0x0803E650,bl,0x0804D4E2,3
0x0804CC7C,0x0803F884,bl,0x0804CFFA,2
0x0804CC7C,0x0804D6C6,bl,0x0804CCD2,1
0x0804CC7C,0x08053940,bl,0x0804D352,6
0x0804CC7C,0x0805AFAC,bl,0x0804D228,2
0x0804CC7C,0x080CFDCC,bl,0x0804CD5C,98
0x0804D6C6,0x08006138,bl,0x0804D6C6,1
0x0804D6D0,0x08006148,bl,0x0804DBF0,1
0x0804D6D0,0x08006338,bl,0x0804D760,2
0x0804D6D0,0x0800634C,bl,0x0804D7AE,1
0x0804D6D0,0x0803E34C,bl,0x0804DA64,5
0x0804D6D0,0x0803F884,bl,0x0804D7D8,2
0x0804D6D0,0x0803F9C0,bl,0x0804DBD6,1
0x0804D6D0,0x0803FA44,bl,0x0804DBDA,1
0x0804D6D0,0x08040298,bl,0x0804DBBC,1
0x0804D6D0,0x08040340,bl,0x0804DBA0,1
0x0804D6D0,0x0804042C,bl,0x0804D72E,1
0x0804D6D0,0x08040B40,bl,0x0804D86E,5
0x0804DC08,0x08006138,bl,0x0804DEEC,1
0x0804DC08,0x08006338,bl,0x0804DC82,6
0x0804DC08,0x0803E050,bl,0x0804DC74,4
0x0804DC08,0x0803E1B8,bl,0x0804DEB8,1
0x0804DC08,0x0803E34C,bl,0x0804DCC0,2
0x0804DC08,0x08040B40,bl,0x0804DC7C,4
0x0804DC08,0x080413A4,bl,0x0804DD70,6
0x0804DC08,0x0805AFAC,bl,0x0804DCD6,3
0x0804DC08,0x080CFDCC,bl,0x0804DC88,16
0x0804DF00,0x08006148,bl,0x0804DF3C,1
0x0804DF00,0x0801A828,bl,0x0804DFE4,1
0x0804DF00,0x080261D4,bl,0x0804DFA8,1
0x0804DF00,0x08030898,bl,0x0804DF5C,1
0x0804DF00,0x0803E050,bl,0x0804E030,2
0x0804DF00,0x0803E4A8,bl,0x0804E048,1
0x0804DF00,0x0803FA44,bl,0x0804E068,1
0x0804DF00,0x080413A4,bl,0x0804E0CC,2
0x0804DF00,0x0805AFAC,bl,0x0804E09A,1
0x0804DF00,0x08065100,bl,0x0804DF80,1
0x0804E0E0,0x08006138,bl,0x0804E38C,1
0x0804E0E0,0x08006338,bl,0x0804E208,4
0x0804E0E0,0x0803E1B8,bl,0x0804E35E,1
0x0804E0E0,0x0803E34C,bl,0x0804E34C,1
0x0804E0E0,0x0803E374,bl,0x0804E230,1
0x0804E0E0,0x0803E3AC,bl,0x0804E312,1
0x0804E0E0,0x080CFDCC,bl,0x0804E20E,7
0x0804E3A0,0x08006148,bl,0x0804E4C6,1
0x0804E3A0,0x0801A828,bl,0x0804E488,1
0x0804E3A0,0x08030898,bl,0x0804E418,1
0x0804E3A0,0x0803E4A8,bl,0x0804E3AE,1
0x0804E3A0,0x0803E4EC,bl,0x0804E566,1
0x0804E3A0,0x0803E650,bl,0x0804E4EE,1
0x0804E3A0,0x0803F9C0,bl,0x0804E598,1
0x0804E3A0,0x08040B40,bl,0x0804E54A,4
0x0804E3A0,0x080413A4,bl,0x0804E57C,2
0x0804E3A0,0x08065100,bl,0x0804E43C,1
0x0804E5A4,0x08002E98,bl,0x0804E5EE,1
0x0804E600,0x08002E98,bl,0x0804E62E,1
0x0804E640,0x08002E98,bl,0x0804E778,1
0x0804E640,0x0800634C,bl,0x0804E676,1
0x0804E640,0x08006364,bl,0x0804E690,1
0x0804E640,0x0801A828,bl,0x0804E726,1
0x0804E640,0x0803E1B8,bl,0x0804E6D2,2
0x0804E78C,0x08006138,bl,0x0804E8CE,1
0x0804E78C,0x08006338,bl,0x0804E7D6,2
0x0804E78C,0x0803E34C,bl,0x0804E7BC,1
0x0804E78C,0x080413A4,bl,0x0804E7D0,1
0x0804E78C,0x08049738,bl,0x0804E8CA,1
0x0804E78C,0x0805AFAC,bl,0x0804E884,4
0x0804E78C,0x080CFDCC,bl,0x0804E7DC,6
0x0804E8F4,0x08006148,bl,0x0804E962,1
0x0804E8F4,0x0804F8EC,bl,0x0804E968,1
0x0804E97C,0x0803E050,bl,0x0804E980,1
0x0804E97C,0x0804F614,bl,0x0804E994,1
0x0804E97C,0x080CFDCC,bl,0x0804E9E4,9
0x0804EA7C,0x08006148,bl,0x0804EB14,1
0x0804EA7C,0x0803E448,bl,0x0804EA7E,1
0x0804EA7C,0x0804F7F8,bl,0x0804EA84,4
0x0804EB28,0x08040B40,bl,0x0804EB32,1
0x0804EB28,0x0804F614,bl,0x0804EB2A,1
0x0804EB28,0x0804F76C,bl,0x0804EB36,1
0x0804EB28,0x0804F79C,bl,0x0804EB4E,1
0x0804EB28,0x080CFDCC,bl,0x0804EB56,1
0x0804EB60,0x08006148,bl,0x0804EC3C,2
0x0804EB60,0x0803F8E8,bl,0x0804EB82,1
0x0804EB60,0x08040B40,bl,0x0804EC86,1
0x0804EB60,0x0804F76C,bl,0x0804EC8A,1
0x0804EB60,0x0804F7F8,bl,0x0804EB64,4
0x0804ECA4,0x08006138,bl,0x0804ECDC,1
0x0804ECA4,0x0803E34C,bl,0x0804ECC0,1
0x0804ECA4,0x08040B40,bl,0x0804ECAA,1
0x0804ECA4,0x0805AFAC,bl,0x0804ECD4,1
0x0804ECEC,0x08006148,bl,0x0804EDD8,1
0x0804ECEC,0x0803E414,bl,0x0804ED90,1
0x0804ECEC,0x0803F8E8,bl,0x0804ED0C,1
0x0804ECEC,0x0804F7F8,bl,0x0804ECF0,4
0x0804EE08,0x08006138,bl,0x0804EEF2,1
0x0804EE08,0x0803E050,bl,0x0804EEEE,1
0x0804EE08,0x0803E34C,bl,0x0804EE66,1
0x0804EE08,0x080413A4,bl,0x0804EE6C,2
0x0804EE08,0x0804F79C,bl,0x0804EEA8,2
0x0804EE08,0x080CFDCC,bl,0x0804EE3E,4
0x0804EF00,0x08006148,bl,0x0804EFCE,1
0x0804EF00,0x0803F870,bl,0x0804EF16,1
0x0804EF00,0x0803F8E8,bl,0x0804EF4C,1
0x0804EF00,0x08040B40,bl,0x0804EFD6,1
0x0804EF00,0x0804F7F8,bl,0x0804EF1C,2
0x0804EFEC,0x0803E050,bl,0x0804F002,1
0x0804EFEC,0x0803E34C,bl,0x0804F068,5
0x0804EFEC,0x080413A4,bl,0x0804F044,1
0x0804EFEC,0x0804F614,bl,0x0804F114,1
0x0804EFEC,0x0804F79C,bl,0x0804F118,1
0x0804EFEC,0x080CFDCC,bl,0x0804F01E,3
0x0804F124,0x08006148,bl,0x0804F20E,1
0x0804F124,0x0803E34C,bl,0x0804F190,1
0x0804F124,0x0803F870,bl,0x0804F130,1
0x0804F124,0x0803F8E8,bl,0x0804F166,2
0x0804F124,0x08040B40,bl,0x0804F216,1
0x0804F124,0x0804F7F8,bl,0x0804F136,2
0x0804F22C,0x080413A4,bl,0x0804F23E,1
0x0804F22C,0x0804F614,bl,0x0804F242,1
0x0804F22C,0x0804F79C,bl,0x0804F246,1
0x0804F22C,0x080CFDCC,bl,0x0804F24C,1
0x0804F258,0x08006148,bl,0x0804F2EA,1
0x0804F258,0x0803F870,bl,0x0804F25A,1
0x0804F258,0x0803F8E8,bl,0x0804F2B8,1
0x0804F258,0x08040B40,bl,0x0804F2F2,1
0x0804F258,0x0804F7F8,bl,0x0804F260,2
0x0804F30C,0x08006138,bl,0x0804F3D0,1
0x0804F30C,0x0803E34C,bl,0x0804F38E,1
0x0804F30C,0x0804F8EC,bl,0x0804F320,1
0x0804F30C,0x080CFDCC,bl,0x0804F3A2,1
0x0804F3E4,0x08006148,bl,0x0804F440,1
0x0804F450,0x08006138,bl,0x0804F588,1
0x0804F450,0x080261D4,bl,0x0804F476,1
0x0804F450,0x0803E050,bl,0x0804F470,1
0x0804F450,0x0803E34C,bl,0x0804F55E,1
0x0804F450,0x0803E3E4,bl,0x0804F47C,1
0x0804F450,0x080413A4,bl,0x0804F4A6,1
0x0804F450,0x0805AFAC,bl,0x0804F50E,4
0x0804F450,0x080CFDCC,bl,0x0804F496,7
0x0804F614,0x0800634C,bl,0x0804F6D0,1
0x0804F614,0x0803E34C,bl,0x0804F6B6,1
0x0804F614,0x0805AFAC,bl,0x0804F632,1
0x0804F614,0x080CFDCC,bl,0x0804F686,3
0x0804F6FA,0x08006364,bl,0x0804F72A,1
0x0804F6FA,0x0803E34C,bl,0x0804F712,1
0x0804F6FA,0x080CFDCC,bl,0x0804F730,2
0x0804F7F8,0x08040298,bl,0x0804F8BC,1
0x0804F8EC,0x0803E050,bl,0x0804F92E,1
0x0804F8EC,0x0803FA44,bl,0x0804F8F0,1
0x0804F8EC,0x0805AFAC,bl,0x0804F928,1
0x0804F948,0x08006138,bl,0x0804FA92,1
0x0804F948,0x08006338,bl,0x0804F9B4,2
0x0804F948,0x0803E34C,bl,0x0804F9AE,1
0x0804F948,0x08053A44,bl,0x0804F9F6,1
0x0804F948,0x080CFDCC,bl,0x0804F9BA,11
0x0804FAB0,0x08006148,bl,0x0804FAF4,1
0x0804FAB0,0x0801A828,bl,0x0804FB82,1
0x0804FAB0,0x0803E55C,bl,0x0804FB86,1
0x0804FAB0,0x0803F870,bl,0x0804FB24,1
0x0804FAB0,0x0804042C,bl,0x0804FAC2,1
0x0804FBA4,0x08006338,bl,0x0804FC42,1
0x0804FBA4,0x0803E34C,bl,0x0804FBEA,2
0x0804FBA4,0x080413A4,bl,0x0804FBD6,1
0x0804FBA4,0x080CFDCC,bl,0x0804FC48,2
0x0804FC98,0x0801A828,bl,0x0804FDE2,1
0x0804FC98,0x0803E050,bl,0x0804FD0A,1
0x0804FC98,0x0803E4EC,bl,0x0804FE5A,1
0x0804FC98,0x0803F8E8,bl,0x0804FD76,1
0x0804FC98,0x0803F9C0,bl,0x0804FE5E,1
0x0804FC98,0x0803FFE0,bl,0x0804FD56,1
0x0804FC98,0x080400C0,bl,0x0804FD5E,1
0x0804FC98,0x0804042C,bl,0x0804FD7A,1
0x0804FC98,0x08040B40,bl,0x0804FE0E,3
0x0804FC98,0x080413A4,bl,0x0804FCDE,3
0x0804FE68,0x08002E98,bl,0x0804FED6,1
0x0804FE68,0x0803E050,bl,0x0804FEAA,1
0x0804FEE8,0x08002E98,bl,0x0804FF0A,1
0x0804FF1C,0x08002E98,bl,0x0804FF2A,1
0x0804FF1C,0x08009EE8,bl,0x0804FFBE,1
0x0804FF1C,0x080506DC,bl,0x0804FF2E,1
0x0804FFDC,0x08006138,bl,0x08050266,1
0x0804FFDC,0x08009EE8,bl,0x0805002E,1
0x0804FFDC,0x0803F6E0,bl,0x0805015A,1
0x0804FFDC,0x080CFDCC,bl,0x08050042,35
0x080502F0,0x08006148,bl,0x0805031A,1
0x08050340,0x08006138,bl,0x08050350,1
0x0805035C,0x08050664,bl,0x0805035E,1
0x08050418,0x08006138,bl,0x080504C2,1
0x08050418,0x0803E34C,bl,0x08050434,1
0x08050418,0x08053A44,bl,0x0805048A,1
0x08050418,0x080CFDCC,bl,0x08050442,4
0x080504D4,0x08006148,bl,0x080504F2,1
0x08050508,0x08006138,bl,0x08050622,1
0x08050508,0x0803E050,bl,0x0805057A,2
0x08050508,0x0803E1B8,bl,0x08050614,1
0x08050508,0x0803E34C,bl,0x08050558,2
0x08050508,0x08040B40,bl,0x08050592,4
0x08050508,0x080CFDCC,bl,0x080505AE,4
0x08050630,0x08006148,bl,0x0805064E,1
0x08050664,0x08006148,bl,0x080506C8,1
0x080507BC,0x08002E98,bl,0x080507FC,1
0x08050814,0x080062C4,bl,0x0805087E,1
0x08050814,0x0801A828,bl,0x0805087A,1
0x08050814,0x080CFDCC,bl,0x08050888,11
0x08050814,0x080CFDD4,bl,0x08050904,1
0x0805091C,0x0800617C,bl,0x0805097A,1
0x0805091C,0x080062C4,bl,0x08050950,1
0x0805091C,0x080CFDCC,bl,0x08050980,7
0x0805091C,0x080CFDD4,bl,0x080509DA,1
0x080509EC,0x0800617C,bl,0x08050AA6,6
0x080509EC,0x080061C0,bl,0x08050A98,2
0x080509EC,0x08006214,bl,0x08050AFE,1
0x080509EC,0x080062C4,bl,0x08050BE0,1
0x080509EC,0x0801A828,bl,0x08050C00,1
0x080509EC,0x0802205C,bl,0x08050A0A,1
0x080509EC,0x0803E34C,bl,0x08050A8E,1
0x080509EC,0x08053940,bl,0x08050ACE,1
0x080509EC,0x080CFDCC,bl,0x08050AAC,20
0x080509EC,0x080CFDD4,bl,0x08050C36,1
0x08050C48,0x08006148,bl,0x08050CBC,1
0x08050C48,0x0801A828,bl,0x08050CDC,1
0x08050C48,0x0801C230,bl,0x08050C72,1
0x08050C48,0x08030848,bl,0x08050C56,1
0x08050D00,0x08006138,bl,0x08050E76,1
0x08050D00,0x080061C0,bl,0x08050DC4,1
0x08050D00,0x0802205C,bl,0x08050D20,1
0x08050D00,0x0803E34C,bl,0x08050D80,1
0x08050D00,0x080CFDCC,bl,0x08050DD0,8
0x08050E84,0x08006148,bl,0x08050F10,1
0x08050E84,0x0801A828,bl,0x08050F62,1
0x08050E84,0x0801C230,bl,0x08050EAE,1
0x08050E84,0x08030848,bl,0x08050E92,1
0x08050E84,0x0803E34C,bl,0x08050F42,1
0x08051008,0x08001A94,bl,0x08051116,1
0x08051124,0x080061C0,bl,0x080511BC,1
0x08051124,0x0802205C,bl,0x08051148,1
0x08051124,0x0803E34C,bl,0x080511B2,1
0x08051124,0x080CFDCC,bl,0x080511C8,24
0x080512F8,0x08006148,bl,0x08051344,1
0x080512F8,0x080061C0,bl,0x08051388,1
0x080512F8,0x0801A828,bl,0x080513B0,1
0x080512F8,0x0801C230,bl,0x08051314,1
0x080512F8,0x08030848,bl,0x0805130E,1
0x080512F8,0x0803E34C,bl,0x0805133A,1
0x080513D4,0x08001A94,bl,0x080514E4,1
0x080514F8,0x08006214,bl,0x080516B6,2
0x080514F8,0x08006244,bl,0x080515FC,2
0x080514F8,0x0803E5F8,bl,0x0805159C,1
0x080514F8,0x080CFDCC,bl,0x08051612,16
0x0805176C,0x08005654,bl,0x08051790,1
0x0805176C,0x0801A828,bl,0x080517E6,1
0x0805176C,0x08030848,bl,0x08051804,1
0x0805176C,0x0803E34C,bl,0x080517B6,1
0x0805181C,0x08002EE8,bl,0x080518EE,4
0x0805181C,0x0800617C,bl,0x080518FC,2
0x0805181C,0x080061C0,bl,0x080518E4,3
0x0805181C,0x080064AC,bl,0x080518C0,2
0x0805181C,0x080064DC,bl,0x0805189E,2
0x0805181C,0x080CFDCC,bl,0x08051886,13
0x0805181C,0x080CFDD4,bl,0x08051B02,1
0x08051B0C,0x08005654,bl,0x08051B50,1
0x08051B0C,0x0801A828,bl,0x08051B88,1
0x08051B0C,0x08030804,bl,0x08051BCC,1
0x08051B0C,0x08030848,bl,0x08051B98,1
0x08051C1C,0x0800617C,bl,0x08051CD2,2
0x08051C1C,0x080061C0,bl,0x08051CC4,2
0x08051C1C,0x08006214,bl,0x08051D18,1
0x08051C1C,0x0802205C,bl,0x08051C5C,1
0x08051C1C,0x080CFDCC,bl,0x08051CD8,6
0x08051C1C,0x080CFDD4,bl,0x08051D78,1
0x08051D84,0x08005654,bl,0x08051EF6,1
0x08051D84,0x08006148,bl,0x08051E1C,2
0x08051D84,0x0801A828,bl,0x08051F2E,1
0x08051D84,0x0801C230,bl,0x08051DDA,1
0x08051D84,0x08030848,bl,0x08051DB8,1
0x08051F4C,0x080062C4,bl,0x08052004,1
0x08051F4C,0x0802233C,bl,0x08051FEA,1
0x08051F4C,0x080224B0,bl,0x08051FE4,1
0x08051F4C,0x080CFDCC,bl,0x08052012,8
0x080520DC,0x08006148,bl,0x080521B6,3
0x080520DC,0x0801A828,bl,0x08052310,2
0x080520DC,0x0801C444,bl,0x08052132,2
0x080520DC,0x08030848,bl,0x08052128,2
0x080520DC,0x0803E34C,bl,0x0805221A,2
0x0805239C,0x08002EE8,bl,0x0805246E,4
0x0805239C,0x0800617C,bl,0x0805247C,2
0x0805239C,0x080061C0,bl,0x08052464,3
0x0805239C,0x080064AC,bl,0x08052440,2
0x0805239C,0x080064DC,bl,0x0805241E,2
0x0805239C,0x080CFDCC,bl,0x08052406,13
0x0805239C,0x080CFDD4,bl,0x08052682,1
0x0805268C,0x08005654,bl,0x080526D0,1
0x0805268C,0x0801A828,bl,0x08052708,1
0x0805268C,0x08030804,bl,0x08052754,1
0x0805268C,0x08030848,bl,0x08052718,1
0x080527A4,0x080061C0,bl,0x080528A6,3
0x080527A4,0x0803E34C,bl,0x0805285A,1
0x080527A4,0x080CFDCC,bl,0x080528F2,5
0x080527A4,0x080CFDD4,bl,0x08052AE0,1
0x08052B08,0x08005654,bl,0x08052B26,1
0x08052B08,0x0801A828,bl,0x08052B64,1
0x08052B08,0x08030848,bl,0x08052B72,1
0x08052B88,0x080017E4,bl,0x08052BE2,5
0x08052B88,0x080031B8,bl,0x08052CC8,2
0x08052B88,0x080062C4,bl,0x08052DD6,1
0x08052B88,0x08027588,bl,0x08052DB4,1
0x08052B88,0x08053940,bl,0x08052D98,1
0x08052B88,0x080CFA5C,bl,0x08052D50,2
0x08052B88,0x080CFDCC,bl,0x08052CE6,30
0x08052B88,0x080CFDD4,bl,0x08052F5E,1
0x08052F6C,0x08006138,bl,0x0805336C,1
0x08052F6C,0x080061C0,bl,0x080530DC,2
0x08052F6C,0x080062C4,bl,0x080531F8,1
0x08052F6C,0x0802205C,bl,0x080532DA,1
0x08052F6C,0x0802233C,bl,0x080531DC,1
0x08052F6C,0x0803E34C,bl,0x08052FD6,1
0x08052F6C,0x0805AFAC,bl,0x080532A6,1
0x08052F6C,0x080CFDCC,bl,0x08052FFE,8
0x08052F6C,0x080CFDD4,bl,0x0805315C,1
0x08053380,0x08006148,bl,0x0805339C,2
0x08053380,0x0801A828,bl,0x0805346E,2
0x08053380,0x0801C230,bl,0x080533E2,1
0x08053380,0x08030848,bl,0x080533CA,2
0x08053380,0x0803E34C,bl,0x0805343C,1
0x080534D0,0x08001A94,bl,0x08053582,1
0x080534D0,0x08006464,bl,0x08053510,1
0x080535B0,0x080061C0,bl,0x0805365C,1
0x080535B0,0x0802205C,bl,0x080535D0,1
0x080535B0,0x080CFDCC,bl,0x08053666,8
0x080536DC,0x080031B8,bl,0x0805374A,1
0x080536DC,0x08006148,bl,0x0805370A,2
0x080536DC,0x080061C0,bl,0x08053772,1
0x080536DC,0x0801A828,bl,0x0805373A,1
0x080536DC,0x0801C230,bl,0x08053786,1
0x080536DC,0x0803E34C,bl,0x080537AC,1
0x080537DC,0x080061C0,bl,0x0805384C,1
0x080537DC,0x080CFDCC,bl,0x08053856,8
0x080538CC,0x08006148,bl,0x080538EE,1
0x080538CC,0x0801A828,bl,0x08053928,1
0x08053940,0x08005904,bl,0x0805397C,3
0x08053A44,0x08005904,bl,0x08053A78,1
0x08053AF4,0x08002E98,bl,0x08053B28,1
0x08053B40,0x08006338,bl,0x08053B9C,1
0x08053B40,0x08006384,bl,0x08053B7A,1
0x08053B40,0x080CFDCC,bl,0x08053BA2,2
0x08053BE0,0x08005654,bl,0x08053C0A,1
0x08053C1C,0x08005654,bl,0x08053C3C,1
0x08053C1C,0x0803DFC8,bl,0x08053C2C,1
0x08053C48,0x0800617C,bl,0x08053CBC,2
0x08053C48,0x080061C0,bl,0x08053CAC,1
0x08053C48,0x080063AC,bl,0x08053C90,1
0x08053C48,0x080CFDCC,bl,0x08053CC2,4
0x08053C48,0x080CFDD4,bl,0x08053CEE,1
0x08053D08,0x0800617C,bl,0x08053D7E,2
0x08053D08,0x080061C0,bl,0x08053D6C,1
0x08053D08,0x080063AC,bl,0x08053D50,1
0x08053D08,0x080CFDCC,bl,0x08053D84,3
0x08053D08,0x080CFDD4,bl,0x08053DA2,1
0x08053DB8,0x080064AC,bl,0x08053DFA,1
0x08053DB8,0x080064DC,bl,0x08053DE8,1
0x08053DB8,0x080CFDCC,bl,0x08053E0C,1
0x08053DB8,0x080CFDD4,bl,0x08053E10,1
0x08053E38,0x08002EE8,bl,0x08053E5C,1
0x08053E38,0x080063AC,bl,0x08053E6A,1
0x08053E38,0x080CFDCC,bl,0x08053EC8,7
0x08053E38,0x080CFDD4,bl,0x08053F4E,1
0x08053F70,0x08002EE8,bl,0x08053FBA,1
0x08053F70,0x080063AC,bl,0x08053FC8,1
0x08053F70,0x080CFDCC,bl,0x08054026,7
0x08053F70,0x080CFDD4,bl,0x080540B4,1
0x080540D0,0x0800617C,bl,0x08054184,2
0x080540D0,0x080061C0,bl,0x0805417E,2
0x080540D0,0x080062C4,bl,0x08054170,2
0x080540D0,0x080064AC,bl,0x08054234,1
0x080540D0,0x080064DC,bl,0x08054216,1
0x080540D0,0x0805AFAC,bl,0x080541BC,1
0x080540D0,0x080CFDCC,bl,0x0805418A,10
0x080540D0,0x080CFDD4,bl,0x08054284,1
0x08054298,0x0803FD20,bl,0x0805431A,1
0x08054330,0x0800617C,bl,0x080543E0,2
0x08054330,0x080061C0,bl,0x080543DA,3
0x08054330,0x080062C4,bl,0x080543CC,1
0x08054330,0x080064AC,bl,0x080544A0,1
0x08054330,0x080064DC,bl,0x08054482,1
0x08054330,0x0805AFAC,bl,0x08054416,1
0x08054330,0x080CFDCC,bl,0x080543E6,10
0x08054330,0x080CFDD4,bl,0x080544F0,1
0x08054538,0x0800617C,bl,0x080545CE,5
0x08054538,0x080061C0,bl,0x080545C0,4
0x08054538,0x080062C4,bl,0x0805462A,2
0x08054538,0x080064AC,bl,0x080547D4,1
0x08054538,0x080064DC,bl,0x080547B6,1
0x08054538,0x0805AFAC,bl,0x08054604,1
0x08054538,0x080CFDCC,bl,0x080545D4,20
0x08054538,0x080CFDD4,bl,0x08054824,1
0x08054838,0x08005654,bl,0x0805484C,1
0x0805485C,0x0803E34C,bl,0x0805488C,1
0x0805485C,0x080CFDCC,bl,0x080548AC,2
0x0805485C,0x080CFDD4,bl,0x080548D6,1
0x080548F0,0x080CFDCC,bl,0x08054926,8
0x080548F0,0x080CFDD4,bl,0x0805498A,1
0x080549A4,0x08022624,bl,0x080549EA,1
0x080549A4,0x080CFDCC,bl,0x08054A04,2
0x080549A4,0x080CFDD4,bl,0x08054A38,1
0x08054A44,0x08005654,bl,0x08054A68,1
0x08054A44,0x0801C3A4,bl,0x08054A48,1
0x08054A80,0x080CFDCC,bl,0x08054B44,2
0x08054A80,0x080CFDD4,bl,0x08054B74,1
0x08054B98,0x08001A94,bl,0x08054C12,2
0x08054D94,0x080CFDCC,bl,0x08054DBC,1
0x08054D94,0x080CFDD4,bl,0x08054DC8,1
0x08054DE8,0x080CFDCC,bl,0x08054E4A,20
0x08054DE8,0x080CFDD4,bl,0x08054FCC,1
0x08054FE4,0x08002EE8,bl,0x080551C6,3
0x08054FE4,0x0800617C,bl,0x080550BC,3
0x08054FE4,0x080061C0,bl,0x080550AE,1
0x08054FE4,0x080064AC,bl,0x0805508A,4
0x08054FE4,0x080064DC,bl,0x08055068,4
0x08054FE4,0x0805613A,bl,0x08055138,1
0x08054FE4,0x080CFDCC,bl,0x080550C2,13
0x08054FE4,0x080CFDD4,bl,0x080552F0,1
0x080552FC,0x080055B0,bl,0x080553B2,2
0x080552FC,0x08005654,bl,0x08055332,1
0x080552FC,0x0803EAF8,bl,0x08055364,1
0x080553D4,0x08001A94,bl,0x08055448,1
0x08055460,0x080CFDCC,bl,0x0805549E,8
0x08055460,0x080CFDD4,bl,0x08055504,1
0x08055520,0x080CFDCC,bl,0x08055564,21
0x08055520,0x080CFDD4,bl,0x0805567C,1
0x0805569C,0x080CFDCC,bl,0x080556BC,9
0x0805569C,0x080CFDD4,bl,0x08055730,1
0x0805574C,0x080CFDCC,bl,0x08055784,2
0x0805574C,0x080CFDD4,bl,0x080557C0,1
0x080557D4,0x08001A94,bl,0x0805581E,2
0x0805587C,0x0800617C,bl,0x0805592C,2
0x0805587C,0x080061C0,bl,0x08055926,3
0x0805587C,0x080062C4,bl,0x080558CE,1
0x0805587C,0x080064AC,bl,0x080559DC,1
0x0805587C,0x080064DC,bl,0x080559BE,1
0x0805587C,0x0805AFAC,bl,0x08055962,1
0x0805587C,0x080CFDCC,bl,0x08055932,10
0x0805587C,0x080CFDD4,bl,0x08055A2C,1
0x08055A40,0x080CFDCC,bl,0x08055A74,2
0x08055A40,0x080CFDD4,bl,0x08055A96,1
0x08055ABC,0x08005654,bl,0x08055AE6,1
0x08055B24,0x0800617C,bl,0x08055BB4,4
0x08055B24,0x080061C0,bl,0x08055B62,1
0x08055B24,0x080062C4,bl,0x08055B44,1
0x08055B24,0x080064AC,bl,0x08055B96,2
0x08055B24,0x080064DC,bl,0x08055B74,2
0x08055B24,0x080CFDCC,bl,0x08055BBA,16
0x08055B24,0x080CFDD4,bl,0x08055D0A,1
0x08055D74,0x080062C4,bl,0x08055D9C,1
0x08055D74,0x080064AC,bl,0x08055DF2,8
0x08055D74,0x080064DC,bl,0x08055DD0,8
0x08055D74,0x080CFDCC,bl,0x08055E14,16
0x08055D74,0x080CFDD4,bl,0x080560E6,1
0x0805614C,0x0800625C,bl,0x080561E6,2
0x0805614C,0x080062C4,bl,0x08056174,1
0x0805614C,0x080064AC,bl,0x08056198,4
0x0805614C,0x080572F6,bl,0x080562F4,1
0x0805614C,0x080CFDCC,bl,0x080561F2,4
0x0805614C,0x080CFDD4,bl,0x080562CC,1
0x08056320,0x0800617C,bl,0x080563AE,1
0x08056320,0x080062C4,bl,0x08056342,1
0x08056320,0x080CFDCC,bl,0x080563B4,7
0x08056320,0x080CFDD4,bl,0x08056414,1
0x08056448,0x080CFDCC,bl,0x08056468,2
0x08056448,0x080CFDD4,bl,0x08056492,1
0x080564AC,0x080575B6,bl,0x080565B4,1
0x080564AC,0x0805AFAC,bl,0x0805651C,2
0x080564AC,0x080CFDCC,bl,0x08056508,32
0x080564AC,0x080CFDD4,bl,0x0805675C,1
0x08056770,0x0800617C,bl,0x08056BB0,8
0x08056770,0x080061C0,bl,0x08056864,7
0x08056770,0x080062C4,bl,0x0805685A,2
0x08056770,0x080064AC,bl,0x080569A6,2
0x08056770,0x080064DC,bl,0x08056996,2
0x08056770,0x08057C46,bl,0x08056C44,1
0x08056770,0x0805AFAC,bl,0x080567E0,2
0x08056770,0x080CFDCC,bl,0x08056880,41
0x08056770,0x080CFDD4,bl,0x08056D8C,1
0x08056DD4,0x08002EE8,bl,0x08056F78,2
0x08056DD4,0x080061C0,bl,0x08056EA0,3
0x08056DD4,0x080064AC,bl,0x08056E7E,3
0x08056DD4,0x080064DC,bl,0x08056E5A,3
0x08056DD4,0x080CFDCC,bl,0x08056E50,17
0x08056DD4,0x080CFDD4,bl,0x0805706E,1
0x0805707C,0x08005654,bl,0x080570E2,2
0x0805710C,0x08006338,bl,0x080571B0,3
0x0805710C,0x080064DC,bl,0x08057192,16
0x0805710C,0x080CFDCC,bl,0x080571B6,7
0x080572F6,0x080064DC,bl,0x08057312,6
0x080572F6,0x080CFDCC,bl,0x08057306,4
0x080573A4,0x08005654,bl,0x080573CA,1
0x080573A4,0x0801A828,bl,0x080573F6,1
0x080573A4,0x08030804,bl,0x08057418,1
0x08057430,0x080064AC,bl,0x08057466,1
0x08057430,0x080064DC,bl,0x08057454,1
0x08057430,0x080CFDCC,bl,0x08057474,1
0x08057430,0x080CFDD4,bl,0x08057478,1
0x08057494,0x0800617C,bl,0x080575A6,1
0x08057494,0x080061C0,bl,0x08057588,1
0x08057494,0x080CFDCC,bl,0x080575AC,1
0x080575B6,0x0800617C,bl,0x080576B0,3
0x080575B6,0x080061C0,bl,0x08057694,5
0x080575B6,0x080062C4,bl,0x0805760E,1
0x080575B6,0x080064AC,bl,0x08057666,5
0x080575B6,0x080064DC,bl,0x08057648,5
0x080575B6,0x0805AFAC,bl,0x080575DC,1
0x080575B6,0x080CFDCC,bl,0x080575BA,26
0x080575B6,0x080CFDD4,bl,0x080579F6,1
0x08057A10,0x08005654,bl,0x08057A38,1
0x08057A48,0x080CFDCC,bl,0x08057A90,3
0x08057A48,0x080CFDD4,bl,0x08057AB0,1
0x08057AD4,0x08006338,bl,0x08057B72,1
0x08057AD4,0x080CFDCC,bl,0x08057B3C,4
0x08057C46,0x0800617C,bl,0x08057C52,2
0x08057C46,0x080CFDCC,bl,0x08057C68,3
0x08057C46,0x080CFDD4,bl,0x08057C8A,1
0x08057C98,0x08005654,bl,0x08057CC2,1
0x08057CE0,0x0800617C,bl,0x08057DD6,2
0x08057CE0,0x080061C0,bl,0x08057DC8,2
0x08057CE0,0x08058E8E,bl,0x08057E8C,1
0x08057CE0,0x080CFDCC,bl,0x08057DDC,10
0x08057CE0,0x080CFDD4,bl,0x08057E7C,1
0x08057E90,0x080061C0,bl,0x08057F3C,1
0x08057E90,0x08058F8E,bl,0x08057F8C,1
0x08057E90,0x080CFDCC,bl,0x08057F5C,3
0x08057E90,0x080CFDD4,bl,0x08057F7C,1
0x08057F90,0x080055B0,bl,0x08058122,2
0x08057F90,0x0800663C,bl,0x0805808E,3
0x08057F90,0x080670F0,bl,0x080582D0,8
0x08057F90,0x080CFDCC,bl,0x08057FD2,14
0x08057F90,0x080CFDD4,bl,0x080582A0,2
0x08058410,0x08005654,bl,0x08058426,1
0x08058410,0x0801A828,bl,0x0805844E,1
0x08058460,0x0800617C,bl,0x08058538,2
0x08058460,0x080061C0,bl,0x0805851C,5
0x08058460,0x08006338,bl,0x08058674,2
0x08058460,0x080CFDCC,bl,0x0805853E,14
0x08058460,0x080CFDD4,bl,0x080586DC,1
0x080586FC,0x08005654,bl,0x08058710,1
0x08058720,0x080061C0,bl,0x08058788,2
0x08058720,0x0805980E,bl,0x0805880C,1
0x08058720,0x080CFDCC,bl,0x0805878E,8
0x08058720,0x080CFDD4,bl,0x080587FE,1
0x08058810,0x08002EE8,bl,0x08058D90,2
0x08058810,0x080061C0,bl,0x080588C6,18
0x08058810,0x080062C4,bl,0x080588BE,16
0x08058810,0x080064AC,bl,0x080588B4,16
0x08058810,0x080064DC,bl,0x080588A2,20
0x08058810,0x080CFDCC,bl,0x08058890,27
0x08058810,0x080CFDD4,bl,0x08058E6A,1
0x08058E8E,0x08005654,bl,0x08058EE6,2
0x08058F8E,0x080061C0,bl,0x08058FE0,8
0x08058F8E,0x080064AC,bl,0x08058F9C,15
0x08058F8E,0x0805A366,bl,0x08059364,1
0x08058F8E,0x080CFDCC,bl,0x08058FEE,39
0x08058F8E,0x080CFDD4,bl,0x080594C4,1
0x080594E0,0x08005654,bl,0x08059562,1
0x08059570,0x080064AC,bl,0x080596A6,4
0x08059570,0x080CFDCC,bl,0x0805960C,17
0x0805980E,0x080CFDCC,bl,0x08059812,30
0x0805980E,0x080CFDD4,bl,0x080598E4,3
0x08059AAC,0x0801A828,bl,0x08059AE0,2
0x08059B18,0x08001A94,bl,0x08059B98,2
0x08059C28,0x080064AC,bl,0x08059C8A,1
0x08059C28,0x080064DC,bl,0x08059C68,1
0x08059C28,0x080CFDCC,bl,0x08059D32,4
0x08059C28,0x080CFDD4,bl,0x08059D68,1
0x08059D7C,0x080017E4,bl,0x0805A1EE,4
0x08059D7C,0x080061C0,bl,0x0805A28C,1
0x08059D7C,0x080064AC,bl,0x08059ECE,5
0x08059D7C,0x080064DC,bl,0x0805A22E,1
0x08059D7C,0x080CFDCC,bl,0x08059E20,31
0x08059D7C,0x080CFDD4,bl,0x0805A2DE,2
0x0805A320,0x08005654,bl,0x0805A348,1
0x0805A366,0x080CFDCC,bl,0x0805A3B4,12
0x0805A366,0x080CFDD4,bl,0x0805A4F4,1
0x0805A508,0x08005654,bl,0x0805A51C,1
0x0805A52C,0x080008E8,bl,0x0805A7BA,2
0x0805A52C,0x080017E4,bl,0x0805A67A,4
0x0805A52C,0x080055B0,bl,0x0805A936,2
0x0805A52C,0x0800663C,bl,0x0805A87A,3
0x0805A52C,0x0803E3E4,bl,0x0805AAD6,1
0x0805A52C,0x0803F834,bl,0x0805A774,1
0x0805A52C,0x08065E6C,bl,0x0805A790,1
0x0805A52C,0x080CFA58,bl,0x0805A79A,1
0x0805A52C,0x080CFDCC,bl,0x0805A584,24
0x0805A52C,0x080CFDD4,bl,0x0805AADE,1
0x0805AB04,0x08003014,bl,0x0805AB50,4
0x0805AB04,0x0801A828,bl,0x0805ABB6,1
0x0805AB04,0x08065ED0,bl,0x0805AC42,1
0x0805AC50,0x08001A94,bl,0x0805ACD6,1
0x0805AC50,0x08001CC8,bl,0x0805ACAA,1
0x0805AC50,0x08006464,bl,0x0805AC70,1
0x0805ACEC,0x0800617C,bl,0x0805AD9A,2
0x0805ACEC,0x080061C0,bl,0x0805AD88,1
0x0805ACEC,0x080062C4,bl,0x0805AD7E,1
0x0805ACEC,0x080CFDCC,bl,0x0805ADA0,5
0x0805ACEC,0x080CFDD4,bl,0x0805ADF0,1
0x0805AE00,0x08030804,bl,0x0805AE84,1
0x0805AE94,0x080CFDCC,bl,0x0805AED8,6
0x0805AE94,0x080CFDD4,bl,0x0805AF22,1
0x0805AF44,0x08005654,bl,0x0805AF6C,1
0x0805AF80,0x08005654,bl,0x0805AF94,1
0x0805AF80,0x0803DFC8,bl,0x0805AFA4,1
0x0805AFAC,0x08005904,bl,0x0805AFDC,2
0x0805B088,0x08005904,bl,0x0805B096,1
0x0805B110,0x0800214C,bl,0x0805B130,1
0x0805B110,0x080021DC,bl,0x0805B14E,1
0x0805B110,0x080022FC,bl,0x0805B12C,1
0x0805B110,0x08002338,bl,0x0805B14A,1
0x0805B110,0x08002378,bl,0x0805B128,1
0x0805B110,0x08002D18,bl,0x0805B13A,1
0x0805B110,0x08002E0C,bl,0x0805B134,2
0x0805B110,0x08008C4C,bl,0x0805B114,1
0x0805B110,0x08009B2C,bl,0x0805B120,1
0x0805B110,0x08026998,bl,0x0805B156,1
0x0805B110,0x08027178,bl,0x0805B15A,1
0x0805B110,0x08040788,bl,0x0805B13E,1
0x0805B110,0x0805B16C,bl,0x0805B118,1
0x0805B16C,0x08002028,bl,0x0805B16E,1
0x0805B16C,0x080022AC,bl,0x0805B172,1
0x0805B16C,0x08008C64,bl,0x0805B1C4,1
0x0805B16C,0x0800A008,bl,0x0805B1EE,1
0x0805B16C,0x08023FD4,bl,0x0805B1C8,1
0x0805B278,0x08002E98,bl,0x0805B328,1
0x0805B278,0x0805B370,bl,0x0805B318,1
0x0805B354,0x08002E98,bl,0x0805B360,1
0x0805B370,0x080017E4,bl,0x0805B3AC,2
0x0805B370,0x080058E4,bl,0x0805B3CE,5
0x0805B370,0x080CFA70,bl,0x0805B39E,1
0x0805B4BC,0x08002E98,bl,0x0805B4C8,1
0x0805B4D8,0x0805B514,bl,0x0805B4FA,1
0x0805B4D8,0x0805D8C4,bl,0x0805B4E2,1
0x0805B4D8,0x080CFDCC,bl,0x0805B4F0,1
0x0805B508,0x0805D8F4,bl,0x0805B50A,1
0x0805B514,0x08006138,bl,0x0805B528,1
0x0805B514,0x080062C4,bl,0x0805B51E,1
0x0805B514,0x0805D8C4,bl,0x0805B524,1
0x0805B534,0x08006148,bl,0x0805B576,2
0x0805B534,0x0805B5B0,bl,0x0805B53A,1
0x0805B534,0x0805BE48,bl,0x0805B546,1
0x0805B534,0x0805C584,bl,0x0805B542,1
0x0805B534,0x0805D8F4,bl,0x0805B536,1
0x0805B5B0,0x0805B61C,bl,0x0805B5D0,1
0x0805B644,0x0805B670,bl,0x0805B654,1
0x0805B644,0x080CFDCC,bl,0x0805B650,1
0x0805B660,0x0805C584,bl,0x0805B666,1
0x0805B660,0x0805D8F4,bl,0x0805B662,1
0x0805B670,0x08006138,bl,0x0805B67A,1
0x0805B688,0x08006148,bl,0x0805B6AA,1
0x0805B688,0x0805C584,bl,0x0805B68E,1
0x0805B688,0x0805D8F4,bl,0x0805B68A,1
0x0805B6C0,0x080031B8,bl,0x0805B714,2
0x0805B6C0,0x080058E4,bl,0x0805B6F2,1
0x0805B6C0,0x0805B83C,bl,0x0805B6E0,1
0x0805B6C0,0x0805B8B8,bl,0x0805B6E4,1
0x0805B6C0,0x0805B8F8,bl,0x0805B762,1
0x0805B6C0,0x0805B9A4,bl,0x0805B77C,1
0x0805B6C0,0x0805D8C4,bl,0x0805B6EA,1
0x0805B6C0,0x0806D4E4,bl,0x0805B6D0,1
0x0805B6C0,0x080CFDCC,bl,0x0805B73E,2
0x0805B788,0x08001A94,bl,0x0805B7F4,1
0x0805B788,0x080058E4,bl,0x0805B808,2
0x0805B788,0x0805D8F4,bl,0x0805B798,1
0x0805B8F8,0x080062C4,bl,0x0805B902,1
0x0805B8F8,0x0805BA08,bl,0x0805B986,1
0x0805B8F8,0x0805D8C4,bl,0x0805B908,1
0x0805B8F8,0x080CFDCC,bl,0x0805B922,5
0x0805B998,0x0805D8F4,bl,0x0805B99A,1
0x0805B9A4,0x08006138,bl,0x0805B9B4,1
0x0805B9A4,0x0805D8C4,bl,0x0805B9B0,1
0x0805B9C0,0x08006148,bl,0x0805B9EE,1
0x0805B9C0,0x0805D8F4,bl,0x0805B9C2,1
0x0805BA08,0x080062C4,bl,0x0805BA1C,2
0x0805BA08,0x08033D0C,bl,0x0805BB50,1
0x0805BA08,0x0805BC1C,bl,0x0805BAF4,1
0x0805BA08,0x0805BCA4,bl,0x0805BB5E,1
0x0805BA08,0x0805BCE0,bl,0x0805BB6A,1
0x0805BA08,0x0805D8C4,bl,0x0805BA36,3
0x0805BA08,0x080CFDCC,bl,0x0805BA3C,2
0x0805BB84,0x0805D8F4,bl,0x0805BB86,1
0x0805BB90,0x08006148,bl,0x0805BBCA,2
0x0805BC1C,0x08006138,bl,0x0805BC40,1
0x0805BC1C,0x080062C4,bl,0x0805BC32,1
0x0805BC1C,0x0805BCA4,bl,0x0805BC3C,1
0x0805BC1C,0x0805D8C4,bl,0x0805BC38,1
0x0805BC50,0x0805D8F4,bl,0x0805BC52,1
0x0805BC5C,0x08006148,bl,0x0805BC86,1
0x0805BCE0,0x0805BD34,bl,0x0805BD1C,1
0x0805BCE0,0x0805D8C4,bl,0x0805BD0C,1
0x0805BCE0,0x0805E15C,bl,0x0805BD10,1
0x0805BCE0,0x080CFDCC,bl,0x0805BCF8,2
0x0805BD28,0x0805D8F4,bl,0x0805BD2A,1
0x0805BD34,0x08006138,bl,0x0805BE1E,1
0x0805BD34,0x0800A04C,bl,0x0805BD9C,1
0x0805BD34,0x0805D8C4,bl,0x0805BD6A,1
0x0805BD34,0x080CFDCC,bl,0x0805BD7A,11
0x0805BE3C,0x0805D8F4,bl,0x0805BE3E,1
0x0805BE48,0x08001A94,bl,0x0805BE8C,1
0x0805BEB0,0x080062C4,bl,0x0805BEE0,1
0x0805BEB0,0x080CFDCC,bl,0x0805BF30,18
0x0805C0A8,0x080CFDCC,bl,0x0805C0CC,4
0x0805C0A8,0x080CFDD4,bl,0x0805C106,1
0x0805C114,0x08006148,bl,0x0805C138,1
0x0805C150,0x08001A94,bl,0x0805C1E6,1
0x0805C150,0x08005D9C,bl,0x0805C154,1
0x0805C204,0x08002EE8,bl,0x0805C226,2
0x0805C204,0x0800622C,bl,0x0805C2B6,1
0x0805C204,0x080CFDCC,bl,0x0805C2CA,16
0x0805C204,0x080CFDD4,bl,0x0805C3EA,1
0x0805C410,0x08002EE8,bl,0x0805C432,2
0x0805C410,0x0800622C,bl,0x0805C4C2,1
0x0805C410,0x080CFDCC,bl,0x0805C4D4,8
0x0805C410,0x080CFDD4,bl,0x0805C55C,1
0x0805C5FC,0x08006138,bl,0x0805C78C,1
0x0805C5FC,0x080062C4,bl,0x0805C62A,3
0x0805C5FC,0x0805C814,bl,0x0805C806,1
0x0805C5FC,0x080CFDCC,bl,0x0805C6A2,6
0x0805C814,0x08006138,bl,0x0805C96C,1
0x0805C814,0x080062C4,bl,0x0805C816,3
0x0805C814,0x080CFDCC,bl,0x0805C878,6
0x0805C990,0x08006148,bl,0x0805CA76,2
0x0805C990,0x08026264,bl,0x0805C9BE,1
0x0805CB30,0x080CFDCC,bl,0x0805CBC6,2
0x0805CBEC,0x080CFDCC,bl,0x0805CC44,1
0x0805CBEC,0x080CFDD4,bl,0x0805CC48,1
0x0805CCA0,0x080058E4,bl,0x0805CD12,1
0x0805CCA0,0x08006138,bl,0x0805CE16,2
0x0805CCA0,0x080062C4,bl,0x0805CE92,1
0x0805CCA0,0x080CFDCC,bl,0x0805CCFC,23
0x0805CF3C,0x080058E4,bl,0x0805D27C,1
0x0805CF3C,0x08006138,bl,0x0805D2DC,2
0x0805CF3C,0x080062C4,bl,0x0805D05A,5
0x0805CF3C,0x08006338,bl,0x0805D378,8
0x0805CF3C,0x0805D8A4,bl,0x0805CFE4,6
0x0805CF3C,0x0805D994,bl,0x0805CF8E,1
0x0805CF3C,0x080CFDCC,bl,0x0805CFF4,40
0x0805D420,0x080058E4,bl,0x0805D4B0,1
0x0805D420,0x0805D8F4,bl,0x0805D42A,1
0x0805D564,0x080CFDCC,bl,0x0805D5CC,1
0x0805D5FC,0x08001A94,bl,0x0805D64A,1
0x0805D5FC,0x08005ACC,bl,0x0805D604,1
0x0805D5FC,0x08005D9C,bl,0x0805D600,1
0x0805D668,0x080031B8,bl,0x0805D870,1
0x0805D668,0x08006214,bl,0x0805D856,1
0x0805D668,0x080062C4,bl,0x0805D74A,1
0x0805D668,0x08009E60,bl,0x0805D87A,1
0x0805D668,0x080CFDCC,bl,0x0805D710,18
0x0805D668,0x080CFDD4,bl,0x0805D87E,1
0x0805D8A4,0x0805D918,bl,0x0805D8B6,1
0x0805D8C4,0x0805D918,bl,0x0805D8E4,1
0x0805D8F4,0x0805D918,bl,0x0805D90A,1
0x0805D918,0x08006338,bl,0x0805D976,1
0x0805D918,0x0805D8C4,bl,0x0805D95E,1
0x0805DA2C,0x080017E4,bl,0x0805DA90,4
0x0805DA2C,0x08001A94,bl,0x0805DB76,1
0x0805DA2C,0x08005ACC,bl,0x0805DA50,1
0x0805DBA0,0x08002E98,bl,0x0805DBD8,2
0x0805DBA0,0x080062C4,bl,0x0805DBB4,1
0x0805DC18,0x08006138,bl,0x0805DD3C,1
0x0805DC18,0x080CFDCC,bl,0x0805DCEC,4
0x0805DD4C,0x0805DEAC,bl,0x0805DD74,1
0x0805DD88,0x08006138,bl,0x0805DD9E,1
0x0805DD88,0x08006364,bl,0x0805DD9A,1
0x0805DDB0,0x0805AFAC,bl,0x0805DE7C,1
0x0805DDB0,0x0805B088,bl,0x0805DDC6,1
0x0805DEAC,0x08006148,bl,0x0805DF78,1
0x0805DEAC,0x0805AFAC,bl,0x0805DF50,1
0x0805DF9C,0x08006148,bl,0x0805DFC4,1
0x0805DF9C,0x080062C4,bl,0x0805DFD4,1
0x0805DFE8,0x0805DF9C,bl,0x0805E016,2
0x0805E110,0x08006148,bl,0x0805E13A,1
0x0805E110,0x0805E038,bl,0x0805E132,1
0x0805E110,0x08068A8C,bl,0x0805E12C,1
0x0805E15C,0x08006138,bl,0x0805E1B4,1
0x0805E15C,0x0805E1BC,bl,0x0805E1A2,1
0x0805E15C,0x0805E24C,bl,0x0805E1B0,1
0x0805E1BC,0x08002E98,bl,0x0805E1FC,2
0x0805E1BC,0x08002EE8,bl,0x0805E1CA,1
0x0805E1BC,0x08003110,bl,0x0805E1F0,2
0x0805E24C,0x08002E98,bl,0x0805E2A6,1
0x0805E24C,0x08002EE8,bl,0x0805E266,1
0x0805E24C,0x08003110,bl,0x0805E292,1
0x0805E24C,0x08006364,bl,0x0805E250,1
0x0805E24C,0x080258E0,bl,0x0805E2BA,1
0x0805E24C,0x080CFDCC,bl,0x0805E256,2
0x0805E2D4,0x0800625C,bl,0x0805E2F4,7
0x0805E2D4,0x080062C4,bl,0x0805E6A0,2
0x0805E2D4,0x0805AFAC,bl,0x0805E786,1
0x0805E2D4,0x080CFDCC,bl,0x0805E30C,70
0x0805E7B4,0x0800625C,bl,0x0805E808,7
0x0805E7B4,0x080062C4,bl,0x0805E95E,4
0x0805E7B4,0x0805AFAC,bl,0x0805EAD2,1
0x0805E7B4,0x080CFDCC,bl,0x0805E7E4,41
0x0805EB2C,0x0800625C,bl,0x0805EB4E,15
0x0805EB2C,0x080062C4,bl,0x0805ED0C,2
0x0805EB2C,0x0805AFAC,bl,0x0805EE3E,1
0x0805EB2C,0x080CFDCC,bl,0x0805EB5C,34
0x0805EE90,0x08006244,bl,0x0805F0D8,1
0x0805EE90,0x080062C4,bl,0x0805F154,1
0x0805EE90,0x0805AFAC,bl,0x0805F16E,1
0x0805EE90,0x080CFDCC,bl,0x0805EEB4,45
0x0805F1BC,0x0800625C,bl,0x0805F4BE,4
0x0805F1BC,0x080062C4,bl,0x0805F720,1
0x0805F1BC,0x0805AFAC,bl,0x0805F73E,1
0x0805F1BC,0x080CFDCC,bl,0x0805F1E4,74
0x0805F778,0x08006244,bl,0x0805FB1E,1
0x0805F778,0x0800625C,bl,0x0805F85C,7
0x0805F778,0x080062C4,bl,0x0805FB2C,1
0x0805F778,0x0805AFAC,bl,0x0805FB46,1
0x0805F778,0x080CFDCC,bl,0x0805F79E,54
0x0805FB88,0x0800625C,bl,0x0805FBB2,9
0x0805FB88,0x080062C4,bl,0x0805FF28,3
0x0805FB88,0x08006364,bl,0x0805FD1A,1
0x0805FB88,0x0805AFAC,bl,0x080602CC,1
0x0805FB88,0x080CFDCC,bl,0x0805FBC8,100
0x08060308,0x0800625C,bl,0x08060326,11
0x08060308,0x080062C4,bl,0x08060440,4
0x08060308,0x0805AFAC,bl,0x08060BFC,1
0x08060308,0x080CFDCC,bl,0x08060340,129
0x08060C2C,0x0800625C,bl,0x08060C76,16
0x08060C2C,0x080062C4,bl,0x0806138A,1
0x08060C2C,0x0805AFAC,bl,0x0806139E,1
0x08060C2C,0x080CFDCC,bl,0x08060C56,96
0x080613E4,0x0800625C,bl,0x0806140E,16
0x080613E4,0x080062C4,bl,0x08061C6E,1
0x080613E4,0x0805AFAC,bl,0x08061C8C,1
0x080613E4,0x080CFDCC,bl,0x0806141A,119
0x08061CAC,0x0800625C,bl,0x08061CD2,18
0x08061CAC,0x080062C4,bl,0x08062550,1
0x08061CAC,0x0805AFAC,bl,0x08062564,1
0x08061CAC,0x080CFDCC,bl,0x08061CDE,117
0x08062584,0x0800625C,bl,0x080625AE,18
0x08062584,0x080062C4,bl,0x08062F34,1
0x08062584,0x0805AFAC,bl,0x08062F52,1
0x08062584,0x08063DFE,bl,0x08062DFC,1
0x08062584,0x080CFDCC,bl,0x080625BA,138
0x08062F88,0x0800625C,bl,0x08062FBE,12
0x08062F88,0x080062C4,bl,0x0806363A,1
0x08062F88,0x0805AFAC,bl,0x0806364E,1
0x08062F88,0x080643A2,bl,0x080633A0,1
0x08062F88,0x080CFDCC,bl,0x08062FCA,94
0x08063698,0x08005904,bl,0x0806369C,1
0x080636E4,0x08063704,bl,0x080636E8,1
0x080636E4,0x080637E4,bl,0x080636EE,1
0x080636E4,0x08063A9C,bl,0x080636F4,1
0x080636E4,0x08069AC4,bl,0x080636FA,1
0x080637AC,0x08065F74,bl,0x080637B8,1
0x080637CC,0x08065F5C,bl,0x080637CE,1
0x080637E4,0x080637AC,bl,0x080638C2,1
0x080637E4,0x08065CE0,bl,0x08063854,1
0x080637E4,0x080CFC34,bl,0x080638D0,1
0x08063908,0x0806391C,bl,0x08063910,1
0x0806391C,0x080637AC,bl,0x0806394E,1
0x080639B4,0x080639C8,bl,0x080639BC,1
0x08063A00,0x08063A14,bl,0x08063A08,1
0x08063BF4,0x08063BD4,bl,0x08063C46,1
0x08063C60,0x08063BF4,bl,0x08063C66,1
0x08063C74,0x08063B38,bl,0x08063C76,1
0x08063C74,0x08063C60,bl,0x08063C86,1
0x08063CBC,0x08063C94,bl,0x08063CC2,1
0x08063CD0,0x08063B38,bl,0x08063CD2,1
0x08063CD0,0x08063CBC,bl,0x08063CE2,1
0x08063D18,0x08063CF0,bl,0x08063D1E,1
0x08063D2C,0x08063B38,bl,0x08063D2E,1
0x08063D2C,0x08063D18,bl,0x08063D3E,1
0x08063D7C,0x08063B38,bl,0x08063D7E,1
0x08063D7C,0x08063D4C,bl,0x08063DA2,1
0x08063DDC,0x08063DAC,bl,0x08063DDE,1
0x08063DF4,0x08063B38,bl,0x08063DF6,1
0x08063DFE,0x08063DAC,bl,0x08063E06,1
0x08063E14,0x08063DF4,bl,0x08063E16,1
0x08063F00,0x08063B38,bl,0x08063F04,1
0x08063F00,0x08063EB0,bl,0x08063F14,1
0x08063F24,0x08005654,bl,0x08063F68,2
0x08063F24,0x080B54A4,bl,0x08063F86,2
0x08063F24,0x080CFC30,bl,0x08063F56,1
0x08063F24,0x080CFDD4,bl,0x08063FBC,1
0x08063FE0,0x08063F24,bl,0x08063FE6,1
0x08063FF4,0x080061A8,bl,0x0806402E,1
0x08063FF4,0x08006338,bl,0x0806401E,1
0x08064038,0x08006338,bl,0x08064062,1
0x0806406C,0x080061A8,bl,0x0806409C,1
0x080640A8,0x080640FC,bl,0x080640BC,1
0x080640DC,0x080640FC,bl,0x080640EE,1
0x080640FC,0x08006338,bl,0x08064144,1
0x0806415C,0x08063E14,bl,0x08064172,1
0x0806415C,0x080640FC,bl,0x08064176,1
0x08064188,0x080640FC,bl,0x0806419E,1
0x08064188,0x080CFA50,bl,0x080641D8,1
0x0806425C,0x080CFA50,bl,0x08064280,1
0x080642B0,0x0806425C,bl,0x080642E6,1
0x080642FC,0x080642B0,bl,0x08064304,1
0x08064314,0x08063B38,bl,0x08064318,1
0x08064314,0x080642FC,bl,0x0806432A,1
0x0806433C,0x08063D18,bl,0x0806433E,1
0x08064358,0x08063B38,bl,0x0806435A,1
0x08064358,0x0806433C,bl,0x0806436A,1
0x0806437C,0x08063CBC,bl,0x0806437E,1
0x08064398,0x08063B38,bl,0x0806439A,1
0x080643A2,0x0806437C,bl,0x080643AA,1
0x080643BC,0x0806433C,bl,0x080643C0,1
0x080643BC,0x0806437C,bl,0x080643CA,1
0x0806443C,0x08063B38,bl,0x0806443E,1
0x0806443C,0x080643BC,bl,0x0806444E,1
0x080645A4,0x08064314,bl,0x080645B4,1
0x080645A4,0x08064460,bl,0x080645FE,4
0x080645A4,0x080644C0,bl,0x08064620,5
0x080645A4,0x0806453C,bl,0x08064614,3
0x08064680,0x08064460,bl,0x080646D6,4
0x08064680,0x080644C0,bl,0x080646F8,5
0x08064680,0x0806453C,bl,0x080646EC,3
0x08064758,0x08063C60,bl,0x080647B2,2
0x08064758,0x080648A0,bl,0x08064794,1
0x080647FC,0x08063C60,bl,0x08064856,2
0x080647FC,0x080648A0,bl,0x08064838,1
0x0806493C,0x08063B38,bl,0x0806493E,1
0x0806493C,0x080648A0,bl,0x0806494E,1
0x08064970,0x080648A0,bl,0x08064976,1
0x08064984,0x08063B38,bl,0x08064988,1
0x08064984,0x08063CBC,bl,0x08064998,1
0x080649B4,0x0800A04C,bl,0x08064A1E,1
0x08064A60,0x08064A38,bl,0x08064A62,1
0x08064A78,0x08021A40,bl,0x08064A8A,1
0x08064A78,0x08063698,bl,0x08064A9C,1
0x08064A78,0x080636E4,bl,0x08064B0E,1
0x08064B28,0x08064A78,bl,0x08064B50,1
0x08064B5C,0x08064A78,bl,0x08064B9A,1
0x08064BA8,0x08064A78,bl,0x08064BBE,1
0x08064C1C,0x08063698,bl,0x08064C30,1
0x08064CDC,0x08064C1C,bl,0x08064D28,1
0x08064D34,0x08064C1C,bl,0x08064D62,1
0x08064D6C,0x08064C1C,bl,0x08064D90,1
0x08064D9C,0x08063698,bl,0x08064DCA,1
0x08064D9C,0x080636E4,bl,0x08064E40,1
0x08064E5C,0x08064D9C,bl,0x08064E80,1
0x08064E90,0x08064D9C,bl,0x08064EAC,1
0x08064EB8,0x08064D34,bl,0x08064F10,1
0x08064EB8,0x08064E5C,bl,0x08064EC4,1
0x08064F28,0x08063698,bl,0x08064F4C,1
0x08064F28,0x080636E4,bl,0x08064FAA,1
0x08064FC4,0x08064F28,bl,0x08065050,1
0x0806505C,0x08064F28,bl,0x080650B0,1
0x08065100,0x08064F28,bl,0x0806512A,1
0x080651B4,0x08001A94,bl,0x08065222,1
0x080651B4,0x08005ACC,bl,0x080651D8,1
0x080651B4,0x08065160,bl,0x080651CE,1
0x0806523C,0x08001A94,bl,0x080652AA,1
0x0806523C,0x08005ACC,bl,0x08065260,1
0x0806523C,0x08063FE0,bl,0x080652BC,1
0x0806523C,0x08065160,bl,0x08065256,1
0x080652C8,0x08001A94,bl,0x08065336,1
0x080652C8,0x08005ACC,bl,0x080652EC,1
0x080652C8,0x08066A6C,bl,0x080652E2,1
0x08065350,0x08001A94,bl,0x080653BE,1
0x08065350,0x08005ACC,bl,0x08065374,1
0x08065350,0x0800A554,bl,0x080653DA,1
0x08065350,0x08063FE0,bl,0x080653DE,1
0x08065350,0x08066A6C,bl,0x0806536A,1
0x08065350,0x08066A80,bl,0x080653D0,1
0x080653EC,0x08005ACC,bl,0x0806540E,1
0x080653EC,0x0800A554,bl,0x0806542A,1
0x080653EC,0x08063FE0,bl,0x0806542E,1
0x080653EC,0x08065470,bl,0x08065416,1
0x080653EC,0x08066A6C,bl,0x08065404,1
0x080653EC,0x08066A80,bl,0x08065420,1
0x08065438,0x08005ACC,bl,0x0806545A,1
0x08065438,0x08065470,bl,0x08065462,1
0x08065438,0x08066A6C,bl,0x08065450,1
0x08065470,0x080017E4,bl,0x080654BE,1
0x08065470,0x08001A94,bl,0x08065530,1
0x08065470,0x0806685C,bl,0x080654EC,1
0x0806555C,0x08001A94,bl,0x080655BE,2
0x08065640,0x08005ACC,bl,0x08065662,2
0x08065640,0x08063FE0,bl,0x08065674,1
0x08065640,0x08065160,bl,0x08065658,2
0x08065640,0x0806555C,bl,0x0806566A,2
0x0806572C,0x080059A0,bl,0x0806572E,1
0x080657F8,0x08065848,bl,0x08065802,1
0x080657F8,0x080CFA58,bl,0x0806582C,1
0x08065848,0x08064D34,bl,0x08065864,1
0x080658B8,0x08002E98,bl,0x080658C6,1
0x080658D8,0x08003014,bl,0x0806597E,1
0x080658D8,0x080CFDCC,bl,0x08065984,1
0x080658D8,0x080CFDD4,bl,0x0806599C,1
0x080659B4,0x080017E4,bl,0x08065A12,1
0x080659B4,0x080CFDCC,bl,0x08065A30,1
0x080659B4,0x080CFDD4,bl,0x08065A4E,1
0x08065A68,0x080017E4,bl,0x08065AAE,2
0x08065A68,0x080CFDCC,bl,0x08065AE8,1
0x08065A68,0x080CFDD4,bl,0x08065B00,1
0x08065B14,0x08003014,bl,0x08065BDE,1
0x08065B14,0x080CFDCC,bl,0x08065BE4,1
0x08065B14,0x080CFDD4,bl,0x08065BFC,1
0x08065C14,0x08003014,bl,0x08065C8C,2
0x08065C14,0x080CFDCC,bl,0x08065CB0,1
0x08065C14,0x080CFDD4,bl,0x08065CC8,1
0x08065D44,0x080017E4,bl,0x08065DAC,1
0x08065DBC,0x08065D44,bl,0x08065DC6,1
0x08065DD0,0x080017E4,bl,0x08065DEA,1
0x08065DFC,0x080017E4,bl,0x08065E0C,1
0x08065E1C,0x080031B8,bl,0x08065E3E,3
0x08065F5C,0x08065F74,bl,0x08065F62,1
0x08066088,0x0806601C,bl,0x0806609E,1
0x08066088,0x0806685C,bl,0x08066136,1
0x08066088,0x080B55D8,bl,0x08066106,1
0x08066088,0x080B5628,bl,0x080660EC,1
0x0806619C,0x080055B0,bl,0x080661BC,1
0x0806621C,0x080055B0,bl,0x0806622C,1
0x0806621C,0x08066468,bl,0x0806625A,1
0x0806621C,0x080664CC,bl,0x08066272,1
0x080662D8,0x0806627C,bl,0x0806631E,1
0x080662D8,0x080663F4,bl,0x08066302,1
0x080662D8,0x08066480,bl,0x0806631A,1
0x080662D8,0x08068F68,bl,0x080662E2,1
0x080662D8,0x08069B44,bl,0x080662E6,1
0x080662D8,0x080CFC30,bl,0x0806632A,1
0x080663F4,0x0806685C,bl,0x0806644A,2
0x08066480,0x0806685C,bl,0x080664AC,2
0x080664CC,0x0806685C,bl,0x080664D8,1
0x080664E0,0x080055B0,bl,0x080664EE,1
0x080664E0,0x080640C8,bl,0x080664FE,1
0x080664E0,0x080640DC,bl,0x08066508,1
0x080664E0,0x08066544,bl,0x080664E4,1
0x080664E0,0x08066564,bl,0x08066526,1
0x080664E0,0x080666A4,bl,0x0806652A,1
0x080664E0,0x080CFDCC,bl,0x0806651C,1
0x08066544,0x080639B4,bl,0x08066552,1
0x08066544,0x080665A0,bl,0x08066556,1
0x08066564,0x080639B4,bl,0x08066572,1
0x08066580,0x080639B4,bl,0x08066592,1
0x08066580,0x080665A0,bl,0x0806658A,1
0x080665A0,0x0800A280,bl,0x080665AA,1
0x080665A0,0x0800A294,bl,0x080665EC,1
0x080665A0,0x0800A340,bl,0x080665D2,1
0x080665FC,0x0806660C,bl,0x08066600,1
0x08066658,0x080055B0,bl,0x08066686,1
0x08066658,0x080639B4,bl,0x0806668E,1
0x08066658,0x080640C8,bl,0x0806666E,1
0x08066658,0x080640DC,bl,0x08066678,1
0x080666A4,0x080055B0,bl,0x080666AC,1
0x080666CC,0x08066658,bl,0x080666CE,1
0x080666CC,0x080666A4,bl,0x080666E8,1
0x080666CC,0x080CFDCC,bl,0x080666DE,1
0x080666F8,0x08066658,bl,0x080666FA,1
0x080666F8,0x080666A4,bl,0x0806670E,1
0x080666F8,0x08066718,bl,0x08066706,1
0x080666F8,0x080CFDCC,bl,0x08066702,1
0x08066718,0x08026A0C,bl,0x0806673A,1
0x08066718,0x08026A80,bl,0x08066740,1
0x08066718,0x08026AEC,bl,0x08066746,1
0x08066754,0x0806415C,bl,0x08066780,1
0x08066754,0x08064188,bl,0x08066772,1
0x08066754,0x08068F68,bl,0x08066788,1
0x08066754,0x08069B44,bl,0x0806678C,1
0x08066798,0x08064E90,bl,0x080667B0,1
0x080667C0,0x08006338,bl,0x0806682E,1
0x080667C0,0x0800A554,bl,0x080667D2,1
0x080667C0,0x08066A94,bl,0x08066822,1
0x080667C0,0x0806A008,bl,0x08066826,1
0x080667C0,0x0806AE94,bl,0x08066832,1
0x0806684C,0x080262DC,bl,0x0806684E,1
0x0806684C,0x08066798,bl,0x08066852,1
0x0806685C,0x080017E4,bl,0x08066898,2
0x080668C8,0x08063F24,bl,0x08066954,1
0x080668C8,0x08066988,bl,0x0806696E,1
0x080668C8,0x080CFC34,bl,0x0806691E,1
0x08066988,0x080055B0,bl,0x080669FC,1
0x08066988,0x08006148,bl,0x080669F4,1
0x08066988,0x08063F24,bl,0x080669DA,1
0x08066988,0x0806BE4C,bl,0x080669AA,1
0x08066A6C,0x08066A0C,bl,0x08066A72,1
0x08066A80,0x08066A0C,bl,0x08066A88,1
0x08066AE0,0x080637CC,bl,0x08066B2C,1
0x08066B34,0x08063908,bl,0x08066B54,1
0x08066B70,0x08063FF4,bl,0x08066B9E,1
0x08066BA8,0x080062C4,bl,0x08066BAE,1
0x08066BA8,0x08063E14,bl,0x08066BAA,1
0x08066C08,0x08063908,bl,0x08066C1A,1
0x08066C08,0x08066E88,bl,0x08066C26,1
0x08066C3C,0x08066C08,bl,0x08066C64,1
0x08066C74,0x08001A94,bl,0x08066CEA,2
0x08066C74,0x08005ACC,bl,0x08066C9E,1
0x08066C74,0x08063FE0,bl,0x08066DC0,1
0x08066C74,0x08065160,bl,0x08066C92,1
0x08066C74,0x08066DCC,bl,0x08066D3E,1
0x08066DCC,0x0806EE2C,bl,0x08066E6C,1
0x08066E88,0x08063B38,bl,0x08066EF8,1
0x08066E88,0x08064FC4,bl,0x08066ED2,1
0x08066E88,0x08066DCC,bl,0x08066EA0,1
0x08066F50,0x08003110,bl,0x08066F68,1
0x08066F50,0x080713F8,bl,0x08066F62,1
0x08066F78,0x080017E4,bl,0x08066F86,2
0x08066FC0,0x08003110,bl,0x08067012,1
0x08066FC0,0x08064D9C,bl,0x08066FE2,1
0x0806704C,0x08066F78,bl,0x0806704E,1
0x0806704C,0x08066FC0,bl,0x08067058,1
0x080670AC,0x080055B0,bl,0x080670BE,1
0x080670AC,0x0800652C,bl,0x080670B6,1
0x080670AC,0x080271EC,bl,0x080670C2,1
0x080670AC,0x08067108,bl,0x080670C6,1
0x080670D4,0x0800652C,bl,0x080670DC,1
0x080670D4,0x08027210,bl,0x080670E0,1
0x080670D4,0x08067114,bl,0x080670E4,1
0x080670F0,0x080017E4,bl,0x080670FA,1
0x08067120,0x08064BA8,bl,0x08067146,1
0x08067170,0x08063908,bl,0x08067180,1
0x08067170,0x080639B4,bl,0x0806719A,1
0x08067170,0x08064A60,bl,0x080671AE,1
0x080671C0,0x08002E98,bl,0x080671F0,1
0x080671C0,0x0806395C,bl,0x080671E4,1
0x080671C0,0x08067170,bl,0x080671DE,1
0x08067214,0x08002E98,bl,0x08067220,1
0x08067214,0x08068E04,bl,0x0806723C,1
0x08067214,0x08069B44,bl,0x08067240,1
0x08067258,0x080061C0,bl,0x08067276,2
0x08067258,0x080062C4,bl,0x08067302,1
0x08067258,0x08063FE0,bl,0x0806735C,1
0x08067258,0x080CFDCC,bl,0x08067286,14
0x0806737C,0x08002E98,bl,0x080673CA,1
0x0806737C,0x080062C4,bl,0x0806738A,1
0x080673EC,0x08002E98,bl,0x080673F8,1
0x08067408,0x08002E98,bl,0x08067414,1
0x08067408,0x08026264,bl,0x08067458,1
0x08067408,0x0803E080,bl,0x0806742E,1
0x08067408,0x0803E2D4,bl,0x08067418,1
0x08067470,0x08006138,bl,0x0806749E,1
0x08067470,0x080062C4,bl,0x08067496,1
0x08067470,0x08068690,bl,0x0806747A,1
0x08067470,0x08068760,bl,0x08067484,1
0x08067470,0x080687A0,bl,0x0806748E,1
0x08067470,0x080687E0,bl,0x0806749A,1
0x08067470,0x080CFDCC,bl,0x0806748A,1
0x080674A8,0x080687FC,bl,0x080674C8,1
0x080674D8,0x08006138,bl,0x080674E6,1
0x080674D8,0x08068828,bl,0x080674E2,1
0x080674F8,0x08006138,bl,0x0806750E,1
0x080674F8,0x080062C4,bl,0x08067506,1
0x080674F8,0x08068840,bl,0x0806750A,1
0x08067520,0x080062C4,bl,0x0806752C,1
0x08067520,0x0806865C,bl,0x08067534,1
0x08067520,0x0806896C,bl,0x08067548,1
0x08067550,0x08006138,bl,0x080675CA,1
0x08067550,0x08006338,bl,0x080675B4,2
0x08067550,0x080684A4,bl,0x080675B8,1
0x080675D8,0x080675E4,bl,0x080675DA,1
0x080675E4,0x08006338,bl,0x080676A2,1
0x080675E4,0x080684A4,bl,0x08067684,1
0x080676C0,0x080031B8,bl,0x08067762,4
0x080676C0,0x08006138,bl,0x080678F4,1
0x080676C0,0x080061C0,bl,0x080677CA,1
0x080676C0,0x0800622C,bl,0x080677D8,1
0x080676C0,0x080062C4,bl,0x080676CE,1
0x080676C0,0x08006338,bl,0x080677F2,2
0x080676C0,0x08006364,bl,0x080678AA,1
0x080676C0,0x0803E1B8,bl,0x080677A6,1
0x080676C0,0x080675E4,bl,0x080676E6,1
0x080676C0,0x0806896C,bl,0x080678CC,1
0x080676C0,0x08068A2C,bl,0x080676DA,1
0x080676C0,0x080CFDCC,bl,0x08067722,12
0x08067908,0x080062C4,bl,0x0806792E,1
0x08067908,0x0801BCAC,bl,0x08067914,1
0x08067908,0x080227A4,bl,0x0806790E,1
0x08067908,0x0806865C,bl,0x08067936,1
0x08067950,0x08006138,bl,0x080679E8,1
0x08067950,0x080061C0,bl,0x08067A0A,1
0x08067950,0x080062C4,bl,0x08067982,1
0x08067950,0x080CFDCC,bl,0x080679B4,2
0x08067A48,0x08006138,bl,0x08067B18,1
0x08067A48,0x08006338,bl,0x08067AB2,5
0x08067A48,0x080684A4,bl,0x08067ADA,1
0x08067B24,0x080031B8,bl,0x08067B94,4
0x08067B24,0x08006138,bl,0x08067D1A,1
0x08067B24,0x080061C0,bl,0x08067BF2,1
0x08067B24,0x0800622C,bl,0x08067C00,1
0x08067B24,0x080062C4,bl,0x08067B34,1
0x08067B24,0x08006338,bl,0x08067C1E,3
0x08067B24,0x08006364,bl,0x08067CC6,1
0x08067B24,0x0803E1B8,bl,0x08067BDE,1
0x08067B24,0x0806896C,bl,0x08067CD0,1
0x08067B24,0x08068A2C,bl,0x08067B5A,1
0x08067B24,0x080CFDCC,bl,0x08067C24,12
0x08067D30,0x080062C4,bl,0x08067D56,1
0x08067D30,0x0801BCAC,bl,0x08067D3C,1
0x08067D30,0x080227A4,bl,0x08067D36,1
0x08067D30,0x0806865C,bl,0x08067D5E,1
0x08067D78,0x08006138,bl,0x08067D9E,1
0x08067DB0,0x08006338,bl,0x08067E70,1
0x08067DB0,0x080684A4,bl,0x08067E7C,1
0x08067EA4,0x08006138,bl,0x08068014,2
0x08067EA4,0x080061C0,bl,0x08067F1E,1
0x08067EA4,0x0800622C,bl,0x08067F2C,1
0x08067EA4,0x08006338,bl,0x08067F4A,6
0x08067EA4,0x080684A4,bl,0x08067FA4,1
0x08067EA4,0x080CFDCC,bl,0x08067F50,6
0x08068028,0x080031B8,bl,0x08068042,1
0x08068028,0x08006148,bl,0x08068062,2
0x08068028,0x080062C4,bl,0x08068058,2
0x08068028,0x0801BCAC,bl,0x0806802C,1
0x08068028,0x080261D4,bl,0x08068048,1
0x08068028,0x08064D34,bl,0x0806803C,1
0x080680AC,0x08006138,bl,0x08068210,2
0x080680AC,0x080061C0,bl,0x0806811A,1
0x080680AC,0x0800622C,bl,0x08068128,1
0x080680AC,0x08006338,bl,0x08068146,6
0x080680AC,0x080684A4,bl,0x080681A0,1
0x080680AC,0x080CFDCC,bl,0x0806814C,6
0x08068224,0x080031B8,bl,0x0806823E,1
0x08068224,0x08006148,bl,0x0806825E,2
0x08068224,0x080062C4,bl,0x08068254,2
0x08068224,0x0801BCAC,bl,0x08068228,1
0x08068224,0x080261D4,bl,0x08068244,1
0x08068224,0x08064D34,bl,0x08068238,1
0x080682A8,0x080031B8,bl,0x080682FE,4
0x080682A8,0x08006138,bl,0x0806844A,1
0x080682A8,0x080061C0,bl,0x0806835A,1
0x080682A8,0x0800622C,bl,0x08068368,1
0x080682A8,0x080062C4,bl,0x080682B8,1
0x080682A8,0x08006338,bl,0x08068386,3
0x080682A8,0x08006364,bl,0x080683F6,1
0x080682A8,0x0803E1B8,bl,0x08068346,1
0x080682A8,0x0806896C,bl,0x08068400,1
0x080682A8,0x08068A2C,bl,0x080682C4,1
0x080682A8,0x080CFDCC,bl,0x0806838C,8
0x08068460,0x0801BCAC,bl,0x0806846C,1
0x08068460,0x080227A4,bl,0x08068466,1
0x08068460,0x0806865C,bl,0x0806848A,1
0x080685EC,0x08006148,bl,0x08068648,1
0x080685EC,0x08068A8C,bl,0x08068626,2
0x0806865C,0x08068B88,bl,0x0806866E,1
0x08068690,0x08006338,bl,0x08068702,2
0x08068690,0x080684A4,bl,0x0806873A,1
0x08068840,0x080061C0,bl,0x080688B4,1
0x08068840,0x0800622C,bl,0x080688C2,1
0x08068840,0x08006338,bl,0x080688AA,1
0x08068840,0x0803E1B8,bl,0x080688E8,1
0x08068840,0x08068A2C,bl,0x080688D8,1
0x08068920,0x08006148,bl,0x0806893A,1
0x080689C8,0x080062E0,bl,0x08068A0A,1
0x080689C8,0x08068B88,bl,0x08068A16,1
0x08068A2C,0x08009EE8,bl,0x08068A34,1
0x08068A2C,0x0800A008,bl,0x08068A62,1
0x08068A2C,0x08064EB8,bl,0x08068A4E,1
0x08068A8C,0x080034F0,bl,0x08068AC0,1
0x08068A8C,0x0803D1C4,bl,0x08068B3C,1
0x08068A8C,0x0803D2D4,bl,0x08068B5A,1
0x08068A8C,0x08067108,bl,0x08068B74,1
0x08068B88,0x08006148,bl,0x08068C62,1
0x08068B88,0x0803D1C4,bl,0x08068BB6,1
0x08068B88,0x0803D2D4,bl,0x08068BC6,1
0x08068B88,0x0803E1B8,bl,0x08068C72,1
0x08068B88,0x08067114,bl,0x08068C9C,1
0x08068CB4,0x0801A8C8,bl,0x08068CDC,1
0x08068CB4,0x0801AF14,bl,0x08068CCE,1
0x08068CB4,0x0801B24C,bl,0x08068CC0,1
0x08068CB4,0x0801B7DC,bl,0x08068CBC,1
0x08068CB4,0x08069234,bl,0x08068CEC,1
0x08068CF8,0x08068CB4,bl,0x08068DC4,1
0x08068E04,0x08068CB4,bl,0x08068F4E,1
0x08068E04,0x0806DEDC,bl,0x08068F30,1
0x08068F68,0x0801A8C8,bl,0x0806912A,1
0x08068F68,0x0801B7DC,bl,0x080690E0,1
0x08068F68,0x08068CB4,bl,0x080690AA,1
0x08068F68,0x08069234,bl,0x08069136,1
0x0806914C,0x0801A8C8,bl,0x0806920E,1
0x0806914C,0x0801B7DC,bl,0x0806920A,1
0x0806914C,0x08069234,bl,0x0806921A,1
0x080692FC,0x0801BCAC,bl,0x08069348,1
0x080692FC,0x0802205C,bl,0x08069510,1
0x080692FC,0x08064D6C,bl,0x08069372,1
0x080692FC,0x08069A64,bl,0x08069342,2
0x080692FC,0x080CFC30,bl,0x080693A2,6
0x0806951C,0x0801C230,bl,0x08069540,1
0x0806951C,0x08069A64,bl,0x0806953A,1
0x0806956C,0x0801C030,bl,0x08069590,1
0x0806956C,0x08069A64,bl,0x0806958A,1
0x080695BC,0x0801BF1C,bl,0x080695E0,1
0x080695BC,0x08069A64,bl,0x080695DA,1
0x08069604,0x0801C30C,bl,0x08069636,1
0x08069604,0x08069A64,bl,0x08069630,1
0x08069660,0x0801C3A4,bl,0x08069684,1
0x08069660,0x08069A64,bl,0x0806967E,1
0x080696A0,0x0801BDE0,bl,0x080696EC,1
0x080696A0,0x08064D6C,bl,0x0806971A,1
0x080696A0,0x08069A64,bl,0x080696E6,1
0x080696A0,0x080B460C,bl,0x080696F0,1
0x080696A0,0x080CFC30,bl,0x0806974A,6
0x08069888,0x0801C12C,bl,0x080698D4,1
0x08069888,0x08064D6C,bl,0x080698FE,1
0x08069888,0x08069A64,bl,0x080698CE,1
0x08069888,0x080CFC30,bl,0x08069936,2
0x08069AC4,0x080224F8,bl,0x08069AD0,1
0x08069AE4,0x08069EA0,bl,0x08069B36,1
0x08069AE4,0x0806A25C,bl,0x08069B24,1
0x08069AE4,0x0806BB7C,bl,0x08069B2A,2
0x08069B44,0x08069AE4,bl,0x08069B6A,1
0x08069B84,0x08069AE4,bl,0x08069BA6,1
0x08069B84,0x08069C48,bl,0x08069B9E,1
0x08069BBC,0x0806A158,bl,0x08069C34,1
0x08069BBC,0x0806BB7C,bl,0x08069C3A,1
0x08069C8C,0x080031B8,bl,0x08069D42,5
0x08069C8C,0x08069D78,bl,0x08069D68,2
0x08069D78,0x080031B8,bl,0x08069DB2,2
0x08069DC4,0x080055B0,bl,0x08069DD4,1
0x08069DC4,0x08006338,bl,0x08069DF8,1
0x08069DC4,0x0806DF28,bl,0x08069E30,1
0x08069E48,0x080055B0,bl,0x08069E58,1
0x08069EA0,0x0800A42C,bl,0x08069EC8,1
0x08069EA0,0x08069C8C,bl,0x08069EAE,1
0x08069EA0,0x08069DC4,bl,0x08069EDC,1
0x08069EA0,0x0806EE2C,bl,0x08069EF8,2
0x08069EA0,0x080CFC30,bl,0x08069EEE,1
0x08069F0C,0x08069E48,bl,0x08069F58,1
0x08069FB0,0x08068E04,bl,0x08069FB2,1
0x08069FB0,0x08069B44,bl,0x08069FB6,1
0x08069FB0,0x08069F0C,bl,0x08069FBE,1
0x08069FB0,0x08069F70,bl,0x08069FBA,1
0x08069FC8,0x0806D65C,bl,0x0806A000,1
0x08069FC8,0x0806D77C,bl,0x08069FF2,1
0x0806A008,0x08063DAC,bl,0x0806A028,1
0x0806A0CC,0x08002EE8,bl,0x0806A0D0,1
0x0806A0CC,0x08065E1C,bl,0x0806A0E8,1
0x0806A0F0,0x08006148,bl,0x0806A148,1
0x0806A0F0,0x0806395C,bl,0x0806A12E,2
0x0806A0F0,0x08063990,bl,0x0806A118,1
0x0806A158,0x080031B8,bl,0x0806A1AA,4
0x0806A158,0x08006148,bl,0x0806A23C,1
0x0806A158,0x08009E60,bl,0x0806A1B8,1
0x0806A158,0x0804087C,bl,0x0806A1EA,1
0x0806A158,0x0806395C,bl,0x0806A232,1
0x0806A158,0x08063FE0,bl,0x0806A1BC,3
0x0806A158,0x080B54D0,bl,0x0806A16A,1
0x0806A25C,0x080031B8,bl,0x0806A2F4,2
0x0806A25C,0x08006148,bl,0x0806A2CA,1
0x0806A25C,0x0800A42C,bl,0x0806A27E,1
0x0806A25C,0x080649B4,bl,0x0806A29A,2
0x0806A25C,0x08069C8C,bl,0x0806A26A,1
0x0806A25C,0x0806EE2C,bl,0x0806A320,2
0x0806A25C,0x080CFC30,bl,0x0806A310,1
0x0806A344,0x08002E98,bl,0x0806A376,1
0x0806A344,0x08005654,bl,0x0806A388,1
0x0806A344,0x080062C4,bl,0x0806A360,1
0x0806A344,0x08006338,bl,0x0806A366,1
0x0806A344,0x08063FE0,bl,0x0806A390,1
0x0806A3AC,0x08002E98,bl,0x0806A3CA,1
0x0806A3DC,0x080062C4,bl,0x0806A3DE,1
0x0806A3DC,0x08006338,bl,0x0806A3E4,1
0x0806A3DC,0x0806421C,bl,0x0806A45A,1
0x0806A3DC,0x0806A03C,bl,0x0806A44E,1
0x0806A3DC,0x080CFDCC,bl,0x0806A43A,2
0x0806A488,0x0806D4E4,bl,0x0806A4E4,1
0x0806A500,0x080062C4,bl,0x0806A50E,1
0x0806A500,0x0806A0CC,bl,0x0806A512,1
0x0806A500,0x0806A3DC,bl,0x0806A50A,1
0x0806A524,0x0806A488,bl,0x0806A526,1
0x0806A530,0x080062C4,bl,0x0806A548,1
0x0806A530,0x0806A0CC,bl,0x0806A54C,1
0x0806A530,0x0806A3DC,bl,0x0806A544,1
0x0806A530,0x0806DF28,bl,0x0806A540,1
0x0806A55C,0x0806A488,bl,0x0806A55E,1
0x0806A568,0x080062C4,bl,0x0806A580,1
0x0806A568,0x0806A0CC,bl,0x0806A584,1
0x0806A568,0x0806A3DC,bl,0x0806A57C,1
0x0806A568,0x0806DF28,bl,0x0806A578,1
0x0806A594,0x0806A488,bl,0x0806A596,1
0x0806A638,0x08063908,bl,0x0806A688,1
0x0806A638,0x0806395C,bl,0x0806A67A,1
0x0806A638,0x08064D34,bl,0x0806A646,1
0x0806A638,0x0806DF28,bl,0x0806A668,1
0x0806A6A0,0x08006148,bl,0x0806A6C8,1
0x0806A6A0,0x0806395C,bl,0x0806A6BE,1
0x0806A6E0,0x08002EE8,bl,0x0806A73C,1
0x0806A6E0,0x08006148,bl,0x0806A784,1
0x0806A6E0,0x0806395C,bl,0x0806A77A,1
0x0806A6E0,0x0806437C,bl,0x0806A712,1
0x0806A7A0,0x08002E98,bl,0x0806A7DA,1
0x0806A7A0,0x080062C4,bl,0x0806A7C2,1
0x0806A7A0,0x08006338,bl,0x0806A7B2,1
0x0806A7A0,0x0806A638,bl,0x0806A7CE,1
0x0806A7A0,0x080CFDCC,bl,0x0806A7B8,1
0x0806A7F4,0x08002E98,bl,0x0806A808,1
0x0806A7F4,0x08005654,bl,0x0806A8C6,1
0x0806A7F4,0x08006148,bl,0x0806A832,1
0x0806A7F4,0x0801A828,bl,0x0806A860,1
0x0806A7F4,0x0806395C,bl,0x0806A828,1
0x0806A7F4,0x08068E04,bl,0x0806A888,1
0x0806A7F4,0x08069B44,bl,0x0806A890,1
0x0806A7F4,0x0806A5A0,bl,0x0806A80C,1
0x0806A7F4,0x0806A6A0,bl,0x0806A8A8,1
0x0806A7F4,0x0806A6E0,bl,0x0806A88C,1
0x0806A8D8,0x08002E98,bl,0x0806A8E4,1
0x0806A8F4,0x08006138,bl,0x0806A946,1
0x0806A8F4,0x0806395C,bl,0x0806A942,1
0x0806A8F4,0x080CFDCC,bl,0x0806A910,3
0x0806A958,0x08006148,bl,0x0806A96A,1
0x0806A980,0x080031B8,bl,0x0806A9B0,1
0x0806A980,0x08005654,bl,0x0806A9A2,1
0x0806A980,0x08006138,bl,0x0806A9BE,1
0x0806A980,0x080061C0,bl,0x0806A9BA,1
0x0806A980,0x080062C4,bl,0x0806A9AA,1
0x0806A9D8,0x080031B8,bl,0x0806A9E4,1
0x0806A9D8,0x080062C4,bl,0x0806A9E8,1
0x0806A9D8,0x08063FE0,bl,0x0806A9FA,1
0x0806A9D8,0x0806D65C,bl,0x0806A9F6,1
0x0806AA10,0x08002E98,bl,0x0806AA2E,1
0x0806AA40,0x080062C4,bl,0x0806AA42,1
0x0806AA40,0x08006338,bl,0x0806AA58,1
0x0806AA40,0x08065E1C,bl,0x0806AA6E,1
0x0806AA40,0x0806D730,bl,0x0806AA72,1
0x0806AA40,0x080CFDCC,bl,0x0806AA5E,1
0x0806AA80,0x0806AA40,bl,0x0806AA82,1
0x0806AA8C,0x0806AA40,bl,0x0806AA8E,1
0x0806AA98,0x0806A7A0,bl,0x0806AA9A,1
0x0806AAA4,0x080670F0,bl,0x0806AAD4,3
0x0806AAA4,0x080CFDCC,bl,0x0806AADA,2
0x0806AB34,0x08006338,bl,0x0806AB4A,1
0x0806AB34,0x080261D4,bl,0x0806AB80,1
0x0806AB34,0x08064D34,bl,0x0806AB7A,1
0x0806AB34,0x08065E1C,bl,0x0806AB88,1
0x0806AB34,0x0806D730,bl,0x0806AB8C,1
0x0806AB34,0x080CFDCC,bl,0x0806AB50,1
0x0806ABA4,0x0801A828,bl,0x0806ABCE,1
0x0806ABA4,0x08068E04,bl,0x0806ABB0,1
0x0806ABEC,0x08006338,bl,0x0806ABFE,1
0x0806ABEC,0x080261D4,bl,0x0806AC24,1
0x0806ABEC,0x08065E1C,bl,0x0806AC2C,1
0x0806ABEC,0x0806D730,bl,0x0806AC30,1
0x0806ABEC,0x080CFDCC,bl,0x0806AC04,1
0x0806AC48,0x08068E04,bl,0x0806AC54,1
0x0806AC6C,0x08006338,bl,0x0806AC80,1
0x0806AC6C,0x08065E1C,bl,0x0806AC9E,1
0x0806AC6C,0x0806D65C,bl,0x0806ACAC,1
0x0806AC6C,0x080CFDCC,bl,0x0806AC86,1
0x0806ACC8,0x080031B8,bl,0x0806ACE4,1
0x0806ACC8,0x080062C4,bl,0x0806ACCA,1
0x0806ACC8,0x08006338,bl,0x0806ACD0,1
0x0806ACC8,0x0806D65C,bl,0x0806ACE8,1
0x0806AD18,0x080CFDCC,bl,0x0806AD38,4
0x0806ADB0,0x080261D4,bl,0x0806ADC2,2
0x0806ADB0,0x08027204,bl,0x0806ADBC,1
0x0806ADB0,0x080670AC,bl,0x0806ADB6,1
0x0806ADB0,0x080670D4,bl,0x0806AE70,1
0x0806ADB0,0x080670F0,bl,0x0806ADF8,5
0x0806ADB0,0x080CFDCC,bl,0x0806ADFE,4
0x0806AE94,0x080031B8,bl,0x0806AE9A,1
0x0806AE94,0x080055B0,bl,0x0806AEA4,2
0x0806AE94,0x0806ADB0,bl,0x0806AEA8,1
0x0806AEC0,0x080061C0,bl,0x0806AEF4,1
0x0806AEC0,0x080062C4,bl,0x0806AEC2,2
0x0806AEC0,0x08006338,bl,0x0806AEC8,1
0x0806AEC0,0x080261D4,bl,0x0806AF3A,1
0x0806AEC0,0x08064D34,bl,0x0806AED0,1
0x0806AEC0,0x08065E1C,bl,0x0806AF42,1
0x0806AEC0,0x0806D4E4,bl,0x0806AF4A,1
0x0806AEC0,0x080CFDCC,bl,0x0806AF0C,2
0x0806AF78,0x080261D4,bl,0x0806AF8A,2
0x0806AF78,0x08027204,bl,0x0806AF84,1
0x0806AF78,0x080670AC,bl,0x0806AF7E,1
0x0806AF78,0x080670D4,bl,0x0806B038,1
0x0806AF78,0x080670F0,bl,0x0806AFC0,5
0x0806AF78,0x080CFDCC,bl,0x0806AFC6,4
0x0806B05C,0x080031B8,bl,0x0806B060,1
0x0806B05C,0x0806AF78,bl,0x0806B064,1
0x0806B070,0x080CFC30,bl,0x0806B086,1
0x0806B098,0x080261D4,bl,0x0806B0B4,1
0x0806B098,0x08027204,bl,0x0806B0A6,1
0x0806B098,0x08065E1C,bl,0x0806B0AE,1
0x0806B098,0x080668C8,bl,0x0806B0A0,1
0x0806B098,0x080670AC,bl,0x0806B09C,1
0x0806B098,0x080670D4,bl,0x0806B0D6,1
0x0806B098,0x08067108,bl,0x0806B0DA,1
0x0806B098,0x0806B070,bl,0x0806B0CC,1
0x0806B098,0x0806D4E4,bl,0x0806B0C0,1
0x0806B098,0x0806D928,bl,0x0806B0B8,1
0x0806B098,0x080CFDCC,bl,0x0806B0D2,1
0x0806B0F0,0x080034D0,bl,0x0806B118,2
0x0806B12C,0x08002E98,bl,0x0806B160,1
0x0806B12C,0x0800A554,bl,0x0806B13A,1
0x0806B12C,0x08066F78,bl,0x0806B152,1
0x0806B12C,0x0806B05C,bl,0x0806B142,1
0x0806B12C,0x0806B098,bl,0x0806B146,1
0x0806B12C,0x0806B0F0,bl,0x0806B13E,1
0x0806B178,0x08002E98,bl,0x0806B196,1
0x0806B1A8,0x080062C4,bl,0x0806B1AA,1
0x0806B1A8,0x08006338,bl,0x0806B1B0,1
0x0806B1A8,0x08065E1C,bl,0x0806B1B8,1
0x0806B1A8,0x08069FC8,bl,0x0806B1BC,1
0x0806B1C4,0x080062C4,bl,0x0806B1C6,1
0x0806B1C4,0x08006338,bl,0x0806B1CC,1
0x0806B1C4,0x08065E1C,bl,0x0806B1E0,1
0x0806B1C4,0x08069FC8,bl,0x0806B1E4,1
0x0806B1F4,0x080062C4,bl,0x0806B1F6,1
0x0806B1F4,0x08006338,bl,0x0806B1FC,1
0x0806B1F4,0x08065E1C,bl,0x0806B210,1
0x0806B1F4,0x08069FC8,bl,0x0806B214,1
0x0806B224,0x0806A7A0,bl,0x0806B226,1
0x0806B230,0x0806ED9C,bl,0x0806B240,1
0x0806B24C,0x08006148,bl,0x0806B25A,1
0x0806B24C,0x0806395C,bl,0x0806B250,1
0x0806B26C,0x08002E98,bl,0x0806B290,1
0x0806B2AC,0x08002E98,bl,0x0806B2C2,1
0x0806B2AC,0x08068E04,bl,0x0806B2D0,1
0x0806B2AC,0x080692FC,bl,0x0806B2AE,1
0x0806B2AC,0x08069B44,bl,0x0806B2D4,1
0x0806B2E4,0x08002E98,bl,0x0806B2F0,1
0x0806B300,0x08006138,bl,0x0806B320,1
0x0806B300,0x080062C4,bl,0x0806B30A,1
0x0806B300,0x08006338,bl,0x0806B314,1
0x0806B334,0x08006138,bl,0x0806B358,1
0x0806B334,0x080062C4,bl,0x0806B33E,1
0x0806B334,0x08006338,bl,0x0806B348,1
0x0806B334,0x0806395C,bl,0x0806B354,1
0x0806B334,0x080CFDCC,bl,0x0806B34E,1
0x0806B368,0x08006148,bl,0x0806B37A,1
0x0806B390,0x08063FE0,bl,0x0806B3AE,1
0x0806B390,0x0806A0CC,bl,0x0806B3A6,1
0x0806B390,0x0806D65C,bl,0x0806B3AA,1
0x0806B3C4,0x080031B8,bl,0x0806B3F0,1
0x0806B3C4,0x0806D65C,bl,0x0806B3F4,1
0x0806B3C4,0x080B54D0,bl,0x0806B3DA,1
0x0806B3C4,0x080CFDCC,bl,0x0806B3E0,1
0x0806B410,0x08006148,bl,0x0806B5A8,1
0x0806B410,0x08006338,bl,0x0806B65A,1
0x0806B410,0x08021A40,bl,0x0806B560,1
0x0806B410,0x0803111C,bl,0x0806B582,1
0x0806B410,0x0806395C,bl,0x0806B59E,1
0x0806B410,0x080639E0,bl,0x0806B4C4,2
0x0806B410,0x0806B8BC,bl,0x0806B470,2
0x0806B670,0x08006148,bl,0x0806B73C,1
0x0806B670,0x08006338,bl,0x0806B7F8,1
0x0806B670,0x08021A40,bl,0x0806B6EC,1
0x0806B670,0x0803111C,bl,0x0806B70E,1
0x0806B670,0x0806395C,bl,0x0806B732,1
0x0806B670,0x0806B8BC,bl,0x0806B6AE,2
0x0806B8BC,0x08006148,bl,0x0806B91A,1
0x0806B938,0x0806B8BC,bl,0x0806B94E,1
0x0806B95C,0x080639A4,bl,0x0806B9A0,1
0x0806BA34,0x08065D44,bl,0x0806BA66,1
0x0806BAEC,0x08063CBC,bl,0x0806BAFA,3
0x0806BB34,0x08006338,bl,0x0806BB4C,2
0x0806BB7C,0x08006148,bl,0x0806BBD6,1
0x0806BB7C,0x0806395C,bl,0x0806BBAC,3
0x0806BB7C,0x0806B95C,bl,0x0806BBA6,3
0x0806BB7C,0x0806B9DC,bl,0x0806BB7E,1
0x0806BB7C,0x0806BA34,bl,0x0806BB82,1
0x0806BB7C,0x0806BC54,bl,0x0806BBB6,2
0x0806BC28,0x080062C4,bl,0x0806BC42,1
0x0806BC28,0x0806BBE8,bl,0x0806BC4C,1
0x0806BC9C,0x080062C4,bl,0x0806BCC2,2
0x0806BC9C,0x080649B4,bl,0x0806BCB0,1
0x0806BCDC,0x0806BAEC,bl,0x0806BCF2,1
0x0806BCDC,0x0806BBE8,bl,0x0806BCDE,1
0x0806BCDC,0x0806BD10,bl,0x0806BCFA,1
0x0806BE84,0x080639A4,bl,0x0806BED8,1
0x0806BE84,0x0806B8BC,bl,0x0806BEDC,1
0x0806BE84,0x0806BE4C,bl,0x0806BE92,1
0x0806BEFC,0x08002E98,bl,0x0806BF20,1
0x0806BEFC,0x08006138,bl,0x0806BF24,1
0x0806BEFC,0x080062C4,bl,0x0806BF06,1
0x0806BEFC,0x0806BB34,bl,0x0806BF14,1
0x0806BF38,0x08002E98,bl,0x0806BF44,1
0x0806BF54,0x08006138,bl,0x0806BFCA,1
0x0806BF54,0x08063990,bl,0x0806BF64,1
0x0806BF54,0x0806BA9C,bl,0x0806BF68,1
0x0806BF54,0x0806BAEC,bl,0x0806BFA0,1
0x0806BF54,0x0806BCDC,bl,0x0806BF94,1
0x0806BF54,0x0806BD10,bl,0x0806BFB6,1
0x0806BF54,0x080CFDCC,bl,0x0806BF9A,1
0x0806BFD8,0x08063FE0,bl,0x0806C034,1
0x0806BFD8,0x080649B4,bl,0x0806C002,2
0x0806BFD8,0x0806A158,bl,0x0806C02A,1
0x0806BFD8,0x0806B878,bl,0x0806C054,1
0x0806BFD8,0x0806B938,bl,0x0806C050,1
0x0806BFD8,0x0806BE84,bl,0x0806C046,1
0x0806C05C,0x08006138,bl,0x0806C0A0,1
0x0806C05C,0x08063990,bl,0x0806C094,1
0x0806C05C,0x0806BC9C,bl,0x0806C09C,1
0x0806C0C0,0x0801A828,bl,0x0806C10E,2
0x0806C0C0,0x0806B670,bl,0x0806C0E0,1
0x0806C0C0,0x0806B878,bl,0x0806C0E4,1
0x0806C0C0,0x0806B8BC,bl,0x0806C0D4,1
0x0806C148,0x0806B848,bl,0x0806C14A,1
0x0806C148,0x0806BE84,bl,0x0806C14E,1
0x0806C158,0x08006138,bl,0x0806C1B0,1
0x0806C158,0x080061C0,bl,0x0806C18C,1
0x0806C158,0x0800622C,bl,0x0806C19C,1
0x0806C158,0x080639E0,bl,0x0806C182,1
0x0806C1D0,0x080031B8,bl,0x0806C212,1
0x0806C1D0,0x08006148,bl,0x0806C228,1
0x0806C1D0,0x0801A828,bl,0x0806C268,2
0x0806C1D0,0x080261D4,bl,0x0806C218,1
0x0806C1D0,0x0806395C,bl,0x0806C21E,1
0x0806C1D0,0x080692FC,bl,0x0806C1DC,1
0x0806C2A4,0x08006138,bl,0x0806C2F6,1
0x0806C2A4,0x080CFDCC,bl,0x0806C2EC,1
0x0806C30C,0x0806B8BC,bl,0x0806C318,1
0x0806C324,0x08006138,bl,0x0806C37A,1
0x0806C324,0x0806395C,bl,0x0806C376,1
0x0806C324,0x08063990,bl,0x0806C334,1
0x0806C324,0x0806BA9C,bl,0x0806C338,1
0x0806C324,0x0806BAEC,bl,0x0806C368,1
0x0806C324,0x0806BC28,bl,0x0806C35C,1
0x0806C324,0x0806BC9C,bl,0x0806C370,1
0x0806C324,0x080CFDCC,bl,0x0806C362,1
0x0806C384,0x08006148,bl,0x0806C3B0,1
0x0806C384,0x0806B878,bl,0x0806C386,1
0x0806C384,0x0806B8BC,bl,0x0806C398,1
0x0806C384,0x0806B938,bl,0x0806C38A,1
0x0806C384,0x0806BE84,bl,0x0806C3B4,1
0x0806C3C4,0x08006138,bl,0x0806C3FA,1
0x0806C3C4,0x08063990,bl,0x0806C3F6,1
0x0806C418,0x0801A828,bl,0x0806C450,2
0x0806C418,0x0806B410,bl,0x0806C428,1
0x0806C418,0x0806B878,bl,0x0806C424,1
0x0806C490,0x0806B848,bl,0x0806C492,1
0x0806C490,0x0806BE84,bl,0x0806C496,1
0x0806C4A0,0x080061C0,bl,0x0806C4FA,1
0x0806C4A0,0x080639E0,bl,0x0806C4D4,1
0x0806C4A0,0x08064D34,bl,0x0806C542,5
0x0806C4A0,0x080CFDCC,bl,0x0806C54E,5
0x0806C5D4,0x080031B8,bl,0x0806C65C,1
0x0806C5D4,0x08006148,bl,0x0806C67A,1
0x0806C5D4,0x080061C0,bl,0x0806C6BA,1
0x0806C5D4,0x0801A828,bl,0x0806C728,2
0x0806C5D4,0x080261D4,bl,0x0806C662,1
0x0806C5D4,0x08030848,bl,0x0806C5F4,2
0x0806C5D4,0x0806395C,bl,0x0806C670,1
0x0806C5D4,0x080692FC,bl,0x0806C612,1
0x0806C770,0x08001A94,bl,0x0806C8F8,1
0x0806C930,0x08006138,bl,0x0806C9D4,1
0x0806C930,0x0800622C,bl,0x0806C9B4,1
0x0806C930,0x080CFDCC,bl,0x0806C9CA,1
0x0806C9E8,0x0806B8BC,bl,0x0806C9F4,1
0x0806CA00,0x080CFDCC,bl,0x0806CA20,8
0x0806CA00,0x080CFDD4,bl,0x0806CA84,1
0x0806CAA0,0x08064CDC,bl,0x0806CAC0,1
0x0806CAA0,0x08064D34,bl,0x0806CACE,1
0x0806CB10,0x08064A60,bl,0x0806CB2C,1
0x0806CB10,0x080CFDCC,bl,0x0806CB36,2
0x0806CB10,0x080CFDD4,bl,0x0806CB48,1
0x0806CB64,0x08064A60,bl,0x0806CB82,1
0x0806CB64,0x080CFDCC,bl,0x0806CB94,2
0x0806CB64,0x080CFDD4,bl,0x0806CBB8,1
0x0806CBD4,0x08005654,bl,0x0806CC80,1
0x0806CBD4,0x08065F2C,bl,0x0806CBF6,1
0x0806CC90,0x08064CDC,bl,0x0806CCAA,1
0x0806CD30,0x08064D34,bl,0x0806CD36,1
0x0806CD40,0x0800617C,bl,0x0806CE00,1
0x0806CD40,0x080061C0,bl,0x0806CDFA,1
0x0806CD40,0x080062C4,bl,0x0806CE58,1
0x0806CD40,0x08065F2C,bl,0x0806CD8A,1
0x0806CD40,0x0806CD30,bl,0x0806CE26,1
0x0806CD40,0x080CFDCC,bl,0x0806CE06,7
0x0806CD40,0x080CFDD4,bl,0x0806CE86,1
0x0806CEB8,0x0800617C,bl,0x0806CF28,1
0x0806CEB8,0x080061C0,bl,0x0806CF1C,1
0x0806CEB8,0x080064AC,bl,0x0806CEFE,1
0x0806CEB8,0x080064DC,bl,0x0806CEE0,1
0x0806CEB8,0x08064A60,bl,0x0806CED2,1
0x0806CEB8,0x080CFDCC,bl,0x0806CF2E,3
0x0806CEB8,0x080CFDD4,bl,0x0806CF4E,1
0x0806CF70,0x0800617C,bl,0x0806CFA4,2
0x0806CF70,0x080061C0,bl,0x0806CF94,1
0x0806CF70,0x08064A60,bl,0x0806CF8A,1
0x0806CF70,0x080CFDCC,bl,0x0806CFAA,4
0x0806CF70,0x080CFDD4,bl,0x0806CFD6,1
0x0806CFFC,0x08064C1C,bl,0x0806D026,2
0x0806D08C,0x08064C1C,bl,0x0806D0C8,2
0x0806D148,0x080061C0,bl,0x0806D17E,1
0x0806D148,0x08006338,bl,0x0806D190,2
0x0806D148,0x080CFDCC,bl,0x0806D196,4
0x0806D148,0x080CFDD4,bl,0x0806D1C2,1
0x0806D1E8,0x08064D6C,bl,0x0806D1FA,1
0x0806D22C,0x0800617C,bl,0x0806D2B4,5
0x0806D22C,0x080061C0,bl,0x0806D2A6,3
0x0806D22C,0x080062C4,bl,0x0806D312,2
0x0806D22C,0x08064A60,bl,0x0806D250,1
0x0806D22C,0x0806CD30,bl,0x0806D2DA,1
0x0806D22C,0x080CFDCC,bl,0x0806D2BA,17
0x0806D22C,0x080CFDD4,bl,0x0806D45C,1
0x0806D49C,0x08005654,bl,0x0806D4CE,1
0x0806D49C,0x08065F2C,bl,0x0806D4BE,1
0x0806D4E4,0x08064D34,bl,0x0806D52C,1
0x0806D554,0x0806D6E4,bl,0x0806D556,1
0x0806D554,0x080CFDD4,bl,0x0806D55A,1
0x0806D564,0x0806D65C,bl,0x0806D566,1
0x0806D564,0x080CFDD4,bl,0x0806D56A,1
0x0806D574,0x0806D77C,bl,0x0806D576,1
0x0806D574,0x080CFDD4,bl,0x0806D57A,1
0x0806D5A4,0x0806D584,bl,0x0806D5A6,1
0x0806D5A4,0x0806D6E4,bl,0x0806D5AA,1
0x0806D5A4,0x080CFDD4,bl,0x0806D5AE,1
0x0806D5B8,0x0806D584,bl,0x0806D5BA,1
0x0806D5B8,0x0806D65C,bl,0x0806D5BE,1
0x0806D5B8,0x080CFDD4,bl,0x0806D5C2,1
0x0806D5CC,0x0806D584,bl,0x0806D5CE,1
0x0806D5CC,0x0806D77C,bl,0x0806D5D2,1
0x0806D5CC,0x080CFDD4,bl,0x0806D5D6,1
0x0806D5E0,0x08005654,bl,0x0806D64A,1
0x0806D5E0,0x08065F2C,bl,0x0806D63A,1
0x0806D65C,0x080CFDCC,bl,0x0806D67E,4
0x0806D6E4,0x080CFDCC,bl,0x0806D70E,1
0x0806D730,0x080CFDCC,bl,0x0806D75A,1
0x0806D77C,0x080CFDCC,bl,0x0806D79E,5
0x0806D7EC,0x08002EE8,bl,0x0806D80A,1
0x0806D7EC,0x080CFDCC,bl,0x0806D87C,7
0x0806D7EC,0x080CFDD4,bl,0x0806D902,1
0x0806D928,0x08064D34,bl,0x0806D930,1
0x0806D95C,0x08006138,bl,0x0806D9AE,1
0x0806D95C,0x080CFDCC,bl,0x0806D9A2,1
0x0806D9D4,0x08063FE0,bl,0x0806D9EA,1
0x0806DA04,0x0806AF78,bl,0x0806DA10,1
0x0806DA04,0x080CFDD4,bl,0x0806DA14,1
0x0806DA20,0x0806AAA4,bl,0x0806DA2C,1
0x0806DA20,0x080CFDD4,bl,0x0806DA30,1
0x0806DA3C,0x08064D34,bl,0x0806DA46,1
0x0806DAEC,0x0806DA74,bl,0x0806DB0C,1
0x0806DAEC,0x080CFDCC,bl,0x0806DB4A,17
0x0806DAEC,0x080CFDD4,bl,0x0806DC92,1
0x0806DCA0,0x08001A94,bl,0x0806DD26,2
0x0806DCA0,0x08005ACC,bl,0x0806DCCC,1
0x0806DCA0,0x08065160,bl,0x0806DCC2,1
0x0806DD90,0x080064AC,bl,0x0806DDDA,2
0x0806DD90,0x080CFDCC,bl,0x0806DDD0,1
0x0806DE18,0x08005654,bl,0x0806DE4A,1
0x0806DE18,0x08065F2C,bl,0x0806DE3A,1
0x0806DE60,0x080CFDCC,bl,0x0806DEB8,1
0x0806DE60,0x080CFDD4,bl,0x0806DEBC,1
0x0806DEDC,0x08005654,bl,0x0806DF06,1
0x0806DF28,0x08005654,bl,0x0806DF44,1
0x0806DF28,0x08064D34,bl,0x0806DF74,1
0x0806DF98,0x08006138,bl,0x0806E0B8,1
0x0806DF98,0x0800625C,bl,0x0806E004,2
0x0806DF98,0x080064AC,bl,0x0806DFDA,4
0x0806DF98,0x0806F0E2,bl,0x0806E0E0,1
0x0806DF98,0x080CFDCC,bl,0x0806E00E,4
0x0806E0F0,0x08005654,bl,0x0806E122,1
0x0806E0F0,0x08065F2C,bl,0x0806E112,1
0x0806E138,0x08006338,bl,0x0806E188,3
0x0806E138,0x080064AC,bl,0x0806E178,1
0x0806E138,0x080064DC,bl,0x0806E168,1
0x0806E138,0x080CFDCC,bl,0x0806E18E,7
0x0806E210,0x08005654,bl,0x0806E242,1
0x0806E210,0x08065F2C,bl,0x0806E232,1
0x0806E258,0x080062C4,bl,0x0806E2E0,2
0x0806E258,0x080064AC,bl,0x0806E2AC,4
0x0806E258,0x080064DC,bl,0x0806E29C,4
0x0806E258,0x080CFDCC,bl,0x0806E2C0,12
0x0806E3DC,0x08005654,bl,0x0806E40E,1
0x0806E3DC,0x08065F2C,bl,0x0806E3FE,1
0x0806E424,0x080064AC,bl,0x0806E484,6
0x0806E424,0x080CFDCC,bl,0x0806E4A2,20
0x0806E5F0,0x08005654,bl,0x0806E622,1
0x0806E5F0,0x08065F2C,bl,0x0806E612,1
0x0806E638,0x080CFDCC,bl,0x0806E666,2
0x0806E638,0x080CFDD4,bl,0x0806E690,1
0x0806E6B0,0x08005654,bl,0x0806E6E2,1
0x0806E6B0,0x08065F2C,bl,0x0806E6D2,1
0x0806E6F8,0x08064D6C,bl,0x0806E70A,1
0x0806E73C,0x080061C0,bl,0x0806E778,1
0x0806E73C,0x08006338,bl,0x0806E77E,3
0x0806E73C,0x08006384,bl,0x0806E768,1
0x0806E73C,0x08064A60,bl,0x0806E760,1
0x0806E73C,0x080CFDCC,bl,0x0806E784,3
0x0806E7C0,0x08005654,bl,0x0806E7F2,1
0x0806E7C0,0x08065F2C,bl,0x0806E7E2,1
0x0806E808,0x08064D6C,bl,0x0806E81A,1
0x0806E84C,0x080061C0,bl,0x0806E8C2,1
0x0806E84C,0x08006338,bl,0x0806E8C8,1
0x0806E84C,0x080064AC,bl,0x0806E8AA,1
0x0806E84C,0x080064DC,bl,0x0806E888,1
0x0806E84C,0x08064A60,bl,0x0806E870,1
0x0806E84C,0x080CFDCC,bl,0x0806E8CE,10
0x0806E96C,0x08005654,bl,0x0806E99E,1
0x0806E96C,0x08065F2C,bl,0x0806E98E,1
0x0806E9B4,0x08064D34,bl,0x0806E9C6,1
0x0806E9FC,0x08002E98,bl,0x0806EA4C,1
0x0806E9FC,0x08006138,bl,0x0806EA50,1
0x0806EA70,0x0806E9B4,bl,0x0806EA86,2
0x0806EA70,0x080CFDCC,bl,0x0806EA7C,8
0x0806EA70,0x080CFDD4,bl,0x0806EAF6,1
0x0806EB04,0x080CFDCC,bl,0x0806EB14,9
0x0806EB04,0x080CFDD4,bl,0x0806EB8C,1
0x0806EBA4,0x0806FC3E,bl,0x0806EC3C,1
0x0806EBA4,0x080CFDCC,bl,0x0806EBB6,9
0x0806EBA4,0x080CFDD4,bl,0x0806EC2E,1
0x0806EC40,0x08006138,bl,0x0806EC6A,1
0x0806EC88,0x08005654,bl,0x0806ECEA,2
0x0806EC88,0x08065F2C,bl,0x0806ECAA,1
0x0806EC88,0x0806ED28,bl,0x0806ED0A,1
0x0806ED28,0x08005654,bl,0x0806ED8C,1
0x0806ED9C,0x08006338,bl,0x0806EDBA,1
0x0806ED9C,0x080CFDCC,bl,0x0806EDC0,6
0x0806EE1C,0x0806ED9C,bl,0x0806EE1E,1
0x0806EE1C,0x080CFDD4,bl,0x0806EE22,1
0x0806EE30,0x08002E98,bl,0x0806EF06,1
0x0806EE30,0x080062C4,bl,0x0806EE6C,1
0x0806EE30,0x08025E88,bl,0x0806EEAE,1
0x0806EE30,0x08070648,bl,0x0806EE50,1
0x0806EF1C,0x08002E98,bl,0x0806EF28,1
0x0806EF38,0x08002E98,bl,0x0806EF48,1
0x0806EF5C,0x08006138,bl,0x0806EFDC,1
0x0806EF5C,0x08049A58,bl,0x0806EF6A,1
0x0806EF5C,0x08070208,bl,0x0806EF66,1
0x0806EF5C,0x080CFDCC,bl,0x0806EFB4,2
0x0806EFEC,0x080061C0,bl,0x0806F070,2
0x0806EFEC,0x08049738,bl,0x0806F010,1
0x0806EFEC,0x0807029C,bl,0x0806F02A,1
0x0806EFEC,0x080CFDCC,bl,0x0806F090,7
0x0806F0E2,0x08006138,bl,0x0806F14E,1
0x0806F0E2,0x080062C4,bl,0x0806F142,1
0x0806F0E2,0x08070614,bl,0x0806F14A,1
0x0806F0E2,0x080CFDCC,bl,0x0806F0F2,5
0x0806F174,0x0801BCAC,bl,0x0806F1A2,1
0x0806F174,0x08026264,bl,0x0806F19C,1
0x0806F174,0x08070264,bl,0x0806F1C6,1
0x0806F174,0x0807042C,bl,0x0806F1CA,1
0x0806F1E0,0x08006138,bl,0x0806F346,1
0x0806F1E0,0x080061C0,bl,0x0806F268,2
0x0806F1E0,0x080062C4,bl,0x0806F33A,1
0x0806F1E0,0x08049738,bl,0x0806F206,1
0x0806F1E0,0x0807029C,bl,0x0806F220,1
0x0806F1E0,0x08070614,bl,0x0806F342,1
0x0806F1E0,0x080CFDCC,bl,0x0806F288,12
0x0806F36C,0x0801BCAC,bl,0x0806F39A,1
0x0806F36C,0x08026264,bl,0x0806F394,1
0x0806F36C,0x08070264,bl,0x0806F3BE,1
0x0806F36C,0x0807042C,bl,0x0806F3C2,1
0x0806F3D8,0x08006138,bl,0x0806F590,1
0x0806F3D8,0x080061C0,bl,0x0806F464,2
0x0806F3D8,0x080062C4,bl,0x0806F584,1
0x0806F3D8,0x08049738,bl,0x0806F3FC,1
0x0806F3D8,0x0807029C,bl,0x0806F41E,1
0x0806F3D8,0x08070614,bl,0x0806F58C,1
0x0806F3D8,0x080CFDCC,bl,0x0806F484,18
0x0806F5C4,0x0801BCAC,bl,0x0806F5F2,1
0x0806F5C4,0x08026264,bl,0x0806F5EC,1
0x0806F5C4,0x08070264,bl,0x0806F61E,1
0x0806F5C4,0x0807042C,bl,0x0806F622,1
0x0806F638,0x08006138,bl,0x0806FA94,1
0x0806F638,0x080061C0,bl,0x0806F6B8,2
0x0806F638,0x080062C4,bl,0x0806FA88,1
0x0806F638,0x08006338,bl,0x0806F6E2,11
0x0806F638,0x08049738,bl,0x0806F65C,1
0x0806F638,0x08070614,bl,0x0806FA90,1
0x0806F638,0x080706A8,bl,0x0806F6A8,1
0x0806F638,0x080CFDCC,bl,0x0806F712,39
0x0806FAAC,0x0801BCAC,bl,0x0806FADA,1
0x0806FAAC,0x08026264,bl,0x0806FAD4,1
0x0806FB0C,0x080061C0,bl,0x0806FB94,2
0x0806FB0C,0x08049738,bl,0x0806FB32,1
0x0806FB0C,0x0807029C,bl,0x0806FB4C,1
0x0806FB0C,0x080CFDCC,bl,0x0806FBB4,10
0x0806FC3E,0x08006138,bl,0x0806FC72,1
0x0806FC3E,0x080062C4,bl,0x0806FC66,1
0x0806FC3E,0x08070614,bl,0x0806FC6E,1
0x0806FC3E,0x080CFDCC,bl,0x0806FC46,2
0x0806FC98,0x0801BCAC,bl,0x0806FCC6,1
0x0806FC98,0x08026264,bl,0x0806FCC0,1
0x0806FC98,0x08070264,bl,0x0806FCEA,1
0x0806FC98,0x0807042C,bl,0x0806FCEE,1
0x0806FD04,0x08006138,bl,0x0806FEFC,1
0x0806FD04,0x080062C4,bl,0x0806FE72,4
0x0806FD04,0x08049738,bl,0x0806FD22,1
0x0806FD04,0x08070264,bl,0x0806FEB4,1
0x0806FD04,0x0807029C,bl,0x0806FD42,1
0x0806FD04,0x08070614,bl,0x0806FEF8,1
0x0806FD04,0x080CFDCC,bl,0x0806FD9C,17
0x0806FF24,0x08026264,bl,0x0806FF4C,1
0x0806FF24,0x08070334,bl,0x0806FF6C,1
0x0806FFF8,0x08001A94,bl,0x080700CE,1
0x0806FFF8,0x08001CC8,bl,0x0807005C,1
0x0806FFF8,0x0803D55C,bl,0x0807003A,2
0x0806FFF8,0x0803D7C4,bl,0x08070090,1
0x0806FFF8,0x0803DB74,bl,0x08070094,1
0x080700E8,0x08006338,bl,0x0807011C,1
0x08070174,0x080061C0,bl,0x080701D6,2
0x08070174,0x0800622C,bl,0x080701F4,1
0x08070174,0x0807029C,bl,0x080701F8,1
0x08070208,0x080700E8,bl,0x0807021C,1
0x0807022C,0x08006138,bl,0x08070250,1
0x0807022C,0x08070614,bl,0x0807024C,1
0x0807022C,0x080CFDCC,bl,0x0807023C,1
0x08070264,0x08006338,bl,0x08070280,1
0x080703A8,0x080031B8,bl,0x080703EE,1
0x080703A8,0x080261D4,bl,0x080703F6,1
0x080703A8,0x0806D4E4,bl,0x080703FE,1
0x080703A8,0x08070174,bl,0x08070402,1
0x08070406,0x0800622C,bl,0x08070416,1
0x08070406,0x08070264,bl,0x0807041A,1
0x08070406,0x0807042C,bl,0x0807041E,1
0x0807042C,0x08070334,bl,0x08070444,1
0x08070498,0x08006148,bl,0x080705F4,1
0x08070498,0x08025E88,bl,0x08070552,1
0x08070498,0x08068A8C,bl,0x080704C4,1
0x08070614,0x08040808,bl,0x0807063A,1
0x08070614,0x08068B88,bl,0x0807061E,1
0x08070648,0x080017E4,bl,0x08070682,2
0x08070648,0x080062C4,bl,0x0807065E,1
0x080706A8,0x08002E98,bl,0x08070726,1
0x080706A8,0x08025E88,bl,0x080706C8,1
0x0807073C,0x08002E98,bl,0x08070748,1
0x08070758,0x08002E98,bl,0x08070768,1
0x0807077C,0x08006138,bl,0x0807078A,1
0x0807077C,0x08070FFC,bl,0x08070786,1
0x0807079C,0x08006138,bl,0x0807089C,1
0x0807079C,0x080061C0,bl,0x080707C2,1
0x0807079C,0x080062C4,bl,0x08070890,1
0x0807079C,0x08006338,bl,0x080707B8,9
0x0807079C,0x08070614,bl,0x08070898,1
0x0807079C,0x080CFDCC,bl,0x080707CE,14
0x080708EC,0x0801BCAC,bl,0x080708F0,1
0x080708EC,0x080261D4,bl,0x08070918,1
0x080708EC,0x0806D4E4,bl,0x08070920,1
0x08070930,0x08006138,bl,0x08070A34,1
0x08070930,0x080061C0,bl,0x0807095A,1
0x08070930,0x080062C4,bl,0x08070A28,1
0x08070930,0x08006338,bl,0x08070950,9
0x08070930,0x08070614,bl,0x08070A30,1
0x08070930,0x080CFDCC,bl,0x08070966,14
0x08070A84,0x0801BCAC,bl,0x08070A88,1
0x08070A84,0x080261D4,bl,0x08070AB0,1
0x08070A84,0x0806D4E4,bl,0x08070AB8,1
0x08070AC8,0x08006138,bl,0x08070BD2,1
0x08070AC8,0x080061C0,bl,0x08070AFE,1
0x08070AC8,0x080062C4,bl,0x08070BC6,1
0x08070AC8,0x08006338,bl,0x08070AEE,1
0x08070AC8,0x08070614,bl,0x08070BCE,1
0x08070AC8,0x080CFDCC,bl,0x08070AF4,15
0x08070C0C,0x0801BCAC,bl,0x08070C10,1
0x08070C0C,0x080261D4,bl,0x08070C38,1
0x08070C0C,0x0806D4E4,bl,0x08070C40,1
0x08070C0C,0x0807042C,bl,0x08070C44,1
0x08070C54,0x08006138,bl,0x08070D16,1
0x08070C54,0x080061C0,bl,0x08070C82,1
0x08070C54,0x080062C4,bl,0x08070D0A,1
0x08070C54,0x08006338,bl,0x08070C7A,1
0x08070C54,0x08070614,bl,0x08070D12,1
0x08070C54,0x08071D2C,bl,0x08070D2C,1
0x08070C54,0x080CFDCC,bl,0x08070C8E,9
0x08070D48,0x0801BCAC,bl,0x08070D62,1
0x08070D48,0x08026264,bl,0x08070D5C,1
0x08070D90,0x08006138,bl,0x08070E4A,1
0x08070D90,0x080061C0,bl,0x08070DC4,1
0x08070D90,0x080062C4,bl,0x08070E3E,1
0x08070D90,0x08006338,bl,0x08070DBA,1
0x08070D90,0x08070614,bl,0x08070E46,1
0x08070D90,0x080CFDCC,bl,0x08070DD0,8
0x08070E7C,0x0801BCAC,bl,0x08070E80,1
0x08070E7C,0x080261D4,bl,0x08070EA8,1
0x08070E7C,0x0806D4E4,bl,0x08070EB0,1
0x08070EC0,0x08001A94,bl,0x08070FE2,1
0x08070EC0,0x08001CC8,bl,0x08070F82,1
0x08070FFC,0x08006338,bl,0x0807101E,1
0x08071030,0x08002E98,bl,0x08071078,1
0x08071030,0x0806395C,bl,0x0807106C,1
0x08071098,0x08002E98,bl,0x080710A4,1
0x08071098,0x08068E04,bl,0x080710C0,1
0x08071098,0x080711D0,bl,0x080710C8,1
0x080710E0,0x08002E98,bl,0x080710EC,1
0x080710FC,0x080017E4,bl,0x08071148,4
0x080711F6,0x080031B8,bl,0x08071306,1
0x080711F6,0x08005654,bl,0x0807129E,1
0x080711F6,0x08006148,bl,0x08071326,1
0x080711F6,0x08040934,bl,0x080712D0,1
0x080711F6,0x0806395C,bl,0x0807131E,1
0x080711F6,0x080639B4,bl,0x080712AC,1
0x080711F6,0x0806D4E4,bl,0x080712EE,1
0x080711F6,0x08070498,bl,0x080712E6,1
0x080711F6,0x08071360,bl,0x08071274,1
0x08071360,0x080017E4,bl,0x08071382,4
0x080713F8,0x08064FC4,bl,0x0807140E,1
0x08071418,0x08064D34,bl,0x08071438,1
0x08071418,0x080CFDCC,bl,0x0807145A,24
0x0807156C,0x08005654,bl,0x08071594,1
0x0807156C,0x08006148,bl,0x080715AC,1
0x0807156C,0x0806395C,bl,0x080715A2,1
0x0807160C,0x080062C4,bl,0x08071616,1
0x0807160C,0x080CFDCC,bl,0x08071624,2
0x08071640,0x08006148,bl,0x0807167A,1
0x08071640,0x08025E88,bl,0x0807166C,1
0x08071640,0x08027750,bl,0x08071654,1
0x08071640,0x080710FC,bl,0x08071642,1
0x08071694,0x080062C4,bl,0x0807169E,1
0x08071694,0x08063FE0,bl,0x0807175E,1
0x08071694,0x080CFDCC,bl,0x080716AC,14
0x08071778,0x08002E98,bl,0x08071816,1
0x08071778,0x08025E88,bl,0x080717B4,1
0x08071778,0x08064D6C,bl,0x08071808,1
0x08071830,0x08002E98,bl,0x08071840,2
0x08071830,0x080710FC,bl,0x08071832,1
0x080718C0,0x08002EE8,bl,0x0807190E,3
0x080718C0,0x08074BB0,bl,0x0807192A,2
0x080719A0,0x08001A94,bl,0x08071A04,3
0x080719A0,0x08001CC8,bl,0x08071AE8,1
0x080719A0,0x08005ACC,bl,0x08071A94,1
0x080719A0,0x08065160,bl,0x08071A88,1
0x08071BB0,0x08006148,bl,0x08071C0E,1
0x08071C38,0x08006148,bl,0x08071C96,1
0x08071CC0,0x08006148,bl,0x08071CFA,1
0x08071CC0,0x08064FC4,bl,0x08071CDC,1
0x08071CC0,0x08067108,bl,0x08071D0E,1
0x08071CC0,0x08071360,bl,0x08071D02,1
0x08071D2C,0x080031B8,bl,0x08071D30,2
0x08071D2C,0x0800622C,bl,0x08071D3C,1
0x08071D2C,0x080CFDCC,bl,0x08071D42,1
0x08071D60,0x080031B8,bl,0x08071D9E,2
0x08071D60,0x08006138,bl,0x08071E48,1
0x08071D60,0x08025F00,bl,0x08071E3E,1
0x08071D60,0x080261D4,bl,0x08071DF6,1
0x08071D60,0x08064D6C,bl,0x08071DF0,1
0x08071D60,0x0807186C,bl,0x08071E16,1
0x08071D60,0x080CFA5C,bl,0x08071DC0,1
0x08071D60,0x080CFDCC,bl,0x08071DB0,7
0x08071E74,0x080718C0,bl,0x08071E76,1
0x08071E80,0x08006138,bl,0x08071EA6,1
0x08071E80,0x080061C0,bl,0x08071E9A,1
0x08071E80,0x080062C4,bl,0x08071E90,1
0x08071EBC,0x080031B8,bl,0x08071F02,2
0x08071EBC,0x080034F0,bl,0x08071EFC,1
0x08071EBC,0x0801BCAC,bl,0x08071EC4,1
0x08071EBC,0x080261D4,bl,0x08071EF0,1
0x08071EBC,0x080277F0,bl,0x08071EEA,1
0x08071EBC,0x08063FE0,bl,0x08071F48,1
0x08071EBC,0x0806D4E4,bl,0x08071F0A,1
0x08071EBC,0x080718C0,bl,0x08071EBE,1
0x08071EBC,0x08071BB0,bl,0x08071F20,1
0x08071EBC,0x08071C38,bl,0x08071F3E,1
0x08071F54,0x080031B8,bl,0x08071FC8,2
0x08071F54,0x08006138,bl,0x080720A2,1
0x08071F54,0x080062C4,bl,0x08071F96,2
0x08071F54,0x08025F00,bl,0x08072098,1
0x08071F54,0x0807186C,bl,0x08071FE4,6
0x08071F54,0x080CFDCC,bl,0x08071FA4,11
0x080720DC,0x080718C0,bl,0x080720DE,1
0x080720E8,0x080031B8,bl,0x080721BA,3
0x080720E8,0x08006138,bl,0x08072346,1
0x080720E8,0x080062C4,bl,0x080722CC,1
0x080720E8,0x08025F00,bl,0x0807233C,1
0x080720E8,0x0807186C,bl,0x08072134,10
0x080720E8,0x080CFDCC,bl,0x08072144,28
0x0807237C,0x080718C0,bl,0x0807237E,1
0x08072388,0x080031B8,bl,0x080723D0,3
0x08072388,0x080034F0,bl,0x080725C8,1
0x08072388,0x08006138,bl,0x0807262C,1
0x08072388,0x080062C4,bl,0x080723E4,4
0x08072388,0x08025F00,bl,0x08072622,1
0x08072388,0x080261D4,bl,0x080724FA,1
0x08072388,0x08064D6C,bl,0x080724F4,1
0x08072388,0x0807186C,bl,0x08072516,2
0x08072388,0x08071898,bl,0x080723E0,1
0x08072388,0x080CFDCC,bl,0x080723F6,32
0x08072678,0x080718C0,bl,0x0807267A,1
0x08072684,0x080031B8,bl,0x080726CC,2
0x08072684,0x08006138,bl,0x08072864,1
0x08072684,0x080062C4,bl,0x080726D8,2
0x08072684,0x08025F00,bl,0x0807285A,1
0x08072684,0x080261D4,bl,0x080727F0,1
0x08072684,0x08064D6C,bl,0x080727EA,1
0x08072684,0x0807186C,bl,0x08072798,1
0x08072684,0x08071898,bl,0x080726D4,1
0x08072684,0x080CFDCC,bl,0x080726E8,21
0x080728A4,0x080718C0,bl,0x080728A6,1
0x080728B0,0x08006138,bl,0x08072AB6,1
0x080728B0,0x080062C4,bl,0x080728F6,2
0x080728B0,0x08025F00,bl,0x08072AAC,1
0x080728B0,0x0807186C,bl,0x08072924,6
0x080728B0,0x08071898,bl,0x080728F2,1
0x080728B0,0x080CFDCC,bl,0x08072904,20
0x08072AF4,0x080718C0,bl,0x08072AF6,1
0x08072B00,0x080031B8,bl,0x08072B46,3
0x08072B00,0x080034F0,bl,0x08072CFA,1
0x08072B00,0x08006244,bl,0x08072C52,1
0x08072B00,0x080062C4,bl,0x08072B4E,2
0x08072B00,0x080261D4,bl,0x08072CEE,1
0x08072B00,0x080277F0,bl,0x08072CE8,1
0x08072B00,0x08063FE0,bl,0x08072D6C,1
0x08072B00,0x0806D4E4,bl,0x08072D08,1
0x08072B00,0x0807186C,bl,0x08072B5E,3
0x08072B00,0x08071898,bl,0x08072C4E,1
0x08072B00,0x08071BB0,bl,0x08072D1E,1
0x08072B00,0x08071C38,bl,0x08072D62,1
0x08072B00,0x080CFDCC,bl,0x08072B72,17
0x08072D80,0x080718C0,bl,0x08072D82,1
0x08072D8C,0x080031B8,bl,0x08072DDC,1
0x08072D8C,0x08006138,bl,0x080731B0,1
0x08072D8C,0x080062C4,bl,0x08072DE8,2
0x08072D8C,0x08025F00,bl,0x080731A6,1
0x08072D8C,0x0807186C,bl,0x08072E16,3
0x08072D8C,0x08071898,bl,0x08072DE4,2
0x08072D8C,0x080CFDCC,bl,0x08072DF8,48
0x080731C4,0x080718C0,bl,0x080731C6,1
0x080731D0,0x080031B8,bl,0x08073232,2
0x080731D0,0x080034F0,bl,0x0807322C,1
0x080731D0,0x080062C4,bl,0x080731EE,1
0x080731D0,0x080261D4,bl,0x08073220,1
0x080731D0,0x080277F0,bl,0x0807321A,1
0x080731D0,0x08063FE0,bl,0x0807327C,1
0x080731D0,0x0806D4E4,bl,0x0807323A,1
0x080731D0,0x08071898,bl,0x080731EA,1
0x080731D0,0x08071BB0,bl,0x08073250,1
0x080731D0,0x08071C38,bl,0x08073272,1
0x080731D0,0x080CFDCC,bl,0x080731FE,1
0x0807328C,0x080718C0,bl,0x0807328E,1
0x08073298,0x080031B8,bl,0x080732E2,2
0x08073298,0x08006138,bl,0x08073522,1
0x08073298,0x0800625C,bl,0x080733BC,1
0x08073298,0x080062C4,bl,0x080732EE,3
0x08073298,0x08025F00,bl,0x08073518,1
0x08073298,0x080261D4,bl,0x080733F4,1
0x08073298,0x08064D6C,bl,0x080733EE,1
0x08073298,0x0807186C,bl,0x0807335C,9
0x08073298,0x08071898,bl,0x080732EA,4
0x08073298,0x080CFDCC,bl,0x080732FC,25
0x08073578,0x080718C0,bl,0x0807357A,1
0x08073584,0x080031B8,bl,0x080735CC,2
0x08073584,0x08006138,bl,0x080737B2,1
0x08073584,0x080062C4,bl,0x080735D8,2
0x08073584,0x08025F00,bl,0x080737A8,1
0x08073584,0x080261D4,bl,0x0807365E,1
0x08073584,0x08064D6C,bl,0x08073658,1
0x08073584,0x0807186C,bl,0x0807362E,2
0x08073584,0x08071898,bl,0x080735D4,2
0x08073584,0x080CFDCC,bl,0x080735EC,25
0x080737F8,0x080718C0,bl,0x080737FA,1
0x08073804,0x08006138,bl,0x08073920,1
0x08073804,0x080062C4,bl,0x0807384C,1
0x08073804,0x08025F00,bl,0x08073916,1
0x08073804,0x0807186C,bl,0x0807385A,2
0x08073804,0x08071898,bl,0x080738BC,1
0x08073804,0x080CFDCC,bl,0x0807386E,13
0x0807395C,0x080718C0,bl,0x0807395E,1
0x08073968,0x080031B8,bl,0x08073978,1
0x08073968,0x08006138,bl,0x0807399C,1
0x08073968,0x080061C0,bl,0x08073990,1
0x08073968,0x080062C4,bl,0x08073986,1
0x080739BC,0x080031B8,bl,0x08073A02,2
0x080739BC,0x080034F0,bl,0x080739FC,1
0x080739BC,0x0801BCAC,bl,0x080739C4,1
0x080739BC,0x080261D4,bl,0x080739F0,1
0x080739BC,0x080277F0,bl,0x080739EA,1
0x080739BC,0x08063FE0,bl,0x08073A48,1
0x080739BC,0x0806D4E4,bl,0x08073A0A,1
0x080739BC,0x080718C0,bl,0x080739BE,1
0x080739BC,0x08071BB0,bl,0x08073A20,1
0x080739BC,0x08071C38,bl,0x08073A3E,1
0x08073A54,0x080031B8,bl,0x08073A9C,2
0x08073A54,0x08006138,bl,0x08073C9A,1
0x08073A54,0x080062C4,bl,0x08073AA8,3
0x08073A54,0x08025F00,bl,0x08073C90,1
0x08073A54,0x080261D4,bl,0x08073C0C,1
0x08073A54,0x08064D6C,bl,0x08073C06,1
0x08073A54,0x0807186C,bl,0x08073BC0,3
0x08073A54,0x08071898,bl,0x08073AA4,1
0x08073A54,0x080CFDCC,bl,0x08073AB8,29
0x08073CD4,0x080718C0,bl,0x08073CD6,1
0x08073CE0,0x08006138,bl,0x08073DDE,1
0x08073CE0,0x080062C4,bl,0x08073D1E,1
0x08073CE0,0x08025F00,bl,0x08073DD4,1
0x08073CE0,0x0807186C,bl,0x08073D40,5
0x08073CE0,0x08071898,bl,0x08073D1A,1
0x08073CE0,0x080CFDCC,bl,0x08073D30,11
0x08073E00,0x080718C0,bl,0x08073E02,1
0x08073E0C,0x080031B8,bl,0x08073E48,1
0x08073E0C,0x08006138,bl,0x08073E62,1
0x08073E0C,0x080062C4,bl,0x08073E50,1
0x08073E80,0x080031B8,bl,0x08073EC6,2
0x08073E80,0x080034F0,bl,0x08073EC0,1
0x08073E80,0x0801BCAC,bl,0x08073E88,1
0x08073E80,0x080261D4,bl,0x08073EB4,1
0x08073E80,0x080277F0,bl,0x08073EAE,1
0x08073E80,0x08063FE0,bl,0x08073F0C,1
0x08073E80,0x0806D4E4,bl,0x08073ECE,1
0x08073E80,0x080718C0,bl,0x08073E82,1
0x08073E80,0x08071BB0,bl,0x08073EE4,1
0x08073E80,0x08071C38,bl,0x08073F02,1
0x08073F18,0x080031B8,bl,0x08073F2C,2
0x08073F18,0x080034D0,bl,0x08073F22,1
0x08073F18,0x080034F0,bl,0x08073F80,1
0x08073F18,0x08006138,bl,0x08074058,1
0x08073F18,0x080062C4,bl,0x08073F38,1
0x08073F18,0x08006338,bl,0x08074040,1
0x08073F18,0x08025B0C,bl,0x08074054,1
0x08073F18,0x08071898,bl,0x08073F34,1
0x08073F18,0x080CFDCC,bl,0x08073F4A,14
0x0807409C,0x080062C4,bl,0x080740AE,1
0x080740BC,0x08003110,bl,0x080740CA,2
0x080740BC,0x080031B8,bl,0x0807435E,2
0x080740BC,0x080034F0,bl,0x08074358,1
0x080740BC,0x080058E4,bl,0x080740D2,1
0x080740BC,0x080062C4,bl,0x080740E6,4
0x080740BC,0x080261D4,bl,0x0807433E,2
0x080740BC,0x08063FE0,bl,0x080743B8,1
0x080740BC,0x0806D4E4,bl,0x08074366,1
0x080740BC,0x08071898,bl,0x080740E2,1
0x080740BC,0x08071BB0,bl,0x080743AE,1
0x080740BC,0x08075290,bl,0x080742F6,1
0x080740BC,0x080CFDCC,bl,0x080740EC,36
0x080743C8,0x08006138,bl,0x080743E2,1
0x080743C8,0x08071D2C,bl,0x080743D6,1
0x080743F0,0x08025F00,bl,0x08074408,1
0x080743F0,0x08064970,bl,0x080743F2,1
0x08074420,0x080031B8,bl,0x08074434,1
0x08074420,0x08006138,bl,0x08074460,1
0x08074420,0x0807186C,bl,0x0807444E,1
0x0807447C,0x080031B8,bl,0x080744C2,1
0x0807447C,0x080034F0,bl,0x080744BC,1
0x0807447C,0x0801BCAC,bl,0x08074484,1
0x0807447C,0x080261D4,bl,0x080744B0,1
0x0807447C,0x080277F0,bl,0x080744AA,1
0x0807447C,0x08063FE0,bl,0x08074500,1
0x0807447C,0x0806D4E4,bl,0x080744CA,1
0x0807447C,0x080718C0,bl,0x0807447E,1
0x0807447C,0x08071BB0,bl,0x080744D8,1
0x0807447C,0x08071C38,bl,0x080744F6,1
0x0807450C,0x08002E98,bl,0x08074548,1
0x0807450C,0x08027798,bl,0x0807452C,1
0x08074568,0x08026278,bl,0x0807457C,1
0x08074588,0x080CFDCC,bl,0x080745BC,1
0x080745D0,0x080CFDD4,bl,0x080745D2,1
0x080745DC,0x08006138,bl,0x0807460C,1
0x080745DC,0x080062C4,bl,0x080745DE,1
0x080745DC,0x08025E00,bl,0x080745E8,1
0x080745DC,0x080CFDCC,bl,0x080745E4,3
0x08074628,0x080062C4,bl,0x0807462A,1
0x08074628,0x080CFDD4,bl,0x0807462E,1
0x08074638,0x080062C4,bl,0x0807463E,2
0x08074638,0x08025E00,bl,0x08074648,1
0x08074638,0x080CFDCC,bl,0x08074644,8
0x08074638,0x080CFDD4,bl,0x080746AC,1
0x080746C0,0x080062C4,bl,0x080746C2,2
0x080746C0,0x080CFDCC,bl,0x080746D0,3
0x080746C0,0x080CFDD4,bl,0x080746F0,1
0x0807470C,0x080062C4,bl,0x0807470E,2
0x0807470C,0x08025E00,bl,0x08074712,1
0x0807470C,0x080CFDCC,bl,0x08074718,7
0x0807470C,0x080CFDD4,bl,0x08074766,1
0x08074784,0x080062C4,bl,0x08074786,1
0x08074784,0x080CFDD4,bl,0x0807478A,1
0x08074794,0x080062C4,bl,0x08074796,2
0x08074794,0x080CFDCC,bl,0x080747A4,4
0x08074794,0x080CFDD4,bl,0x080747CA,1
0x080747DC,0x080062C4,bl,0x080747DE,1
0x080747DC,0x080CFDD4,bl,0x080747E2,1
0x080747EC,0x080062C4,bl,0x080747F2,2
0x080747EC,0x08025E00,bl,0x080747FC,1
0x080747EC,0x080CFDCC,bl,0x080747F8,9
0x080747EC,0x080CFDD4,bl,0x0807486E,1
0x08074880,0x080062C4,bl,0x08074882,1
0x08074880,0x08026278,bl,0x08074892,1
0x08074880,0x080CFDD4,bl,0x08074896,1
0x080748A8,0x080062C4,bl,0x080748AA,1
0x080748A8,0x08025E00,bl,0x080748B4,1
0x080748A8,0x080CFDCC,bl,0x080748B0,5
0x080748A8,0x080CFDD4,bl,0x080748F0,1
0x08074904,0x080062C4,bl,0x08074906,2
0x08074904,0x08025E00,bl,0x08074910,1
0x08074904,0x080CFDCC,bl,0x0807490C,7
0x08074904,0x080CFDD4,bl,0x08074966,1
0x08074974,0x080062C4,bl,0x08074976,2
0x08074974,0x080CFDD4,bl,0x0807497E,1
0x08074988,0x080062C4,bl,0x08074990,3
0x08074988,0x08025E00,bl,0x0807499A,1
0x08074988,0x080CFDCC,bl,0x08074996,20
0x08074988,0x080CFDD4,bl,0x08074A90,1
0x08074AB8,0x080062C4,bl,0x08074ABA,1
0x08074AB8,0x080CFDD4,bl,0x08074ABE,1
0x08074AC8,0x0800622C,bl,0x08074ADC,1
0x08074AC8,0x080062C4,bl,0x08074ACA,2
0x08074AC8,0x08075B2E,bl,0x08074B2C,1
0x08074AC8,0x080CFDCC,bl,0x08074AD0,3
0x08074B60,0x080062C4,bl,0x08074B78,2
0x08074B60,0x08025E0C,bl,0x08074B9C,1
0x08074B60,0x080CFDCC,bl,0x08074B86,2
0x08074B60,0x080CFDD4,bl,0x08074BA0,1
0x08074BB0,0x08064D6C,bl,0x08074BD6,1
0x08074C0C,0x08001A94,bl,0x08074D4E,4
0x08074C0C,0x08002EE8,bl,0x08074CA0,2
0x08074C0C,0x08006138,bl,0x08074CE0,1
0x08074C0C,0x0806421C,bl,0x08074C88,2
0x08074C0C,0x080CFDCC,bl,0x08074E44,1
0x08074C0C,0x080CFDD4,bl,0x08074E5C,2
0x08074E8C,0x080CFA58,bl,0x08074E98,4
0x08074F48,0x08003014,bl,0x08074F9C,4
0x08074F48,0x08074EE0,bl,0x08074F7E,2
0x08075000,0x080017E4,bl,0x08075024,3
0x08075000,0x08074E8C,bl,0x080750AE,1
0x08075000,0x08074F48,bl,0x080750C0,10
0x08075000,0x08075290,bl,0x08075214,4
0x08075000,0x080CFA70,bl,0x0807502E,2
0x08075000,0x080CFDCC,bl,0x08075074,26
0x08075000,0x080CFDD4,bl,0x0807524C,1
0x08075290,0x080058E4,bl,0x0807529E,2
0x080752F4,0x080031B8,bl,0x08075704,3
0x080752F4,0x080062C4,bl,0x0807531E,3
0x080752F4,0x0806D4E4,bl,0x080756FE,3
0x080752F4,0x08076050,bl,0x08075338,5
0x080752F4,0x080CFDCC,bl,0x080753D2,75
0x08075B2E,0x080031B8,bl,0x08075B72,3
0x08075B2E,0x080062C4,bl,0x08075C84,1
0x08075B2E,0x0806D4E4,bl,0x08075B6C,3
0x08075B2E,0x080CFDCC,bl,0x08075B30,53
0x08076050,0x080CFDD4,bl,0x08076050,1
0x08076074,0x08001A94,bl,0x08076146,2
0x08076074,0x08001CC8,bl,0x0807610C,1
0x08076074,0x08005ACC,bl,0x080760D4,1
0x08076074,0x080670F0,bl,0x080761E4,8
0x08076074,0x080CFDCC,bl,0x080761EA,7
0x08076074,0x080CFDD4,bl,0x080762F8,1
0x08076318,0x08002E98,bl,0x0807635A,1
0x08076318,0x080062C4,bl,0x08076326,1
0x0807637C,0x08002E98,bl,0x08076388,1
0x0807637C,0x08026264,bl,0x080763AC,1
0x080763C4,0x08002E98,bl,0x080763D4,1
0x08076454,0x08026264,bl,0x080764E0,1
0x080764F8,0x080763E8,bl,0x0807654E,1
0x080764F8,0x08076F50,bl,0x08076520,1
0x08076558,0x080061C0,bl,0x080765CE,1
0x08076558,0x0806421C,bl,0x080765C4,1
0x080765F4,0x0806421C,bl,0x08076686,1
0x080766AC,0x08064970,bl,0x080766E0,1
0x080766AC,0x0807029C,bl,0x080766DC,1
0x080766AC,0x08076558,bl,0x080766D8,1
0x080766AC,0x080CFDCC,bl,0x080766D0,1
0x08076710,0x08064970,bl,0x0807675A,1
0x08076710,0x0807029C,bl,0x08076756,1
0x08076710,0x080765F4,bl,0x08076752,1
0x08076710,0x080CFDCC,bl,0x0807674A,1
0x08076798,0x08006338,bl,0x080767DC,2
0x08076798,0x08064970,bl,0x080767F6,1
0x08076798,0x08076558,bl,0x0807679E,1
0x08076828,0x0802610C,bl,0x08076840,1
0x08076828,0x08064970,bl,0x0807682A,1
0x0807685C,0x0806DA3C,bl,0x080768A6,1
0x0807685C,0x08070334,bl,0x0807688C,1
0x0807685C,0x08076828,bl,0x080768B4,1
0x080768C8,0x0800622C,bl,0x080768EE,1
0x080768C8,0x08067108,bl,0x08076944,1
0x08076958,0x08006138,bl,0x080769C4,1
0x08076958,0x08006338,bl,0x080769A2,1
0x08076958,0x080CFDCC,bl,0x080769A8,2
0x080769D0,0x08006338,bl,0x080769D6,1
0x080769D0,0x080CFDCC,bl,0x080769DC,2
0x08076A14,0x08006338,bl,0x08076A1A,1
0x08076A14,0x080CFDCC,bl,0x08076A20,2
0x08076A58,0x08006138,bl,0x08076BCE,1
0x08076A58,0x080061C0,bl,0x08076A64,8
0x08076A58,0x08006338,bl,0x08076A6A,2
0x08076A58,0x08070614,bl,0x08076BCA,1
0x08076A58,0x080CFDCC,bl,0x08076A70,16
0x08076C00,0x080031B8,bl,0x08076C42,1
0x08076C00,0x08006148,bl,0x08076C64,1
0x08076C00,0x080062C4,bl,0x08076C20,1
0x08076C00,0x080261D4,bl,0x08076C48,1
0x08076C00,0x0806D4E4,bl,0x08076C50,1
0x08076C88,0x08006138,bl,0x08076C9C,1
0x08076C88,0x08076454,bl,0x08076C98,1
0x08076CAC,0x080764F8,bl,0x08076CC6,1
0x08076CD4,0x08006138,bl,0x08076CEE,1
0x08076CD4,0x080766AC,bl,0x08076CDE,1
0x08076CD4,0x080769D0,bl,0x08076CEA,1
0x08076D00,0x0807685C,bl,0x08076D04,1
0x08076D0C,0x08006138,bl,0x08076D26,1
0x08076D0C,0x08076710,bl,0x08076D16,1
0x08076D0C,0x080769D0,bl,0x08076D22,1
0x08076D38,0x0807685C,bl,0x08076D3C,1
0x08076D44,0x08006138,bl,0x08076D68,1
0x08076D44,0x08076798,bl,0x08076D4E,1
0x08076D44,0x08076958,bl,0x08076D5A,1
0x08076D70,0x08076F04,bl,0x08076D94,1
0x08076DAC,0x0807022C,bl,0x08076DC6,1
0x08076DAC,0x08070264,bl,0x08076DC2,1
0x08076DAC,0x080768C8,bl,0x08076DB6,1
0x08076DAC,0x08076A14,bl,0x08076DD4,1
0x08076DDC,0x0801BCAC,bl,0x08076DE0,1
0x08076DDC,0x080703A8,bl,0x08076DEC,1
0x08076DDC,0x08076C00,bl,0x08076E0C,1
0x08076E30,0x08076A58,bl,0x08076E3A,1
0x08076E48,0x0801BCAC,bl,0x08076E5C,1
0x08076E48,0x08076C00,bl,0x08076E60,1
0x08076E88,0x08006148,bl,0x08076EB4,1
0x08076E88,0x08068A8C,bl,0x08076E9C,1
0x08076F04,0x08006244,bl,0x08076F28,1
0x08076F04,0x0800A130,bl,0x08076F3E,1
0x08076F04,0x08068B88,bl,0x08076F34,1
0x08076F04,0x08076EC8,bl,0x08076F1E,1
0x08076F50,0x080062E0,bl,0x08076FAA,1
0x08076F50,0x0800A130,bl,0x08076FC4,1
0x08076F50,0x08067108,bl,0x08076FCE,1
0x08076F50,0x08068B88,bl,0x08076FB6,1
0x08076F50,0x08076EC8,bl,0x08076F7A,1
0x08076FE4,0x08006148,bl,0x0807702E,1
0x0807705C,0x08002E98,bl,0x08077082,1
0x080770A0,0x0806395C,bl,0x080770DA,2
0x080770F0,0x08076E88,bl,0x08077130,1
0x0807717C,0x080031B8,bl,0x080771A2,1
0x0807717C,0x080261D4,bl,0x0807719A,1
0x0807717C,0x0806DA3C,bl,0x0807718C,2
0x080771B0,0x080261D4,bl,0x080771BC,1
0x080771B0,0x0806DA3C,bl,0x080771B6,1
0x080771C4,0x080261D4,bl,0x080771D0,1
0x080771C4,0x0806DA3C,bl,0x080771CA,1
0x080771D8,0x08006148,bl,0x08077212,1
0x080771D8,0x0806395C,bl,0x08077208,1
0x080771D8,0x08076FE4,bl,0x080771F0,2
0x080771D8,0x080770A0,bl,0x080771E8,1
0x08077224,0x08002E98,bl,0x0807723C,1
0x08077224,0x0806395C,bl,0x08077230,1
0x08077254,0x08002E98,bl,0x08077260,1
0x08077270,0x08002E98,bl,0x0807727C,1
0x0807728C,0x08006138,bl,0x080772A2,1
0x0807728C,0x080062C4,bl,0x08077296,1
0x080772B0,0x08068E04,bl,0x080772DE,1
0x080772B0,0x080692FC,bl,0x080772B2,1
0x080772B0,0x080770F0,bl,0x080772F0,1
0x080772B0,0x080771D8,bl,0x080772C8,1
0x08077308,0x08006138,bl,0x08077388,1
0x08077308,0x080062C4,bl,0x08077314,2
0x08077308,0x0806395C,bl,0x08077384,1
0x08077308,0x0807717C,bl,0x08077318,1
0x08077308,0x080CFDCC,bl,0x08077326,7
0x080773A8,0x08006148,bl,0x080773BA,1
0x080773D0,0x080031B8,bl,0x08077494,1
0x080773D0,0x08006138,bl,0x08077544,1
0x080773D0,0x080062C4,bl,0x080773DC,3
0x080773D0,0x080771B0,bl,0x08077498,1
0x080773D0,0x080CFDCC,bl,0x080773F2,18
0x08077568,0x080031B8,bl,0x08077644,1
0x08077568,0x08006138,bl,0x080776F8,1
0x08077568,0x080062C4,bl,0x08077574,3
0x08077568,0x080771C4,bl,0x08077648,1
0x08077568,0x080CFDCC,bl,0x0807758A,20
0x0807771C,0x08002E98,bl,0x0807773E,1
0x080777BC,0x080269D8,bl,0x080777E8,2
0x08077830,0x0807777C,bl,0x0807784A,1
0x08077830,0x08077898,bl,0x08077876,1
0x08077830,0x080779DC,bl,0x08077864,1
0x08077898,0x08005654,bl,0x0807791E,1
0x08077898,0x08022540,bl,0x080778E4,1
0x08077898,0x080269D8,bl,0x08077938,1
0x08077898,0x0806395C,bl,0x0807794A,1
0x08077898,0x080777BC,bl,0x08077900,1
0x08077980,0x0807777C,bl,0x080779B2,1
0x08077980,0x08077898,bl,0x080779A0,1
0x08077A48,0x08064D34,bl,0x08077A4E,1
0x08077A64,0x08002E98,bl,0x08077A90,1
0x08077A64,0x0806395C,bl,0x08077A84,1
0x08077AA8,0x08002E98,bl,0x08077AB4,1
0x08077AC4,0x08002E98,bl,0x08077AD0,1
0x08077AE0,0x08006138,bl,0x08077B12,1
0x08077AE0,0x080062C4,bl,0x08077AF2,1
0x08077B24,0x08006148,bl,0x08077B46,1
0x08077B24,0x0806395C,bl,0x08077B3C,1
0x08077B24,0x08068E04,bl,0x08077B26,1
0x08077B60,0x080031B8,bl,0x08077B84,1
0x08077B60,0x08006138,bl,0x08077B96,1
0x08077B60,0x080062C4,bl,0x08077B6A,1
0x08077B60,0x0807775C,bl,0x08077B6E,1
0x08077B60,0x08077A48,bl,0x08077B72,1
0x08077B60,0x080CFDCC,bl,0x08077B8A,1
0x08077BA8,0x08006148,bl,0x08077BDC,1
0x08077BA8,0x0806395C,bl,0x08077BD2,1
0x08077BA8,0x08077830,bl,0x08077BB8,1
0x08077BF0,0x08006138,bl,0x08077C1E,1
0x08077BF0,0x080062C4,bl,0x08077BFA,1
0x08077BF0,0x0807775C,bl,0x08077C06,1
0x08077C2C,0x08006148,bl,0x08077C4E,1
0x08077C2C,0x08077980,bl,0x08077C3C,1
0x08077C64,0x08002E98,bl,0x08077C86,1
0x08077CD4,0x08027204,bl,0x08077CE6,1
0x08077CD4,0x080670AC,bl,0x08077CE0,1
0x08077CF4,0x080031B8,bl,0x08077D02,1
0x08077CF4,0x08006148,bl,0x08077D22,1
0x08077CF4,0x08009E14,bl,0x08077D10,1
0x08077CF4,0x080261D4,bl,0x08077D08,1
0x08077CF4,0x08063974,bl,0x08077D1A,1
0x08077CF4,0x08067108,bl,0x08077CF6,1
0x08077CF4,0x08077CD4,bl,0x08077D0C,1
0x08077D38,0x08006148,bl,0x08077D46,1
0x08077D38,0x08063974,bl,0x08077D3E,1
0x08077D54,0x080031B8,bl,0x08077D92,1
0x08077D54,0x080037F8,bl,0x08077D62,1
0x08077D54,0x08009E20,bl,0x08077DBC,1
0x08077D54,0x080261D4,bl,0x08077D6E,1
0x08077D54,0x080670D4,bl,0x08077DB8,1
0x08077D54,0x08067108,bl,0x08077D56,1
0x08077D54,0x08067114,bl,0x08077DC0,1
0x08077D54,0x0806A344,bl,0x08077DC4,1
0x08077D54,0x080B4204,bl,0x08077D98,1
0x08077D54,0x080CFDCC,bl,0x08077D5C,3
0x08077DD8,0x08002E98,bl,0x08077DF0,1
0x08077DD8,0x0806395C,bl,0x08077DE4,1
0x08077E08,0x08002E98,bl,0x08077E1E,1
0x08077E08,0x080692FC,bl,0x08077E0A,1
0x08077E30,0x08002E98,bl,0x08077E3C,1
0x08077E4C,0x08006138,bl,0x08077E66,1
0x08077E4C,0x080062C4,bl,0x08077E5E,1
0x08077E74,0x08068E04,bl,0x08077E7E,1
0x08077E74,0x08077CA4,bl,0x08077E86,1
0x08077E74,0x08077CF4,bl,0x08077E90,1
0x08077E9C,0x0800381C,bl,0x08077EAE,1
0x08077E9C,0x08006138,bl,0x08077EBA,1
0x08077E9C,0x08025BC8,bl,0x08077EB6,1
0x08077E9C,0x080CFDCC,bl,0x08077EA8,1
0x08077ED0,0x08006138,bl,0x08077EF4,1
0x08077ED0,0x08077D54,bl,0x08077EF0,1
0x08077ED0,0x080CFDCC,bl,0x08077EE6,1
0x08077F0C,0x08002E98,bl,0x08077F2E,1
0x08077F4C,0x08002E98,bl,0x08077F64,1
0x08077F4C,0x0806395C,bl,0x08077F58,1
0x08077F7C,0x08002E98,bl,0x08077F88,1
0x08077F98,0x08021B18,bl,0x08077FC0,1
0x08077F98,0x08063FE0,bl,0x08077FE2,1
0x08077F98,0x080CFDCC,bl,0x08077FAE,3
0x08077FF8,0x080781FC,bl,0x0807800E,1
0x0807802C,0x080782B4,bl,0x0807805C,2
0x080780C4,0x0807831C,bl,0x080780DA,2
0x0807811C,0x08002EE8,bl,0x08078168,1
0x0807817C,0x08002EE8,bl,0x0807819E,6
0x080781FC,0x08001A94,bl,0x0807823C,2
0x080782B4,0x08001A94,bl,0x080782FC,1
0x0807831C,0x08001A94,bl,0x080783AE,1
0x0807831C,0x080783E0,bl,0x08078358,1
0x0807840C,0x08002EE8,bl,0x0807848A,5
0x08078598,0x08002E98,bl,0x0807865C,1
0x08078598,0x0806EE2C,bl,0x08078634,1
0x08078670,0x08006138,bl,0x0807869E,1
0x08078670,0x0807817C,bl,0x0807868E,1
0x080786B4,0x0807811C,bl,0x080786CA,1
0x080786E8,0x08006138,bl,0x0807871C,1
0x080786E8,0x0807817C,bl,0x0807870C,1
0x08078734,0x0807840C,bl,0x0807874C,1
0x0807876C,0x08006138,bl,0x080787A2,1
0x0807876C,0x0807817C,bl,0x08078792,1
0x080787B8,0x0807840C,bl,0x080787D0,1
0x080787F0,0x08006138,bl,0x08078826,1
0x080787F0,0x0807817C,bl,0x08078816,1
0x0807883C,0x0807840C,bl,0x08078854,1
0x08078874,0x08006138,bl,0x080788CA,1
0x08078874,0x0807817C,bl,0x08078892,2
0x080788E0,0x0807840C,bl,0x080788F8,2
0x0807893C,0x08002E98,bl,0x08078968,1
0x08078984,0x08006148,bl,0x08078994,1
0x08078984,0x08066C08,bl,0x0807898A,1
0x080789AC,0x08006148,bl,0x08078A34,1
0x080789AC,0x0806395C,bl,0x080789EA,5
0x08078A48,0x08006148,bl,0x08078AF0,1
0x08078A48,0x0806395C,bl,0x08078A86,5
0x08078A48,0x080640DC,bl,0x08078AB2,1
0x08078A48,0x08066C3C,bl,0x08078ACE,1
0x08078B08,0x08066C08,bl,0x08078B1E,1
0x08078B08,0x0806A0F0,bl,0x08078B26,1
0x08078B38,0x08063FF4,bl,0x08078B58,1
0x08078B38,0x08066B70,bl,0x08078B4E,1
0x08078B68,0x08006338,bl,0x08078B6E,1
0x08078B68,0x080CFDCC,bl,0x08078B74,8
0x08078BE0,0x08002E98,bl,0x08078BFC,1
0x08078BE0,0x0806395C,bl,0x08078BF0,1
0x08078BE0,0x08063E14,bl,0x08078BEA,1
0x08078C14,0x08002E98,bl,0x08078C2A,1
0x08078C14,0x08068E04,bl,0x08078C46,1
0x08078C14,0x080692FC,bl,0x08078C16,1
0x08078C14,0x08069B44,bl,0x08078C4A,1
0x08078C64,0x08002E98,bl,0x08078C70,1
0x08078C80,0x080061C0,bl,0x08078C9E,1
0x08078C80,0x080062C4,bl,0x08078C8A,1
0x08078C80,0x08078B68,bl,0x08078CA2,1
0x08078CBC,0x08006138,bl,0x08078CD8,1
0x08078CBC,0x0800622C,bl,0x08078CD0,1
0x08078CBC,0x08078B68,bl,0x08078CD4,1
0x08078CE8,0x08002E98,bl,0x08078D04,1
0x08078CE8,0x0806395C,bl,0x08078CF8,1
0x08078CE8,0x08063E14,bl,0x08078CF2,1
0x08078D1C,0x08002E98,bl,0x08078D32,1
0x08078D1C,0x08068E04,bl,0x08078D4E,1
0x08078D1C,0x080692FC,bl,0x08078D1E,1
0x08078D1C,0x08069B44,bl,0x08078D52,1
0x08078D6C,0x08002E98,bl,0x08078D78,1
0x08078D88,0x080061C0,bl,0x08078DB6,1
0x08078D88,0x080062C4,bl,0x08078D92,1
0x08078D88,0x08078B68,bl,0x08078DBA,1
0x08078DD4,0x08063FF4,bl,0x08078DE0,1
0x08078E10,0x08006138,bl,0x08078E2C,1
0x08078E10,0x0800622C,bl,0x08078E24,1
0x08078E10,0x08078B68,bl,0x08078E28,1
0x08078E3C,0x08002E98,bl,0x08078E66,1
0x08078E3C,0x0806395C,bl,0x08078E52,1
0x08078E3C,0x08063E14,bl,0x08078E46,1
0x08078E3C,0x080640DC,bl,0x08078E58,1
0x08078E80,0x08002E98,bl,0x08078E8C,1
0x08078E9C,0x08002E98,bl,0x08078EB2,1
0x08078E9C,0x08068E04,bl,0x08078ECE,1
0x08078E9C,0x080692FC,bl,0x08078E9E,1
0x08078E9C,0x08069B44,bl,0x08078ED2,1
0x08078EEC,0x08006138,bl,0x08078F0E,1
0x08078EEC,0x080061C0,bl,0x08078F0A,1
0x08078EEC,0x080062C4,bl,0x08078EF6,1
0x08078F24,0x08002EE8,bl,0x08078F40,1
0x08078F24,0x08006148,bl,0x08078F54,2
0x08078F24,0x0806395C,bl,0x08078F4A,2
0x08078F24,0x08064188,bl,0x08078F2C,1
0x08078F8C,0x08006138,bl,0x08079054,1
0x08078F8C,0x0800622C,bl,0x08079050,1
0x08078F8C,0x08006338,bl,0x08078FA8,1
0x08078F8C,0x080CFDCC,bl,0x08078FAE,8
0x0807906C,0x08006148,bl,0x080790A6,1
0x0807906C,0x08006244,bl,0x08079086,1
0x0807906C,0x0806395C,bl,0x0807909C,1
0x0807906C,0x080640DC,bl,0x08079092,1
0x080790C0,0x08006138,bl,0x080790DC,1
0x080790C0,0x0800622C,bl,0x080790D4,1
0x080790C0,0x08078B68,bl,0x080790D8,1
0x080790EC,0x08002E98,bl,0x0807910E,1
0x080790EC,0x0806395C,bl,0x08079102,1
0x080790EC,0x08063E14,bl,0x080790FC,1
0x080790EC,0x08066B34,bl,0x080790F8,1
0x08079128,0x08002E98,bl,0x0807913E,1
0x08079128,0x08068E04,bl,0x0807915A,1
0x08079128,0x080692FC,bl,0x0807912A,1
0x08079128,0x08069B44,bl,0x0807915E,1
0x08079178,0x08002E98,bl,0x08079184,1
0x08079194,0x080061C0,bl,0x080791A8,1
0x08079194,0x080062C4,bl,0x0807919E,1
0x08079194,0x08078B68,bl,0x080791AC,1
0x080791C0,0x0800622C,bl,0x0807920E,1
0x080791C0,0x080640C8,bl,0x08079200,1
0x080791C0,0x080640DC,bl,0x080791DE,1
0x080791C0,0x08066BA8,bl,0x080791E6,1
0x080791C0,0x08066BDC,bl,0x080791EA,1
0x080791C0,0x08078B68,bl,0x08079212,1
0x080791C0,0x080CFDCC,bl,0x080791F0,1
0x0807921C,0x08064188,bl,0x08079224,1
0x08079238,0x08002E98,bl,0x08079262,2
0x08079238,0x0806395C,bl,0x08079256,1
0x08079238,0x080639B4,bl,0x08079248,1
0x08079238,0x08063E14,bl,0x08079242,1
0x08079298,0x08002E98,bl,0x080792A4,1
0x08079298,0x08068E04,bl,0x080792C0,1
0x08079298,0x08069B44,bl,0x080792C4,1
0x080792DC,0x08078B68,bl,0x080792E6,1
0x080792F8,0x08002E98,bl,0x08079322,1
0x080792F8,0x0806395C,bl,0x08079316,1
0x080792F8,0x08063E14,bl,0x08079310,1
0x080792F8,0x08066B34,bl,0x08079304,1
0x0807933C,0x08002E98,bl,0x08079352,1
0x0807933C,0x08068E04,bl,0x0807936E,1
0x0807933C,0x080692FC,bl,0x0807933E,1
0x0807933C,0x08069B44,bl,0x08079372,1
0x0807938C,0x08002E98,bl,0x08079398,1
0x080793A8,0x080062C4,bl,0x080793B2,1
0x080793A8,0x08078B68,bl,0x080793B6,1
0x080793C4,0x08063E14,bl,0x080793C6,1
0x080793D0,0x08006138,bl,0x08079416,1
0x080793D0,0x0800622C,bl,0x080793FA,1
0x080793D0,0x080640C8,bl,0x080793EC,1
0x080793D0,0x080640DC,bl,0x0807940A,1
0x080793D0,0x08066BA8,bl,0x08079412,1
0x080793D0,0x08078B68,bl,0x080793FE,1
0x08079424,0x0806415C,bl,0x0807942C,1
0x08079440,0x08002E98,bl,0x08079462,1
0x08079480,0x08006148,bl,0x0807948E,1
0x08079480,0x0806395C,bl,0x08079484,1
0x080794A0,0x08006148,bl,0x080794AE,1
0x080794A0,0x0806395C,bl,0x080794A4,1
0x080794C0,0x08063FF4,bl,0x080794D2,1
0x080794C0,0x0806A0F0,bl,0x080794C6,1
0x080794DC,0x08002E98,bl,0x080794F6,1
0x080794DC,0x08063E14,bl,0x080794E6,1
0x080794DC,0x08079578,bl,0x080794EA,1
0x0807950C,0x08002E98,bl,0x08079522,1
0x0807950C,0x08068E04,bl,0x0807953E,1
0x0807950C,0x080692FC,bl,0x0807950E,1
0x0807950C,0x08069B44,bl,0x08079542,1
0x0807955C,0x08002E98,bl,0x08079568,1
0x08079578,0x08002EE8,bl,0x08079586,1
0x08079578,0x0806395C,bl,0x08079596,2
0x080795B4,0x080062C4,bl,0x080795BE,1
0x080795B4,0x08006338,bl,0x080795C8,1
0x080795B4,0x08063E14,bl,0x080795C2,1
0x080795B4,0x080CFDCC,bl,0x080795CE,1
0x080795D8,0x08002EE8,bl,0x08079610,1
0x080795D8,0x08063CD0,bl,0x080795E4,3
0x080795D8,0x0807964C,bl,0x08079618,1
0x080795D8,0x0807968C,bl,0x08079632,2
0x080795D8,0x080796D8,bl,0x08079624,1
0x0807964C,0x08006148,bl,0x0807965A,1
0x0807964C,0x0806395C,bl,0x08079650,1
0x0807966C,0x08006148,bl,0x0807967A,1
0x0807966C,0x0806395C,bl,0x08079670,1
0x0807968C,0x08002EE8,bl,0x080796C2,1
0x0807968C,0x0807966C,bl,0x0807969C,2
0x080796D8,0x08002EE8,bl,0x080796EC,1
0x080796D8,0x0807964C,bl,0x08079700,1
0x080796D8,0x0807968C,bl,0x080796F4,2
0x08079710,0x08006138,bl,0x08079794,1
0x08079710,0x080061C0,bl,0x08079748,1
0x08079710,0x080062C4,bl,0x08079724,1
0x08079710,0x08006338,bl,0x08079768,1
0x08079710,0x0806395C,bl,0x08079790,1
0x08079710,0x080640DC,bl,0x0807972A,1
0x08079710,0x080CFDCC,bl,0x08079750,4
0x080797B4,0x08006148,bl,0x080797D4,1
0x080797B4,0x08064188,bl,0x080797BC,1
0x080797EC,0x080031B8,bl,0x08079826,1
0x080797EC,0x08006138,bl,0x080798A2,1
0x080797EC,0x08006338,bl,0x080797FA,2
0x080797EC,0x0806395C,bl,0x0807989E,1
0x080797EC,0x08064B5C,bl,0x0807982E,1
0x080797EC,0x08064CDC,bl,0x08079840,2
0x080797EC,0x080CFDCC,bl,0x08079800,3
0x080798B8,0x08006148,bl,0x080798D4,1
0x080798E8,0x08006138,bl,0x08079906,1
0x080798E8,0x0800622C,bl,0x08079902,1
0x080798E8,0x08006338,bl,0x080798F4,1
0x08079918,0x08002E98,bl,0x08079942,1
0x08079918,0x0806395C,bl,0x08079936,1
0x08079918,0x080639B4,bl,0x08079928,1
0x08079918,0x08063E14,bl,0x08079922,1
0x0807995C,0x08002E98,bl,0x08079968,2
0x0807995C,0x08068E04,bl,0x08079984,1
0x0807995C,0x08069B44,bl,0x08079988,1
0x080799BC,0x08006138,bl,0x080799D0,1
0x080799BC,0x080062C4,bl,0x080799C6,1
0x080799BC,0x08006338,bl,0x080799CC,1
0x080799E0,0x08002E98,bl,0x08079A02,1
0x08079A20,0x08006148,bl,0x08079A2E,1
0x08079A20,0x0806395C,bl,0x08079A24,1
0x08079A40,0x08006148,bl,0x08079A4E,1
0x08079A40,0x0806395C,bl,0x08079A44,1
0x08079A60,0x0806A0F0,bl,0x08079A66,1
0x08079A70,0x08006148,bl,0x08079A7E,1
0x08079A70,0x0806395C,bl,0x08079A74,1
0x08079A90,0x08063FF4,bl,0x08079A92,1
0x08079A9C,0x08002E98,bl,0x08079ABC,1
0x08079A9C,0x0806395C,bl,0x08079AAC,1
0x08079A9C,0x08063E14,bl,0x08079AA6,1
0x08079AD4,0x08002E98,bl,0x08079AEA,1
0x08079AD4,0x08068E04,bl,0x08079B06,1
0x08079AD4,0x080692FC,bl,0x08079AD6,1
0x08079AD4,0x08069B44,bl,0x08079B0A,1
0x08079B24,0x08002E98,bl,0x08079B30,1
0x08079B40,0x080061C0,bl,0x08079B54,1
0x08079B40,0x080062C4,bl,0x08079B4A,1
0x08079B40,0x08006338,bl,0x08079B5A,1
0x08079B40,0x080CFDCC,bl,0x08079B60,4
0x08079BAC,0x08006138,bl,0x08079BD2,1
0x08079BAC,0x0800622C,bl,0x08079BCE,1
0x08079BAC,0x080062C4,bl,0x08079BB6,1
0x08079BAC,0x08006338,bl,0x08079BC0,1
0x08079BAC,0x08064038,bl,0x08079BBA,1
0x08079BE4,0x08006138,bl,0x08079C76,1
0x08079BE4,0x080062C4,bl,0x08079BEE,1
0x08079BE4,0x08006338,bl,0x08079C1C,1
0x08079BE4,0x0806395C,bl,0x08079C72,1
0x08079BE4,0x080CFDCC,bl,0x08079C22,3
0x08079C84,0x08006148,bl,0x08079C96,1
0x08079CAC,0x08006138,bl,0x08079D20,1
0x08079CAC,0x080062C4,bl,0x08079CB6,1
0x08079CAC,0x08006338,bl,0x08079CD6,2
0x08079CAC,0x080639A4,bl,0x08079D06,1
0x08079CAC,0x080639B4,bl,0x08079CC4,1
0x08079CAC,0x080670AC,bl,0x08079CCA,1
0x08079CAC,0x080670D4,bl,0x08079D00,1
0x08079CAC,0x0806A344,bl,0x08079D0A,1
0x08079CAC,0x080CFDCC,bl,0x08079CDC,2
0x08079D30,0x08002E98,bl,0x08079D5A,1
0x08079D30,0x0806395C,bl,0x08079D4E,1
0x08079D30,0x080639B4,bl,0x08079D40,1
0x08079D30,0x08063E14,bl,0x08079D3A,1
0x08079D74,0x08002E98,bl,0x08079D80,2
0x08079D74,0x08068E04,bl,0x08079D9C,1
0x08079D74,0x08069B44,bl,0x08079DA0,1
0x08079DD4,0x080062C4,bl,0x08079DDE,1
0x08079DD4,0x08006338,bl,0x08079DE4,1
0x08079DD4,0x080CFDCC,bl,0x08079DEA,4
0x08079E24,0x08002E98,bl,0x08079E50,1
0x08079E24,0x08065848,bl,0x08079E42,1
0x08079E70,0x0806EE2C,bl,0x08079E80,1
0x08079E8C,0x080061C0,bl,0x08079EA8,1
0x08079E8C,0x0800622C,bl,0x08079EC4,1
0x08079EEC,0x08002EE8,bl,0x08079EF4,1
0x08079EEC,0x0806395C,bl,0x08079F08,1
0x08079F18,0x08002EE8,bl,0x08079F36,1
0x08079F18,0x0806395C,bl,0x08079F40,1
0x08079F18,0x08063C74,bl,0x08079F20,1
0x08079F18,0x08079EEC,bl,0x08079F2E,2
0x08079F54,0x08006148,bl,0x08079F82,2
0x08079F54,0x08063E14,bl,0x08079F5C,1
0x08079F54,0x08079F18,bl,0x08079F62,1
0x08079FA8,0x08002EE8,bl,0x08079FB4,1
0x08079FA8,0x0806395C,bl,0x08079FBE,1
0x08079FA8,0x08063E14,bl,0x08079FAE,1
0x08079FA8,0x08079F18,bl,0x08079FC6,1
0x08079FD0,0x08006148,bl,0x08079FEA,1
0x08079FD0,0x0806395C,bl,0x08079FE0,1
0x0807A008,0x08006148,bl,0x0807A022,1
0x0807A008,0x0806395C,bl,0x0807A018,1
0x0807A040,0x0806A0F0,bl,0x0807A046,1
0x0807A050,0x08063FF4,bl,0x0807A052,1
0x0807A06C,0x08002E98,bl,0x0807A084,1
0x0807A06C,0x08079FA8,bl,0x0807A078,1
0x0807A09C,0x08002E98,bl,0x0807A0B2,1
0x0807A09C,0x08063F24,bl,0x0807A0F2,1
0x0807A09C,0x08068E04,bl,0x0807A0CE,1
0x0807A09C,0x080692FC,bl,0x0807A09E,1
0x0807A09C,0x08069B44,bl,0x0807A0D2,1
0x0807A10C,0x08002E98,bl,0x0807A118,1
0x0807A128,0x08006138,bl,0x0807A1A8,1
0x0807A128,0x080062C4,bl,0x0807A132,1
0x0807A128,0x08006338,bl,0x0807A138,1
0x0807A128,0x08079E8C,bl,0x0807A150,1
0x0807A128,0x080CFDCC,bl,0x0807A14C,7
0x0807A1C0,0x08006138,bl,0x0807A364,1
0x0807A1C0,0x080062C4,bl,0x0807A1D4,1
0x0807A1C0,0x080639B4,bl,0x0807A2AE,8
0x0807A1C0,0x080CFDCC,bl,0x0807A1EC,25
0x0807A380,0x080031B8,bl,0x0807A3A4,1
0x0807A380,0x08079F54,bl,0x0807A38E,1
0x0807A3BC,0x08006138,bl,0x0807A3F6,1
0x0807A3BC,0x08006244,bl,0x0807A3CC,1
0x0807A3BC,0x08006338,bl,0x0807A3DA,1
0x0807A3BC,0x080CFDCC,bl,0x0807A3EE,1
0x0807A408,0x08079F54,bl,0x0807A416,1
0x0807A424,0x08006138,bl,0x0807A44A,1
0x0807A424,0x0800622C,bl,0x0807A446,1
0x0807A424,0x080062C4,bl,0x0807A42E,1
0x0807A424,0x08006338,bl,0x0807A438,1
0x0807A424,0x08064038,bl,0x0807A432,1
0x0807A45C,0x08002E98,bl,0x0807A486,1
0x0807A45C,0x0806395C,bl,0x0807A47A,1
0x0807A45C,0x080639B4,bl,0x0807A46C,1
0x0807A45C,0x08063E14,bl,0x0807A466,1
0x0807A4A0,0x08002E98,bl,0x0807A4AC,2
0x0807A4A0,0x08068E04,bl,0x0807A4C8,1
0x0807A4A0,0x08069B44,bl,0x0807A4CC,1
0x0807A500,0x080062C4,bl,0x0807A50A,1
0x0807A500,0x08006338,bl,0x0807A510,1
0x0807A500,0x080CFDCC,bl,0x0807A516,7
0x0807A578,0x08002E98,bl,0x0807A590,1
0x0807A578,0x08079FA8,bl,0x0807A584,1
0x0807A5A8,0x08002E98,bl,0x0807A5BE,1
0x0807A5A8,0x08063F24,bl,0x0807A5FE,1
0x0807A5A8,0x08068E04,bl,0x0807A5DA,1
0x0807A5A8,0x080692FC,bl,0x0807A5AA,1
0x0807A5A8,0x08069B44,bl,0x0807A5DE,1
0x0807A618,0x08002E98,bl,0x0807A624,1
0x0807A634,0x08006138,bl,0x0807A7D8,1
0x0807A634,0x080062C4,bl,0x0807A648,1
0x0807A634,0x080639B4,bl,0x0807A722,8
0x0807A634,0x080CFDCC,bl,0x0807A660,25
0x0807A7F4,0x080031B8,bl,0x0807A818,1
0x0807A7F4,0x08079F54,bl,0x0807A802,1
0x0807A830,0x08006138,bl,0x0807A86A,1
0x0807A830,0x08006244,bl,0x0807A840,1
0x0807A830,0x08006338,bl,0x0807A84E,1
0x0807A830,0x080CFDCC,bl,0x0807A862,1
0x0807A87C,0x08079F54,bl,0x0807A88A,1
0x0807A898,0x08002E98,bl,0x0807A8B8,1
0x0807A8D4,0x0806395C,bl,0x0807A8E4,2
0x0807A8FC,0x080640DC,bl,0x0807A93E,1
0x0807A968,0x08063D7C,bl,0x0807A984,1
0x0807AA0C,0x08006148,bl,0x0807AA42,1
0x0807AA0C,0x0806395C,bl,0x0807AA38,1
0x0807AA0C,0x080639B4,bl,0x0807AA32,1
0x0807AA5C,0x080CFDCC,bl,0x0807AA70,2
0x0807AAB8,0x08002E98,bl,0x0807AACE,1
0x0807AAB8,0x0807A8D4,bl,0x0807AAC2,1
0x0807AAE4,0x08002E98,bl,0x0807AAF0,1
0x0807AAE4,0x08068E04,bl,0x0807AB14,1
0x0807AAE4,0x08069B44,bl,0x0807AB18,1
0x0807AAE4,0x0807AA0C,bl,0x0807AB1C,1
0x0807AB38,0x08002E98,bl,0x0807AB44,1
0x0807AB54,0x0807A8FC,bl,0x0807AB5E,1
0x0807AB54,0x0807AA5C,bl,0x0807AB62,1
0x0807AB70,0x0806415C,bl,0x0807AB78,1
0x0807AB8C,0x08006138,bl,0x0807ABA0,1
0x0807AB8C,0x080062C4,bl,0x0807AB96,1
0x0807ABB4,0x08006148,bl,0x0807ABCC,1
0x0807ABB4,0x0806395C,bl,0x0807ABC2,1
0x0807ABB4,0x08064984,bl,0x0807ABB8,1
0x0807ABDC,0x08006138,bl,0x0807ABF4,1
0x0807ABDC,0x080640DC,bl,0x0807ABE8,1
0x0807ABDC,0x0807A968,bl,0x0807ABF0,1
0x0807AC08,0x08006148,bl,0x0807AC44,1
0x0807AC08,0x0806395C,bl,0x0807AC3A,1
0x0807AC08,0x08063D2C,bl,0x0807AC18,3
0x0807AC08,0x0806415C,bl,0x0807AC10,1
0x0807AC58,0x08006138,bl,0x0807ADB0,1
0x0807AC58,0x080062C4,bl,0x0807AC64,2
0x0807AC58,0x08006338,bl,0x0807AC9C,9
0x0807AC58,0x0806395C,bl,0x0807ADAC,1
0x0807AC58,0x080639A4,bl,0x0807AC70,1
0x0807AC58,0x080CFDCC,bl,0x0807ACA2,21
0x0807ADCC,0x08006148,bl,0x0807ADDE,1
0x0807AE1C,0x08006138,bl,0x0807AE60,1
0x0807AE1C,0x080062C4,bl,0x0807AE26,1
0x0807AE1C,0x080640DC,bl,0x0807AE58,1
0x0807AE7C,0x08006148,bl,0x0807AEA2,1
0x0807AE7C,0x0806395C,bl,0x0807AE98,1
0x0807AE7C,0x0806415C,bl,0x0807AE84,1
0x0807AE7C,0x080645A4,bl,0x0807AEC0,1
0x0807AECC,0x080061C0,bl,0x0807AEEA,2
0x0807AECC,0x08006214,bl,0x0807AF16,1
0x0807AECC,0x080062C4,bl,0x0807AED8,1
0x0807AECC,0x080639A4,bl,0x0807AF1C,1
0x0807AECC,0x0806A344,bl,0x0807AF20,1
0x0807AECC,0x080CFDCC,bl,0x0807AEF0,2
0x0807AF3C,0x0806415C,bl,0x0807AF44,1
0x0807AF58,0x08002E98,bl,0x0807AF7A,1
0x0807AF98,0x08002E98,bl,0x0807AFBA,1
0x0807AFD8,0x08006148,bl,0x0807AFF2,1
0x0807AFD8,0x0806395C,bl,0x0807AFE8,1
0x0807B010,0x08006148,bl,0x0807B02A,1
0x0807B010,0x0806395C,bl,0x0807B020,1
0x0807B048,0x0806A0F0,bl,0x0807B04E,1
0x0807B058,0x080062C4,bl,0x0807B05A,1
0x0807B070,0x080062C4,bl,0x0807B072,1
0x0807B088,0x080062C4,bl,0x0807B09E,1
0x0807B088,0x080699A8,bl,0x0807B094,1
0x0807B0F0,0x080031B8,bl,0x0807B110,1
0x0807B0F0,0x080062C4,bl,0x0807B10A,1
0x0807B11C,0x0806395C,bl,0x0807B138,1
0x0807B144,0x080640DC,bl,0x0807B156,1
0x0807B16C,0x08002EE8,bl,0x0807B17A,1
0x0807B16C,0x0806395C,bl,0x0807B18A,2
0x0807B1A8,0x08002EE8,bl,0x0807B1B6,1
0x0807B1A8,0x0806395C,bl,0x0807B1C6,2
0x0807B1E4,0x08064D34,bl,0x0807B1EA,1
0x0807B200,0x08006148,bl,0x0807B272,1
0x0807B200,0x0806395C,bl,0x0807B268,1
0x0807B200,0x08063A2C,bl,0x0807B204,1
0x0807B200,0x08063EB0,bl,0x0807B25E,1
0x0807B294,0x08002EE8,bl,0x0807B2C0,1
0x0807B294,0x08006148,bl,0x0807B2D4,2
0x0807B294,0x0806395C,bl,0x0807B2CA,2
0x0807B294,0x08063E14,bl,0x0807B2A0,1
0x0807B300,0x08002E98,bl,0x0807B316,1
0x0807B300,0x0807B11C,bl,0x0807B30A,1
0x0807B32C,0x08002E98,bl,0x0807B38A,1
0x0807B32C,0x08068E04,bl,0x0807B3B6,1
0x0807B32C,0x080692FC,bl,0x0807B32E,1
0x0807B32C,0x08069B44,bl,0x0807B3BA,1
0x0807B32C,0x0807B088,bl,0x0807B37C,1
0x0807B3DC,0x08002E98,bl,0x0807B3E8,1
0x0807B3F8,0x08006138,bl,0x0807B41C,1
0x0807B3F8,0x080061C0,bl,0x0807B414,1
0x0807B3F8,0x080062C4,bl,0x0807B402,1
0x0807B3F8,0x08063E14,bl,0x0807B40A,1
0x0807B3F8,0x0807B144,bl,0x0807B418,1
0x0807B430,0x08063CD0,bl,0x0807B432,3
0x0807B430,0x08064188,bl,0x0807B466,1
0x0807B430,0x0806A0F0,bl,0x0807B488,1
0x0807B430,0x0807B200,bl,0x0807B45C,1
0x0807B430,0x0807B294,bl,0x0807B450,1
0x0807B49C,0x08006138,bl,0x0807B4BC,1
0x0807B49C,0x080062C4,bl,0x0807B4A6,1
0x0807B49C,0x08006338,bl,0x0807B4AC,1
0x0807B49C,0x0806395C,bl,0x0807B4B8,1
0x0807B49C,0x080CFDCC,bl,0x0807B4B2,1
0x0807B4C8,0x08006148,bl,0x0807B4DA,1
0x0807B4F0,0x08006138,bl,0x0807B54A,1
0x0807B4F0,0x0807B0F0,bl,0x0807B4FA,1
0x0807B4F0,0x0807B16C,bl,0x0807B546,1
0x0807B4F0,0x0807B1E4,bl,0x0807B50C,1
0x0807B4F0,0x080CFDCC,bl,0x0807B508,5
0x0807B558,0x08006148,bl,0x0807B56A,1
0x0807B558,0x0807B0B4,bl,0x0807B57C,1
0x0807B584,0x08006138,bl,0x0807B5A4,1
0x0807B584,0x080062C4,bl,0x0807B58E,1
0x0807B584,0x08006338,bl,0x0807B594,1
0x0807B584,0x0806395C,bl,0x0807B5A0,1
0x0807B584,0x080CFDCC,bl,0x0807B59A,1
0x0807B5B0,0x08006148,bl,0x0807B5C2,1
0x0807B5D8,0x08006138,bl,0x0807B632,1
0x0807B5D8,0x0807B0F0,bl,0x0807B5E2,1
0x0807B5D8,0x0807B1A8,bl,0x0807B62E,1
0x0807B5D8,0x0807B1E4,bl,0x0807B5F2,1
0x0807B5D8,0x080CFDCC,bl,0x0807B5EE,5
0x0807B640,0x08006148,bl,0x0807B652,1
0x0807B640,0x0807B0B4,bl,0x0807B664,1
0x0807B66C,0x08006138,bl,0x0807B69E,1
0x0807B66C,0x080061C0,bl,0x0807B68C,1
0x0807B66C,0x080062C4,bl,0x0807B678,1
0x0807B66C,0x0806395C,bl,0x0807B69A,1
0x0807B66C,0x08063E14,bl,0x0807B680,1
0x0807B66C,0x0807B144,bl,0x0807B684,1
0x0807B66C,0x080CFDCC,bl,0x0807B694,1
0x0807B6B4,0x08006148,bl,0x0807B6D0,1
0x0807B6B4,0x08064188,bl,0x0807B6BC,1
0x0807B6E8,0x08002EE8,bl,0x0807B700,1
0x0807B6E8,0x08006138,bl,0x0807B79C,1
0x0807B6E8,0x080062C4,bl,0x0807B6F2,1
0x0807B6E8,0x08006338,bl,0x0807B70A,2
0x0807B6E8,0x0806395C,bl,0x0807B798,1
0x0807B6E8,0x0807B0F0,bl,0x0807B6F6,1
0x0807B6E8,0x0807B1E4,bl,0x0807B6FA,1
0x0807B6E8,0x080CFDCC,bl,0x0807B710,10
0x0807B7A8,0x08006148,bl,0x0807B7BA,1
0x0807B7D0,0x08006138,bl,0x0807B7F0,1
0x0807B7D0,0x0800622C,bl,0x0807B7E8,1
0x0807B7D0,0x080062C4,bl,0x0807B7DA,1
0x0807B7D0,0x0807B144,bl,0x0807B7EC,1
0x0807B800,0x08002E98,bl,0x0807B82A,1
0x0807B800,0x0806395C,bl,0x0807B81E,1
0x0807B800,0x080639B4,bl,0x0807B810,1
0x0807B800,0x08063E14,bl,0x0807B80A,1
0x0807B844,0x08002E98,bl,0x0807B850,2
0x0807B844,0x08068E04,bl,0x0807B86C,1
0x0807B844,0x08069B44,bl,0x0807B870,1
0x0807B8A4,0x08006138,bl,0x0807B8BC,1
0x0807B8A4,0x080062C4,bl,0x0807B8AE,1
0x0807B8A4,0x080640DC,bl,0x0807B8B4,1
0x0807B8D0,0x08064188,bl,0x0807B8D8,1
0x0807B8EC,0x08002E98,bl,0x0807B902,1
0x0807B8EC,0x0807B11C,bl,0x0807B8F6,1
0x0807B918,0x08002E98,bl,0x0807B976,1
0x0807B918,0x08068E04,bl,0x0807B9A2,1
0x0807B918,0x080692FC,bl,0x0807B91A,1
0x0807B918,0x08069B44,bl,0x0807B9A6,1
0x0807B918,0x0807B088,bl,0x0807B968,1
0x0807B9C8,0x08002E98,bl,0x0807B9DC,1
0x0807B9EC,0x08006138,bl,0x0807BA0A,1
0x0807B9EC,0x080062C4,bl,0x0807B9F6,1
0x0807B9EC,0x0807B144,bl,0x0807BA06,1
0x0807BA18,0x08063CD0,bl,0x0807BA1A,3
0x0807BA18,0x08064188,bl,0x0807BA42,1
0x0807BA18,0x0806A0F0,bl,0x0807BA64,1
0x0807BA18,0x0807B294,bl,0x0807BA38,1
0x0807BA7C,0x08006138,bl,0x0807BA9C,1
0x0807BA7C,0x080062C4,bl,0x0807BA86,1
0x0807BA7C,0x08006338,bl,0x0807BA8C,1
0x0807BA7C,0x0806395C,bl,0x0807BA98,1
0x0807BA7C,0x080CFDCC,bl,0x0807BA92,1
0x0807BAA8,0x08006148,bl,0x0807BABA,1
0x0807BAD0,0x08006138,bl,0x0807BB2A,1
0x0807BAD0,0x0807B0F0,bl,0x0807BADA,1
0x0807BAD0,0x0807B16C,bl,0x0807BB26,1
0x0807BAD0,0x0807B1E4,bl,0x0807BAEC,1
0x0807BAD0,0x080CFDCC,bl,0x0807BAE8,5
0x0807BB38,0x08006148,bl,0x0807BB4A,1
0x0807BB60,0x08006138,bl,0x0807BB80,1
0x0807BB60,0x080062C4,bl,0x0807BB6A,1
0x0807BB60,0x08006338,bl,0x0807BB70,1
0x0807BB60,0x0806395C,bl,0x0807BB7C,1
0x0807BB60,0x080CFDCC,bl,0x0807BB76,1
0x0807BB8C,0x08006148,bl,0x0807BB9E,1
0x0807BBB4,0x08006138,bl,0x0807BC0E,1
0x0807BBB4,0x0807B0F0,bl,0x0807BBBE,1
0x0807BBB4,0x0807B1A8,bl,0x0807BC0A,1
0x0807BBB4,0x0807B1E4,bl,0x0807BBCE,1
0x0807BBB4,0x080CFDCC,bl,0x0807BBCA,5
0x0807BC1C,0x08006148,bl,0x0807BC2E,1
0x0807BC44,0x08006138,bl,0x0807BC6A,1
0x0807BC44,0x080062C4,bl,0x0807BC50,1
0x0807BC44,0x0806395C,bl,0x0807BC66,1
0x0807BC44,0x0807B144,bl,0x0807BC58,1
0x0807BC44,0x080CFDCC,bl,0x0807BC60,1
0x0807BC78,0x08006148,bl,0x0807BC94,1
0x0807BC78,0x08064188,bl,0x0807BC80,1
0x0807BCAC,0x08002E98,bl,0x0807BCCE,1
0x0807BCEC,0x08006138,bl,0x0807BD00,1
0x0807BCEC,0x08063E14,bl,0x0807BCF6,1
0x0807BD14,0x0806BB7C,bl,0x0807BD16,1
0x0807BD20,0x08002E98,bl,0x0807BD42,1
0x0807BD20,0x08006148,bl,0x0807BD6C,1
0x0807BD20,0x08063E14,bl,0x0807BD62,1
0x0807BD7C,0x08002EE8,bl,0x0807BD84,1
0x0807BD7C,0x0806395C,bl,0x0807BDA0,2
0x0807BD7C,0x08063E14,bl,0x0807BD7E,1
0x0807BDB8,0x08006148,bl,0x0807BDE8,1
0x0807BDB8,0x080061C0,bl,0x0807BDD8,1
0x0807BDB8,0x0806395C,bl,0x0807BDDE,1
0x0807BE08,0x08006148,bl,0x0807BE82,1
0x0807BE08,0x0806395C,bl,0x0807BE34,4
0x0807BE08,0x080640DC,bl,0x0807BE54,1
0x0807BE9C,0x0806A0F0,bl,0x0807BEA2,1
0x0807BEAC,0x080062C4,bl,0x0807BEBC,1
0x0807BEAC,0x08063FF4,bl,0x0807BEC8,1
0x0807BED4,0x080062C4,bl,0x0807BEE4,1
0x0807BED4,0x08063FF4,bl,0x0807BEF0,1
0x0807BF0C,0x080061C0,bl,0x0807BF52,1
0x0807BF0C,0x080639B4,bl,0x0807BF48,1
0x0807BF0C,0x08063E14,bl,0x0807BF0E,1
0x0807BF0C,0x080640DC,bl,0x0807BF3A,1
0x0807BF74,0x0800622C,bl,0x0807BF96,1
0x0807BF74,0x080062C4,bl,0x0807BF7A,1
0x0807BF74,0x08006338,bl,0x0807BF9C,1
0x0807BF74,0x08063E14,bl,0x0807BF76,1
0x0807BF74,0x080640C8,bl,0x0807BF7E,1
0x0807BF74,0x080640DC,bl,0x0807BFB6,1
0x0807BF74,0x080CFDCC,bl,0x0807BFA2,2
0x0807BFD0,0x0800622C,bl,0x0807BFEE,1
0x0807BFD0,0x080062C4,bl,0x0807BFD6,1
0x0807BFD0,0x08063E14,bl,0x0807BFD2,1
0x0807C000,0x0800622C,bl,0x0807C01E,1
0x0807C000,0x080062C4,bl,0x0807C006,1
0x0807C000,0x08063E14,bl,0x0807C002,1
0x0807C030,0x080031B8,bl,0x0807C068,1
0x0807C030,0x080061C0,bl,0x0807C05C,1
0x0807C030,0x080639B4,bl,0x0807C062,1
0x0807C080,0x08002E98,bl,0x0807C096,1
0x0807C080,0x0807BD7C,bl,0x0807C08A,1
0x0807C0AC,0x08002E98,bl,0x0807C0C2,1
0x0807C0AC,0x08068E04,bl,0x0807C0DE,1
0x0807C0AC,0x080692FC,bl,0x0807C0AE,1
0x0807C0AC,0x08069B44,bl,0x0807C0E2,1
0x0807C0FC,0x08002E98,bl,0x0807C108,1
0x0807C118,0x08006138,bl,0x0807C12A,1
0x0807C118,0x080062C4,bl,0x0807C122,1
0x0807C118,0x0807BF0C,bl,0x0807C126,1
0x0807C138,0x08006148,bl,0x0807C192,1
0x0807C138,0x0806395C,bl,0x0807C188,1
0x0807C138,0x08063D2C,bl,0x0807C158,3
0x0807C138,0x08064188,bl,0x0807C140,1
0x0807C1D0,0x08006138,bl,0x0807C1E8,1
0x0807C1D0,0x0800622C,bl,0x0807C1E4,1
0x0807C1F4,0x08064188,bl,0x0807C1FC,1
0x0807C210,0x08006138,bl,0x0807C21E,1
0x0807C210,0x0807BF74,bl,0x0807C21A,1
0x0807C22C,0x08064188,bl,0x0807C234,1
0x0807C248,0x08006138,bl,0x0807C256,1
0x0807C248,0x0807BFD0,bl,0x0807C252,1
0x0807C264,0x08064188,bl,0x0807C26C,1
0x0807C280,0x08006138,bl,0x0807C28E,1
0x0807C280,0x0807C000,bl,0x0807C28A,1
0x0807C29C,0x08064188,bl,0x0807C2A4,1
0x0807C2B8,0x0806CC90,bl,0x0807C2CE,1
0x0807C2B8,0x0807C030,bl,0x0807C2C2,1
0x0807C2B8,0x080CFDCC,bl,0x0807C2D4,1
0x0807C2E0,0x08006148,bl,0x0807C30C,1
0x0807C2E0,0x080061C0,bl,0x0807C33C,1
0x0807C2E0,0x0806395C,bl,0x0807C302,1
0x0807C2E0,0x08063FF4,bl,0x0807C328,1
0x0807C2E0,0x08064188,bl,0x0807C2E8,1
0x0807C350,0x08002E98,bl,0x0807C37A,1
0x0807C350,0x0806395C,bl,0x0807C36E,1
0x0807C350,0x080639B4,bl,0x0807C360,1
0x0807C350,0x08063E14,bl,0x0807C35A,1
0x0807C394,0x08002E98,bl,0x0807C3A0,2
0x0807C394,0x08068E04,bl,0x0807C3BC,1
0x0807C394,0x08069B44,bl,0x0807C3C0,1
0x0807C3F4,0x080062C4,bl,0x0807C3FE,1
0x0807C3F4,0x08006338,bl,0x0807C404,1
0x0807C3F4,0x080CFDCC,bl,0x0807C40A,4
0x0807C444,0x08002E98,bl,0x0807C466,1
0x0807C484,0x0806EE2C,bl,0x0807C494,1
0x0807C4A0,0x08065760,bl,0x0807C4C0,1
0x0807C4A0,0x08065848,bl,0x0807C4AE,1
0x0807C4D4,0x0806395C,bl,0x0807C4DC,1
0x0807C4D4,0x08063E14,bl,0x0807C4D6,1
0x0807C4D4,0x080640A8,bl,0x0807C4EE,1
0x0807C4D4,0x0807C4A0,bl,0x0807C4F6,1
0x0807C508,0x08002EE8,bl,0x0807C50C,1
0x0807C530,0x08063D7C,bl,0x0807C53A,1
0x0807C530,0x0806425C,bl,0x0807C584,1
0x0807C530,0x0807C5AC,bl,0x0807C568,1
0x0807C5AC,0x08063BD4,bl,0x0807C5CA,1
0x0807C5E4,0x0806421C,bl,0x0807C5F2,1
0x0807C618,0x080031B8,bl,0x0807C674,1
0x0807C618,0x08021A40,bl,0x0807C63E,1
0x0807C618,0x08064B5C,bl,0x0807C668,1
0x0807C684,0x08002E98,bl,0x0807C69A,1
0x0807C684,0x0807C4D4,bl,0x0807C68E,1
0x0807C6B0,0x08002E98,bl,0x0807C6BC,1
0x0807C6B0,0x08068E04,bl,0x0807C6D8,1
0x0807C6B0,0x08069B44,bl,0x0807C6DC,1
0x0807C6F4,0x08002E98,bl,0x0807C700,1
0x0807C710,0x08006138,bl,0x0807C7B8,1
0x0807C710,0x080062C4,bl,0x0807C720,1
0x0807C710,0x0806395C,bl,0x0807C7B4,1
0x0807C710,0x080CFDCC,bl,0x0807C752,6
0x0807C7D8,0x08006148,bl,0x0807C7F4,1
0x0807C7D8,0x08064188,bl,0x0807C7E0,1
0x0807C80C,0x08006138,bl,0x0807C81A,1
0x0807C80C,0x080062C4,bl,0x0807C816,1
0x0807C828,0x08006148,bl,0x0807C89E,1
0x0807C828,0x0806395C,bl,0x0807C894,1
0x0807C828,0x08063E14,bl,0x0807C852,1
0x0807C828,0x08064188,bl,0x0807C830,1
0x0807C828,0x08066338,bl,0x0807C87E,1
0x0807C828,0x0807C508,bl,0x0807C870,2
0x0807C828,0x0807C530,bl,0x0807C88E,1
0x0807C8B0,0x08006138,bl,0x0807C8C2,1
0x0807C8B0,0x080062C4,bl,0x0807C8BA,1
0x0807C8B0,0x0807C5E4,bl,0x0807C8BE,1
0x0807C8D0,0x08006148,bl,0x0807C906,2
0x0807C8D0,0x08021A40,bl,0x0807C934,3
0x0807C8D0,0x0806395C,bl,0x0807C8FC,2
0x0807C8D0,0x08064188,bl,0x0807C8DA,1
0x0807C8D0,0x0807C5AC,bl,0x0807C8E4,1
0x0807C9B4,0x08006138,bl,0x0807CA0A,1
0x0807C9B4,0x080062C4,bl,0x0807C9BE,1
0x0807C9B4,0x08006338,bl,0x0807C9D4,1
0x0807C9B4,0x0806395C,bl,0x0807CA06,1
0x0807C9B4,0x08063E14,bl,0x0807C9C2,1
0x0807C9B4,0x0807C618,bl,0x0807C9EC,1
0x0807C9B4,0x080CFDCC,bl,0x0807C9CE,5
0x0807CA18,0x08006148,bl,0x0807CA34,1
0x0807CA18,0x080640A8,bl,0x0807CA26,1
0x0807CA50,0x08002E98,bl,0x0807CA7E,1
0x0807CA50,0x0806395C,bl,0x0807CA72,1
0x0807CA50,0x080639B4,bl,0x0807CA64,1
0x0807CA50,0x08063E14,bl,0x0807CA5A,1
0x0807CA50,0x0807C4A0,bl,0x0807CA5E,1
0x0807CA98,0x08002E98,bl,0x0807CAA4,2
0x0807CA98,0x08068E04,bl,0x0807CAC0,1
0x0807CA98,0x08069B44,bl,0x0807CAC4,1
0x0807CAF8,0x080062C4,bl,0x0807CB02,1
0x0807CAF8,0x080CFDCC,bl,0x0807CB0E,12
0x0807CBB4,0x08002E98,bl,0x0807CBD6,1
0x0807CBF4,0x0800617C,bl,0x0807CC3A,1
0x0807CBF4,0x0806421C,bl,0x0807CC2C,1
0x0807CBF4,0x080642FC,bl,0x0807CC16,1
0x0807CBF4,0x080CFDCC,bl,0x0807CC40,2
0x0807CC68,0x08002E98,bl,0x0807CC84,1
0x0807CC68,0x0806395C,bl,0x0807CC78,1
0x0807CC68,0x08063E14,bl,0x0807CC72,1
0x0807CC9C,0x08002E98,bl,0x0807CCA8,2
0x0807CC9C,0x08068E04,bl,0x0807CCCC,1
0x0807CC9C,0x08069B44,bl,0x0807CCD0,1
0x0807CD08,0x080062C4,bl,0x0807CD12,1
0x0807CD08,0x08006338,bl,0x0807CD22,1
0x0807CD08,0x0807CBF4,bl,0x0807CD16,1
0x0807CD08,0x080CFDCC,bl,0x0807CD28,4
0x0807CD64,0x08002E98,bl,0x0807CD84,1
0x0807CD64,0x0806395C,bl,0x0807CD74,1
0x0807CD64,0x08063E14,bl,0x0807CD6E,1
0x0807CD9C,0x08002E98,bl,0x0807CDA8,2
0x0807CD9C,0x08068E04,bl,0x0807CDCC,1
0x0807CD9C,0x08069B44,bl,0x0807CDD0,1
0x0807CE08,0x080062C4,bl,0x0807CE1C,1
0x0807CE08,0x08006338,bl,0x0807CE28,1
0x0807CE08,0x0807CBF4,bl,0x0807CE12,1
0x0807CE08,0x080CFDCC,bl,0x0807CE2E,4
0x0807CE68,0x08006148,bl,0x0807CEB2,1
0x0807CE68,0x080639A4,bl,0x0807CEA8,1
0x0807CE68,0x08064314,bl,0x0807CE76,1
0x0807CE68,0x08064680,bl,0x0807CE8E,1
0x0807CEDC,0x08002E98,bl,0x0807CF06,1
0x0807CEDC,0x0806395C,bl,0x0807CEFA,1
0x0807CEDC,0x080639B4,bl,0x0807CEEC,1
0x0807CEDC,0x08063E14,bl,0x0807CEE6,1
0x0807CF20,0x08002E98,bl,0x0807CF2C,2
0x0807CF20,0x08068E04,bl,0x0807CF48,1
0x0807CF20,0x08069B44,bl,0x0807CF4C,1
0x0807CF80,0x080062C4,bl,0x0807CF8A,1
0x0807CF80,0x08006338,bl,0x0807CF90,1
0x0807CF80,0x080CFDCC,bl,0x0807CF96,4
0x0807CFD0,0x08006138,bl,0x0807CFDE,1
0x0807CFF0,0x08006148,bl,0x0807CFF8,1
0x0807D008,0x08002E98,bl,0x0807D03E,1
0x0807D060,0x08002E98,bl,0x0807D07C,1
0x0807D060,0x0806395C,bl,0x0807D070,1
0x0807D060,0x08064A60,bl,0x0807D06A,1
0x0807D094,0x08002E98,bl,0x0807D0A0,2
0x0807D094,0x08068E04,bl,0x0807D0BC,1
0x0807D094,0x08069B44,bl,0x0807D0C0,1
0x0807D0F4,0x080061C0,bl,0x0807D114,1
0x0807D0F4,0x08063FE0,bl,0x0807D15E,1
0x0807D0F4,0x080CFDCC,bl,0x0807D136,2
0x0807D17C,0x08002E98,bl,0x0807D19E,1
0x0807D1BC,0x08006148,bl,0x0807D1CA,1
0x0807D1BC,0x0806395C,bl,0x0807D1C0,1
0x0807D1DC,0x08006148,bl,0x0807D1EA,1
0x0807D1DC,0x0806395C,bl,0x0807D1E0,1
0x0807D1FC,0x08002E98,bl,0x0807D218,1
0x0807D1FC,0x0806395C,bl,0x0807D20C,1
0x0807D1FC,0x08064A60,bl,0x0807D206,1
0x0807D230,0x08002E98,bl,0x0807D262,1
0x0807D230,0x08006148,bl,0x0807D248,1
0x0807D230,0x0806395C,bl,0x0807D23E,1
0x0807D230,0x08068E04,bl,0x0807D27E,1
0x0807D230,0x08069604,bl,0x0807D232,1
0x0807D230,0x08069B44,bl,0x0807D282,1
0x0807D29C,0x08002E98,bl,0x0807D2A8,1
0x0807D2B8,0x08006138,bl,0x0807D2D8,1
0x0807D2B8,0x080061C0,bl,0x0807D2CE,1
0x0807D2EC,0x08006148,bl,0x0807D30C,1
0x0807D2EC,0x080062C4,bl,0x0807D2FC,1
0x0807D2EC,0x0806395C,bl,0x0807D302,1
0x0807D320,0x080062C4,bl,0x0807D32A,1
0x0807D320,0x08063FE0,bl,0x0807D374,1
0x0807D320,0x080CFDCC,bl,0x0807D354,3
0x0807D388,0x080CFDCC,bl,0x0807D39C,1
0x0807D388,0x080CFDD4,bl,0x0807D3A0,1
0x0807D3B0,0x080031B8,bl,0x0807D45E,1
0x0807D3B0,0x08005654,bl,0x0807D470,2
0x0807D3B0,0x08065F2C,bl,0x0807D3D2,1
0x0807D3B0,0x08068CF8,bl,0x0807D42C,2
0x0807D490,0x080061C0,bl,0x0807D4C6,1
0x0807D490,0x08064A60,bl,0x0807D4BC,1
0x0807D490,0x080CFDCC,bl,0x0807D4D6,2
0x0807D490,0x080CFDD4,bl,0x0807D4E8,1
0x0807D510,0x080061C0,bl,0x0807D578,7
0x0807D510,0x080062C4,bl,0x0807D562,4
0x0807D510,0x08064A60,bl,0x0807D542,1
0x0807D510,0x080CFDCC,bl,0x0807D56E,11
0x0807D510,0x080CFDD4,bl,0x0807D650,1
0x0807D684,0x08002E98,bl,0x0807D6A6,1
0x0807D6C4,0x08002E98,bl,0x0807D6E4,1
0x0807D6C4,0x0806395C,bl,0x0807D6D8,1
0x0807D6C4,0x08063E14,bl,0x0807D6CE,1
0x0807D6FC,0x08002E98,bl,0x0807D708,1
0x0807D718,0x08002E98,bl,0x0807D72E,1
0x0807D718,0x08068E04,bl,0x0807D732,1
0x0807D718,0x080692FC,bl,0x0807D71A,1
0x0807D718,0x08069B44,bl,0x0807D736,1
0x0807D748,0x08006138,bl,0x0807D818,1
0x0807D748,0x080061C0,bl,0x0807D766,4
0x0807D748,0x08006338,bl,0x0807D76C,1
0x0807D748,0x0806395C,bl,0x0807D814,1
0x0807D748,0x080CFDCC,bl,0x0807D772,8
0x0807D82C,0x08002EE8,bl,0x0807D8B6,1
0x0807D82C,0x08006148,bl,0x0807D8E2,1
0x0807D82C,0x0806395C,bl,0x0807D8C8,1
0x0807D82C,0x08063B38,bl,0x0807D82E,1
0x0807D82C,0x08063CBC,bl,0x0807D838,3
0x0807D82C,0x08063D18,bl,0x0807D866,3
0x0807D82C,0x08063DDC,bl,0x0807D8C2,1
0x0807D8F8,0x08006138,bl,0x0807D90C,1
0x0807D8F8,0x0806395C,bl,0x0807D908,1
0x0807D8F8,0x0807DD10,bl,0x0807D902,1
0x0807D918,0x08006148,bl,0x0807D996,1
0x0807D918,0x08063B38,bl,0x0807D91A,1
0x0807D918,0x08063CBC,bl,0x0807D924,3
0x0807D918,0x08063D18,bl,0x0807D952,3
0x0807D918,0x08063DDC,bl,0x0807D982,1
0x0807D9AC,0x08006138,bl,0x0807D9F6,1
0x0807D9AC,0x080061C0,bl,0x0807D9C4,1
0x0807D9AC,0x080062C4,bl,0x0807D9E6,1
0x0807D9AC,0x08006338,bl,0x0807D9D6,2
0x0807D9AC,0x0806395C,bl,0x0807D9F2,1
0x0807D9AC,0x080CFDCC,bl,0x0807D9DC,2
0x0807DA08,0x08006148,bl,0x0807DA1A,1
0x0807DA30,0x08006138,bl,0x0807DA50,1
0x0807DA30,0x080062C4,bl,0x0807DA40,1
0x0807DA30,0x08006338,bl,0x0807DA3C,1
0x0807DA30,0x0806395C,bl,0x0807DA4C,1
0x0807DA30,0x080CFDCC,bl,0x0807DA46,1
0x0807DA5C,0x08006148,bl,0x0807DA6E,1
0x0807DA84,0x08006138,bl,0x0807DA9C,1
0x0807DA84,0x08006338,bl,0x0807DA98,1
0x0807DAAC,0x08002E98,bl,0x0807DAD6,2
0x0807DAAC,0x0806395C,bl,0x0807DACA,1
0x0807DAAC,0x080639B4,bl,0x0807DABC,1
0x0807DAAC,0x08063E14,bl,0x0807DAB6,1
0x0807DB0C,0x08002E98,bl,0x0807DB18,1
0x0807DB0C,0x08068E04,bl,0x0807DB1C,1
0x0807DB0C,0x08069B44,bl,0x0807DB20,1
0x0807DB30,0x0807DD10,bl,0x0807DB3A,1
0x0807DB48,0x08002E98,bl,0x0807DB68,1
0x0807DB48,0x0806395C,bl,0x0807DB5C,1
0x0807DB48,0x08063E14,bl,0x0807DB52,1
0x0807DB80,0x08002E98,bl,0x0807DB8C,1
0x0807DB9C,0x08002E98,bl,0x0807DBB2,1
0x0807DB9C,0x08068E04,bl,0x0807DBB6,1
0x0807DB9C,0x080692FC,bl,0x0807DB9E,1
0x0807DB9C,0x08069B44,bl,0x0807DBBA,1
0x0807DBCC,0x08006138,bl,0x0807DC6A,1
0x0807DBCC,0x08006338,bl,0x0807DBE6,1
0x0807DBCC,0x0806395C,bl,0x0807DC66,1
0x0807DBCC,0x08063E14,bl,0x0807DBE0,1
0x0807DBCC,0x080CFDCC,bl,0x0807DBEC,8
0x0807DC78,0x08006148,bl,0x0807DC8A,1
0x0807DCA0,0x08006138,bl,0x0807DCB4,1
0x0807DCA0,0x0806395C,bl,0x0807DCB0,1
0x0807DCA0,0x0807DD10,bl,0x0807DCAA,1
0x0807DCC0,0x08006148,bl,0x0807DCD2,1
0x0807DCE8,0x08006138,bl,0x0807DD00,1
0x0807DCE8,0x08006338,bl,0x0807DCFC,1
0x0807DD10,0x08006338,bl,0x0807DD14,1
0x0807DD10,0x080CFDCC,bl,0x0807DD1A,6
0x0807DD70,0x080031B8,bl,0x0807DD84,1
0x0807DD70,0x08006148,bl,0x0807DDC4,1
0x0807DD70,0x080261D4,bl,0x0807DD7E,1
0x0807DD70,0x0806395C,bl,0x0807DDAC,2
0x0807DDDC,0x08006148,bl,0x0807DE1C,1
0x0807DDDC,0x0806395C,bl,0x0807DE04,2
0x0807DE30,0x08006148,bl,0x0807DE4C,1
0x0807DE30,0x0806395C,bl,0x0807DE42,1
0x0807DE64,0x08063FF4,bl,0x0807DE7C,1
0x0807DE88,0x0806A0F0,bl,0x0807DE8E,1
0x0807DE98,0x08002E98,bl,0x0807DEC4,1
0x0807DE98,0x08063E14,bl,0x0807DEB4,1
0x0807DEE4,0x08002E98,bl,0x0807DEFC,1
0x0807DEE4,0x0806395C,bl,0x0807DEF0,1
0x0807DF14,0x08002E98,bl,0x0807DF20,1
0x0807DF30,0x08002E98,bl,0x0807DF46,1
0x0807DF30,0x08068E04,bl,0x0807DF4A,1
0x0807DF30,0x080692FC,bl,0x0807DF32,1
0x0807DF30,0x08069B44,bl,0x0807DF4E,1
0x0807DF60,0x0807E484,bl,0x0807DF7A,1
0x0807DF8C,0x08002EE8,bl,0x0807DFCA,1
0x0807DF8C,0x08006148,bl,0x0807E000,1
0x0807DF8C,0x0806395C,bl,0x0807DFD4,3
0x0807DF8C,0x08063CD0,bl,0x0807DF9C,3
0x0807E014,0x08002E98,bl,0x0807E02C,1
0x0807E014,0x0806395C,bl,0x0807E020,1
0x0807E044,0x08002E98,bl,0x0807E050,1
0x0807E060,0x08002E98,bl,0x0807E076,1
0x0807E060,0x08068E04,bl,0x0807E07A,1
0x0807E060,0x080692FC,bl,0x0807E062,1
0x0807E060,0x08069B44,bl,0x0807E07E,1
0x0807E090,0x080061C0,bl,0x0807E0B6,1
0x0807E090,0x08006338,bl,0x0807E0BC,3
0x0807E090,0x080CFDCC,bl,0x0807E0C2,4
0x0807E100,0x08002EE8,bl,0x0807E13E,1
0x0807E100,0x08006148,bl,0x0807E174,1
0x0807E100,0x0806395C,bl,0x0807E148,3
0x0807E100,0x08063CD0,bl,0x0807E110,3
0x0807E188,0x08006138,bl,0x0807E234,1
0x0807E188,0x08006338,bl,0x0807E19C,5
0x0807E188,0x0806395C,bl,0x0807E230,1
0x0807E188,0x08063E14,bl,0x0807E196,1
0x0807E188,0x08064B5C,bl,0x0807E1EC,1
0x0807E188,0x080CFDCC,bl,0x0807E1A2,8
0x0807E244,0x08006148,bl,0x0807E27C,1
0x0807E290,0x08006138,bl,0x0807E39A,1
0x0807E290,0x08006338,bl,0x0807E2BC,5
0x0807E290,0x0806395C,bl,0x0807E396,1
0x0807E290,0x08063DF4,bl,0x0807E29C,1
0x0807E290,0x08064B5C,bl,0x0807E312,1
0x0807E290,0x080CFDCC,bl,0x0807E2C2,9
0x0807E3B0,0x08006148,bl,0x0807E3CE,1
0x0807E3E4,0x08002E98,bl,0x0807E40E,2
0x0807E3E4,0x0806395C,bl,0x0807E402,1
0x0807E3E4,0x080639B4,bl,0x0807E3F4,1
0x0807E3E4,0x08063E14,bl,0x0807E3EE,1
0x0807E444,0x08002E98,bl,0x0807E450,1
0x0807E444,0x08068E04,bl,0x0807E454,1
0x0807E444,0x08069B44,bl,0x0807E458,1
0x0807E468,0x0807E484,bl,0x0807E472,1
0x0807E484,0x08006338,bl,0x0807E488,1
0x0807E484,0x080CFDCC,bl,0x0807E498,4
0x0807E4CC,0x080061A8,bl,0x0807E4EA,1
0x0807E4CC,0x08006338,bl,0x0807E4DA,1
0x0807E4CC,0x08063E14,bl,0x0807E4CE,1
0x0807E4FC,0x0800622C,bl,0x0807E508,1
0x0807E514,0x08006244,bl,0x0807E516,1
0x0807E520,0x0806A0F0,bl,0x0807E526,1
0x0807E530,0x08002E98,bl,0x0807E54E,1
0x0807E568,0x08002E98,bl,0x0807E584,2
0x0807E568,0x0806395C,bl,0x0807E578,1
0x0807E5BC,0x08002E98,bl,0x0807E5D4,1
0x0807E5BC,0x08064FC4,bl,0x0807E612,1
0x0807E5BC,0x08068E04,bl,0x0807E5D8,1
0x0807E5BC,0x080692FC,bl,0x0807E5C0,1
0x0807E5BC,0x08069B44,bl,0x0807E628,1
0x0807E5BC,0x080B5540,bl,0x0807E624,1
0x0807E640,0x080061C0,bl,0x0807E662,1
0x0807E640,0x08063E14,bl,0x0807E658,1
0x0807E640,0x080CFDCC,bl,0x0807E698,1
0x0807E6D4,0x08002E98,bl,0x0807E6F6,1
0x0807E6D4,0x08063908,bl,0x0807E6E4,1
0x0807E6D4,0x0806395C,bl,0x0807E6EA,1
0x0807E714,0x08002E98,bl,0x0807E720,1
0x0807E730,0x08002E98,bl,0x0807E746,1
0x0807E730,0x08068E04,bl,0x0807E754,1
0x0807E730,0x080692FC,bl,0x0807E732,1
0x0807E730,0x08069B44,bl,0x0807E758,1
0x0807E768,0x080061C0,bl,0x0807E78A,1
0x0807E768,0x08006338,bl,0x0807E774,4
0x0807E768,0x08063E14,bl,0x0807E780,1
0x0807E768,0x080CFDCC,bl,0x0807E7CC,1
0x0807E814,0x080061C0,bl,0x0807E82E,1
0x0807E814,0x08006338,bl,0x0807E840,1
0x0807E814,0x08063E14,bl,0x0807E820,1
0x0807E814,0x080CFDCC,bl,0x0807E846,4
0x0807E884,0x08006148,bl,0x0807E8A2,1
0x0807E884,0x0806395C,bl,0x0807E898,1
0x0807E8B8,0x08002E98,bl,0x0807E8E6,2
0x0807E8B8,0x0806395C,bl,0x0807E8DA,1
0x0807E8B8,0x080639B4,bl,0x0807E8CC,1
0x0807E8B8,0x08063E14,bl,0x0807E8C6,1
0x0807E920,0x08002E98,bl,0x0807E936,1
0x0807E920,0x08068E04,bl,0x0807E93A,1
0x0807E920,0x080692FC,bl,0x0807E922,1
0x0807E920,0x08069B44,bl,0x0807E93E,1
0x0807E950,0x080CFDCC,bl,0x0807E984,1
0x0807E9C8,0x0806A0F0,bl,0x0807E9CE,1
0x0807E9D8,0x08002E98,bl,0x0807EA0E,1
0x0807E9D8,0x08063E14,bl,0x0807E9F8,1
0x0807E9D8,0x080640DC,bl,0x0807E9FE,1
0x0807EA30,0x08002E98,bl,0x0807EA48,1
0x0807EA30,0x0806395C,bl,0x0807EA3C,1
0x0807EA60,0x08002E98,bl,0x0807EA6C,1
0x0807EA60,0x08068E04,bl,0x0807EA70,1
0x0807EA60,0x08069B44,bl,0x0807EA74,1
0x0807EA84,0x080CFDCC,bl,0x0807EA98,4
0x0807EAD4,0x08064188,bl,0x0807EADC,1
0x0807EAF0,0x08002E98,bl,0x0807EB08,1
0x0807EAF0,0x0806395C,bl,0x0807EAFC,1
0x0807EB20,0x08002E98,bl,0x0807EB48,1
0x0807EB20,0x08068E04,bl,0x0807EB4C,1
0x0807EB20,0x0806956C,bl,0x0807EB22,1
0x0807EB20,0x08069B44,bl,0x0807EB50,1
0x0807EB60,0x080CFDCC,bl,0x0807EB86,4
0x0807EBC4,0x08064188,bl,0x0807EBCC,1
0x0807EBE0,0x08002E98,bl,0x0807EBF8,1
0x0807EBE0,0x0806395C,bl,0x0807EBEC,1
0x0807EC10,0x08002E98,bl,0x0807EC32,1
0x0807EC10,0x08068E04,bl,0x0807EC36,1
0x0807EC10,0x080695BC,bl,0x0807EC12,1
0x0807EC10,0x08069B44,bl,0x0807EC3A,1
0x0807EC4C,0x080CFDCC,bl,0x0807EC72,4
0x0807ECB0,0x08064188,bl,0x0807ECB8,1
0x0807ECCC,0x08002E98,bl,0x0807ECE4,1
0x0807ECCC,0x0806395C,bl,0x0807ECD8,1
0x0807ECFC,0x08002E98,bl,0x0807ED08,1
0x0807ECFC,0x08068E04,bl,0x0807ED0C,1
0x0807ECFC,0x08069B44,bl,0x0807ED10,1
0x0807ED20,0x080CFDCC,bl,0x0807ED3A,8
0x0807ED98,0x08064188,bl,0x0807EDA0,1
0x0807EDB4,0x08002E98,bl,0x0807EDF0,1
0x0807EDB4,0x080640DC,bl,0x0807EDE0,1
0x0807EDB4,0x08065848,bl,0x0807EDD2,1
0x0807EE14,0x08002E98,bl,0x0807EE2C,2
0x0807EE14,0x0806395C,bl,0x0807EE20,1
0x0807EE60,0x08002E98,bl,0x0807EE6C,1
0x0807EE60,0x08068E04,bl,0x0807EE70,1
0x0807EE60,0x08069B44,bl,0x0807EE74,1
0x0807EE84,0x080061C0,bl,0x0807EE94,1
0x0807EE84,0x0807EF7C,bl,0x0807EE98,1
0x0807EEA8,0x08064188,bl,0x0807EEB0,1
0x0807EEC4,0x08002E98,bl,0x0807EEEE,2
0x0807EEC4,0x0806395C,bl,0x0807EEE2,1
0x0807EEC4,0x080639B4,bl,0x0807EED4,1
0x0807EEC4,0x08063E14,bl,0x0807EECE,1
0x0807EF24,0x08002E98,bl,0x0807EF30,1
0x0807EF24,0x08068E04,bl,0x0807EF34,1
0x0807EF24,0x08069B44,bl,0x0807EF38,1
0x0807EF48,0x0807EF7C,bl,0x0807EF52,1
0x0807EF60,0x08064188,bl,0x0807EF68,1
0x0807EF7C,0x080CFDCC,bl,0x0807EF90,8
0x0807EFFC,0x08002E98,bl,0x0807F024,1
0x0807EFFC,0x08063E14,bl,0x0807F016,1
0x0807F044,0x08002E98,bl,0x0807F062,1
0x0807F044,0x0806395C,bl,0x0807F056,1
0x0807F078,0x08002E98,bl,0x0807F084,1
0x0807F094,0x08002E98,bl,0x0807F0AA,1
0x0807F094,0x08068E04,bl,0x0807F0AE,1
0x0807F094,0x080692FC,bl,0x0807F096,1
0x0807F094,0x08069B44,bl,0x0807F0B2,1
0x0807F0C4,0x08002EE8,bl,0x0807F0F8,2
0x0807F0C4,0x08006138,bl,0x0807F1D0,1
0x0807F0C4,0x08006338,bl,0x0807F108,1
0x0807F0C4,0x0806395C,bl,0x0807F1CC,1
0x0807F0C4,0x080CFDCC,bl,0x0807F0E2,4
0x0807F1F0,0x08006148,bl,0x0807F202,1
0x0807F218,0x080031B8,bl,0x0807F226,1
0x0807F218,0x080061C0,bl,0x0807F24A,1
0x0807F218,0x0800622C,bl,0x0807F262,1
0x0807F218,0x08006338,bl,0x0807F268,1
0x0807F218,0x08063E14,bl,0x0807F230,1
0x0807F218,0x080CFDCC,bl,0x0807F270,2
0x0807F2B4,0x08006148,bl,0x0807F2D6,1
0x0807F2B4,0x080062C4,bl,0x0807F2C6,1
0x0807F2B4,0x0806395C,bl,0x0807F2CC,1
0x0807F2EC,0x080CFDCC,bl,0x0807F33A,1
0x0807F348,0x08006148,bl,0x0807F36A,1
0x0807F348,0x080062C4,bl,0x0807F35A,1
0x0807F348,0x0806395C,bl,0x0807F360,1
0x0807F380,0x08002E98,bl,0x0807F39E,1
0x0807F380,0x0806395C,bl,0x0807F392,1
0x0807F380,0x080639A4,bl,0x0807F38C,1
0x0807F3B8,0x08002E98,bl,0x0807F3C4,1
0x0807F3D4,0x08002E98,bl,0x0807F3F2,2
0x0807F3D4,0x08068E04,bl,0x0807F414,1
0x0807F3D4,0x080692FC,bl,0x0807F3E0,1
0x0807F3D4,0x08069B44,bl,0x0807F418,1
0x0807F42C,0x08006338,bl,0x0807F44A,1
0x0807F42C,0x080CFDCC,bl,0x0807F450,2
0x0807F488,0x08006148,bl,0x0807F4C8,1
0x0807F488,0x0806395C,bl,0x0807F4BE,1
0x0807F488,0x08063CD0,bl,0x0807F48A,3
0x0807F4DC,0x08002EE8,bl,0x0807F554,2
0x0807F4DC,0x08006138,bl,0x0807F616,1
0x0807F4DC,0x0806395C,bl,0x0807F612,1
0x0807F4DC,0x08063B38,bl,0x0807F538,1
0x0807F4DC,0x08063FE0,bl,0x0807F5BC,1
0x0807F4DC,0x0807F6A8,bl,0x0807F596,1
0x0807F4DC,0x080CFDCC,bl,0x0807F51E,4
0x0807F634,0x08006148,bl,0x0807F68E,1
0x0807F634,0x08006338,bl,0x0807F662,1
0x0807F6A8,0x08021C14,bl,0x0807F72C,4
0x0807F78C,0x080061C0,bl,0x0807F82A,1
0x0807F78C,0x0800622C,bl,0x0807F7B6,1
0x0807F78C,0x08006244,bl,0x0807F808,1
0x0807F78C,0x08006338,bl,0x0807F830,1
0x0807F78C,0x08063E14,bl,0x0807F820,1
0x0807F78C,0x080CFDCC,bl,0x0807F7F6,4
0x0807F88C,0x08002E98,bl,0x0807F8A4,1
0x0807F88C,0x0806395C,bl,0x0807F898,1
0x0807F8BC,0x08002E98,bl,0x0807F8C8,1
0x0807F8D8,0x08002E98,bl,0x0807F8EA,2
0x0807F8D8,0x08068E04,bl,0x0807F90E,1
0x0807F8D8,0x080692FC,bl,0x0807F8F8,1
0x0807F8D8,0x08069B44,bl,0x0807F912,1
0x0807F920,0x08006214,bl,0x0807F95C,1
0x0807F920,0x08006338,bl,0x0807F96C,1
0x0807F920,0x08063B38,bl,0x0807F932,1
0x0807F920,0x08063DDC,bl,0x0807F966,1
0x0807F920,0x080CFDCC,bl,0x0807F972,2
0x0807F9A0,0x08006148,bl,0x0807FA80,1
0x0807F9A0,0x0806395C,bl,0x0807FA76,1
0x0807FA98,0x080062C4,bl,0x0807FAA2,1
0x0807FA98,0x08006338,bl,0x0807FAC2,1
0x0807FA98,0x0806D4E4,bl,0x0807FAB6,1
0x0807FA98,0x080CFDCC,bl,0x0807FAAE,3
0x0807FB00,0x08002E98,bl,0x0807FB2A,2
0x0807FB00,0x0806395C,bl,0x0807FB1E,1
0x0807FB00,0x080639B4,bl,0x0807FB10,1
0x0807FB00,0x08063E14,bl,0x0807FB0A,1
0x0807FB60,0x08002E98,bl,0x0807FB6C,1
0x0807FB60,0x08068E04,bl,0x0807FB70,1
0x0807FB60,0x08069B44,bl,0x0807FB74,1
0x0807FB84,0x08006338,bl,0x0807FB92,1
0x0807FB84,0x080CFDCC,bl,0x0807FB98,2
0x0807FBFC,0x08006148,bl,0x0807FC0A,1
0x0807FBFC,0x080261D4,bl,0x0807FC00,1
0x0807FC20,0x08006148,bl,0x0807FC44,1
0x0807FC20,0x0800622C,bl,0x0807FC62,1
0x0807FC20,0x0806395C,bl,0x0807FC3A,1
0x0807FC70,0x08006244,bl,0x0807FC86,1
0x0807FCAC,0x0806A0F0,bl,0x0807FCB2,1
0x0807FCBC,0x08002E98,bl,0x0807FD22,1
0x0807FCBC,0x08002EE8,bl,0x0807FCEE,1
0x0807FCBC,0x08063E14,bl,0x0807FCD8,1
0x0807FCBC,0x080640DC,bl,0x0807FCE8,1
0x0807FD34,0x08002E98,bl,0x0807FD4C,1
0x0807FD34,0x0806395C,bl,0x0807FD40,1
0x0807FD64,0x08002E98,bl,0x0807FD70,1
0x0807FD80,0x08002E98,bl,0x0807FD9E,2
0x0807FD80,0x08068E04,bl,0x0807FDB6,1
0x0807FD80,0x080692FC,bl,0x0807FD8C,1
0x0807FD80,0x08069B44,bl,0x0807FDBA,1
0x0807FDC8,0x080639B4,bl,0x0807FDD4,1
0x0807FDF4,0x08006138,bl,0x0807FE0E,1
0x0807FDF4,0x080CFDCC,bl,0x0807FE02,1
0x0807FE18,0x08006148,bl,0x0807FF8C,1
0x0807FE18,0x0806395C,bl,0x0807FF82,1
0x0807FE18,0x08063E14,bl,0x0807FED0,1
0x0807FE18,0x080640DC,bl,0x0807FE8C,2
0x0807FE18,0x080640FC,bl,0x0807FE5C,4
0x0807FE18,0x08080374,bl,0x0807FE66,3
0x0807FFA0,0x08006138,bl,0x0808002E,1
0x0807FFA0,0x08006244,bl,0x08080022,1
0x0807FFA0,0x080639B4,bl,0x0807FFAE,1
0x0807FFA0,0x08063B38,bl,0x0807FFF4,1
0x0807FFA0,0x08063CBC,bl,0x0807FFFC,1
0x0807FFA0,0x080640DC,bl,0x0807FFBC,1
0x0807FFA0,0x080CFDCC,bl,0x0807FFD4,1
0x0808003C,0x08006148,bl,0x08080082,1
0x0808003C,0x0806395C,bl,0x08080078,1
0x0808003C,0x08063D18,bl,0x08080096,3
0x0808003C,0x080640FC,bl,0x0808004C,1
0x0808003C,0x08080374,bl,0x08080056,1
0x0808003C,0x080CFA50,bl,0x0808012C,1
0x080801CC,0x08006138,bl,0x08080264,1
0x080801CC,0x0806395C,bl,0x08080260,1
0x080801CC,0x080640DC,bl,0x0808025A,1
0x080801CC,0x0807F6A8,bl,0x08080240,1
0x080801CC,0x080CFDCC,bl,0x080801EE,2
0x08080278,0x08006148,bl,0x080802A4,1
0x08080278,0x080640FC,bl,0x08080288,1
0x08080278,0x08080374,bl,0x08080292,1
0x080802BC,0x08002E98,bl,0x080802E6,2
0x080802BC,0x0806395C,bl,0x080802DA,1
0x080802BC,0x080639B4,bl,0x080802CC,1
0x080802BC,0x08063E14,bl,0x080802C6,1
0x0808031C,0x08002E98,bl,0x08080328,1
0x0808031C,0x08068E04,bl,0x0808032C,1
0x0808031C,0x08069B44,bl,0x08080330,1
0x08080340,0x08006138,bl,0x0808034A,1
0x08080358,0x08064188,bl,0x08080360,1
0x08080374,0x080031B8,bl,0x0808038A,1
0x08080398,0x08006244,bl,0x0808039A,1
0x080803A4,0x0800622C,bl,0x080803B0,1
0x080803CC,0x0806A0F0,bl,0x080803DC,2
0x08080400,0x08002E98,bl,0x0808042C,1
0x08080400,0x08064D34,bl,0x0808041E,1
0x0808044C,0x08002E98,bl,0x08080490,1
0x0808044C,0x08002EE8,bl,0x08080466,1
0x0808044C,0x0806395C,bl,0x08080470,2
0x0808044C,0x08063E14,bl,0x08080456,1
0x080804A4,0x08002E98,bl,0x080804B0,1
0x080804C0,0x08002E98,bl,0x080804D6,1
0x080804C0,0x08068E04,bl,0x080804DA,1
0x080804C0,0x080692FC,bl,0x080804C2,1
0x080804C0,0x08069B44,bl,0x080804DE,1
0x080804F0,0x080061C0,bl,0x08080508,1
0x080804F0,0x08080B2C,bl,0x0808050C,1
0x0808051C,0x08002EE8,bl,0x08080534,1
0x0808051C,0x08006148,bl,0x08080548,1
0x0808051C,0x0806395C,bl,0x0808053E,1
0x08080570,0x08006138,bl,0x080806D4,1
0x08080570,0x080062C4,bl,0x08080580,2
0x08080570,0x08006338,bl,0x08080586,3
0x08080570,0x0806395C,bl,0x080806D0,1
0x08080570,0x08063C74,bl,0x08080594,3
0x08080570,0x08063E14,bl,0x0808057C,2
0x08080570,0x08064B28,bl,0x08080600,2
0x08080570,0x080CFDCC,bl,0x0808058C,6
0x080806E8,0x08006148,bl,0x08080728,1
0x080806E8,0x08006338,bl,0x0808070E,1
0x080806E8,0x0806395C,bl,0x08080714,1
0x080806E8,0x08063B38,bl,0x080806EA,1
0x08080740,0x08006214,bl,0x0808074A,1
0x08080740,0x0800622C,bl,0x08080758,1
0x08080740,0x08080B2C,bl,0x0808075C,1
0x0808076C,0x08002E98,bl,0x080807A0,2
0x0808076C,0x0806395C,bl,0x08080794,1
0x0808076C,0x080639B4,bl,0x08080786,1
0x0808076C,0x08063E14,bl,0x08080776,1
0x080807D8,0x08002E98,bl,0x080807E4,1
0x080807D8,0x08068E04,bl,0x080807E8,1
0x080807D8,0x08069B44,bl,0x080807EC,1
0x080807FC,0x08080B2C,bl,0x08080806,1
0x08080818,0x08002E98,bl,0x0808085C,1
0x08080818,0x08002EE8,bl,0x08080832,1
0x08080818,0x0806395C,bl,0x0808083C,2
0x08080818,0x08063E14,bl,0x08080822,1
0x08080870,0x08002E98,bl,0x0808087C,1
0x0808088C,0x08002E98,bl,0x080808A2,1
0x0808088C,0x08068E04,bl,0x080808A6,1
0x0808088C,0x080692FC,bl,0x0808088E,1
0x0808088C,0x08069B44,bl,0x080808AA,1
0x080808BC,0x08080B2C,bl,0x080808CE,1
0x080808DC,0x08002EE8,bl,0x080808F4,1
0x080808DC,0x08006148,bl,0x08080908,1
0x080808DC,0x0806395C,bl,0x080808FE,1
0x08080930,0x080062C4,bl,0x08080940,1
0x08080930,0x08006338,bl,0x08080946,2
0x08080930,0x08063C74,bl,0x08080954,3
0x08080930,0x08063E14,bl,0x0808093C,2
0x08080930,0x08064B28,bl,0x080809C0,1
0x08080930,0x080CFDCC,bl,0x0808094C,3
0x08080A0A,0x08006138,bl,0x08080A94,1
0x08080A0A,0x080062C4,bl,0x08080A84,1
0x08080A0A,0x08006338,bl,0x08080A5A,1
0x08080A0A,0x0806395C,bl,0x08080A90,1
0x08080A0A,0x08064B28,bl,0x08080A48,1
0x08080A0A,0x080CFDCC,bl,0x08080A60,3
0x08080AA8,0x08006148,bl,0x08080AE8,1
0x08080AA8,0x08006338,bl,0x08080ACE,1
0x08080AA8,0x0806395C,bl,0x08080AD4,1
0x08080AA8,0x08063B38,bl,0x08080AAA,1
0x08080B00,0x08006214,bl,0x08080B0A,1
0x08080B00,0x0800622C,bl,0x08080B18,1
0x08080B00,0x08080B2C,bl,0x08080B1C,1
0x08080B2C,0x08006338,bl,0x08080B36,1
0x08080B2C,0x080CFDCC,bl,0x08080B44,2
0x08080B70,0x08006148,bl,0x08080B9E,2
0x08080B70,0x0806395C,bl,0x08080B94,2
0x08080BCC,0x08006148,bl,0x08080BFE,2
0x08080BCC,0x08006244,bl,0x08080BCE,1
0x08080BCC,0x0806395C,bl,0x08080BF4,2
0x08080C2C,0x08063FF4,bl,0x08080C2E,1
0x08080C38,0x0806A0F0,bl,0x08080C3E,1
0x08080C48,0x08002EE8,bl,0x08080CA6,1
0x08080C48,0x080061C0,bl,0x08080CC6,1
0x08080C48,0x08006338,bl,0x08080CD2,6
0x08080C48,0x08064A60,bl,0x08080C7C,1
0x08080C48,0x080CFDCC,bl,0x08080CD8,7
0x08080D58,0x08005654,bl,0x08080DA4,2
0x08080D58,0x08065F2C,bl,0x08080D64,1
0x08080DD0,0x08002E98,bl,0x08080DF2,1
0x08080E10,0x08002E98,bl,0x08080E2A,1
0x08080E10,0x0806395C,bl,0x08080E1E,1
0x08080E40,0x08002E98,bl,0x08080E4C,1
0x08080E5C,0x08002E98,bl,0x08080E6E,2
0x08080E5C,0x08068E04,bl,0x08080E92,1
0x08080E5C,0x080692FC,bl,0x08080E7C,1
0x08080E5C,0x08069B44,bl,0x08080E96,1
0x08080EA4,0x080061C0,bl,0x08080EC2,1
0x08080EA4,0x08063E14,bl,0x08080EAE,1
0x08080EA4,0x08081814,bl,0x08080EC6,1
0x08080EDC,0x08006148,bl,0x08080F24,1
0x08080EDC,0x0806395C,bl,0x08080F1A,1
0x08080EDC,0x08063CD0,bl,0x08080EF6,3
0x08080EDC,0x08064314,bl,0x08080EE0,1
0x08080F34,0x080061C0,bl,0x08080F72,1
0x08080F34,0x08006338,bl,0x08080F48,1
0x08080F34,0x08063E14,bl,0x08080F68,1
0x08080F34,0x080CFDCC,bl,0x08080F4E,3
0x08080FA4,0x08006148,bl,0x08080FE0,1
0x08080FA4,0x080061C0,bl,0x08081032,1
0x08080FA4,0x080062C4,bl,0x08080FCA,1
0x08080FA4,0x08006338,bl,0x08081066,2
0x08080FA4,0x0806395C,bl,0x08080FD6,1
0x08080FA4,0x08063CD0,bl,0x08080FFC,1
0x08081084,0x08006138,bl,0x080810AE,1
0x08081084,0x080062C4,bl,0x08081096,1
0x080810C4,0x08006148,bl,0x080810E0,1
0x080810C4,0x0806395C,bl,0x080810D6,1
0x080810C4,0x08063B38,bl,0x08081104,1
0x08081140,0x08006138,bl,0x08081242,1
0x08081140,0x0800622C,bl,0x08081156,2
0x08081140,0x080062C4,bl,0x08081210,1
0x08081140,0x08006338,bl,0x0808115C,3
0x08081140,0x080261D4,bl,0x08081188,1
0x08081140,0x0806395C,bl,0x08081232,2
0x08081140,0x080CFDCC,bl,0x0808116A,4
0x0808124C,0x08006148,bl,0x0808125E,1
0x08081274,0x08006138,bl,0x080812DA,1
0x08081274,0x080061C0,bl,0x080812C8,1
0x08081274,0x08006338,bl,0x0808129E,2
0x08081274,0x08063DF4,bl,0x0808127E,1
0x08081274,0x080CFDCC,bl,0x080812A4,2
0x080812F0,0x080061C0,bl,0x08081374,1
0x080812F0,0x08006244,bl,0x0808135E,1
0x080812F0,0x08006338,bl,0x0808130E,3
0x080812F0,0x080639E0,bl,0x080812FE,1
0x080812F0,0x0806CC90,bl,0x08081388,1
0x080812F0,0x080CFDCC,bl,0x0808134C,2
0x080813A4,0x08006148,bl,0x080813EE,1
0x080813A4,0x08006214,bl,0x080813D8,1
0x080813A4,0x0806395C,bl,0x080813E4,1
0x080813A4,0x080639E0,bl,0x080813DE,1
0x08081408,0x08002E98,bl,0x08081428,1
0x08081408,0x0806395C,bl,0x0808141C,1
0x08081440,0x08002E98,bl,0x0808144C,1
0x0808145C,0x08002E98,bl,0x08081472,1
0x0808145C,0x08068E04,bl,0x08081476,1
0x0808145C,0x080692FC,bl,0x0808145E,1
0x0808145C,0x08069B44,bl,0x0808147A,1
0x0808148C,0x080061C0,bl,0x080814A0,1
0x0808148C,0x08063E14,bl,0x08081496,1
0x0808148C,0x08081814,bl,0x080814A4,1
0x080814B4,0x08002EE8,bl,0x080814EE,1
0x080814B4,0x08006148,bl,0x080814D2,1
0x080814B4,0x0806395C,bl,0x080814C8,1
0x08081508,0x08006138,bl,0x0808154E,1
0x08081508,0x0800622C,bl,0x08081544,1
0x08081508,0x08006338,bl,0x0808151A,2
0x08081508,0x080CFDCC,bl,0x08081520,2
0x08081560,0x08006148,bl,0x08081586,1
0x08081560,0x0806395C,bl,0x0808157C,1
0x0808159C,0x08006338,bl,0x080815BC,1
0x0808159C,0x080CFDCC,bl,0x080815C2,2
0x080815DC,0x08006148,bl,0x080815FE,1
0x080815DC,0x08006244,bl,0x080815EE,1
0x080815DC,0x0806395C,bl,0x080815F4,1
0x08081614,0x08002E98,bl,0x08081636,2
0x08081614,0x0806395C,bl,0x0808162A,1
0x08081614,0x08063E14,bl,0x08081624,1
0x08081668,0x08002E98,bl,0x08081674,1
0x08081668,0x08068E04,bl,0x08081678,1
0x08081668,0x08069B44,bl,0x0808167C,1
0x0808168C,0x080061C0,bl,0x080816AE,1
0x0808168C,0x08006338,bl,0x080816B4,1
0x0808168C,0x080CFDCC,bl,0x080816BA,3
0x080816E8,0x08063D2C,bl,0x08081720,1
0x08081774,0x08002E98,bl,0x0808179E,2
0x08081774,0x0806395C,bl,0x08081792,1
0x08081774,0x080639B4,bl,0x08081784,1
0x08081774,0x08063E14,bl,0x0808177E,1
0x080817D4,0x08002E98,bl,0x080817E0,1
0x080817D4,0x08068E04,bl,0x080817E4,1
0x080817D4,0x08069B44,bl,0x080817E8,1
0x080817F8,0x08081814,bl,0x08081802,1
0x08081814,0x08006338,bl,0x0808181A,5
0x08081814,0x080CFDCC,bl,0x08081820,8
0x08081884,0x08063FF4,bl,0x0808189A,1
0x080818A8,0x08006148,bl,0x080818EA,1
0x080818A8,0x0806395C,bl,0x080818CA,2
0x08081900,0x08006148,bl,0x0808194A,1
0x08081900,0x0806395C,bl,0x08081926,2
0x08081984,0x08063FF4,bl,0x08081996,1
0x080819A4,0x0806A0F0,bl,0x080819AA,1
0x080819B4,0x08002E98,bl,0x080819D6,1
0x080819F4,0x08002E98,bl,0x08081A44,1
0x080819F4,0x0806395C,bl,0x08081A1E,2
0x080819F4,0x08063E14,bl,0x080819FE,1
0x08081A58,0x08002E98,bl,0x08081A64,1
0x08081A74,0x08002E98,bl,0x08081A8A,1
0x08081A74,0x08068E04,bl,0x08081A98,1
0x08081A74,0x080692FC,bl,0x08081A76,1
0x08081A74,0x08069B44,bl,0x08081A9C,1
0x08081AAC,0x080061C0,bl,0x08081AE8,1
0x08081AAC,0x080062C4,bl,0x08081AC4,1
0x08081AAC,0x08006338,bl,0x08081ACA,2
0x08081AAC,0x080CFDCC,bl,0x08081AD0,5
0x08081B5C,0x08006148,bl,0x08081BAE,1
0x08081B5C,0x08081E64,bl,0x08081B7A,1
0x08081BC4,0x080061C0,bl,0x08081BE8,1
0x08081BC4,0x08006244,bl,0x08081BCE,1
0x08081BC4,0x08006338,bl,0x08081BEE,2
0x08081BC4,0x080CFDCC,bl,0x08081BD4,6
0x08081C3C,0x08006148,bl,0x08081C64,1
0x08081C3C,0x0806395C,bl,0x08081C5A,1
0x08081C3C,0x08081E64,bl,0x08081C4E,1
0x08081C78,0x08006138,bl,0x08081CCE,1
0x08081C78,0x0800622C,bl,0x08081C8C,1
0x08081C78,0x08006338,bl,0x08081C92,1
0x08081C78,0x080CFDCC,bl,0x08081C98,4
0x08081CE0,0x08006148,bl,0x08081D0E,1
0x08081CE0,0x0806395C,bl,0x08081D04,1
0x08081D24,0x08002E98,bl,0x08081D4E,2
0x08081D24,0x0806395C,bl,0x08081D42,1
0x08081D24,0x080639B4,bl,0x08081D34,1
0x08081D24,0x08063E14,bl,0x08081D2E,1
0x08081D84,0x08002E98,bl,0x08081D9A,1
0x08081D84,0x08068E04,bl,0x08081D9E,1
0x08081D84,0x080692FC,bl,0x08081D86,1
0x08081D84,0x08069B44,bl,0x08081DA2,1
0x08081DB4,0x080062C4,bl,0x08081DC4,1
0x08081DB4,0x08006338,bl,0x08081DCA,2
0x08081DB4,0x080CFDCC,bl,0x08081DD0,5
0x08081E64,0x08002EE8,bl,0x08081EBA,1
0x08081E64,0x0806395C,bl,0x08081EFC,1
0x08081F38,0x08063FF4,bl,0x08081F3A,1
0x08081F50,0x0806A0F0,bl,0x08081F56,1
0x08081F60,0x08002E98,bl,0x08081FE4,1
0x08081F60,0x08063908,bl,0x08081FB2,1
0x08082008,0x08002E98,bl,0x08082094,1
0x08082008,0x08063908,bl,0x08082062,1
0x080820B8,0x08002E98,bl,0x080820D4,2
0x080820B8,0x0806395C,bl,0x080820C8,1
0x080820B8,0x08063E14,bl,0x080820C2,1
0x08082108,0x08002E98,bl,0x08082120,1
0x08082108,0x08006338,bl,0x080821E4,1
0x08082108,0x08064FC4,bl,0x080821AE,2
0x08082108,0x08068E04,bl,0x08082124,1
0x08082108,0x080692FC,bl,0x0808210E,1
0x08082108,0x08069B44,bl,0x0808225C,1
0x08082108,0x080B5540,bl,0x080821C6,2
0x08082270,0x080061C0,bl,0x0808228A,1
0x08082270,0x08082554,bl,0x0808228E,1
0x080822A4,0x080825EC,bl,0x080822A6,1
0x080822B0,0x08002E98,bl,0x080822CE,2
0x080822B0,0x0806395C,bl,0x080822C2,1
0x08082300,0x08002E98,bl,0x08082316,1
0x08082300,0x08068E04,bl,0x08082324,1
0x08082300,0x080692FC,bl,0x08082302,1
0x08082300,0x08069B44,bl,0x08082328,1
0x08082338,0x08006138,bl,0x08082436,1
0x08082338,0x0800622C,bl,0x080823BA,1
0x08082338,0x080062C4,bl,0x080823EE,1
0x08082338,0x08006338,bl,0x0808238E,1
0x08082338,0x08063E14,bl,0x08082344,1
0x08082338,0x08063FE0,bl,0x08082432,1
0x08082338,0x0806421C,bl,0x08082380,1
0x08082338,0x08064314,bl,0x08082366,1
0x08082338,0x08064FC4,bl,0x0808241C,1
0x08082338,0x080B5540,bl,0x0808242E,1
0x08082338,0x080CFDCC,bl,0x080823D0,1
0x0808248C,0x08002E98,bl,0x080824B6,2
0x0808248C,0x0806395C,bl,0x080824AA,1
0x0808248C,0x080639B4,bl,0x0808249C,1
0x0808248C,0x08063E14,bl,0x08082496,1
0x080824EC,0x08002E98,bl,0x080824F8,1
0x080824EC,0x08006338,bl,0x08082522,1
0x080824EC,0x08068E04,bl,0x080824FC,1
0x080824EC,0x08069B44,bl,0x08082526,1
0x0808253C,0x08082554,bl,0x0808253E,1
0x08082548,0x080825EC,bl,0x0808254A,1
0x08082554,0x08006338,bl,0x08082558,1
0x08082554,0x080CFDCC,bl,0x08082580,6
0x08082678,0x0800622C,bl,0x08082690,1
0x080826A0,0x08006244,bl,0x080826AE,1
0x080826BC,0x08063FF4,bl,0x080826BE,1
0x080826C8,0x0806A0F0,bl,0x080826CE,1
0x080826D8,0x08002E98,bl,0x080826FA,1
0x08082718,0x08002E98,bl,0x0808273A,1
0x08082718,0x0806395C,bl,0x0808272E,1
0x08082718,0x08063E14,bl,0x08082722,1
0x08082750,0x08002E98,bl,0x0808275C,1
0x0808276C,0x08002E98,bl,0x08082782,1
0x0808276C,0x08068E04,bl,0x08082786,1
0x0808276C,0x080692FC,bl,0x0808276E,1
0x0808276C,0x08069B44,bl,0x0808278A,1
0x0808279C,0x08006138,bl,0x08082800,1
0x0808279C,0x080061C0,bl,0x080827B6,1
0x0808279C,0x08006338,bl,0x080827C2,1
0x0808279C,0x0806395C,bl,0x080827FC,1
0x0808279C,0x080CFDCC,bl,0x080827C8,3
0x08082818,0x08006148,bl,0x0808282E,1
0x08082818,0x08082C5C,bl,0x0808281A,1
0x08082844,0x080061C0,bl,0x0808285E,1
0x08082844,0x08082CC4,bl,0x08082866,1
0x0808287C,0x08006148,bl,0x08082892,1
0x0808287C,0x08082C5C,bl,0x0808287E,1
0x080828A8,0x08006338,bl,0x080828CE,1
0x080828A8,0x0806CC90,bl,0x080828C8,1
0x080828A8,0x080CFDCC,bl,0x080828D4,4
0x08082908,0x08006148,bl,0x08082968,1
0x08082908,0x08006214,bl,0x08082944,1
0x08082908,0x0806395C,bl,0x0808295E,1
0x08082980,0x08002EE8,bl,0x080829AE,1
0x08082980,0x08006214,bl,0x0808298A,1
0x08082980,0x08082CC4,bl,0x080829C2,1
0x080829D4,0x08006148,bl,0x080829F4,1
0x080829D4,0x0806395C,bl,0x080829EA,1
0x08082A08,0x080031B8,bl,0x08082A20,1
0x08082A08,0x08006138,bl,0x08082AE2,1
0x08082A08,0x0800622C,bl,0x08082A34,1
0x08082A08,0x080062C4,bl,0x08082A14,2
0x08082A08,0x08006338,bl,0x08082A44,3
0x08082A08,0x080261D4,bl,0x08082A1A,1
0x08082A08,0x0806395C,bl,0x08082ADE,1
0x08082A08,0x080CFDCC,bl,0x08082A5C,3
0x08082AEC,0x08006148,bl,0x08082AFE,1
0x08082B14,0x0800622C,bl,0x08082B2E,1
0x08082B14,0x08082CC4,bl,0x08082B38,1
0x08082B48,0x08006148,bl,0x08082BA4,1
0x08082B48,0x08006244,bl,0x08082B74,1
0x08082B48,0x0806395C,bl,0x08082B8C,2
0x08082B48,0x08063DF4,bl,0x08082B78,1
0x08082BB8,0x08002E98,bl,0x08082BE2,2
0x08082BB8,0x0806395C,bl,0x08082BD6,1
0x08082BB8,0x080639B4,bl,0x08082BC8,1
0x08082BB8,0x08063E14,bl,0x08082BC2,1
0x08082C18,0x08002E98,bl,0x08082C24,1
0x08082C18,0x08068E04,bl,0x08082C28,1
0x08082C18,0x08069B44,bl,0x08082C2C,1
0x08082C3C,0x08082CC4,bl,0x08082C4C,1
0x08082C5C,0x08002EE8,bl,0x08082C7C,1
0x08082C5C,0x0806395C,bl,0x08082CBA,1
0x08082C5C,0x08063D2C,bl,0x08082C96,3
0x08082C5C,0x08063DF4,bl,0x08082C84,1
0x08082CC4,0x08006338,bl,0x08082CCA,4
0x08082CC4,0x080CFDCC,bl,0x08082CD4,4
0x08082D14,0x08006148,bl,0x08082D32,1
0x08082D14,0x0806395C,bl,0x08082D28,1
0x08082D4C,0x08006148,bl,0x08082D78,1
0x08082D4C,0x08006214,bl,0x08082D9C,1
0x08082D4C,0x0806395C,bl,0x08082D6E,1
0x08082D4C,0x08063FF4,bl,0x08082D88,1
0x08082DB0,0x08006214,bl,0x08082DBC,1
0x08082DD4,0x0806A0F0,bl,0x08082DDA,1
0x08082DE4,0x08002E98,bl,0x08082E5C,1
0x08082E68,0x08002E98,bl,0x08082E80,1
0x08082E68,0x0806395C,bl,0x08082E74,1
0x08082E98,0x08002E98,bl,0x08082EA4,1
0x08082EB4,0x08002E98,bl,0x08082ED6,2
0x08082EB4,0x08068E04,bl,0x08082EF0,1
0x08082EB4,0x080692FC,bl,0x08082EC4,1
0x08082EB4,0x08069B44,bl,0x08082EF4,1
0x08082F04,0x08006138,bl,0x08082FAA,1
0x08082F04,0x08006338,bl,0x08082F14,1
0x08082F04,0x0806395C,bl,0x08082F98,2
0x08082F04,0x08063E14,bl,0x08082F0E,1
0x08082F04,0x08064314,bl,0x08082F42,1
0x08082F04,0x08083A48,bl,0x08082F30,1
0x08082F04,0x080CFDCC,bl,0x08082F1A,1
0x08082FB4,0x08006148,bl,0x08082FC6,1
0x08082FDC,0x080062C4,bl,0x08082FE6,1
0x08082FDC,0x08006338,bl,0x08082FEC,1
0x08082FDC,0x080CFDCC,bl,0x08082FFC,1
0x08083020,0x08006148,bl,0x080832AE,1
0x08083020,0x0806395C,bl,0x080831F6,2
0x08083020,0x08063F00,bl,0x0808328C,1
0x08083020,0x08083A48,bl,0x080830A0,1
0x08083020,0x08083AD4,bl,0x0808304A,2
0x08083020,0x08083BBC,bl,0x08083078,2
0x08083020,0x08083D28,bl,0x080830D2,3
0x080832D0,0x08006138,bl,0x080832FE,1
0x080832D0,0x08006214,bl,0x080832E6,1
0x080832D0,0x0800622C,bl,0x080832F4,1
0x080832D0,0x08006338,bl,0x080832FA,1
0x0808330C,0x08006148,bl,0x0808335A,1
0x0808330C,0x0806395C,bl,0x08083350,1
0x0808330C,0x08064314,bl,0x08083320,1
0x08083370,0x08006138,bl,0x080833E2,1
0x08083370,0x080061C0,bl,0x0808338E,1
0x08083370,0x080062C4,bl,0x08083380,1
0x08083370,0x08006338,bl,0x08083394,1
0x08083370,0x0806395C,bl,0x080833DE,1
0x08083370,0x08063E14,bl,0x0808337C,1
0x08083370,0x08083DFC,bl,0x080833D8,1
0x08083370,0x080CFDCC,bl,0x080833BC,1
0x08083400,0x08006148,bl,0x08083412,1
0x08083428,0x08006338,bl,0x0808344C,1
0x08083428,0x080639B4,bl,0x08083434,1
0x08083428,0x08064314,bl,0x0808343A,1
0x08083428,0x080CFDCC,bl,0x08083452,2
0x08083488,0x08006148,bl,0x080835B0,1
0x08083488,0x0806395C,bl,0x080835A6,1
0x08083488,0x08063BD4,bl,0x0808359C,1
0x08083488,0x08063D7C,bl,0x0808349C,1
0x08083488,0x08063DF4,bl,0x080834A0,1
0x08083488,0x0806421C,bl,0x080835F4,1
0x08083488,0x080CFA50,bl,0x080834E2,1
0x08083614,0x08006138,bl,0x08083778,1
0x08083614,0x080061C0,bl,0x08083636,7
0x08083614,0x080062C4,bl,0x08083622,2
0x08083614,0x0806395C,bl,0x08083774,1
0x08083614,0x08063CD0,bl,0x080836A4,1
0x08083614,0x08063E14,bl,0x0808361E,1
0x08083614,0x080640DC,bl,0x08083628,3
0x08083614,0x08064CDC,bl,0x08083682,1
0x08083614,0x080CFDCC,bl,0x0808363C,9
0x0808379C,0x08006148,bl,0x080837B8,1
0x0808379C,0x08064188,bl,0x080837A4,1
0x080837D0,0x08006138,bl,0x080838AC,1
0x080837D0,0x080062C4,bl,0x08083826,1
0x080837D0,0x08006338,bl,0x080837F4,3
0x080837D0,0x0806395C,bl,0x080838A8,1
0x080837D0,0x080639B4,bl,0x080837DC,1
0x080837D0,0x08064314,bl,0x080837E2,1
0x080837D0,0x08083DFC,bl,0x0808382A,1
0x080837D0,0x080CFDCC,bl,0x08083806,5
0x080838BC,0x08006148,bl,0x08083964,1
0x080838BC,0x0806421C,bl,0x08083942,1
0x080838BC,0x08064314,bl,0x080838D2,1
0x080838BC,0x08083AD4,bl,0x08083910,1
0x0808398C,0x08002E98,bl,0x080839B6,2
0x0808398C,0x0806395C,bl,0x080839AA,1
0x0808398C,0x080639B4,bl,0x0808399C,1
0x0808398C,0x08063E14,bl,0x08083996,1
0x080839EC,0x08002E98,bl,0x080839F8,1
0x080839EC,0x08068E04,bl,0x080839FC,1
0x080839EC,0x08069B44,bl,0x08083A00,1
0x08083A10,0x08006338,bl,0x08083A1C,1
0x08083A10,0x080CFDCC,bl,0x08083A22,1
0x08083A48,0x08021B18,bl,0x08083A7A,1
0x08083AD4,0x08083CB8,bl,0x08083B8A,2
0x08083BBC,0x08021BB4,bl,0x08083C44,1
0x08083CB8,0x08021B18,bl,0x08083CC4,1
0x08083D28,0x0806421C,bl,0x08083DD0,1
0x08083DFC,0x08006338,bl,0x08083E0C,1
0x08083DFC,0x080CFDCC,bl,0x08083E12,4
0x08083E5C,0x0806A0F0,bl,0x08083E62,1
0x08083E6C,0x08002E98,bl,0x08083E96,1
0x08083E6C,0x080031B8,bl,0x08083E88,1
0x08083EB4,0x08002E98,bl,0x08083ED0,2
0x08083EB4,0x0806395C,bl,0x08083EC4,1
0x08083EB4,0x08064A60,bl,0x08083EBE,1
0x08083F04,0x08002E98,bl,0x08083F10,1
0x08083F04,0x08068E04,bl,0x08083F2C,1
0x08083F04,0x08069B44,bl,0x08083F30,1
0x08083F48,0x080061C0,bl,0x08083F6C,1
0x08083F48,0x08006338,bl,0x08083F7A,1
0x08083F48,0x080CFDCC,bl,0x08083F80,4
0x08083FBC,0x08063E2C,bl,0x08084028,1
0x08083FBC,0x08063FE0,bl,0x08084030,1
0x08084050,0x08002E98,bl,0x08084084,1
0x08084050,0x080031B8,bl,0x08084076,1
0x08084050,0x08064A60,bl,0x08084070,1
0x080840A4,0x08002E98,bl,0x080840BC,2
0x080840A4,0x0806395C,bl,0x080840B0,1
0x080840F0,0x08002E98,bl,0x080840FC,1
0x080840F0,0x08068E04,bl,0x08084100,1
0x080840F0,0x08069B44,bl,0x08084104,1
0x08084114,0x08063FE0,bl,0x08084238,1
0x08084114,0x0806421C,bl,0x080841A0,1
0x08084114,0x080CFDCC,bl,0x080841EE,6
0x0808424C,0x08002E98,bl,0x0808427C,2
0x0808424C,0x0806395C,bl,0x08084270,1
0x080842B8,0x08002E98,bl,0x080842EE,1
0x080842B8,0x08006148,bl,0x080842D2,1
0x080842B8,0x080639A4,bl,0x080842C8,1
0x080842B8,0x08068E04,bl,0x080842F2,1
0x080842B8,0x0806951C,bl,0x080842BA,1
0x080842B8,0x08069B44,bl,0x080842F6,1
0x08084308,0x08006338,bl,0x08084382,6
0x08084308,0x0806421C,bl,0x0808436E,1
0x08084308,0x08064314,bl,0x08084318,1
0x08084308,0x080CFDCC,bl,0x08084388,8
0x080843FC,0x080061C0,bl,0x08084420,1
0x080843FC,0x08006338,bl,0x0808443C,1
0x080843FC,0x08064A60,bl,0x08084416,1
0x080843FC,0x080CFDCC,bl,0x08084442,3
0x080843FC,0x080CFDD4,bl,0x08084462,1
0x08084484,0x08002E98,bl,0x080844A6,1
0x080844C4,0x08002E98,bl,0x080844E2,1
0x080844C4,0x0806395C,bl,0x080844D6,1
0x080844F8,0x08002E98,bl,0x08084508,1
0x0808451C,0x08002E98,bl,0x0808457A,1
0x0808451C,0x08068E04,bl,0x08084594,1
0x0808451C,0x080692FC,bl,0x0808451E,1
0x0808451C,0x08069B44,bl,0x08084598,1
0x0808451C,0x08084C84,bl,0x0808456C,1
0x080845B4,0x080061C0,bl,0x080845E6,1
0x080845B4,0x080062C4,bl,0x080845BE,1
0x080845B4,0x08006338,bl,0x080845EE,1
0x080845B4,0x08063E14,bl,0x080845C2,1
0x080845B4,0x080CFDCC,bl,0x08084600,8
0x080846C4,0x08006148,bl,0x080846E0,1
0x080846C4,0x0806395C,bl,0x080846D6,1
0x080846F4,0x080062C4,bl,0x080846FE,1
0x080846F4,0x08006338,bl,0x0808472C,1
0x080846F4,0x080CFDCC,bl,0x0808473E,8
0x080847FC,0x08006138,bl,0x08084846,1
0x080847FC,0x080062C4,bl,0x08084806,1
0x080847FC,0x08006338,bl,0x0808480C,1
0x080847FC,0x0806395C,bl,0x08084842,1
0x080847FC,0x080CFDCC,bl,0x08084812,4
0x08084854,0x08006148,bl,0x08084866,1
0x0808487C,0x080062C4,bl,0x08084886,1
0x0808487C,0x08006338,bl,0x08084896,1
0x0808487C,0x08064CDC,bl,0x080848B6,1
0x0808487C,0x080CFDCC,bl,0x0808489C,4
0x080848E4,0x08006148,bl,0x08084914,2
0x080848E4,0x0806395C,bl,0x0808490A,2
0x080848E4,0x08063C74,bl,0x08084932,1
0x08084960,0x08006138,bl,0x080849A6,1
0x08084960,0x08006338,bl,0x0808496C,1
0x08084960,0x0806395C,bl,0x080849A2,1
0x08084960,0x080CFDCC,bl,0x08084972,4
0x080849B4,0x08006148,bl,0x080849C6,1
0x080849DC,0x080062C4,bl,0x080849E6,1
0x080849DC,0x08006338,bl,0x08084A02,1
0x080849DC,0x08064CDC,bl,0x08084A22,1
0x080849DC,0x080CFDCC,bl,0x08084A08,4
0x08084A74,0x08006338,bl,0x08084A92,1
0x08084A74,0x080639B4,bl,0x08084A80,1
0x08084A74,0x08063E14,bl,0x08084A8C,1
0x08084A74,0x08064CDC,bl,0x08084AB2,1
0x08084A74,0x080CFDCC,bl,0x08084A98,4
0x08084AE8,0x08068E04,bl,0x08084AEE,1
0x08084AE8,0x080692FC,bl,0x08084AEA,1
0x08084AE8,0x08069B44,bl,0x08084AF2,1
0x08084AFC,0x080061C0,bl,0x08084B3A,1
0x08084AFC,0x08006338,bl,0x08084B46,1
0x08084AFC,0x080CFDCC,bl,0x08084B4C,1
0x08084AFC,0x080CFDD4,bl,0x08084B50,1
0x08084B7C,0x08005654,bl,0x08084BAA,1
0x08084BC0,0x08006148,bl,0x08084BF0,1
0x08084BC0,0x080062C4,bl,0x08084C00,1
0x08084BC0,0x0806395C,bl,0x08084BE6,1
0x08084C0C,0x08006148,bl,0x08084C44,1
0x08084C0C,0x0806395C,bl,0x08084C3A,1
0x08084C5C,0x0806A0F0,bl,0x08084C6E,1
0x08084C84,0x08063FF4,bl,0x08084CAE,1
0x08084C84,0x080699A8,bl,0x08084CA2,1
0x08084CB8,0x08063FF4,bl,0x08084CC6,1
0x08084CD4,0x08002E98,bl,0x08084CF6,1
0x08084D14,0x08002E98,bl,0x08084D5C,1
0x08084D14,0x08002EE8,bl,0x08084D20,1
0x08084D14,0x0806395C,bl,0x08084D3E,3
0x08084D6C,0x08002E98,bl,0x08084D7C,1
0x08084D90,0x08002E98,bl,0x08084DA6,1
0x08084D90,0x08068E04,bl,0x08084DAA,1
0x08084D90,0x080692FC,bl,0x08084D92,1
0x08084D90,0x08069B44,bl,0x08084DAE,1
0x08084DC0,0x08006138,bl,0x08084E66,1
0x08084DC0,0x080062C4,bl,0x08084DCA,1
0x08084DC0,0x08006338,bl,0x08084DDA,1
0x08084DC0,0x0806395C,bl,0x08084E62,1
0x08084DC0,0x08063E14,bl,0x08084DCE,1
0x08084DC0,0x080CFDCC,bl,0x08084DE0,7
0x08084E74,0x08006148,bl,0x08084E86,1
0x08084E9C,0x08006138,bl,0x08084EDE,1
0x08084E9C,0x08006338,bl,0x08084EEE,1
0x08084E9C,0x0806395C,bl,0x08084EDA,1
0x08084E9C,0x08063D2C,bl,0x08084EB8,3
0x08084E9C,0x08063DF4,bl,0x08084EB0,1
0x08084E9C,0x080CFDCC,bl,0x08084EF4,7
0x08084F50,0x08006148,bl,0x08084F62,1
0x08084F78,0x08006138,bl,0x08085146,1
0x08084F78,0x080061C0,bl,0x08084FBA,8
0x08084F78,0x08006214,bl,0x08085018,2
0x08084F78,0x08006338,bl,0x08084F9E,22
0x08084F78,0x0806395C,bl,0x08085142,1
0x08084F78,0x08063E14,bl,0x08084F98,3
0x08084F78,0x080CFDCC,bl,0x08084FA4,22
0x08085158,0x08006148,bl,0x0808516A,1
0x08085180,0x08006138,bl,0x0808525A,1
0x08085180,0x080061C0,bl,0x080851A6,3
0x08085180,0x080062C4,bl,0x0808518E,2
0x08085180,0x08006338,bl,0x08085194,2
0x08085180,0x0806395C,bl,0x08085256,1
0x08085180,0x08064B28,bl,0x08085202,1
0x08085180,0x080CFDCC,bl,0x080851AC,6
0x08085274,0x08006148,bl,0x08085286,1
0x0808529C,0x08006138,bl,0x080852B8,1
0x0808529C,0x080062C4,bl,0x080852A6,1
0x080852CC,0x08006338,bl,0x080852EA,11
0x080852CC,0x080639B4,bl,0x080852DC,1
0x080852CC,0x08063E14,bl,0x080852D6,1
0x080852CC,0x080CFDCC,bl,0x080852F0,11
0x0808537C,0x08068E04,bl,0x08085382,1
0x0808537C,0x080692FC,bl,0x0808537E,1
0x0808537C,0x08069B44,bl,0x08085386,1
0x08085390,0x08006148,bl,0x080853AC,1
0x08085390,0x0806395C,bl,0x080853A2,1
0x080853C8,0x08006148,bl,0x080853E8,1
0x080853C8,0x0806395C,bl,0x080853DE,1
0x08085404,0x0806A0F0,bl,0x08085416,1
0x0808542C,0x08063FF4,bl,0x08085442,1
0x08085450,0x08002E98,bl,0x0808547C,1
0x08085498,0x08002E98,bl,0x080854B8,1
0x08085498,0x0806395C,bl,0x080854AC,1
0x08085498,0x08063E14,bl,0x080854A6,1
0x080854D0,0x08002E98,bl,0x080854EC,1
0x08085500,0x08002E98,bl,0x08085516,1
0x08085500,0x08068E04,bl,0x0808551A,1
0x08085500,0x080692FC,bl,0x08085502,1
0x08085500,0x08069B44,bl,0x0808551E,1
0x08085530,0x080061C0,bl,0x0808554A,1
0x08085530,0x08006338,bl,0x08085554,1
0x08085530,0x080CFDCC,bl,0x08085562,8
0x08085608,0x08002EE8,bl,0x08085620,1
0x08085608,0x08006148,bl,0x0808564C,1
0x08085608,0x0806395C,bl,0x08085642,1
0x08085660,0x08006138,bl,0x080856CA,1
0x08085660,0x0800622C,bl,0x0808567C,1
0x08085660,0x08006338,bl,0x08085682,2
0x08085660,0x080CFDCC,bl,0x08085688,5
0x080856E0,0x080031B8,bl,0x0808574A,1
0x080856E0,0x08006138,bl,0x0808581A,1
0x080856E0,0x080062C4,bl,0x080856EE,1
0x080856E0,0x08006338,bl,0x0808570C,5
0x080856E0,0x08021A40,bl,0x080857AE,1
0x080856E0,0x0806395C,bl,0x08085816,1
0x080856E0,0x08064B5C,bl,0x080857BA,1
0x080856E0,0x080CFDCC,bl,0x08085712,3
0x0808582C,0x08006148,bl,0x08085844,1
0x08085858,0x08002E98,bl,0x08085880,1
0x08085858,0x0806395C,bl,0x08085874,1
0x08085858,0x08063E14,bl,0x0808586E,1
0x08085858,0x08066B34,bl,0x08085864,1
0x0808589C,0x08002E98,bl,0x080858B8,1
0x080858CC,0x08002E98,bl,0x080858E2,1
0x080858CC,0x08068E04,bl,0x080858E6,1
0x080858CC,0x080692FC,bl,0x080858CE,1
0x080858CC,0x08069B44,bl,0x080858EA,1
0x080858FC,0x080061C0,bl,0x0808590C,1
0x080858FC,0x08006338,bl,0x08085916,1
0x080858FC,0x080CFDCC,bl,0x0808591C,8
0x08085998,0x08002EE8,bl,0x080859C2,1
0x08085998,0x08006148,bl,0x080859F0,1
0x08085998,0x0806395C,bl,0x080859E6,1
0x08085A04,0x08006138,bl,0x08085A6E,1
0x08085A04,0x0800622C,bl,0x08085A20,1
0x08085A04,0x08006338,bl,0x08085A26,2
0x08085A04,0x080CFDCC,bl,0x08085A2C,5
0x08085A84,0x080031B8,bl,0x08085ADE,1
0x08085A84,0x08006138,bl,0x08085BA6,1
0x08085A84,0x080062C4,bl,0x08085A92,1
0x08085A84,0x08006338,bl,0x08085AA6,5
0x08085A84,0x08021A40,bl,0x08085B3C,1
0x08085A84,0x0806395C,bl,0x08085BA2,1
0x08085A84,0x08064B5C,bl,0x08085B48,1
0x08085A84,0x080CFDCC,bl,0x08085AAC,3
0x08085BB8,0x08006148,bl,0x08085BD0,1
0x08085BE4,0x080640DC,bl,0x08085BF0,1
0x08085BE4,0x08066BA8,bl,0x08085BF8,1
0x08085BE4,0x08066BDC,bl,0x08085BFC,1
0x08085BE4,0x080CFDCC,bl,0x08085C02,1
0x08085C10,0x08064188,bl,0x08085C18,1
0x08085C2C,0x08006338,bl,0x08085C4A,1
0x08085C2C,0x080639B4,bl,0x08085C38,1
0x08085C2C,0x08063E14,bl,0x08085C44,1
0x08085C2C,0x080CFDCC,bl,0x08085C50,8
0x08085CC4,0x08068E04,bl,0x08085CCA,1
0x08085CC4,0x080692FC,bl,0x08085CC6,1
0x08085CC4,0x08069B44,bl,0x08085CCE,1
0x08085CD8,0x080031B8,bl,0x08085DB8,1
0x08085CD8,0x080062C4,bl,0x08085CEC,1
0x08085CD8,0x08006338,bl,0x08085CF8,7
0x08085CD8,0x08021A40,bl,0x08085E06,1
0x08085CD8,0x08063E14,bl,0x08085CE4,1
0x08085CD8,0x08064B5C,bl,0x08085E12,1
0x08085CD8,0x080CFDCC,bl,0x08085CFE,12
0x08085E60,0x08068E04,bl,0x08085E66,1
0x08085E60,0x080692FC,bl,0x08085E62,1
0x08085E60,0x08069B44,bl,0x08085E6A,1
0x08085E74,0x08006148,bl,0x08085EAE,2
0x08085E74,0x08006244,bl,0x08085E9E,2
0x08085E74,0x0806395C,bl,0x08085EA4,2
0x08085E74,0x080640C8,bl,0x08085EC0,1
0x08085E74,0x08066C3C,bl,0x08085EC6,1
0x08085EF0,0x08006148,bl,0x08085F34,3
0x08085EF0,0x0806395C,bl,0x08085F2A,3
0x08085FA0,0x08066C08,bl,0x08085FD4,1
0x08085FA0,0x0806A0F0,bl,0x08085FC8,2
0x08086024,0x08063FF4,bl,0x0808604C,2
0x08086024,0x08066B70,bl,0x0808605A,1
0x0808606C,0x08006148,bl,0x0808607C,1
0x0808606C,0x08066C08,bl,0x08086072,1
0x08086090,0x08002E98,bl,0x080860B8,1
0x08086090,0x08063E14,bl,0x080860AA,1
0x080860D8,0x08002E98,bl,0x080860E6,1
0x080860F8,0x08002E98,bl,0x08086110,2
0x080860F8,0x0806395C,bl,0x08086104,1
0x0808614C,0x08002E98,bl,0x08086158,1
0x0808614C,0x08068E04,bl,0x0808615C,1
0x0808614C,0x08069B44,bl,0x08086160,1
0x08086170,0x080061C0,bl,0x0808618E,1
0x08086170,0x080062C4,bl,0x0808617A,1
0x08086170,0x08006338,bl,0x08086204,8
0x08086170,0x08063B38,bl,0x08086198,1
0x08086170,0x080CFDCC,bl,0x0808620A,8
0x080862CC,0x08002E98,bl,0x080862E4,2
0x080862CC,0x0806395C,bl,0x080862D8,1
0x08086320,0x08002E98,bl,0x0808632C,1
0x08086320,0x08068E04,bl,0x08086330,1
0x08086320,0x08069B44,bl,0x08086334,1
0x08086344,0x080061C0,bl,0x08086362,1
0x08086344,0x080062C4,bl,0x0808634E,1
0x08086344,0x08006338,bl,0x080863D4,8
0x08086344,0x08063B38,bl,0x0808636C,1
0x08086344,0x080CFDCC,bl,0x080863DA,8
0x08086444,0x08063D2C,bl,0x08086456,1
0x080864EC,0x08002E98,bl,0x08086582,1
0x080864EC,0x08002EE8,bl,0x0808652E,1
0x080864EC,0x0806395C,bl,0x08086576,1
0x080864EC,0x08063B38,bl,0x080864FE,2
0x080864EC,0x08063D2C,bl,0x080864F6,1
0x080864EC,0x08063E14,bl,0x08086570,1
0x0808659C,0x08002E98,bl,0x080865A8,1
0x0808659C,0x08068E04,bl,0x080865AC,1
0x0808659C,0x08069B44,bl,0x080865B0,1
0x080865C0,0x08006138,bl,0x080867A6,1
0x080865C0,0x080061C0,bl,0x08086612,11
0x080865C0,0x080062C4,bl,0x080865D2,1
0x080865C0,0x08006338,bl,0x080865E6,1
0x080865C0,0x080640DC,bl,0x08086600,3
0x080865C0,0x080CFDCC,bl,0x080865F2,13
0x080867B8,0x08006148,bl,0x080867D0,1
0x080867B8,0x08063D2C,bl,0x0808680E,1
0x080867B8,0x080640FC,bl,0x080867F6,1
0x08086824,0x08002E98,bl,0x08086894,2
0x08086824,0x0806395C,bl,0x08086888,1
0x08086824,0x0806421C,bl,0x08086872,1
0x08086824,0x0806443C,bl,0x0808682E,1
0x080868DC,0x08002E98,bl,0x080868F2,1
0x080868DC,0x080640DC,bl,0x0808695C,1
0x080868DC,0x0806421C,bl,0x08086916,1
0x080868DC,0x08068E04,bl,0x0808696E,1
0x080868DC,0x080692FC,bl,0x080868DE,1
0x080868DC,0x08069B44,bl,0x08086972,1
0x080868DC,0x08086F54,bl,0x080868F6,1
0x08086984,0x080640DC,bl,0x080869A0,1
0x08086984,0x080CFDCC,bl,0x080869AA,1
0x080869B8,0x080640FC,bl,0x080869D6,1
0x080869F0,0x08002E98,bl,0x08086A08,2
0x080869F0,0x0806395C,bl,0x080869FC,1
0x08086A44,0x08002E98,bl,0x08086A50,1
0x08086A44,0x08068E04,bl,0x08086A54,1
0x08086A44,0x08069B44,bl,0x08086A58,1
0x08086A68,0x080061C0,bl,0x08086B20,1
0x08086A68,0x080062C4,bl,0x08086A72,1
0x08086A68,0x08006338,bl,0x08086AA4,12
0x08086A68,0x08063E14,bl,0x08086B12,1
0x08086A68,0x08063FF4,bl,0x08086B16,1
0x08086A68,0x080CFDCC,bl,0x08086AAA,12
0x08086B68,0x08063E14,bl,0x08086B78,1
0x08086B68,0x080645A4,bl,0x08086B9E,1
0x08086BC0,0x08002E98,bl,0x08086BD8,1
0x08086BC0,0x0806395C,bl,0x08086BCC,1
0x08086BF0,0x08002E98,bl,0x08086C00,1
0x08086C14,0x08002E98,bl,0x08086C32,2
0x08086C14,0x08068E04,bl,0x08086C4A,1
0x08086C14,0x080692FC,bl,0x08086C20,1
0x08086C14,0x08069B44,bl,0x08086C4E,1
0x08086C5C,0x08006138,bl,0x08086CC2,1
0x08086C5C,0x0806395C,bl,0x08086CBE,1
0x08086C5C,0x08063CD0,bl,0x08086C9A,3
0x08086C5C,0x080640DC,bl,0x08086C72,1
0x08086C5C,0x080CFDCC,bl,0x08086C86,1
0x08086CCC,0x08006148,bl,0x08086CDE,1
0x08086CCC,0x080640FC,bl,0x08086D02,1
0x08086D18,0x080031B8,bl,0x08086D2A,1
0x08086D18,0x08006138,bl,0x08086D7C,1
0x08086D18,0x0806395C,bl,0x08086D78,1
0x08086D18,0x080640DC,bl,0x08086D30,2
0x08086D18,0x080CFDCC,bl,0x08086D3E,4
0x08086DA4,0x08006148,bl,0x08086DB6,1
0x08086DA4,0x080640FC,bl,0x08086DDA,1
0x08086DF0,0x08006138,bl,0x08086E60,2
0x08086DF0,0x080061C0,bl,0x08086E32,6
0x08086DF0,0x080062C4,bl,0x08086E22,2
0x08086DF0,0x08063E14,bl,0x08086E26,2
0x08086DF0,0x080640DC,bl,0x08086DFC,3
0x08086DF0,0x080CFDCC,bl,0x08086E1E,6
0x08086EC8,0x080640FC,bl,0x08086EE0,1
0x08086EFC,0x08006338,bl,0x08086F1A,2
0x08086EFC,0x080639B4,bl,0x08086F08,1
0x08086EFC,0x08063E14,bl,0x08086F14,1
0x08086EFC,0x080CFDCC,bl,0x08086F20,2
0x08086F40,0x08068E04,bl,0x08086F46,1
0x08086F40,0x080692FC,bl,0x08086F42,1
0x08086F40,0x08069B44,bl,0x08086F4A,1
0x0808705C,0x08002E98,bl,0x08087084,1
0x0808705C,0x08063E14,bl,0x08087076,1
0x080870A4,0x08002E98,bl,0x080870B2,1
0x080870C4,0x08002E98,bl,0x080870DC,2
0x080870C4,0x0806395C,bl,0x080870D0,1
0x08087118,0x08002E98,bl,0x08087124,1
0x08087118,0x08068E04,bl,0x08087128,1
0x08087118,0x08069B44,bl,0x0808712C,1
0x0808713C,0x080061C0,bl,0x0808715A,1
0x0808713C,0x080062C4,bl,0x08087146,1
0x0808713C,0x08006338,bl,0x080871D0,4
0x0808713C,0x08063B38,bl,0x08087164,1
0x0808713C,0x080CFDCC,bl,0x080871D6,4
0x08087268,0x08002E98,bl,0x08087280,2
0x08087268,0x0806395C,bl,0x08087274,1
0x080872BC,0x08002E98,bl,0x080872C8,1
0x080872BC,0x08068E04,bl,0x080872CC,1
0x080872BC,0x08069B44,bl,0x080872D0,1
0x080872E0,0x080061C0,bl,0x080872FE,1
0x080872E0,0x080062C4,bl,0x080872EA,1
0x080872E0,0x08006338,bl,0x08087370,4
0x080872E0,0x08063B38,bl,0x08087308,1
0x080872E0,0x080CFDCC,bl,0x08087376,4
0x080873B0,0x08063D2C,bl,0x080873C2,1
0x08087458,0x08002E98,bl,0x080874EE,1
0x08087458,0x08002EE8,bl,0x0808749A,1
0x08087458,0x0806395C,bl,0x080874E2,1
0x08087458,0x08063B38,bl,0x0808746A,2
0x08087458,0x08063D2C,bl,0x08087462,1
0x08087458,0x08063E14,bl,0x080874DC,1
0x08087508,0x08002E98,bl,0x08087514,1
0x08087508,0x08068E04,bl,0x08087518,1
0x08087508,0x08069B44,bl,0x0808751C,1
0x0808752C,0x08006138,bl,0x08087712,1
0x0808752C,0x080061C0,bl,0x0808757E,11
0x0808752C,0x080062C4,bl,0x0808753E,1
0x0808752C,0x08006338,bl,0x08087552,1
0x0808752C,0x080640DC,bl,0x0808756C,3
0x0808752C,0x080CFDCC,bl,0x0808755E,13
0x08087724,0x08006148,bl,0x0808773C,1
0x08087724,0x08063D2C,bl,0x0808777A,1
0x08087724,0x080640FC,bl,0x08087762,1
0x08087790,0x08002E98,bl,0x08087802,2
0x08087790,0x0806395C,bl,0x080877F6,1
0x08087790,0x0806421C,bl,0x080877E0,1
0x08087790,0x0806443C,bl,0x0808779A,1
0x08087848,0x08002E98,bl,0x0808785E,1
0x08087848,0x080640DC,bl,0x080878C8,1
0x08087848,0x0806421C,bl,0x08087882,1
0x08087848,0x08068E04,bl,0x080878DA,1
0x08087848,0x080692FC,bl,0x0808784A,1
0x08087848,0x08069B44,bl,0x080878DE,1
0x08087848,0x08086F54,bl,0x08087862,1
0x080878F0,0x080640DC,bl,0x0808790C,1
0x080878F0,0x080CFDCC,bl,0x08087916,1
0x08087924,0x080640FC,bl,0x08087942,1
0x0808795C,0x08002E98,bl,0x08087974,2
0x0808795C,0x0806395C,bl,0x08087968,1
0x080879B0,0x08002E98,bl,0x080879BC,1
0x080879B0,0x08068E04,bl,0x080879C0,1
0x080879B0,0x08069B44,bl,0x080879C4,1
0x080879D4,0x080061C0,bl,0x08087A64,1
0x080879D4,0x080062C4,bl,0x080879DE,1
0x080879D4,0x08006338,bl,0x08087A10,7
0x080879D4,0x08063E14,bl,0x08087A56,1
0x080879D4,0x08063FF4,bl,0x08087A5A,1
0x080879D4,0x080CFDCC,bl,0x08087A16,7
0x08087A98,0x08063E14,bl,0x08087AA8,1
0x08087A98,0x080645A4,bl,0x08087ACE,1
0x08087AF0,0x08002E98,bl,0x08087B08,1
0x08087AF0,0x0806395C,bl,0x08087AFC,1
0x08087B20,0x08002E98,bl,0x08087B30,1
0x08087B44,0x08002E98,bl,0x08087B62,2
0x08087B44,0x08068E04,bl,0x08087B7A,1
0x08087B44,0x080692FC,bl,0x08087B50,1
0x08087B44,0x08069B44,bl,0x08087B7E,1
0x08087B8C,0x08006138,bl,0x08087BF2,1
0x08087B8C,0x0806395C,bl,0x08087BEE,1
0x08087B8C,0x08063CD0,bl,0x08087BCA,3
0x08087B8C,0x080640DC,bl,0x08087BA2,1
0x08087B8C,0x080CFDCC,bl,0x08087BB6,1
0x08087BFC,0x08006148,bl,0x08087C0E,1
0x08087BFC,0x080640FC,bl,0x08087C32,1
0x08087C48,0x080031B8,bl,0x08087C5A,1
0x08087C48,0x08006138,bl,0x08087CAC,1
0x08087C48,0x0806395C,bl,0x08087CA8,1
0x08087C48,0x080640DC,bl,0x08087C60,2
0x08087C48,0x080CFDCC,bl,0x08087C6E,4
0x08087CD4,0x08006148,bl,0x08087CE6,1
0x08087CD4,0x080640FC,bl,0x08087D0A,1
0x08087D20,0x08006138,bl,0x08087D90,2
0x08087D20,0x080061C0,bl,0x08087D62,6
0x08087D20,0x080062C4,bl,0x08087D52,2
0x08087D20,0x08063E14,bl,0x08087D56,2
0x08087D20,0x080640DC,bl,0x08087D2C,3
0x08087D20,0x080CFDCC,bl,0x08087D4E,6
0x08087DF8,0x080640FC,bl,0x08087E10,1
0x08087E2C,0x08002E98,bl,0x08087E4A,1
0x08087E2C,0x0806395C,bl,0x08087E3E,1
0x08087E60,0x08002E98,bl,0x08087E70,1
0x08087E84,0x08002E98,bl,0x08087E9A,1
0x08087E84,0x08068E04,bl,0x08087E9E,1
0x08087E84,0x080692FC,bl,0x08087E86,1
0x08087E84,0x08069B44,bl,0x08087EA2,1
0x08087EB4,0x08006138,bl,0x08087EE4,1
0x08087EB4,0x080062C4,bl,0x08087EBE,1
0x08087EB4,0x08006338,bl,0x08087EC4,2
0x08087EB4,0x0806395C,bl,0x08087EE0,1
0x08087EB4,0x08063E14,bl,0x08087ECE,1
0x08087EB4,0x080CFDCC,bl,0x08087ECA,2
0x08087EF0,0x08006148,bl,0x08087F02,1
0x08087F18,0x080031B8,bl,0x08087F2C,1
0x08087F18,0x08006138,bl,0x08087F76,1
0x08087F18,0x0800622C,bl,0x08087F3A,1
0x08087F18,0x08006338,bl,0x08087F46,2
0x08087F18,0x080CFDCC,bl,0x08087F4C,2
0x08087F8C,0x08006338,bl,0x08087FA8,1
0x08087F8C,0x080CFDCC,bl,0x08087FAE,2
0x08087FCC,0x08002E98,bl,0x08087FEA,1
0x08087FCC,0x0806395C,bl,0x08087FDE,1
0x08088000,0x08002E98,bl,0x08088010,1
0x08088024,0x08002E98,bl,0x0808803A,1
0x08088024,0x08068E04,bl,0x0808803E,1
0x08088024,0x080692FC,bl,0x08088026,1
0x08088024,0x08069B44,bl,0x08088042,1
0x08088054,0x08002EE8,bl,0x0808807E,1
0x08088054,0x08006138,bl,0x080880F2,1
0x08088054,0x080061C0,bl,0x080880D4,1
0x08088054,0x080062C4,bl,0x0808805E,1
0x08088054,0x08006338,bl,0x08088068,2
0x08088054,0x0806395C,bl,0x080880DA,3
0x08088054,0x08063E14,bl,0x08088062,2
0x08088054,0x080CFDCC,bl,0x0808806E,1
0x080880FC,0x08006148,bl,0x0808810E,2
0x080880FC,0x0806395C,bl,0x08088182,1
0x080880FC,0x08063CD0,bl,0x08088120,3
0x080880FC,0x08063D2C,bl,0x0808815C,3
0x080881A0,0x08002EE8,bl,0x080881B4,1
0x080881A0,0x08006138,bl,0x080881CE,1
0x080881A0,0x0800622C,bl,0x080881CA,1
0x080881A0,0x08063FF4,bl,0x080881BC,1
0x080881E4,0x08006138,bl,0x080881FA,1
0x080881E4,0x0806395C,bl,0x080881F6,1
0x080881E4,0x080CFDCC,bl,0x080881F0,1
0x08088208,0x08006148,bl,0x0808821A,1
0x08088230,0x08006138,bl,0x08088246,1
0x08088230,0x0806395C,bl,0x08088242,1
0x08088230,0x080CFDCC,bl,0x0808823C,1
0x08088254,0x08006148,bl,0x08088266,1
0x0808827C,0x080031B8,bl,0x08088290,1
0x0808827C,0x08006138,bl,0x080882E0,1
0x0808827C,0x0800622C,bl,0x080882A2,1
0x0808827C,0x080062C4,bl,0x08088294,1
0x0808827C,0x08006338,bl,0x080882B6,1
0x0808827C,0x08063E14,bl,0x080882A6,1
0x0808827C,0x080CFDCC,bl,0x080882BC,2
0x080882F0,0x08006148,bl,0x0808830A,1
0x08088320,0x08006338,bl,0x0808833C,1
0x08088320,0x080CFDCC,bl,0x08088342,2
0x08088360,0x08002E98,bl,0x0808837E,2
0x08088360,0x0806395C,bl,0x08088372,1
0x080883B8,0x08002E98,bl,0x080883C4,1
0x080883B8,0x08068E04,bl,0x080883C8,1
0x080883B8,0x08069B44,bl,0x080883CC,1
0x080883DC,0x08006338,bl,0x08088400,1
0x080883DC,0x08063E14,bl,0x080883E6,1
0x080883DC,0x080CFDCC,bl,0x08088406,7
0x08088478,0x08063E14,bl,0x0808848C,1
0x08088498,0x08006138,bl,0x080884BA,1
0x08088498,0x08006338,bl,0x080884B6,1
0x08088498,0x080639B4,bl,0x080884A4,1
0x08088498,0x08063E14,bl,0x080884B0,1
0x080884D0,0x08068E04,bl,0x080884D6,1
0x080884D0,0x080692FC,bl,0x080884D2,1
0x080884D0,0x08069B44,bl,0x080884DA,1
0x080884E4,0x08006148,bl,0x08088510,2
0x080884E4,0x0806395C,bl,0x08088506,2
0x08088540,0x08006148,bl,0x08088570,1
0x08088540,0x0806395C,bl,0x08088566,1
0x08088590,0x08063FF4,bl,0x080885AC,1
0x080885C0,0x08006148,bl,0x080885F8,1
0x08088610,0x08002E98,bl,0x08088638,1
0x08088610,0x08063E14,bl,0x0808862A,1
0x08088658,0x08002E98,bl,0x0808868A,2
0x08088658,0x080224B0,bl,0x08088662,1
0x08088658,0x0806395C,bl,0x08088676,2
0x080886B4,0x08002E98,bl,0x080886C4,1
0x080886D8,0x08002E98,bl,0x080886EE,1
0x080886D8,0x08068E04,bl,0x080886F2,1
0x080886D8,0x080692FC,bl,0x080886DA,1
0x080886D8,0x08069B44,bl,0x080886F6,1
0x08088708,0x080061C0,bl,0x08088726,1
0x08088708,0x08006338,bl,0x0808872E,1
0x08088708,0x080CFDCC,bl,0x0808873E,4
0x080887A0,0x08002EE8,bl,0x080887CE,1
0x080887A0,0x08006148,bl,0x080887E2,2
0x080887A0,0x0806395C,bl,0x080887D8,2
0x0808880C,0x080031B8,bl,0x0808882E,1
0x0808880C,0x08006138,bl,0x08088888,1
0x0808880C,0x080061C0,bl,0x08088842,1
0x0808880C,0x0800622C,bl,0x08088850,1
0x0808880C,0x080062C4,bl,0x0808881C,2
0x0808880C,0x08006338,bl,0x08088822,3
0x0808880C,0x0806395C,bl,0x08088884,1
0x0808880C,0x08063E14,bl,0x08088838,1
0x0808880C,0x080CFDCC,bl,0x08088828,3
0x080888A0,0x08006148,bl,0x080888B2,1
0x080888C8,0x08006138,bl,0x08088914,1
0x080888C8,0x080062C4,bl,0x080888FE,1
0x080888C8,0x08006338,bl,0x080888E6,2
0x080888C8,0x0806395C,bl,0x08088910,1
0x080888C8,0x080CFDCC,bl,0x080888F2,2
0x08088920,0x08006148,bl,0x08088932,1
0x08088948,0x080062C4,bl,0x08088952,1
0x08088948,0x08006338,bl,0x08088962,1
0x08088948,0x080CFDCC,bl,0x08088968,5
0x080889CC,0x08006138,bl,0x08088A30,1
0x080889CC,0x080061C0,bl,0x080889E6,1
0x080889CC,0x0800622C,bl,0x080889F4,1
0x080889CC,0x080062C4,bl,0x08088A1A,1
0x080889CC,0x08006338,bl,0x080889FA,2
0x080889CC,0x0806395C,bl,0x08088A2C,1
0x080889CC,0x08063E14,bl,0x080889DC,1
0x080889CC,0x080CFDCC,bl,0x08088A0E,2
0x08088A3C,0x08006148,bl,0x08088A4E,1
0x08088A64,0x08002E98,bl,0x08088AD4,1
0x08088A64,0x0806395C,bl,0x08088AC6,1
0x08088A64,0x08063B38,bl,0x08088A80,2
0x08088A64,0x08063E14,bl,0x08088A6E,1
0x08088AEC,0x08002E98,bl,0x08088AFC,1
0x08088B10,0x08002E98,bl,0x08088B2E,2
0x08088B10,0x08068E04,bl,0x08088B46,1
0x08088B10,0x080692FC,bl,0x08088B1C,1
0x08088B10,0x08069B44,bl,0x08088B4A,1
0x08088B58,0x08006138,bl,0x08088B80,1
0x08088B58,0x080061C0,bl,0x08088B70,1
0x08088B58,0x08006338,bl,0x08088B7C,1
0x08088B58,0x08063E14,bl,0x08088B66,1
0x08088B98,0x08006148,bl,0x08088BC2,1
0x08088B98,0x08021C14,bl,0x08088BAC,1
0x08088B98,0x0806395C,bl,0x08088BB8,1
0x08088BD8,0x08006138,bl,0x08088C78,1
0x08088BD8,0x080061C0,bl,0x08088C02,1
0x08088BD8,0x0800622C,bl,0x08088C68,1
0x08088BD8,0x08006338,bl,0x08088BF6,1
0x08088BD8,0x08063E14,bl,0x08088BF0,1
0x08088BD8,0x080CFDCC,bl,0x08088C0E,7
0x08088CA4,0x08006138,bl,0x08088CD0,1
0x08088CA4,0x080062C4,bl,0x08088CB4,1
0x08088CA4,0x08006338,bl,0x08088CBA,2
0x08088CA4,0x080CFDCC,bl,0x08088CC0,1
0x08088CE8,0x08002E98,bl,0x08088D26,2
0x08088CE8,0x080224B0,bl,0x08088CF2,1
0x08088CE8,0x0806395C,bl,0x08088D1A,2
0x08088D58,0x08002E98,bl,0x08088D68,1
0x08088D7C,0x08002E98,bl,0x08088D92,1
0x08088D7C,0x08068E04,bl,0x08088D96,1
0x08088D7C,0x080692FC,bl,0x08088D7E,1
0x08088D7C,0x08069B44,bl,0x08088D9A,1
0x08088DAC,0x08006138,bl,0x08088E5E,1
0x08088DAC,0x080061C0,bl,0x08088E46,1
0x08088DAC,0x0800622C,bl,0x08088E54,1
0x08088DAC,0x080062C4,bl,0x08088DBC,1
0x08088DAC,0x08006338,bl,0x08088DC2,2
0x08088DAC,0x08063B38,bl,0x08088DCC,1
0x08088DAC,0x08063E14,bl,0x08088E30,1
0x08088DAC,0x080CFDCC,bl,0x08088DC8,1
0x08088E78,0x08006148,bl,0x08088E8E,1
0x08088EA4,0x08006138,bl,0x08088EC6,1
0x08088EA4,0x080062C4,bl,0x08088EB0,1
0x08088EA4,0x08006338,bl,0x08088EB6,1
0x08088EA4,0x080CFDCC,bl,0x08088EBC,1
0x08088ED4,0x08006148,bl,0x08088EE8,1
0x08088EFC,0x08006138,bl,0x08088F18,1
0x08088EFC,0x0806395C,bl,0x08088F14,1
0x08088EFC,0x080CFDCC,bl,0x08088F0E,1
0x08088F24,0x08006148,bl,0x08088F36,1
0x08088F4C,0x08006338,bl,0x08088F6A,1
0x08088F4C,0x080639B4,bl,0x08088F58,1
0x08088F4C,0x08063E14,bl,0x08088F64,1
0x08088F4C,0x080CFDCC,bl,0x08088F70,4
0x08088FAC,0x08068E04,bl,0x08088FB2,1
0x08088FAC,0x080692FC,bl,0x08088FAE,1
0x08088FAC,0x08069B44,bl,0x08088FB6,1
0x08088FC0,0x08006148,bl,0x0808900C,1
0x08088FC0,0x0806395C,bl,0x08088FF4,2
0x08089024,0x08006148,bl,0x08089050,1
0x08089024,0x0806395C,bl,0x08089046,1
0x08089064,0x08006148,bl,0x080890A0,2
0x08089064,0x0806395C,bl,0x08089096,2
0x080890D4,0x08006148,bl,0x0808910C,1
0x080890D4,0x0806395C,bl,0x08089102,1
0x08089120,0x08063FF4,bl,0x0808912E,1
0x0808913C,0x08006148,bl,0x0808916C,1
0x0808913C,0x0806395C,bl,0x08089162,1
0x08089180,0x08002E98,bl,0x080891A2,1
0x080891C0,0x08002E98,bl,0x080891E0,1
0x080891C0,0x0806395C,bl,0x080891D4,1
0x080891C0,0x08063E14,bl,0x080891CE,1
0x080891F8,0x08002E98,bl,0x08089208,1
0x0808921C,0x08002E98,bl,0x08089232,1
0x0808921C,0x08068E04,bl,0x08089236,1
0x0808921C,0x080692FC,bl,0x0808921E,1
0x0808921C,0x08069B44,bl,0x0808923A,1
0x0808924C,0x08002EE8,bl,0x08089268,2
0x0808924C,0x080031B8,bl,0x080892B4,1
0x0808924C,0x08006138,bl,0x080892FA,1
0x0808924C,0x080061C0,bl,0x08089276,2
0x0808924C,0x0800622C,bl,0x080892AE,1
0x0808924C,0x08063E14,bl,0x08089284,1
0x0808924C,0x08089808,bl,0x080892C0,1
0x0808924C,0x080CFDCC,bl,0x080892EC,2
0x08089334,0x08006138,bl,0x08089426,1
0x08089334,0x080061C0,bl,0x080893D6,1
0x08089334,0x080639B4,bl,0x08089382,3
0x08089334,0x08089808,bl,0x080893E8,1
0x08089334,0x080CFDCC,bl,0x08089390,5
0x08089460,0x08006138,bl,0x08089502,1
0x08089460,0x080639B4,bl,0x08089472,3
0x08089460,0x08089808,bl,0x080894C8,1
0x08089460,0x080CFDCC,bl,0x0808947E,5
0x08089544,0x08006138,bl,0x080895AE,1
0x08089544,0x0806395C,bl,0x0808959C,1
0x08089544,0x080639B4,bl,0x08089558,3
0x08089544,0x080CFDCC,bl,0x08089564,3
0x080895C4,0x08006148,bl,0x080895D6,1
0x080895EC,0x08006138,bl,0x0808964E,1
0x080895EC,0x080639B4,bl,0x0808960A,1
0x080895EC,0x08089808,bl,0x08089616,1
0x080895EC,0x080CFDCC,bl,0x08089640,2
0x08089680,0x08006338,bl,0x0808969E,4
0x08089680,0x080639B4,bl,0x0808968C,1
0x08089680,0x08063E14,bl,0x08089698,1
0x08089680,0x080CFDCC,bl,0x080896A4,4
0x080896DC,0x08068E04,bl,0x080896DE,1
0x080896DC,0x08069B44,bl,0x080896E2,1
0x080896EC,0x08006148,bl,0x08089718,1
0x080896EC,0x0806395C,bl,0x0808970E,1
0x0808972C,0x08006148,bl,0x08089758,1
0x0808972C,0x0806395C,bl,0x0808974E,1
0x0808976C,0x0806A0F0,bl,0x0808977E,1
0x0808978C,0x08006148,bl,0x080897B4,1
0x0808978C,0x0806395C,bl,0x080897AA,1
0x080897D0,0x08006148,bl,0x080897F2,1
0x080897D0,0x0806395C,bl,0x080897E8,1
0x08089848,0x08002E98,bl,0x0808986A,1
0x08089888,0x08002E98,bl,0x080898A0,1
0x08089888,0x0806395C,bl,0x08089894,1
0x080898B8,0x08002E98,bl,0x080898C8,1
0x080898DC,0x08002E98,bl,0x080898F2,1
0x080898DC,0x08068E04,bl,0x080898F6,1
0x080898DC,0x08069888,bl,0x080898DE,1
0x080898DC,0x08069B44,bl,0x080898FA,1
0x0808990C,0x08006138,bl,0x080899C0,1
0x0808990C,0x0806395C,bl,0x080899BC,1
0x0808990C,0x080CFDCC,bl,0x08089936,8
0x080899D4,0x08006148,bl,0x080899E6,1
0x080899FC,0x080031B8,bl,0x08089A4A,1
0x080899FC,0x08006138,bl,0x08089A94,1
0x080899FC,0x0806395C,bl,0x08089A90,1
0x080899FC,0x08064B5C,bl,0x08089A52,1
0x080899FC,0x08064D34,bl,0x08089A60,1
0x080899FC,0x080CFDCC,bl,0x08089A6C,1
0x08089AAC,0x08006148,bl,0x08089ABE,1
0x08089AD4,0x08006338,bl,0x08089B0E,2
0x08089AD4,0x08064A38,bl,0x08089AEE,1
0x08089AD4,0x080CFDCC,bl,0x08089B14,2
0x08089AD4,0x080CFDD4,bl,0x08089B24,1
0x08089B44,0x080639B4,bl,0x08089B50,1
0x08089B44,0x08063E14,bl,0x08089B5C,1
0x08089B44,0x080CFDCC,bl,0x08089B68,8
0x08089BDC,0x08068E04,bl,0x08089BE2,1
0x08089BDC,0x08069888,bl,0x08089BDE,1
0x08089BDC,0x08069B44,bl,0x08089BE6,1
0x08089BF0,0x080062C4,bl,0x08089BFE,1
0x08089C30,0x080062C4,bl,0x08089C3E,1
0x08089C58,0x08002E98,bl,0x08089C7A,1
0x08089C98,0x08002E98,bl,0x08089D0E,1
0x08089C98,0x08006338,bl,0x08089CE4,1
0x08089C98,0x080224B0,bl,0x08089CA2,1
0x08089C98,0x0806395C,bl,0x08089CEA,2
0x08089C98,0x08063E14,bl,0x08089CBA,1
0x08089D20,0x08002E98,bl,0x08089D30,1
0x08089D44,0x08002E98,bl,0x08089D62,2
0x08089D44,0x08068E04,bl,0x08089D90,1
0x08089D44,0x080692FC,bl,0x08089D50,1
0x08089D44,0x08069B44,bl,0x08089D94,1
0x08089DA8,0x08006138,bl,0x08089E22,4
0x08089DA8,0x080061C0,bl,0x08089E44,2
0x08089DA8,0x080062C4,bl,0x08089DB8,1
0x08089DA8,0x08006338,bl,0x08089DC2,1
0x08089DA8,0x0806395C,bl,0x08089E1E,4
0x08089DA8,0x08063E14,bl,0x08089DBC,1
0x08089DA8,0x08063FF4,bl,0x08089E78,1
0x08089DA8,0x0808A7F4,bl,0x08089DD8,1
0x08089DA8,0x080CFDCC,bl,0x08089DD2,1
0x08089EA0,0x08006148,bl,0x08089EB2,1
0x08089EC8,0x08002EE8,bl,0x08089EDC,1
0x08089EC8,0x08006138,bl,0x08089FB2,3
0x08089EC8,0x080061C0,bl,0x08089FD4,2
0x08089EC8,0x08006338,bl,0x08089F00,2
0x08089EC8,0x0806395C,bl,0x08089FAE,3
0x08089EC8,0x08063FF4,bl,0x0808A008,1
0x08089EC8,0x0808A7F4,bl,0x08089F6C,1
0x08089EC8,0x080CFDCC,bl,0x08089F06,2
0x0808A020,0x08006148,bl,0x0808A032,1
0x0808A048,0x080031B8,bl,0x0808A060,1
0x0808A048,0x08006138,bl,0x0808A096,1
0x0808A048,0x08006338,bl,0x0808A066,3
0x0808A048,0x080CFDCC,bl,0x0808A078,2
0x0808A0AC,0x080031B8,bl,0x0808A0C4,1
0x0808A0AC,0x08006138,bl,0x0808A0FA,1
0x0808A0AC,0x08006338,bl,0x0808A0CA,3
0x0808A0AC,0x080CFDCC,bl,0x0808A0DC,2
0x0808A110,0x08006138,bl,0x0808A1C4,1
0x0808A110,0x080061C0,bl,0x0808A180,1
0x0808A110,0x080062C4,bl,0x0808A124,1
0x0808A110,0x08006338,bl,0x0808A12A,4
0x0808A110,0x08063E14,bl,0x0808A120,2
0x0808A110,0x080CFDCC,bl,0x0808A138,6
0x0808A1D0,0x08021C4C,bl,0x0808A1E4,1
0x0808A204,0x08006138,bl,0x0808A264,1
0x0808A204,0x080061C0,bl,0x0808A228,1
0x0808A204,0x080062C4,bl,0x0808A21A,1
0x0808A204,0x08006338,bl,0x0808A24E,2
0x0808A204,0x0806395C,bl,0x0808A260,1
0x0808A204,0x080CFDCC,bl,0x0808A254,1
0x0808A270,0x08006148,bl,0x0808A282,1
0x0808A298,0x08002EE8,bl,0x0808A2D8,2
0x0808A298,0x08006138,bl,0x0808A362,1
0x0808A298,0x08006338,bl,0x0808A2E8,2
0x0808A298,0x0806395C,bl,0x0808A34E,3
0x0808A298,0x0806421C,bl,0x0808A2B6,1
0x0808A298,0x080CFDCC,bl,0x0808A2D2,7
0x0808A36C,0x08006148,bl,0x0808A37E,2
0x0808A36C,0x08021C14,bl,0x0808A396,1
0x0808A36C,0x0806395C,bl,0x0808A3A2,1
0x0808A3C4,0x08006138,bl,0x0808A45A,1
0x0808A3C4,0x080062C4,bl,0x0808A3DE,1
0x0808A3C4,0x08006338,bl,0x0808A3EA,1
0x0808A3C4,0x0806395C,bl,0x0808A456,1
0x0808A3C4,0x0806421C,bl,0x0808A3FC,3
0x0808A3C4,0x0808A880,bl,0x0808A3E4,1
0x0808A3C4,0x080CFDCC,bl,0x0808A410,3
0x0808A478,0x08006148,bl,0x0808A48A,2
0x0808A478,0x08021C14,bl,0x0808A4A2,1
0x0808A478,0x0806395C,bl,0x0808A4AE,1
0x0808A4D0,0x08002EE8,bl,0x0808A58E,1
0x0808A4D0,0x08006138,bl,0x0808A59C,1
0x0808A4D0,0x080062C4,bl,0x0808A4EE,1
0x0808A4D0,0x08006338,bl,0x0808A4F4,2
0x0808A4D0,0x0806395C,bl,0x0808A598,1
0x0808A4D0,0x0806421C,bl,0x0808A51E,4
0x0808A4D0,0x0808A880,bl,0x0808A50A,1
0x0808A4D0,0x080CFDCC,bl,0x0808A504,5
0x0808A5B8,0x08006148,bl,0x0808A5CA,2
0x0808A5B8,0x08021C14,bl,0x0808A5E2,1
0x0808A5B8,0x0806395C,bl,0x0808A5EE,1
0x0808A610,0x08002EE8,bl,0x0808A6D8,1
0x0808A610,0x08006138,bl,0x0808A702,1
0x0808A610,0x080062C4,bl,0x0808A62A,1
0x0808A610,0x08006338,bl,0x0808A630,2
0x0808A610,0x0806395C,bl,0x0808A6E2,2
0x0808A610,0x0806421C,bl,0x0808A65E,4
0x0808A610,0x0808A880,bl,0x0808A646,1
0x0808A610,0x080CFDCC,bl,0x0808A640,5
0x0808A710,0x08006148,bl,0x0808A722,2
0x0808A710,0x08021C14,bl,0x0808A73A,1
0x0808A710,0x0806395C,bl,0x0808A746,1
0x0808A768,0x08006138,bl,0x0808A796,1
0x0808A768,0x080062C4,bl,0x0808A77E,1
0x0808A768,0x08006338,bl,0x0808A784,1
0x0808A7A8,0x08006138,bl,0x0808A7CA,1
0x0808A7A8,0x08006338,bl,0x0808A7C6,1
0x0808A7A8,0x080639B4,bl,0x0808A7B4,1
0x0808A7A8,0x08063E14,bl,0x0808A7C0,1
0x0808A7E0,0x08068E04,bl,0x0808A7E6,1
0x0808A7E0,0x080692FC,bl,0x0808A7E2,1
0x0808A7E0,0x08069B44,bl,0x0808A7EA,1
0x0808A7F4,0x0808A84C,bl,0x0808A82E,2
0x0808A84C,0x08002EE8,bl,0x0808A852,1
0x0808A880,0x08064314,bl,0x0808A886,1
0x0808A8D4,0x08006148,bl,0x0808A94A,1
0x0808A8D4,0x0806395C,bl,0x0808A940,1
0x0808A964,0x08006148,bl,0x0808A98A,1
0x0808A964,0x0806395C,bl,0x0808A980,1
0x0808A9A8,0x08006148,bl,0x0808A9C2,1
0x0808A9A8,0x0806395C,bl,0x0808A9B8,1
0x0808A9D8,0x08063FF4,bl,0x0808AA0C,1
0x0808AA68,0x08002E98,bl,0x0808AAB4,1
0x0808AA68,0x080224B0,bl,0x0808AA96,1
0x0808AA68,0x0808B5B4,bl,0x0808AAB8,1
0x0808AA68,0x0808BB24,bl,0x0808AA92,1
0x0808AAD8,0x08002E98,bl,0x0808AAFE,1
0x0808AAD8,0x0806395C,bl,0x0808AAF2,1
0x0808AAD8,0x08063E14,bl,0x0808AAEC,1
0x0808AB14,0x08002E98,bl,0x0808AB24,1
0x0808AB38,0x08002E98,bl,0x0808AB4E,1
0x0808AB38,0x08068E04,bl,0x0808AB52,1
0x0808AB38,0x080692FC,bl,0x0808AB3A,1
0x0808AB38,0x08069B44,bl,0x0808AB56,1
0x0808AB70,0x08006138,bl,0x0808ABE4,1
0x0808AB70,0x08006338,bl,0x0808AB90,5
0x0808AB70,0x0806395C,bl,0x0808ABE0,1
0x0808AB70,0x080CFDCC,bl,0x0808AB96,5
0x0808ABF4,0x08006148,bl,0x0808AC08,1
0x0808ABF4,0x08021C4C,bl,0x0808AC96,1
0x0808ABF4,0x08064314,bl,0x0808AC2C,1
0x0808ABF4,0x08064680,bl,0x0808AC52,1
0x0808ACDC,0x08006338,bl,0x0808ACF2,3
0x0808ACDC,0x080CFDCC,bl,0x0808ACF8,3
0x0808AD20,0x08021C4C,bl,0x0808ADA2,1
0x0808AD20,0x08064314,bl,0x0808AD38,1
0x0808AD20,0x08064680,bl,0x0808AD5E,1
0x0808ADEC,0x08002E98,bl,0x0808AE0E,1
0x0808ADEC,0x0806395C,bl,0x0808AE02,1
0x0808ADEC,0x08063E14,bl,0x0808ADFC,1
0x0808AE24,0x08002E98,bl,0x0808AE34,1
0x0808AE48,0x08002E98,bl,0x0808AE5E,1
0x0808AE48,0x08068E04,bl,0x0808AE62,1
0x0808AE48,0x080692FC,bl,0x0808AE4A,1
0x0808AE48,0x08069B44,bl,0x0808AE66,1
0x0808AE80,0x080061C0,bl,0x0808AE94,1
0x0808AE80,0x080062C4,bl,0x0808AE8A,1
0x0808AE80,0x080640DC,bl,0x0808AE9A,1
0x0808AE80,0x080CFDCC,bl,0x0808AEAC,4
0x0808AEEC,0x080640FC,bl,0x0808AF06,1
0x0808AEEC,0x0808B4D0,bl,0x0808AF26,1
0x0808AF34,0x08002E98,bl,0x0808AF98,1
0x0808AF34,0x0806395C,bl,0x0808AF76,2
0x0808AF34,0x08063B38,bl,0x0808AF5A,1
0x0808AF34,0x08063E14,bl,0x0808AF44,1
0x0808AFAC,0x08002E98,bl,0x0808AFBC,1
0x0808AFD0,0x08002E98,bl,0x0808AFE6,1
0x0808AFD0,0x08068E04,bl,0x0808AFEA,1
0x0808AFD0,0x080692FC,bl,0x0808AFD2,1
0x0808AFD0,0x08069B44,bl,0x0808AFEE,1
0x0808B008,0x08006138,bl,0x0808B07A,1
0x0808B008,0x0806395C,bl,0x0808B076,1
0x0808B008,0x080640DC,bl,0x0808B022,1
0x0808B008,0x080CFDCC,bl,0x0808B036,4
0x0808B094,0x08006148,bl,0x0808B0E2,1
0x0808B094,0x08021C4C,bl,0x0808B0B2,1
0x0808B094,0x0806395C,bl,0x0808B0D8,1
0x0808B094,0x080640FC,bl,0x0808B108,1
0x0808B120,0x08006138,bl,0x0808B19C,1
0x0808B120,0x080062C4,bl,0x0808B186,1
0x0808B120,0x08006338,bl,0x0808B140,7
0x0808B120,0x0806395C,bl,0x0808B198,1
0x0808B120,0x080CFDCC,bl,0x0808B146,7
0x0808B1A8,0x08006148,bl,0x0808B1BA,1
0x0808B1D0,0x08002E98,bl,0x0808B1FA,1
0x0808B1D0,0x0806395C,bl,0x0808B1EE,1
0x0808B1D0,0x08063E14,bl,0x0808B1E4,1
0x0808B210,0x08002E98,bl,0x0808B220,1
0x0808B234,0x08002E98,bl,0x0808B252,2
0x0808B234,0x08068E04,bl,0x0808B26A,1
0x0808B234,0x080692FC,bl,0x0808B240,1
0x0808B234,0x08069B44,bl,0x0808B26E,1
0x0808B28C,0x080061C0,bl,0x0808B2A2,1
0x0808B28C,0x08006338,bl,0x0808B2B4,5
0x0808B28C,0x080CFDCC,bl,0x0808B2BA,5
0x0808B2FC,0x08006148,bl,0x0808B34A,1
0x0808B2FC,0x08021C4C,bl,0x0808B31A,1
0x0808B2FC,0x0806395C,bl,0x0808B340,1
0x0808B2FC,0x0808B4D0,bl,0x0808B35C,1
0x0808B368,0x08006138,bl,0x0808B458,1
0x0808B368,0x080061C0,bl,0x0808B3DC,1
0x0808B368,0x0800622C,bl,0x0808B3EA,1
0x0808B368,0x08006338,bl,0x0808B40E,6
0x0808B368,0x08063E14,bl,0x0808B38A,1
0x0808B368,0x080CFDCC,bl,0x0808B39E,9
0x0808B468,0x08006148,bl,0x0808B4B8,1
0x0808B468,0x08021C4C,bl,0x0808B49A,1
0x0808B468,0x0806395C,bl,0x0808B4AE,1
0x0808B4D0,0x08002EE8,bl,0x0808B548,1
0x0808B4D0,0x08006148,bl,0x0808B50E,2
0x0808B4D0,0x08021C4C,bl,0x0808B4F8,1
0x0808B4D0,0x0806395C,bl,0x0808B504,2
0x0808B4D0,0x08063CD0,bl,0x0808B520,6
0x0808B4D0,0x08063FF4,bl,0x0808B4E4,1
0x0808B5B4,0x08002EE8,bl,0x0808B5EE,2
0x0808B5B4,0x08006138,bl,0x0808B5E8,1
0x0808B5B4,0x0800622C,bl,0x0808B5E4,1
0x0808B5B4,0x080062C4,bl,0x0808B5BE,1
0x0808B5B4,0x08006338,bl,0x0808B5D6,1
0x0808B5B4,0x08063E14,bl,0x0808B5D0,1
0x0808B5B4,0x0808B650,bl,0x0808B632,1
0x0808B5B4,0x0808B704,bl,0x0808B638,1
0x0808B5B4,0x0808B79C,bl,0x0808B63E,1
0x0808B5B4,0x0808B830,bl,0x0808B644,1
0x0808B650,0x08006138,bl,0x0808B6F4,1
0x0808B650,0x0800622C,bl,0x0808B666,1
0x0808B650,0x08006338,bl,0x0808B66C,10
0x0808B650,0x0808B99C,bl,0x0808B684,4
0x0808B650,0x080CFDCC,bl,0x0808B672,9
0x0808B704,0x08006138,bl,0x0808B78A,1
0x0808B704,0x0800622C,bl,0x0808B71A,1
0x0808B704,0x08006338,bl,0x0808B726,8
0x0808B704,0x0808B99C,bl,0x0808B720,3
0x0808B704,0x080CFDCC,bl,0x0808B72C,7
0x0808B79C,0x08006138,bl,0x0808B81A,1
0x0808B79C,0x080061C0,bl,0x0808B7AE,1
0x0808B79C,0x0800622C,bl,0x0808B7BC,1
0x0808B79C,0x08006338,bl,0x0808B7C2,8
0x0808B79C,0x080CFDCC,bl,0x0808B7C8,7
0x0808B830,0x08006138,bl,0x0808B8AC,1
0x0808B830,0x080061C0,bl,0x0808B840,1
0x0808B830,0x0800622C,bl,0x0808B84E,1
0x0808B830,0x08006338,bl,0x0808B854,8
0x0808B830,0x080CFDCC,bl,0x0808B85A,7
0x0808B8C4,0x08006148,bl,0x0808B946,2
0x0808B8C4,0x080062C4,bl,0x0808B924,3
0x0808B8C4,0x08021C4C,bl,0x0808B8EA,1
0x0808B8C4,0x0806395C,bl,0x0808B964,1
0x0808B8C4,0x08068E04,bl,0x0808B97C,1
0x0808B8C4,0x080692FC,bl,0x0808B978,1
0x0808B8C4,0x08069B44,bl,0x0808B980,1
0x0808B99C,0x08064D34,bl,0x0808B9A4,1
0x0808B9D0,0x080061C0,bl,0x0808BA46,3
0x0808B9D0,0x08006338,bl,0x0808BAFA,2
0x0808B9D0,0x08064A38,bl,0x0808B9EA,1
0x0808B9D0,0x080CFDCC,bl,0x0808BB00,2
0x0808B9D0,0x080CFDD4,bl,0x0808BB10,1
0x0808BB24,0x08006138,bl,0x0808BB46,1
0x0808BB24,0x08006338,bl,0x0808BB42,1
0x0808BB24,0x080639B4,bl,0x0808BB30,1
0x0808BB24,0x08063E14,bl,0x0808BB3C,1
0x0808BB5C,0x08068E04,bl,0x0808BB62,1
0x0808BB5C,0x080692FC,bl,0x0808BB5E,1
0x0808BB5C,0x08069B44,bl,0x0808BB66,1
0x0808BB70,0x08006148,bl,0x0808BBF4,1
0x0808BB70,0x08021C4C,bl,0x0808BB90,1
0x0808BB70,0x0806395C,bl,0x0808BBEA,1
0x0808BC18,0x08006148,bl,0x0808BC4A,1
0x0808BC18,0x08021C4C,bl,0x0808BC38,1
0x0808BC60,0x08021C4C,bl,0x0808BC80,1
0x0808BC60,0x08063FF4,bl,0x0808BCD8,2
0x0808BD04,0x08006148,bl,0x0808BD88,2
0x0808BD04,0x08021C4C,bl,0x0808BD24,1
0x0808BD04,0x0806395C,bl,0x0808BD7E,1
0x0808BDB4,0x08002E98,bl,0x0808BDD6,1
0x0808BDF4,0x08002E98,bl,0x0808BE2C,1
0x0808BDF4,0x0806395C,bl,0x0808BE0C,2
0x0808BDF4,0x0808C82C,bl,0x0808BE02,1
0x0808BE3C,0x08002E98,bl,0x0808BE48,1
0x0808BE58,0x08002E98,bl,0x0808BE76,2
0x0808BE58,0x08068E04,bl,0x0808BE8E,1
0x0808BE58,0x080692FC,bl,0x0808BE64,1
0x0808BE58,0x08069B44,bl,0x0808BE92,1
0x0808BEA0,0x080061C0,bl,0x0808BED8,1
0x0808BEA0,0x080062C4,bl,0x0808BEB4,1
0x0808BEA0,0x08006338,bl,0x0808BEE4,4
0x0808BEA0,0x0806395C,bl,0x0808BECE,1
0x0808BEA0,0x08063E14,bl,0x0808BEB8,1
0x0808BEA0,0x080CFDCC,bl,0x0808BEEA,4
0x0808BF1C,0x08006148,bl,0x0808BF38,1
0x0808BF1C,0x080061C0,bl,0x0808BF8C,2
0x0808BF1C,0x08006304,bl,0x0808BF82,2
0x0808BF1C,0x0806395C,bl,0x0808BF2E,1
0x0808BF1C,0x08063CD0,bl,0x0808BF56,3
0x0808BF1C,0x08063E14,bl,0x0808BF72,2
0x0808BFC4,0x08006138,bl,0x0808BFF4,1
0x0808BFC4,0x080062C4,bl,0x0808BFD8,1
0x0808BFC4,0x08006338,bl,0x0808BFDE,1
0x0808BFC4,0x0808C8BC,bl,0x0808BFE8,1
0x0808BFC4,0x080CFDCC,bl,0x0808BFE4,1
0x0808C004,0x08006148,bl,0x0808C016,1
0x0808C02C,0x08006138,bl,0x0808C0E2,1
0x0808C02C,0x080062C4,bl,0x0808C042,2
0x0808C02C,0x08006338,bl,0x0808C056,8
0x0808C02C,0x0808C8BC,bl,0x0808C0D6,1
0x0808C02C,0x080CFDCC,bl,0x0808C05C,8
0x0808C0FC,0x08006138,bl,0x0808C1B2,1
0x0808C0FC,0x080062C4,bl,0x0808C118,1
0x0808C0FC,0x08006338,bl,0x0808C12A,8
0x0808C0FC,0x0806395C,bl,0x0808C100,2
0x0808C0FC,0x080CFDCC,bl,0x0808C130,8
0x0808C1D0,0x08006148,bl,0x0808C1E2,3
0x0808C1D0,0x0806395C,bl,0x0808C20E,2
0x0808C1D0,0x0808CA00,bl,0x0808C204,1
0x0808C1D0,0x0808CAB8,bl,0x0808C23A,1
0x0808C260,0x08006138,bl,0x0808C31C,1
0x0808C260,0x080062C4,bl,0x0808C276,2
0x0808C260,0x08006338,bl,0x0808C28C,8
0x0808C260,0x0808C8BC,bl,0x0808C310,1
0x0808C260,0x080CFDCC,bl,0x0808C292,8
0x0808C32C,0x08006138,bl,0x0808C3DA,1
0x0808C32C,0x080062C4,bl,0x0808C346,1
0x0808C32C,0x08006338,bl,0x0808C35E,5
0x0808C32C,0x0806395C,bl,0x0808C330,2
0x0808C32C,0x080CFDCC,bl,0x0808C364,5
0x0808C3E8,0x08006148,bl,0x0808C3FA,3
0x0808C3E8,0x0806395C,bl,0x0808C426,2
0x0808C3E8,0x0808CA00,bl,0x0808C41C,1
0x0808C3E8,0x0808CAB8,bl,0x0808C452,1
0x0808C478,0x08006138,bl,0x0808C4AC,1
0x0808C478,0x080061C0,bl,0x0808C496,1
0x0808C478,0x080062C4,bl,0x0808C48C,1
0x0808C478,0x08006338,bl,0x0808C49C,1
0x0808C478,0x0806395C,bl,0x0808C4A8,1
0x0808C478,0x080CFDCC,bl,0x0808C4A2,1
0x0808C4BC,0x08006148,bl,0x0808C4CE,1
0x0808C4E4,0x08006138,bl,0x0808C526,1
0x0808C4E4,0x080061C0,bl,0x0808C514,1
0x0808C4E4,0x080062C4,bl,0x0808C4FA,1
0x0808C4E4,0x08006338,bl,0x0808C500,1
0x0808C53C,0x08006138,bl,0x0808C56C,1
0x0808C53C,0x080061C0,bl,0x0808C582,2
0x0808C53C,0x080062C4,bl,0x0808C550,1
0x0808C53C,0x08006338,bl,0x0808C572,3
0x0808C53C,0x0806395C,bl,0x0808C568,1
0x0808C53C,0x08063DF4,bl,0x0808C554,1
0x0808C53C,0x0808C980,bl,0x0808C5BE,1
0x0808C53C,0x080CFDCC,bl,0x0808C588,4
0x0808C5E8,0x08006148,bl,0x0808C5FA,1
0x0808C610,0x080031B8,bl,0x0808C63C,1
0x0808C610,0x08006138,bl,0x0808C674,1
0x0808C610,0x080062C4,bl,0x0808C626,1
0x0808C610,0x08006338,bl,0x0808C630,4
0x0808C610,0x0806395C,bl,0x0808C670,1
0x0808C610,0x08063E14,bl,0x0808C62A,1
0x0808C610,0x0808C934,bl,0x0808C640,1
0x0808C610,0x080CFDCC,bl,0x0808C636,4
0x0808C684,0x08006148,bl,0x0808C696,1
0x0808C6AC,0x08006338,bl,0x0808C6CA,4
0x0808C6AC,0x080639B4,bl,0x0808C6B8,1
0x0808C6AC,0x08063E14,bl,0x0808C6C4,1
0x0808C6AC,0x080CFDCC,bl,0x0808C6D0,4
0x0808C708,0x08068E04,bl,0x0808C70E,1
0x0808C708,0x080692FC,bl,0x0808C70A,1
0x0808C708,0x08069B44,bl,0x0808C712,1
0x0808C71C,0x08006148,bl,0x0808C736,1
0x0808C71C,0x0806395C,bl,0x0808C72C,1
0x0808C74C,0x08006148,bl,0x0808C766,1
0x0808C74C,0x0806395C,bl,0x0808C75C,1
0x0808C77C,0x0806A0F0,bl,0x0808C78E,1
0x0808C79C,0x08006148,bl,0x0808C7D4,1
0x0808C79C,0x0806395C,bl,0x0808C7CA,1
0x0808C7EC,0x08006148,bl,0x0808C818,1
0x0808C7EC,0x0806395C,bl,0x0808C80E,1
0x0808C82C,0x0808CA00,bl,0x0808C832,1
0x0808C82C,0x0808CAB8,bl,0x0808C874,1
0x0808C8BC,0x0806395C,bl,0x0808C90A,5
0x0808C8BC,0x08064314,bl,0x0808C8C2,1
0x0808C8BC,0x0808A84C,bl,0x0808C8D0,1
0x0808C934,0x08064B5C,bl,0x0808C966,1
0x0808C980,0x080061C0,bl,0x0808C988,1
0x0808C980,0x0800622C,bl,0x0808C9F0,1
0x0808C980,0x08063CD0,bl,0x0808C98C,3
0x0808C980,0x08063D2C,bl,0x0808C9A6,1
0x0808C980,0x08064358,bl,0x0808C9C6,1
0x0808C980,0x080CFA5C,bl,0x0808C9C0,1
0x0808CA00,0x08021B18,bl,0x0808CA24,1
0x0808CAB8,0x08021B18,bl,0x0808CADC,1
0x0808CB70,0x08006338,bl,0x0808CBB0,4
0x0808CB70,0x08063FE0,bl,0x0808CBF2,1
0x0808CB70,0x080CFDCC,bl,0x0808CBB6,4
0x0808CC14,0x080031B8,bl,0x0808CC22,1
0x0808CC14,0x08006148,bl,0x0808CC64,1
0x0808CC14,0x08064D34,bl,0x0808CC86,2
0x0808CC14,0x08068E04,bl,0x0808CCDA,1
0x0808CC14,0x08069B44,bl,0x0808CCDE,1
0x0808CCE8,0x080061C0,bl,0x0808CD94,4
0x0808CCE8,0x08006338,bl,0x0808CDA4,20
0x0808CCE8,0x080064AC,bl,0x0808CD36,7
0x0808CCE8,0x0808CFEC,bl,0x0808CD28,4
0x0808CCE8,0x0808DFE2,bl,0x0808CFE0,1
0x0808CCE8,0x080CFDCC,bl,0x0808CDAA,20
0x0808CCE8,0x080CFDD4,bl,0x0808CFCA,1
0x0808CFEC,0x080CFDD4,bl,0x0808D004,1
0x0808D014,0x080061C0,bl,0x0808D088,1
0x0808D014,0x08006338,bl,0x0808D096,3
0x0808D014,0x08063FE0,bl,0x0808D0CC,1
0x0808D014,0x0806421C,bl,0x0808D07E,1
0x0808D014,0x08064A38,bl,0x0808D062,1
0x0808D014,0x080CFDCC,bl,0x0808D0A8,2
0x0808D100,0x08006148,bl,0x0808D116,1
0x0808D100,0x080062C4,bl,0x0808D10C,1
0x0808D100,0x08068E04,bl,0x0808D124,1
0x0808D100,0x08069660,bl,0x0808D102,1
0x0808D100,0x08069B44,bl,0x0808D128,1
0x0808D130,0x08006148,bl,0x0808D138,1
0x0808D148,0x08006338,bl,0x0808D184,2
0x0808D148,0x08063FE0,bl,0x0808D1AE,1
0x0808D148,0x08064A38,bl,0x0808D168,1
0x0808D148,0x080CFDCC,bl,0x0808D18A,2
0x0808D1D0,0x08006148,bl,0x0808D1E6,1
0x0808D1D0,0x080062C4,bl,0x0808D1DC,1
0x0808D1D0,0x08068E04,bl,0x0808D1F4,1
0x0808D1D0,0x08069604,bl,0x0808D1D2,1
0x0808D1D0,0x08069B44,bl,0x0808D1F8,1
0x0808D200,0x08006148,bl,0x0808D208,1
0x0808D218,0x080061C0,bl,0x0808D246,1
0x0808D218,0x0800622C,bl,0x0808D254,1
0x0808D218,0x08006338,bl,0x0808D25A,4
0x0808D218,0x08064A38,bl,0x0808D236,1
0x0808D218,0x080CFDCC,bl,0x0808D260,4
0x0808D2A8,0x08068E04,bl,0x0808D2AA,1
0x0808D2A8,0x08069B44,bl,0x0808D2AE,1
0x0808D2B8,0x08006148,bl,0x0808D2F0,1
0x0808D2B8,0x0806395C,bl,0x0808D2D6,2
0x0808D304,0x08006148,bl,0x0808D340,1
0x0808D304,0x0806395C,bl,0x0808D326,2
0x0808D354,0x0806A0F0,bl,0x0808D35A,1
0x0808D364,0x080062C4,bl,0x0808D37A,1
0x0808D364,0x080699A8,bl,0x0808D370,1
0x0808D3E4,0x08002EE8,bl,0x0808D3EA,1
0x0808D3E4,0x08002F14,bl,0x0808D3F2,1
0x0808D3E4,0x0806395C,bl,0x0808D436,2
0x0808D3E4,0x0806EE2C,bl,0x0808D456,1
0x0808D4E8,0x08002E98,bl,0x0808D536,1
0x0808D558,0x08002E98,bl,0x0808D574,1
0x0808D558,0x0806395C,bl,0x0808D568,1
0x0808D558,0x08063E14,bl,0x0808D562,1
0x0808D58C,0x08002E98,bl,0x0808D5EA,1
0x0808D58C,0x08068E04,bl,0x0808D604,1
0x0808D58C,0x080692FC,bl,0x0808D58E,1
0x0808D58C,0x08069B44,bl,0x0808D608,1
0x0808D58C,0x0808D364,bl,0x0808D5DC,1
0x0808D624,0x08002E98,bl,0x0808D630,1
0x0808D640,0x08006138,bl,0x0808D74C,1
0x0808D640,0x080061C0,bl,0x0808D66E,8
0x0808D640,0x080062C4,bl,0x0808D740,1
0x0808D640,0x08006304,bl,0x0808D682,1
0x0808D640,0x08006338,bl,0x0808D694,7
0x0808D640,0x08063E14,bl,0x0808D64A,1
0x0808D640,0x08064038,bl,0x0808D656,1
0x0808D640,0x0808D460,bl,0x0808D666,1
0x0808D640,0x0808D494,bl,0x0808D6BE,2
0x0808D640,0x0808D4A8,bl,0x0808D6EE,1
0x0808D640,0x0808D4BC,bl,0x0808D706,2
0x0808D640,0x0808D4D0,bl,0x0808D672,3
0x0808D640,0x080CFDCC,bl,0x0808D67E,8
0x0808D764,0x08006148,bl,0x0808D77A,1
0x0808D764,0x0808D3E4,bl,0x0808D770,1
0x0808D790,0x08006138,bl,0x0808D91E,1
0x0808D790,0x0800617C,bl,0x0808D8AC,4
0x0808D790,0x080061C0,bl,0x0808D7B8,13
0x0808D790,0x080062C4,bl,0x0808D912,1
0x0808D790,0x08006304,bl,0x0808D7DA,1
0x0808D790,0x08006338,bl,0x0808D81A,4
0x0808D790,0x08063E14,bl,0x0808D7A8,1
0x0808D790,0x0808D460,bl,0x0808D7AC,2
0x0808D790,0x0808D494,bl,0x0808D7E6,4
0x0808D790,0x0808D4A8,bl,0x0808D814,2
0x0808D790,0x0808D4BC,bl,0x0808D82C,4
0x0808D790,0x0808D4D0,bl,0x0808D7BC,3
0x0808D790,0x080CFDCC,bl,0x0808D7C8,13
0x0808D938,0x08006148,bl,0x0808D94E,1
0x0808D938,0x0808D3E4,bl,0x0808D944,1
0x0808D964,0x080062C4,bl,0x0808D972,1
0x0808D964,0x08006304,bl,0x0808D99A,1
0x0808D964,0x08006338,bl,0x0808D9A4,6
0x0808D964,0x08063E14,bl,0x0808D96E,1
0x0808D964,0x0808D460,bl,0x0808D984,1
0x0808D964,0x0808D494,bl,0x0808D9BE,1
0x0808D964,0x0808D4A8,bl,0x0808D9D4,1
0x0808D964,0x0808D4BC,bl,0x0808D9E4,1
0x0808D964,0x0808D4D0,bl,0x0808D988,3
0x0808D964,0x080CFDCC,bl,0x0808D996,6
0x0808DA00,0x08002E98,bl,0x0808DA1C,1
0x0808DA00,0x0806395C,bl,0x0808DA10,1
0x0808DA00,0x08063E14,bl,0x0808DA0A,1
0x0808DA34,0x08002E98,bl,0x0808DA92,1
0x0808DA34,0x08068E04,bl,0x0808DAAC,1
0x0808DA34,0x080692FC,bl,0x0808DA36,1
0x0808DA34,0x08069B44,bl,0x0808DAB0,1
0x0808DA34,0x0808D364,bl,0x0808DA84,1
0x0808DACC,0x08002E98,bl,0x0808DAD8,1
0x0808DAE8,0x08006138,bl,0x0808DC52,1
0x0808DAE8,0x080061C0,bl,0x0808DB1C,9
0x0808DAE8,0x080062C4,bl,0x0808DC46,1
0x0808DAE8,0x08006304,bl,0x0808DB30,1
0x0808DAE8,0x08006338,bl,0x0808DB68,7
0x0808DAE8,0x08063E14,bl,0x0808DAF2,1
0x0808DAE8,0x08064038,bl,0x0808DAFE,1
0x0808DAE8,0x0808D460,bl,0x0808DB0C,1
0x0808DAE8,0x0808D494,bl,0x0808DBA2,1
0x0808DAE8,0x0808D4A8,bl,0x0808DBC2,2
0x0808DAE8,0x0808D4BC,bl,0x0808DC02,2
0x0808DAE8,0x0808D4D0,bl,0x0808DB20,4
0x0808DAE8,0x080CFDCC,bl,0x0808DB2C,9
0x0808DC68,0x08006148,bl,0x0808DC7E,1
0x0808DC68,0x0808D3E4,bl,0x0808DC74,1
0x0808DC94,0x08006138,bl,0x0808DE7A,1
0x0808DC94,0x0800617C,bl,0x0808DDF0,4
0x0808DC94,0x080061C0,bl,0x0808DCBA,13
0x0808DC94,0x080062C4,bl,0x0808DE6E,1
0x0808DC94,0x08006304,bl,0x0808DCD6,1
0x0808DC94,0x08006338,bl,0x0808DD30,4
0x0808DC94,0x08063E14,bl,0x0808DCA4,1
0x0808DC94,0x0808D460,bl,0x0808DCA8,2
0x0808DC94,0x0808D494,bl,0x0808DCEA,4
0x0808DC94,0x0808D4A8,bl,0x0808DD2A,2
0x0808DC94,0x0808D4BC,bl,0x0808DD4A,4
0x0808DC94,0x0808D4D0,bl,0x0808DCBE,3
0x0808DC94,0x080CFDCC,bl,0x0808DCCA,13
0x0808DE90,0x08006148,bl,0x0808DEA6,1
0x0808DE90,0x0808D3E4,bl,0x0808DE9C,1
0x0808DEBC,0x080062C4,bl,0x0808DECA,1
0x0808DEBC,0x08006304,bl,0x0808DEF2,1
0x0808DEBC,0x08006338,bl,0x0808DEFC,6
0x0808DEBC,0x08063E14,bl,0x0808DEC6,1
0x0808DEBC,0x0808D460,bl,0x0808DEDC,1
0x0808DEBC,0x0808D494,bl,0x0808DF16,1
0x0808DEBC,0x0808D4A8,bl,0x0808DF2C,1
0x0808DEBC,0x0808D4BC,bl,0x0808DF3C,1
0x0808DEBC,0x0808D4D0,bl,0x0808DEE0,3
0x0808DEBC,0x080CFDCC,bl,0x0808DEEE,6
0x0808DF58,0x08002E98,bl,0x0808DF82,1
0x0808DF58,0x0806395C,bl,0x0808DF76,1
0x0808DF58,0x080639B4,bl,0x0808DF68,1
0x0808DF58,0x08063E14,bl,0x0808DF62,1
0x0808DF9C,0x08002E98,bl,0x0808DFAC,1
0x0808DF9C,0x08068E04,bl,0x0808DFB0,1
0x0808DF9C,0x080692FC,bl,0x0808DF9E,1
0x0808DF9C,0x08069B44,bl,0x0808DFB4,1
0x0808DFC4,0x080062C4,bl,0x0808DFDA,1
0x0808DFC4,0x08063E14,bl,0x0808DFCE,1
0x0808DFC4,0x0808D460,bl,0x0808DFDE,1
0x0808DFE2,0x08006304,bl,0x0808DFF4,1
0x0808DFE2,0x08006338,bl,0x0808DFFE,5
0x0808DFE2,0x0808D494,bl,0x0808E018,1
0x0808DFE2,0x0808D4A8,bl,0x0808E028,1
0x0808DFE2,0x0808D4BC,bl,0x0808E038,1
0x0808DFE2,0x0808D4D0,bl,0x0808DFE2,3
0x0808DFE2,0x080CFDCC,bl,0x0808DFF0,6
0x0808E054,0x0806EE2C,bl,0x0808E064,1
0x0808E070,0x08063B38,bl,0x0808E084,2
0x0808E070,0x08064398,bl,0x0808E072,1
0x0808E0D0,0x08063B38,bl,0x0808E0E4,3
0x0808E0D0,0x08064398,bl,0x0808E0D2,1
0x0808E0D0,0x080CFA50,bl,0x0808E154,1
0x0808E174,0x08063B38,bl,0x0808E186,1
0x0808E174,0x080CFA50,bl,0x0808E1A6,1
0x0808E254,0x08021A40,bl,0x0808E27A,1
0x0808E254,0x08064B5C,bl,0x0808E2A4,1
0x0808E2B4,0x08006148,bl,0x0808E318,1
0x0808E2B4,0x0806395C,bl,0x0808E30E,1
0x0808E2B4,0x08063B38,bl,0x0808E2C8,1
0x0808E2B4,0x08063BD4,bl,0x0808E304,1
0x0808E33C,0x0808E0D0,bl,0x0808E350,1
0x0808E33C,0x0808E174,bl,0x0808E35E,1
0x0808E36C,0x08064680,bl,0x0808E392,1
0x0808E3A8,0x08002E98,bl,0x0808E3E4,1
0x0808E3A8,0x08065760,bl,0x0808E3D6,1
0x0808E3A8,0x08065848,bl,0x0808E3C6,1
0x0808E404,0x08002E98,bl,0x0808E428,1
0x0808E404,0x0806395C,bl,0x0808E41C,1
0x0808E404,0x08063E14,bl,0x0808E416,1
0x0808E440,0x08002E98,bl,0x0808E44C,1
0x0808E440,0x08068E04,bl,0x0808E450,1
0x0808E440,0x08069B44,bl,0x0808E454,1
0x0808E464,0x08002E98,bl,0x0808E470,1
0x0808E480,0x080062C4,bl,0x0808E490,1
0x0808E480,0x0800634C,bl,0x0808E4B2,3
0x0808E480,0x08006364,bl,0x0808E4BE,3
0x0808E480,0x08064398,bl,0x0808E496,1
0x0808E480,0x080CFDCC,bl,0x0808E4B8,6
0x0808E510,0x08064398,bl,0x0808E516,1
0x0808E510,0x0808E070,bl,0x0808E52A,1
0x0808E510,0x0808E2B4,bl,0x0808E52E,1
0x0808E510,0x0808E33C,bl,0x0808E53A,1
0x0808E510,0x0808E36C,bl,0x0808E53E,1
0x0808E54C,0x080062C4,bl,0x0808E55C,1
0x0808E54C,0x080CFDCC,bl,0x0808E570,8
0x0808E5CC,0x08002EE8,bl,0x0808E5E8,1
0x0808E5CC,0x08006148,bl,0x0808E5FC,1
0x0808E5CC,0x0806395C,bl,0x0808E5F2,1
0x0808E610,0x08002EE8,bl,0x0808E6E4,1
0x0808E610,0x08006138,bl,0x0808E6F6,1
0x0808E610,0x080062C4,bl,0x0808E624,1
0x0808E610,0x08006338,bl,0x0808E656,7
0x0808E610,0x08063E14,bl,0x0808E61C,1
0x0808E610,0x0808E254,bl,0x0808E6C0,1
0x0808E610,0x080CFDCC,bl,0x0808E65C,7
0x0808E704,0x08006148,bl,0x0808E71C,1
0x0808E704,0x0806395C,bl,0x0808E712,1
0x0808E730,0x0800634C,bl,0x0808E77C,3
0x0808E730,0x08006364,bl,0x0808E788,3
0x0808E730,0x0806421C,bl,0x0808E766,2
0x0808E730,0x08064398,bl,0x0808E744,1
0x0808E730,0x0808F75E,bl,0x0808E75C,1
0x0808E730,0x080CFDCC,bl,0x0808E782,6
0x0808E804,0x08002E98,bl,0x0808E82E,1
0x0808E804,0x0806395C,bl,0x0808E822,1
0x0808E804,0x080639B4,bl,0x0808E814,1
0x0808E804,0x08063E14,bl,0x0808E80E,1
0x0808E848,0x08002E98,bl,0x0808E858,1
0x0808E848,0x08068E04,bl,0x0808E85C,1
0x0808E848,0x080692FC,bl,0x0808E84A,1
0x0808E848,0x08069B44,bl,0x0808E860,1
0x0808E870,0x08006138,bl,0x0808E890,1
0x0808E870,0x080062C4,bl,0x0808E886,1
0x0808E870,0x08006338,bl,0x0808E88C,1
0x0808E870,0x08063E14,bl,0x0808E87A,1
0x0808E8A4,0x08006148,bl,0x0808E8B2,1
0x0808E8A4,0x0806395C,bl,0x0808E8A8,1
0x0808E8C4,0x0806A0F0,bl,0x0808E8CA,1
0x0808E8D4,0x08002E98,bl,0x0808E8F6,1
0x0808E914,0x08002E98,bl,0x0808E954,1
0x0808E914,0x0806395C,bl,0x0808E946,1
0x0808E964,0x08002E98,bl,0x0808E97A,1
0x0808E964,0x08068E04,bl,0x0808E97E,1
0x0808E964,0x08069888,bl,0x0808E966,1
0x0808E964,0x08069B44,bl,0x0808E982,1
0x0808E994,0x08002E98,bl,0x0808E9A0,1
0x0808E9B0,0x08006138,bl,0x0808E9C6,1
0x0808E9B0,0x08006338,bl,0x0808E9C2,1
0x0808E9D4,0x08006148,bl,0x0808E9F0,1
0x0808E9D4,0x0806395C,bl,0x0808E9E6,1
0x0808E9D4,0x08063CD0,bl,0x0808E9D6,1
0x0808EA00,0x08006338,bl,0x0808EA24,1
0x0808EA00,0x08064038,bl,0x0808EA4A,4
0x0808EA00,0x080CFDCC,bl,0x0808EA2A,15
0x0808EB10,0x080639A4,bl,0x0808EB14,1
0x0808EB10,0x0806A344,bl,0x0808EB18,1
0x0808EB24,0x08002E98,bl,0x0808EB4A,1
0x0808EB24,0x0806395C,bl,0x0808EB3E,1
0x0808EB24,0x080639B4,bl,0x0808EB30,1
0x0808EB64,0x08002E98,bl,0x0808EB7A,1
0x0808EB64,0x08068E04,bl,0x0808EB7E,1
0x0808EB64,0x08069888,bl,0x0808EB66,1
0x0808EB64,0x08069B44,bl,0x0808EB82,1
0x0808EB94,0x08006338,bl,0x0808EBA8,4
0x0808EB94,0x080CFDCC,bl,0x0808EBAE,4
0x0808EBE0,0x08006148,bl,0x0808EC20,1
0x0808EBE0,0x0806395C,bl,0x0808EBF4,3
0x0808EC34,0x08006148,bl,0x0808EC7A,1
0x0808EC34,0x0806395C,bl,0x0808EC48,3
0x0808EC34,0x08066C3C,bl,0x0808EC6A,1
0x0808EC90,0x08066B70,bl,0x0808ECA6,1
0x0808ECB4,0x08066C08,bl,0x0808ECC6,1
0x0808ECB4,0x0806A0F0,bl,0x0808ECCE,1
0x0808ECE0,0x08006148,bl,0x0808ECF6,2
0x0808ECE0,0x0806395C,bl,0x0808ECEC,2
0x0808ECE0,0x08066C08,bl,0x0808ECE6,2
0x0808ED38,0x08063B38,bl,0x0808ED3A,2
0x0808ED38,0x080CFA50,bl,0x0808ED78,1
0x0808EEC4,0x0806421C,bl,0x0808EF32,2
0x0808EEC4,0x0806EE2C,bl,0x0808EF64,1
0x0808EF88,0x0800634C,bl,0x0808EFB8,1
0x0808EF88,0x08006364,bl,0x0808EFCE,1
0x0808EF88,0x08064398,bl,0x0808EF8A,1
0x0808EFDC,0x08064B5C,bl,0x0808F022,1
0x0808EFDC,0x08064CDC,bl,0x0808F03A,1
0x0808F058,0x08064B5C,bl,0x0808F09A,1
0x0808F058,0x08064CDC,bl,0x0808F0B2,1
0x0808F0D0,0x0800634C,bl,0x0808F10E,5
0x0808F0D0,0x08006364,bl,0x0808F15C,4
0x0808F0D0,0x0808ED38,bl,0x0808F0D2,1
0x0808F0D0,0x0808EE60,bl,0x0808F0D6,1
0x0808F0D0,0x080CFDCC,bl,0x0808F126,5
0x0808F1B4,0x08006148,bl,0x0808F204,1
0x0808F1B4,0x0806395C,bl,0x0808F1FA,1
0x0808F1B4,0x0808ED38,bl,0x0808F1D8,1
0x0808F1B4,0x0808EE9C,bl,0x0808F1DC,1
0x0808F224,0x08002E98,bl,0x0808F250,1
0x0808F26C,0x08002E98,bl,0x0808F288,1
0x0808F26C,0x0806395C,bl,0x0808F278,1
0x0808F26C,0x0808EF88,bl,0x0808F27C,1
0x0808F2A0,0x08002E98,bl,0x0808F2AC,1
0x0808F2A0,0x08068E04,bl,0x0808F2B0,1
0x0808F2A0,0x08069B44,bl,0x0808F2B4,1
0x0808F2C4,0x08002E98,bl,0x0808F2E4,1
0x0808F2C4,0x0806395C,bl,0x0808F2D0,1
0x0808F2FC,0x08002E98,bl,0x0808F308,1
0x0808F2FC,0x08068E04,bl,0x0808F30C,1
0x0808F2FC,0x08069B44,bl,0x0808F310,1
0x0808F320,0x08002E98,bl,0x0808F342,1
0x0808F320,0x0806395C,bl,0x0808F32C,1
0x0808F320,0x08066B34,bl,0x0808F336,1
0x0808F320,0x0808EF88,bl,0x0808F330,1
0x0808F35C,0x08002E98,bl,0x0808F368,1
0x0808F35C,0x08068E04,bl,0x0808F36C,1
0x0808F35C,0x08069B44,bl,0x0808F370,1
0x0808F380,0x08002E98,bl,0x0808F38C,1
0x0808F39C,0x08002E98,bl,0x0808F3A8,1
0x0808F3B8,0x08002E98,bl,0x0808F3C4,1
0x0808F3D4,0x08006244,bl,0x0808F3EE,1
0x0808F3D4,0x0808F0D0,bl,0x0808F3F2,1
0x0808F400,0x08069888,bl,0x0808F402,1
0x0808F400,0x0808F1B4,bl,0x0808F410,1
0x0808F41C,0x080031B8,bl,0x0808F436,1
0x0808F41C,0x08006138,bl,0x0808F4A0,1
0x0808F41C,0x080062C4,bl,0x0808F478,1
0x0808F41C,0x08063E14,bl,0x0808F428,1
0x0808F41C,0x0808EEC4,bl,0x0808F464,1
0x0808F41C,0x0808EFDC,bl,0x0808F43A,1
0x0808F41C,0x080CFDCC,bl,0x0808F474,1
0x0808F4B4,0x08006148,bl,0x0808F4E2,1
0x0808F4B4,0x0806395C,bl,0x0808F4D8,1
0x0808F4B4,0x08069888,bl,0x0808F4C4,1
0x0808F4F8,0x08006138,bl,0x0808F510,1
0x0808F51C,0x08069888,bl,0x0808F51E,1
0x0808F528,0x08006138,bl,0x0808F56C,1
0x0808F528,0x08006244,bl,0x0808F532,1
0x0808F528,0x0800634C,bl,0x0808F558,2
0x0808F528,0x08006364,bl,0x0808F568,1
0x0808F578,0x08006148,bl,0x0808F5BA,1
0x0808F578,0x0806395C,bl,0x0808F5B0,1
0x0808F578,0x08069888,bl,0x0808F57A,1
0x0808F5CC,0x080031B8,bl,0x0808F5FC,1
0x0808F5CC,0x080062C4,bl,0x0808F632,1
0x0808F5CC,0x0808EEC4,bl,0x0808F620,1
0x0808F5CC,0x0808F058,bl,0x0808F600,1
0x0808F5CC,0x080CFDCC,bl,0x0808F5EA,3
0x0808F678,0x08006148,bl,0x0808F6AA,1
0x0808F678,0x080062C4,bl,0x0808F69A,1
0x0808F678,0x0806395C,bl,0x0808F6A0,1
0x0808F678,0x08069888,bl,0x0808F688,1
0x0808F6C0,0x08006138,bl,0x0808F70E,1
0x0808F6C0,0x0800634C,bl,0x0808F6E4,2
0x0808F6C0,0x08006364,bl,0x0808F6F4,1
0x0808F71C,0x08069888,bl,0x0808F71E,1
0x0808F728,0x080062C4,bl,0x0808F74A,1
0x0808F728,0x0808F0D0,bl,0x0808F74E,1
0x0808F75E,0x080692FC,bl,0x0808F790,1
0x0808F75E,0x08069888,bl,0x0808F772,1
0x0808F75E,0x0808F1B4,bl,0x0808F780,2
0x0808F7AC,0x080031B8,bl,0x0808F7C6,1
0x0808F7AC,0x08006138,bl,0x0808F830,1
0x0808F7AC,0x080062C4,bl,0x0808F808,1
0x0808F7AC,0x08063E14,bl,0x0808F7B8,1
0x0808F7AC,0x0808EEC4,bl,0x0808F7F4,1
0x0808F7AC,0x0808EFDC,bl,0x0808F7CA,1
0x0808F7AC,0x080CFDCC,bl,0x0808F804,1
0x0808F844,0x08006148,bl,0x0808F872,1
0x0808F844,0x0806395C,bl,0x0808F868,1
0x0808F844,0x08069888,bl,0x0808F854,1
0x0808F888,0x08006138,bl,0x0808F8D0,1
0x0808F888,0x080062C4,bl,0x0808F8BC,1
0x0808F888,0x080640C8,bl,0x0808F8B8,1
0x0808F888,0x08066BA8,bl,0x0808F8A4,1
0x0808F888,0x08066BDC,bl,0x0808F8A8,1
0x0808F888,0x080CFDCC,bl,0x0808F8AE,1
0x0808F8DC,0x080692FC,bl,0x0808F8DE,1
0x0808F8E8,0x08002E98,bl,0x0808F916,1
0x0808F8E8,0x0806395C,bl,0x0808F902,1
0x0808F8E8,0x080639B4,bl,0x0808F8F4,1
0x0808F930,0x08002E98,bl,0x0808F93C,1
0x0808F930,0x08068E04,bl,0x0808F940,1
0x0808F930,0x08069B44,bl,0x0808F944,1
0x0808F954,0x08006138,bl,0x0808F968,1
0x0808F954,0x080062C4,bl,0x0808F95E,1
0x0808F954,0x0800634C,bl,0x0808F964,1
0x0808F978,0x08006148,bl,0x0808F9A4,1
0x0808F978,0x080224B0,bl,0x0808F97A,1
0x0808F978,0x0806395C,bl,0x0808F99A,1
0x0808F9B8,0x08006148,bl,0x0808F9C6,1
0x0808F9B8,0x0806395C,bl,0x0808F9BC,1
0x0808F9D8,0x08006148,bl,0x0808F9E6,1
0x0808F9D8,0x0806395C,bl,0x0808F9DC,1
0x0808F9F8,0x08063FF4,bl,0x0808F9FA,2
0x0808FA10,0x08002E98,bl,0x0808FA32,1
0x0808FA50,0x08002E98,bl,0x0808FA6C,1
0x0808FA50,0x0806395C,bl,0x0808FA60,1
0x0808FA50,0x08063E14,bl,0x0808FA5A,1
0x0808FA84,0x08068E04,bl,0x0808FA8A,1
0x0808FA84,0x080692FC,bl,0x0808FA86,1
0x0808FA84,0x08069B44,bl,0x0808FA8E,1
0x0808FA98,0x08002E98,bl,0x0808FAA4,1
0x0808FAB4,0x080061C0,bl,0x0808FAC8,3
0x0808FAB4,0x080062C4,bl,0x0808FAB6,1
0x0808FAB4,0x08006338,bl,0x0808FACE,4
0x0808FAB4,0x080CFDCC,bl,0x0808FADE,4
0x0808FB50,0x08006138,bl,0x0808FB70,1
0x0808FB50,0x080061C0,bl,0x0808FB66,1
0x0808FB50,0x08006338,bl,0x0808FB6C,1
0x0808FB50,0x080224B0,bl,0x0808FB52,1
0x0808FB80,0x08006138,bl,0x0808FB9C,1
0x0808FB80,0x080061C0,bl,0x0808FB92,1
0x0808FB80,0x08006244,bl,0x0808FB82,1
0x0808FB80,0x08006338,bl,0x0808FB98,1
0x0808FBAC,0x08002E98,bl,0x0808FBD6,1
0x0808FBAC,0x0806395C,bl,0x0808FBCA,1
0x0808FBAC,0x080639B4,bl,0x0808FBBC,1
0x0808FBAC,0x08063E14,bl,0x0808FBB6,1
0x0808FBF0,0x08068E04,bl,0x0808FBF2,1
0x0808FBF0,0x08069B44,bl,0x0808FBF6,1
0x0808FC00,0x080062C4,bl,0x0808FC02,1
0x0808FC00,0x08006338,bl,0x0808FC0A,4
0x0808FC00,0x080CFDCC,bl,0x0808FC10,4
0x0808FC40,0x08002E98,bl,0x0808FC72,1
0x0808FC40,0x08064A60,bl,0x0808FC5C,1
0x0808FC90,0x08002E98,bl,0x0808FCB8,1
0x0808FC90,0x080031B8,bl,0x0808FC9C,1
0x0808FC90,0x080061C0,bl,0x0808FCA6,1
0x0808FC90,0x0806395C,bl,0x0808FCAC,1
0x0808FCD4,0x08002E98,bl,0x0808FCEA,1
0x0808FCD4,0x08069604,bl,0x0808FCD6,1
0x0808FCEE,0x08006148,bl,0x0808FD04,1
0x0808FCEE,0x0806395C,bl,0x0808FCFA,1
0x0808FCEE,0x08068E04,bl,0x0808FD08,1
0x0808FCEE,0x08069B44,bl,0x0808FD0C,1
0x0808FD1C,0x08002E98,bl,0x0808FD28,1
0x0808FD38,0x08006138,bl,0x0808FD4E,1
0x0808FD60,0x08006138,bl,0x0808FDA6,1
0x0808FD60,0x080062C4,bl,0x0808FD74,1
0x0808FD60,0x08063FE0,bl,0x0808FDA2,1
0x0808FD60,0x080CFDCC,bl,0x0808FD9E,1
0x0808FDB8,0x08002E98,bl,0x0808FDDA,1
0x0808FDF8,0x08002E98,bl,0x0808FE10,1
0x0808FDF8,0x0806395C,bl,0x0808FE04,1
0x0808FE28,0x08002E98,bl,0x0808FE3E,2
0x0808FE28,0x08006148,bl,0x0808FE52,1
0x0808FE28,0x08068E04,bl,0x0808FE56,1
0x0808FE28,0x08069660,bl,0x0808FE2A,1
0x0808FE28,0x08069B44,bl,0x0808FE5A,1
0x0808FE88,0x08006338,bl,0x0808FF80,1
0x0808FE88,0x0806421C,bl,0x0808FF04,3
0x0808FE88,0x0806EE2C,bl,0x0808FF68,1
0x0808FE88,0x080CFDCC,bl,0x0808FF86,6
0x0808FFE0,0x08006148,bl,0x0808FFF6,1
0x0809000C,0x08002E98,bl,0x0809007E,1
0x0809000C,0x08064D34,bl,0x08090038,1
0x0809000C,0x08066088,bl,0x08090010,1
0x0809000C,0x08066AE0,bl,0x0809006E,1
0x0809000C,0x08067060,bl,0x08090042,1
0x08090090,0x08002E98,bl,0x080900BC,1
0x08090090,0x0806395C,bl,0x080900B0,1
0x08090090,0x080666CC,bl,0x080900AA,1
0x080900D8,0x08002E98,bl,0x080900E4,1
0x080900F4,0x08002E98,bl,0x08090128,2
0x080900F4,0x080639B4,bl,0x0809018C,1
0x080900F4,0x080639F0,bl,0x080901A2,1
0x080900F4,0x08063A00,bl,0x080901B8,1
0x080900F4,0x080663F4,bl,0x0809015C,1
0x080900F4,0x08066468,bl,0x08090172,1
0x080900F4,0x08068F68,bl,0x080901BC,1
0x080900F4,0x080692FC,bl,0x08090116,1
0x080900F4,0x08069B44,bl,0x080901C0,1
0x080901E0,0x080031B8,bl,0x0809022E,1
0x080901E0,0x08006138,bl,0x08090264,1
0x080901E0,0x0800622C,bl,0x0809020C,1
0x080901E0,0x080062C4,bl,0x08090232,1
0x080901E0,0x08006338,bl,0x080901FE,1
0x080901E0,0x080261D4,bl,0x08090238,1
0x080901E0,0x08066580,bl,0x0809023C,2
0x080901E0,0x08067060,bl,0x080901EA,1
0x080901E0,0x08090E54,bl,0x08090260,1
0x080901E0,0x080CFDCC,bl,0x0809021A,2
0x08090270,0x08006148,bl,0x08090282,1
0x08090298,0x08002EE8,bl,0x080902C8,1
0x08090298,0x08006138,bl,0x080903AE,1
0x08090298,0x080061C0,bl,0x080902BC,2
0x08090298,0x080062C4,bl,0x080902A4,2
0x08090298,0x08006304,bl,0x080902E6,1
0x08090298,0x08006338,bl,0x080902C2,4
0x08090298,0x08063E14,bl,0x080902A8,3
0x08090298,0x08090E54,bl,0x080903AA,1
0x08090298,0x080CFDCC,bl,0x08090300,11
0x080903C8,0x08006148,bl,0x080903DA,1
0x080903F0,0x080031B8,bl,0x08090466,1
0x080903F0,0x08006138,bl,0x0809048C,1
0x080903F0,0x080061C0,bl,0x08090426,1
0x080903F0,0x0800622C,bl,0x08090434,1
0x080903F0,0x080062C4,bl,0x080903FC,2
0x080903F0,0x08006338,bl,0x08090406,1
0x080903F0,0x080261D4,bl,0x0809046C,1
0x080903F0,0x08063E14,bl,0x08090400,1
0x080903F0,0x0806CFFC,bl,0x08090474,1
0x080903F0,0x08090E54,bl,0x08090488,1
0x080903F0,0x080CFDCC,bl,0x0809040C,3
0x080904AC,0x08006148,bl,0x080904BE,1
0x080904D4,0x08002EE8,bl,0x080904EA,1
0x080904D4,0x080031B8,bl,0x08090554,1
0x080904D4,0x08006138,bl,0x08090594,1
0x080904D4,0x0800622C,bl,0x08090522,1
0x080904D4,0x080062C4,bl,0x080904E0,2
0x080904D4,0x08006338,bl,0x08090506,1
0x080904D4,0x080261D4,bl,0x0809055A,1
0x080904D4,0x08063E14,bl,0x080904E4,2
0x080904D4,0x0806CFFC,bl,0x08090562,1
0x080904D4,0x08090E54,bl,0x08090590,1
0x080904D4,0x080CFDCC,bl,0x0809050C,3
0x080905B0,0x08006148,bl,0x080905C2,1
0x080905D8,0x080031B8,bl,0x08090654,1
0x080905D8,0x08006138,bl,0x0809071A,1
0x080905D8,0x080061C0,bl,0x0809067E,1
0x080905D8,0x0806395C,bl,0x080906EA,3
0x080905D8,0x08063CD0,bl,0x080905E4,3
0x080905D8,0x08063D2C,bl,0x08090700,1
0x080905D8,0x080640DC,bl,0x08090668,1
0x080905D8,0x080640FC,bl,0x080906C0,1
0x080905D8,0x0806CC90,bl,0x080906BC,1
0x080905D8,0x080CFA5C,bl,0x08090632,1
0x080905D8,0x080CFDCC,bl,0x08090696,1
0x08090724,0x08006148,bl,0x08090736,1
0x0809074C,0x080031B8,bl,0x080907D2,2
0x0809074C,0x08006138,bl,0x080908D4,1
0x0809074C,0x080061C0,bl,0x08090794,1
0x0809074C,0x0800622C,bl,0x080907A2,1
0x0809074C,0x080062C4,bl,0x08090758,2
0x0809074C,0x08006338,bl,0x08090782,2
0x0809074C,0x080261D4,bl,0x080907D8,1
0x0809074C,0x08063CD0,bl,0x08090760,3
0x0809074C,0x08063E14,bl,0x0809075C,1
0x0809074C,0x08064B5C,bl,0x0809085A,1
0x0809074C,0x08064C1C,bl,0x08090894,1
0x0809074C,0x0806CFFC,bl,0x080907E0,1
0x0809074C,0x08090E54,bl,0x080908D0,1
0x0809074C,0x080CFDCC,bl,0x080907BA,8
0x080908EC,0x08006148,bl,0x080908FE,1
0x08090914,0x08002EE8,bl,0x0809097E,1
0x08090914,0x080031B8,bl,0x08090944,1
0x08090914,0x08006138,bl,0x080909A0,1
0x08090914,0x080062C4,bl,0x0809091E,1
0x08090914,0x08006338,bl,0x08090928,1
0x08090914,0x080261D4,bl,0x0809094A,1
0x08090914,0x0806395C,bl,0x08090988,1
0x08090914,0x08063E14,bl,0x08090922,1
0x08090914,0x08090E18,bl,0x0809094E,1
0x08090914,0x08090E54,bl,0x0809099C,1
0x08090914,0x080CFDCC,bl,0x0809092E,5
0x080909AC,0x08006148,bl,0x080909BE,1
0x080909D4,0x080031B8,bl,0x08090A6E,2
0x080909D4,0x08006138,bl,0x08090AFC,1
0x080909D4,0x0800622C,bl,0x08090A04,2
0x080909D4,0x080062C4,bl,0x080909E0,2
0x080909D4,0x08006338,bl,0x080909EA,2
0x080909D4,0x080261D4,bl,0x08090A66,1
0x080909D4,0x08063E14,bl,0x080909E4,1
0x080909D4,0x08090E18,bl,0x08090A78,1
0x080909D4,0x08090E54,bl,0x08090AF8,1
0x080909D4,0x080CFDCC,bl,0x080909F0,11
0x08090B18,0x08006148,bl,0x08090B2A,1
0x08090B40,0x080031B8,bl,0x08090B7E,1
0x08090B40,0x08006138,bl,0x08090BE0,1
0x08090B40,0x080062C4,bl,0x08090B4C,1
0x08090B40,0x08006338,bl,0x08090B56,1
0x08090B40,0x080261D4,bl,0x08090B76,1
0x08090B40,0x08063E14,bl,0x08090B50,1
0x08090B40,0x08090E18,bl,0x08090B8E,1
0x08090B40,0x08090E54,bl,0x08090BDC,1
0x08090B40,0x080CFDCC,bl,0x08090B5C,6
0x08090BF0,0x08006148,bl,0x08090C02,1
0x08090C18,0x080031B8,bl,0x08090C2C,1
0x08090C18,0x08006138,bl,0x08090C88,1
0x08090C18,0x080061C0,bl,0x08090C3A,1
0x08090C18,0x0800622C,bl,0x08090C48,1
0x08090C18,0x080062C4,bl,0x08090C76,1
0x08090C18,0x08006338,bl,0x08090C4E,1
0x08090C18,0x080261D4,bl,0x08090C26,2
0x08090C18,0x08090E54,bl,0x08090C84,1
0x08090C18,0x08090E9C,bl,0x08090C80,1
0x08090C18,0x080CFDCC,bl,0x08090C64,1
0x08090CA8,0x08006148,bl,0x08090CBA,1
0x08090CD0,0x080031B8,bl,0x08090D88,1
0x08090CD0,0x08006138,bl,0x08090DCA,1
0x08090CD0,0x080061C0,bl,0x08090D12,2
0x08090CD0,0x08006214,bl,0x08090DAA,1
0x08090CD0,0x0800622C,bl,0x08090D20,1
0x08090CD0,0x08006244,bl,0x08090D98,1
0x08090CD0,0x080062C4,bl,0x08090CFC,1
0x08090CD0,0x08006338,bl,0x08090D02,2
0x08090CD0,0x080261D4,bl,0x08090D82,1
0x08090CD0,0x080667C0,bl,0x08090CEE,1
0x08090CD0,0x0806684C,bl,0x08090CE6,1
0x08090CD0,0x0806AD18,bl,0x08090DBE,1
0x08090CD0,0x0806CAA0,bl,0x08090CF8,3
0x08090CD0,0x0806CC90,bl,0x08090D94,1
0x08090CD0,0x080CFDCC,bl,0x08090D3E,4
0x08090DE4,0x08006148,bl,0x08090DFE,1
0x08090DE4,0x080663F4,bl,0x08090DEA,1
0x08090E18,0x08067120,bl,0x08090E48,1
0x08090E54,0x08002EE8,bl,0x08090E72,1
0x08090E54,0x0806395C,bl,0x08090E64,1
0x08090E9C,0x08006244,bl,0x08090EDE,1
0x08090E9C,0x080CFDCC,bl,0x08090EBA,2
0x08090EF0,0x080261D4,bl,0x08090F04,1
0x08090EF0,0x0806CAA0,bl,0x08090EFE,1
0x08090F14,0x08006148,bl,0x08090F30,1
0x08090F14,0x0806395C,bl,0x08090F26,1
0x08090F14,0x080639A4,bl,0x08090F18,1
0x08090F4C,0x080061A8,bl,0x08090FA4,1
0x08090F4C,0x08006214,bl,0x08090FB4,1
0x08090F4C,0x0806395C,bl,0x08090FAC,1
0x08090FC0,0x08006138,bl,0x08090FD0,1
0x08090FE0,0x08005654,bl,0x080910A0,2
0x08090FE0,0x08068CF8,bl,0x0809107C,1
0x080910C0,0x08002E98,bl,0x0809112A,1
0x080910C0,0x08063E14,bl,0x08091116,1
0x080910C0,0x08066088,bl,0x080910C4,1
0x080910C0,0x08066AE0,bl,0x0809111A,1
0x080910C0,0x08067060,bl,0x080910E8,1
0x0809113C,0x08002E98,bl,0x08091170,1
0x0809113C,0x0806395C,bl,0x08091164,1
0x0809113C,0x08064D34,bl,0x08091152,1
0x0809113C,0x080666CC,bl,0x0809115E,1
0x0809118C,0x08002E98,bl,0x08091198,1
0x080911A8,0x08002E98,bl,0x080911DC,2
0x080911A8,0x080639B4,bl,0x08091242,1
0x080911A8,0x080639F0,bl,0x08091254,1
0x080911A8,0x08063A00,bl,0x08091266,1
0x080911A8,0x08066480,bl,0x08091212,1
0x080911A8,0x080664CC,bl,0x0809122E,1
0x080911A8,0x08068F68,bl,0x0809126A,1
0x080911A8,0x080692FC,bl,0x080911CA,1
0x080911A8,0x08069B44,bl,0x0809126E,1
0x0809128C,0x080031B8,bl,0x080912DC,1
0x0809128C,0x08006138,bl,0x080912EE,1
0x0809128C,0x0800622C,bl,0x080912B8,1
0x0809128C,0x080062C4,bl,0x080912E0,1
0x0809128C,0x08006338,bl,0x080912AA,1
0x0809128C,0x0806395C,bl,0x080912EA,1
0x0809128C,0x08066580,bl,0x080912E4,1
0x0809128C,0x08067060,bl,0x08091296,1
0x0809128C,0x080CFDCC,bl,0x080912C6,1
0x080912F8,0x08006148,bl,0x0809130A,1
0x08091320,0x08002EE8,bl,0x08091332,1
0x08091320,0x08006138,bl,0x08091354,1
0x08091320,0x0806395C,bl,0x08091350,1
0x08091320,0x08091954,bl,0x0809134A,1
0x08091368,0x08006148,bl,0x0809137A,1
0x08091390,0x080031B8,bl,0x0809153E,1
0x08091390,0x08006138,bl,0x08091548,1
0x08091390,0x0800622C,bl,0x080913AC,1
0x08091390,0x080062C4,bl,0x08091536,1
0x08091390,0x08006338,bl,0x08091414,2
0x08091390,0x0806395C,bl,0x08091544,1
0x08091390,0x08063CD0,bl,0x0809147E,3
0x08091390,0x08063D2C,bl,0x080913B0,3
0x08091390,0x08064D34,bl,0x080913F6,1
0x08091390,0x080CFDCC,bl,0x0809141A,13
0x08091558,0x08006148,bl,0x0809158E,1
0x08091558,0x08006304,bl,0x08091568,1
0x08091558,0x08063E14,bl,0x08091564,1
0x080915A4,0x08006138,bl,0x080915C2,1
0x080915A4,0x0806395C,bl,0x080915BE,1
0x080915A4,0x08091954,bl,0x080915B8,1
0x080915D0,0x08006148,bl,0x080915E2,1
0x080915F8,0x080031B8,bl,0x08091658,2
0x080915F8,0x08006138,bl,0x080916BA,1
0x080915F8,0x080061C0,bl,0x08091614,2
0x080915F8,0x0800622C,bl,0x08091622,2
0x080915F8,0x080062C4,bl,0x080916A8,1
0x080915F8,0x0806395C,bl,0x080916B6,1
0x080915F8,0x08063E14,bl,0x08091604,1
0x080915F8,0x08091A30,bl,0x0809162C,1
0x080915F8,0x08091A98,bl,0x0809167C,1
0x080915F8,0x080CFDCC,bl,0x08091642,2
0x080916C4,0x08006148,bl,0x080916D6,1
0x080916EC,0x080031B8,bl,0x08091748,2
0x080916EC,0x08006138,bl,0x080917E8,1
0x080916EC,0x080061C0,bl,0x08091704,2
0x080916EC,0x08006214,bl,0x0809179C,1
0x080916EC,0x0800622C,bl,0x08091712,1
0x080916EC,0x080062C4,bl,0x080917D6,1
0x080916EC,0x0806395C,bl,0x080917E4,1
0x080916EC,0x08063CD0,bl,0x08091756,3
0x080916EC,0x08091A30,bl,0x0809171C,1
0x080916EC,0x08091A98,bl,0x080917AC,1
0x080916EC,0x080CFDCC,bl,0x08091732,2
0x080917FC,0x08006148,bl,0x0809180E,1
0x08091824,0x080031B8,bl,0x080918A8,1
0x08091824,0x08006138,bl,0x080918FC,1
0x08091824,0x080061C0,bl,0x0809185C,2
0x08091824,0x0800622C,bl,0x0809186A,2
0x08091824,0x08006244,bl,0x080918EE,1
0x08091824,0x080062C4,bl,0x080918E4,1
0x08091824,0x08006338,bl,0x08091870,2
0x08091824,0x080261D4,bl,0x080918A2,1
0x08091824,0x080667C0,bl,0x08091842,1
0x08091824,0x0806684C,bl,0x0809183A,1
0x08091824,0x0806AD18,bl,0x080918F2,1
0x08091824,0x0806CAA0,bl,0x0809184C,1
0x08091824,0x0806CC90,bl,0x080918B4,1
0x08091824,0x080CFDCC,bl,0x0809188E,3
0x0809191C,0x08006148,bl,0x08091938,1
0x0809191C,0x08066480,bl,0x08091924,1
0x08091954,0x080031B8,bl,0x08091A0E,1
0x08091954,0x080061C0,bl,0x080919A8,1
0x08091954,0x0800622C,bl,0x080919B6,1
0x08091954,0x080062C4,bl,0x08091A20,1
0x08091954,0x08063CD0,bl,0x0809196C,3
0x08091954,0x08063E14,bl,0x08091968,1
0x08091954,0x08091A30,bl,0x080919C6,1
0x08091954,0x08091A98,bl,0x080919D8,1
0x08091954,0x080CFDCC,bl,0x080919EE,1
0x08091A30,0x08006338,bl,0x08091A3C,1
0x08091A30,0x080CFDCC,bl,0x08091A44,6
0x08091A98,0x08006338,bl,0x08091AA4,1
0x08091A98,0x080CFDCC,bl,0x08091AAC,6
0x08091B00,0x080261D4,bl,0x08091B16,1
0x08091B00,0x0806CAA0,bl,0x08091B10,1
0x08091B24,0x08006148,bl,0x08091B46,1
0x08091B24,0x08006338,bl,0x08091B28,1
0x08091B24,0x0806395C,bl,0x08091B3C,1
0x08091B24,0x080639A4,bl,0x08091B2E,1
0x08091B60,0x08006214,bl,0x08091B62,1
0x08091B6C,0x080031B8,bl,0x08091CAE,1
0x08091B6C,0x08006338,bl,0x08091BE6,3
0x08091B6C,0x08064A60,bl,0x08091B8C,1
0x08091B6C,0x08064B5C,bl,0x08091BCE,1
0x08091B6C,0x08066630,bl,0x08091BC2,1
0x08091B6C,0x080CFDCC,bl,0x08091C06,5
0x08091B6C,0x080CFDD4,bl,0x08091D02,1
0x08091D24,0x08005654,bl,0x08091DBC,2
0x08091D24,0x08006304,bl,0x08091D6C,1
0x08091DDC,0x08006138,bl,0x08091E00,1
0x08091E18,0x08005654,bl,0x08091EE8,2
0x08091E18,0x08006304,bl,0x08091E78,1
0x08091F08,0x08002E98,bl,0x08091F88,1
0x08091F08,0x08066088,bl,0x08091F0C,1
0x08091F08,0x08066AE0,bl,0x08091F78,1
0x08091F08,0x08067060,bl,0x08091F4C,1
0x08091F9C,0x08002E98,bl,0x08091FC6,1
0x08091F9C,0x0806395C,bl,0x08091FBA,1
0x08091F9C,0x080666CC,bl,0x08091FA8,1
0x08091FE0,0x08002E98,bl,0x08091FEC,1
0x08091FFC,0x08002E98,bl,0x08092038,2
0x08091FFC,0x080031B8,bl,0x0809214A,1
0x08091FFC,0x08006148,bl,0x08092166,1
0x08091FFC,0x08006338,bl,0x08092138,1
0x08091FFC,0x080227A4,bl,0x08092002,2
0x08091FFC,0x0806395C,bl,0x0809215E,1
0x08091FFC,0x080639B4,bl,0x08092094,1
0x08091FFC,0x080639F0,bl,0x080920A4,1
0x08091FFC,0x08063A00,bl,0x080920B4,1
0x08091FFC,0x08063D4C,bl,0x08092100,1
0x08091FFC,0x08063DDC,bl,0x080920F0,1
0x08091FFC,0x080663F4,bl,0x0809206C,1
0x08091FFC,0x08066468,bl,0x08092082,1
0x08091FFC,0x080685EC,bl,0x08092158,1
0x08091FFC,0x08068F68,bl,0x080920B8,1
0x08091FFC,0x0806914C,bl,0x080920D0,1
0x08091FFC,0x080692FC,bl,0x08092026,1
0x08091FFC,0x08069B44,bl,0x080920BC,1
0x08092198,0x080031B8,bl,0x080921E6,1
0x08092198,0x08006138,bl,0x08092214,1
0x08092198,0x080062C4,bl,0x080921EA,1
0x08092198,0x08006338,bl,0x080921A4,2
0x08092198,0x080261D4,bl,0x080921E0,1
0x08092198,0x0806395C,bl,0x08092210,1
0x08092198,0x08066580,bl,0x080921EE,1
0x08092198,0x080CFDCC,bl,0x080921B6,4
0x08092228,0x08006148,bl,0x0809223A,1
0x08092250,0x08002EE8,bl,0x08092290,2
0x08092250,0x08006138,bl,0x08092582,1
0x08092250,0x080061C0,bl,0x0809237E,2
0x08092250,0x08006338,bl,0x08092338,5
0x08092250,0x0806395C,bl,0x080924D4,5
0x08092250,0x08063B38,bl,0x08092282,1
0x08092250,0x08063CD0,bl,0x08092296,3
0x08092250,0x08063DDC,bl,0x0809228A,1
0x08092250,0x080CFDCC,bl,0x0809233E,22
0x08092590,0x08006148,bl,0x080925A2,1
0x080925B8,0x08006138,bl,0x080926B8,1
0x080925B8,0x08006338,bl,0x080925D6,1
0x080925B8,0x0806395C,bl,0x080926B4,1
0x080925B8,0x08063E14,bl,0x080925D0,1
0x080925B8,0x08064B5C,bl,0x08092640,2
0x080925B8,0x0806660C,bl,0x08092634,2
0x080925B8,0x080CFDCC,bl,0x080925DC,7
0x080926D4,0x08006148,bl,0x080926E6,1
0x080926FC,0x080031B8,bl,0x08092712,2
0x080926FC,0x08006138,bl,0x080929D8,1
0x080926FC,0x080061C0,bl,0x08092736,8
0x080926FC,0x08006214,bl,0x080929C6,1
0x080926FC,0x08006338,bl,0x0809273C,5
0x080926FC,0x0806395C,bl,0x080929D4,1
0x080926FC,0x08063E14,bl,0x0809270C,1
0x080926FC,0x08064C1C,bl,0x08092912,1
0x080926FC,0x080665FC,bl,0x08092902,1
0x080926FC,0x0806CC90,bl,0x0809275E,3
0x080926FC,0x080CFDCC,bl,0x08092742,10
0x080929EC,0x08006148,bl,0x080929FE,1
0x08092A14,0x08006138,bl,0x08092B26,1
0x08092A14,0x08006244,bl,0x08092A92,1
0x08092A14,0x08006338,bl,0x08092A20,3
0x08092A14,0x0806395C,bl,0x08092AF6,3
0x08092A14,0x08063CD0,bl,0x08092ACE,3
0x08092A14,0x08063D2C,bl,0x08092AFC,3
0x08092A14,0x080934B8,bl,0x08092AB0,1
0x08092A14,0x080CFDCC,bl,0x08092A26,4
0x08092B30,0x08006148,bl,0x08092B42,1
0x08092B58,0x08006138,bl,0x08092BBC,1
0x08092B58,0x080061C0,bl,0x08092B72,1
0x08092B58,0x0806395C,bl,0x08092BB8,1
0x08092B58,0x08064358,bl,0x08092B76,1
0x08092B58,0x080934B8,bl,0x08092B98,1
0x08092B58,0x080CFDCC,bl,0x08092B9E,1
0x08092BD8,0x08006148,bl,0x08092BEA,1
0x08092C00,0x08006138,bl,0x08092CA6,1
0x08092C00,0x080061C0,bl,0x08092C42,1
0x08092C00,0x08006338,bl,0x08092C12,3
0x08092C00,0x0806395C,bl,0x08092CA2,1
0x08092C00,0x08063E14,bl,0x08092C0C,1
0x08092C00,0x080CFDCC,bl,0x08092C18,3
0x08092CB4,0x08006148,bl,0x08092CC6,1
0x08092CDC,0x08002EE8,bl,0x08092D08,1
0x08092CDC,0x080031B8,bl,0x08092DCA,1
0x08092CDC,0x08006138,bl,0x08092E36,1
0x08092CDC,0x08006244,bl,0x08092DBE,1
0x08092CDC,0x08006338,bl,0x08092CEE,6
0x08092CDC,0x080261D4,bl,0x08092DC4,1
0x08092CDC,0x0806395C,bl,0x08092E1A,2
0x08092CDC,0x08063B38,bl,0x08092E00,1
0x08092CDC,0x08063E14,bl,0x08092CE8,1
0x08092CDC,0x080CFDCC,bl,0x08092CF4,6
0x08092E40,0x08006148,bl,0x08092E52,1
0x08092E68,0x080031B8,bl,0x08092EC8,1
0x08092E68,0x08006138,bl,0x08092EF2,1
0x08092E68,0x080062C4,bl,0x08092ECC,1
0x08092E68,0x08006338,bl,0x08092E94,3
0x08092E68,0x080261D4,bl,0x08092EC2,1
0x08092E68,0x0806395C,bl,0x08092EEE,1
0x08092E68,0x080CFDCC,bl,0x08092EAC,3
0x08092F04,0x08006148,bl,0x08092F16,1
0x08092F2C,0x080031B8,bl,0x08092F44,2
0x08092F2C,0x08006138,bl,0x08092FD2,1
0x08092F2C,0x080061C0,bl,0x08092F52,2
0x08092F2C,0x08006244,bl,0x08092FAE,1
0x08092F2C,0x080062C4,bl,0x08092F38,1
0x08092F2C,0x08006338,bl,0x08092F64,1
0x08092F2C,0x080261D4,bl,0x08092F3E,2
0x08092F2C,0x0806395C,bl,0x08092FCE,1
0x08092F2C,0x0806CC90,bl,0x08092FAA,1
0x08092F2C,0x08093780,bl,0x08092FC8,1
0x08092F2C,0x080CFDCC,bl,0x08092F6A,3
0x08092FF4,0x08006148,bl,0x08093006,1
0x0809301C,0x08006138,bl,0x0809306E,1
0x0809301C,0x080061C0,bl,0x0809302C,1
0x0809301C,0x08006338,bl,0x08093032,4
0x0809301C,0x0806395C,bl,0x0809306A,1
0x0809301C,0x080CFDCC,bl,0x08093038,4
0x08093084,0x08006148,bl,0x08093096,1
0x080930AC,0x08006138,bl,0x0809333C,1
0x080930AC,0x080061C0,bl,0x0809315A,2
0x080930AC,0x080062C4,bl,0x080930BC,5
0x080930AC,0x08006338,bl,0x08093176,8
0x080930AC,0x080261D4,bl,0x080932EC,1
0x080930AC,0x0806395C,bl,0x0809328C,1
0x080930AC,0x08063D4C,bl,0x080932FC,1
0x080930AC,0x08064D6C,bl,0x08093310,1
0x080930AC,0x08068920,bl,0x08093334,1
0x080930AC,0x080934F8,bl,0x08093126,1
0x080930AC,0x0809364C,bl,0x08093200,2
0x080930AC,0x080936A0,bl,0x08093204,2
0x080930AC,0x08093A00,bl,0x080932F4,1
0x080930AC,0x080CFDCC,bl,0x080930B8,21
0x08093354,0x08006148,bl,0x0809336C,1
0x08093380,0x080031B8,bl,0x0809342E,1
0x08093380,0x08006138,bl,0x0809346E,1
0x08093380,0x080061C0,bl,0x080933BE,2
0x08093380,0x08006214,bl,0x08093450,1
0x08093380,0x0800622C,bl,0x080933CC,1
0x08093380,0x08006244,bl,0x0809343E,1
0x08093380,0x080062C4,bl,0x080933B0,1
0x08093380,0x08006338,bl,0x080933D2,1
0x08093380,0x080261D4,bl,0x08093428,1
0x08093380,0x080667C0,bl,0x080933A2,1
0x08093380,0x0806684C,bl,0x0809339A,1
0x08093380,0x0806AD18,bl,0x08093464,1
0x08093380,0x0806CAA0,bl,0x080933AC,3
0x08093380,0x0806CC90,bl,0x0809343A,1
0x08093380,0x080CFDCC,bl,0x080933D8,5
0x08093488,0x08006148,bl,0x080934A0,1
0x08093488,0x080663F4,bl,0x0809348E,1
0x080934B8,0x08006304,bl,0x080934E0,1
0x080934B8,0x08063E14,bl,0x080934BA,1
0x080934F8,0x08002EE8,bl,0x08093578,1
0x080934F8,0x08021BB4,bl,0x0809352C,1
0x0809364C,0x080062C4,bl,0x08093688,1
0x0809364C,0x080261D4,bl,0x0809365C,1
0x0809364C,0x08063D4C,bl,0x08093664,1
0x0809364C,0x08064D6C,bl,0x08093678,1
0x0809364C,0x08068920,bl,0x08093656,1
0x0809364C,0x08093780,bl,0x08093684,1
0x0809364C,0x08093A00,bl,0x08093680,1
0x080936A0,0x080061C0,bl,0x080936B0,1
0x080936A0,0x080062C4,bl,0x08093754,1
0x080936A0,0x08006338,bl,0x080936C6,3
0x080936A0,0x0806395C,bl,0x08093766,1
0x080936A0,0x080CFDCC,bl,0x080936CC,6
0x08093780,0x080CFDCC,bl,0x0809379E,2
0x080937D0,0x08006148,bl,0x08093838,1
0x080937D0,0x0806395C,bl,0x0809382E,1
0x080937D0,0x08063FF4,bl,0x0809384C,1
0x08093868,0x080261D4,bl,0x0809387C,1
0x08093868,0x0806CAA0,bl,0x08093876,1
0x0809388C,0x08006148,bl,0x080938C8,1
0x0809388C,0x0806395C,bl,0x080938BE,1
0x0809388C,0x080639A4,bl,0x080938B8,1
0x0809388C,0x080689C8,bl,0x080938AE,1
0x080938E4,0x08006338,bl,0x0809395A,1
0x080938E4,0x08064A60,bl,0x08093902,1
0x080938E4,0x080CFDCC,bl,0x08093948,2
0x080938E4,0x080CFDD4,bl,0x08093970,1
0x08093A00,0x080031B8,bl,0x08093A14,1
0x08093A24,0x08002E98,bl,0x08093A46,1
0x08093A64,0x08002E98,bl,0x08093A80,1
0x08093A64,0x0806395C,bl,0x08093A74,1
0x08093A64,0x08064A60,bl,0x08093A6E,1
0x08093A98,0x08002E98,bl,0x08093AAE,1
0x08093A98,0x08068E04,bl,0x08093AB2,1
0x08093A98,0x080692FC,bl,0x08093A9A,1
0x08093A98,0x08069B44,bl,0x08093AB6,1
0x08093AC8,0x08006138,bl,0x08093B72,1
0x08093AC8,0x080061C0,bl,0x08093AE8,2
0x08093AC8,0x0800622C,bl,0x08093AF6,2
0x08093AC8,0x08006338,bl,0x08093AD8,1
0x08093AC8,0x080CFDCC,bl,0x08093B0C,2
0x08093B80,0x08006148,bl,0x08093B98,1
0x08093B80,0x080639A4,bl,0x08093B8E,1
0x08093BB0,0x08006148,bl,0x08093BBE,1
0x08093BB0,0x080639A4,bl,0x08093BB4,1
0x08093BD4,0x08002E98,bl,0x08093C0E,1
0x08093BD4,0x08064A60,bl,0x08093BF0,1
0x08093C30,0x08002E98,bl,0x08093C48,1
0x08093C30,0x0806395C,bl,0x08093C3C,1
0x08093C60,0x08002E98,bl,0x08093C6C,1
0x08093C7C,0x08002E98,bl,0x08093C9A,2
0x08093C7C,0x08068E04,bl,0x08093CBA,1
0x08093C7C,0x080692FC,bl,0x08093CA4,1
0x08093C7C,0x08069B44,bl,0x08093CBE,1
0x08093CCC,0x08006338,bl,0x08093CD8,1
0x08093CCC,0x08064CDC,bl,0x08093CEE,1
0x08093CCC,0x080CFDCC,bl,0x08093CE2,1
0x08093CF8,0x08005654,bl,0x08093DBC,1
0x08093CF8,0x08006148,bl,0x08093D70,1
0x08093CF8,0x08006304,bl,0x08093D30,1
0x08093CF8,0x0806395C,bl,0x08093D66,1
0x08093DCC,0x080061C0,bl,0x08093DFE,1
0x08093DCC,0x0800622C,bl,0x08093E22,1
0x08093DCC,0x08064CDC,bl,0x08093E3E,1
0x08093DCC,0x080CFDCC,bl,0x08093E32,1
0x08093E58,0x08006338,bl,0x08093E92,1
0x08093E58,0x08064A60,bl,0x08093E86,1
0x08093E58,0x080CFDCC,bl,0x08093E98,3
0x08093E58,0x080CFDD4,bl,0x08093EB8,1
0x08093EDC,0x08006148,bl,0x08093EEA,1
0x08093EDC,0x080639A4,bl,0x08093EE0,1
0x08093F00,0x08006148,bl,0x08093F1E,1
0x08093F00,0x0800622C,bl,0x08093F54,1
0x08093F00,0x080639A4,bl,0x08093F14,1
0x08093F64,0x08002E98,bl,0x08093FBC,1
0x08093F64,0x08064A60,bl,0x08093F80,1
0x08093FE0,0x08002E98,bl,0x08093FF8,1
0x08093FE0,0x0806395C,bl,0x08093FEC,1
0x08094010,0x08002E98,bl,0x0809401C,1
0x08094010,0x08068E04,bl,0x08094028,1
0x08094010,0x08069B44,bl,0x0809402C,1
0x08094040,0x080031B8,bl,0x08094054,1
0x08094040,0x080061C0,bl,0x080940EA,1
0x08094040,0x08006304,bl,0x0809409C,1
0x08094040,0x08006338,bl,0x0809404C,1
0x08094040,0x08063E14,bl,0x08094098,1
0x08094040,0x08064358,bl,0x080940EE,1
0x08094040,0x08094164,bl,0x08094058,2
0x08094040,0x080CFDCC,bl,0x0809405E,5
0x08094164,0x0806421C,bl,0x08094172,1
0x080941AC,0x08002E98,bl,0x080941F8,1
0x080941AC,0x08063E14,bl,0x080941DC,1
0x080941AC,0x08066088,bl,0x080941C8,1
0x080941AC,0x080666CC,bl,0x080941E6,1
0x080941AC,0x08066AE0,bl,0x080941EA,1
0x080941AC,0x080692FC,bl,0x080941E0,1
0x08094220,0x08002E98,bl,0x08094248,2
0x08094220,0x0806395C,bl,0x0809423C,2
0x08094220,0x08067060,bl,0x08094222,1
0x08094290,0x08002E98,bl,0x080942A0,1
0x080942B4,0x08002E98,bl,0x080942C0,1
0x080942B4,0x08068F68,bl,0x080942C8,1
0x080942B4,0x08069B44,bl,0x080942CC,1
0x080942B4,0x08094358,bl,0x080942C4,1
0x080942DC,0x08002E98,bl,0x08094322,2
0x080942DC,0x080663F4,bl,0x080942F0,1
0x080942DC,0x08066468,bl,0x08094300,1
0x080942DC,0x08068F68,bl,0x08094342,1
0x080942DC,0x080692FC,bl,0x0809430E,1
0x080942DC,0x08069B44,bl,0x08094346,1
0x080942DC,0x08094358,bl,0x0809433E,1
0x08094358,0x080639B4,bl,0x08094386,17
0x08094358,0x080639F0,bl,0x080944EA,7
0x08094358,0x08063A00,bl,0x0809438C,17
0x080945FC,0x08006138,bl,0x08094628,1
0x080945FC,0x080956C8,bl,0x08094608,1
0x080945FC,0x080CFDCC,bl,0x0809461E,1
0x08094640,0x08095794,bl,0x08094648,1
0x0809465C,0x08006138,bl,0x08094670,1
0x0809465C,0x0806395C,bl,0x0809466C,1
0x0809465C,0x08066580,bl,0x08094666,1
0x0809467C,0x08006148,bl,0x0809468E,1
0x0809467C,0x08095794,bl,0x080946A2,1
0x080946B0,0x08006138,bl,0x080946C8,2
0x080946B0,0x080061C0,bl,0x08094726,2
0x080946B0,0x0806395C,bl,0x080946C4,1
0x080946B0,0x080947CC,bl,0x080946D8,1
0x080946B0,0x08094810,bl,0x080946BA,1
0x080946B0,0x080956C8,bl,0x080946F6,2
0x080946B0,0x080CFDCC,bl,0x0809472C,2
0x08094758,0x08002EE8,bl,0x08094786,1
0x08094758,0x08006148,bl,0x0809479A,2
0x08094758,0x08006214,bl,0x08094778,1
0x08094758,0x0806395C,bl,0x08094790,2
0x08094758,0x08095794,bl,0x08094766,1
0x080947CC,0x08063E14,bl,0x080947CE,1
0x08094844,0x08006138,bl,0x08094860,1
0x08094844,0x080062C4,bl,0x0809484E,1
0x08094844,0x0806395C,bl,0x0809485C,1
0x08094844,0x08063E14,bl,0x08094864,1
0x08094844,0x08094810,bl,0x08094852,1
0x08094844,0x08094894,bl,0x0809487E,1
0x08094844,0x08094908,bl,0x08094872,1
0x08094844,0x080956C8,bl,0x0809486A,1
0x08094894,0x08006138,bl,0x080948B8,2
0x08094894,0x0800622C,bl,0x080948B4,1
0x08094894,0x0806395C,bl,0x080948BE,1
0x080948D4,0x08006148,bl,0x080948F0,1
0x080948D4,0x08095794,bl,0x080948DC,1
0x08094908,0x08002EE8,bl,0x0809490C,1
0x08094930,0x080031B8,bl,0x08094964,1
0x08094930,0x08006138,bl,0x0809494C,2
0x08094930,0x080061C0,bl,0x080949B2,1
0x08094930,0x080062C4,bl,0x0809493A,1
0x08094930,0x0806395C,bl,0x08094948,1
0x08094930,0x08063E14,bl,0x08094950,1
0x08094930,0x0806E6F8,bl,0x08094998,1
0x08094930,0x08094810,bl,0x0809493E,1
0x08094930,0x08094B94,bl,0x0809498A,1
0x08094930,0x080956C8,bl,0x0809497C,1
0x08094930,0x080CFDCC,bl,0x08094986,1
0x080949E0,0x08002EE8,bl,0x08094A2C,2
0x080949E0,0x080034F0,bl,0x08094A4A,3
0x080949E0,0x08005654,bl,0x08094A64,3
0x080949E0,0x08006148,bl,0x08094A74,3
0x080949E0,0x08021B18,bl,0x08094ABA,1
0x080949E0,0x0806395C,bl,0x08094A6A,3
0x080949E0,0x08063DF4,bl,0x08094A0A,1
0x080949E0,0x08094B94,bl,0x08094A1C,2
0x080949E0,0x08094BBC,bl,0x080949FE,1
0x080949E0,0x08095794,bl,0x080949E8,1
0x08094B94,0x08063CD0,bl,0x08094B96,3
0x08094BBC,0x080061C0,bl,0x08094CB6,2
0x08094BBC,0x08094D10,bl,0x08094BC2,1
0x08094BBC,0x080956C8,bl,0x08094C1A,5
0x08094DA4,0x080031B8,bl,0x08094DD0,1
0x08094DA4,0x08006138,bl,0x08094DD4,1
0x08094DA4,0x080956C8,bl,0x08094DC6,1
0x08094DEC,0x08006148,bl,0x08094E54,2
0x08094DEC,0x0806395C,bl,0x08094E4A,2
0x08094DEC,0x08064038,bl,0x08094E06,1
0x08094DEC,0x08094E88,bl,0x08094E14,1
0x08094DEC,0x080956C8,bl,0x08094E0C,1
0x08094DEC,0x08095794,bl,0x08094DF4,1
0x08094E88,0x0806CC90,bl,0x08094EF6,2
0x08094E88,0x08094D10,bl,0x08094E94,2
0x08094F28,0x080031B8,bl,0x08094F4E,1
0x08094F28,0x08006138,bl,0x08094F52,1
0x08094F28,0x080956C8,bl,0x08094F36,1
0x08094F68,0x08006148,bl,0x08094F98,1
0x08094F68,0x0806395C,bl,0x08094F8E,1
0x08094F68,0x08094E88,bl,0x08094F7E,1
0x08094F68,0x08095794,bl,0x08094F76,1
0x08094FB0,0x080031B8,bl,0x08094FEA,3
0x08094FB0,0x080034F0,bl,0x08095056,1
0x08094FB0,0x08005654,bl,0x08095044,1
0x08094FB0,0x08006138,bl,0x0809507E,1
0x08094FB0,0x080061C0,bl,0x08095014,1
0x08094FB0,0x0806E6F8,bl,0x08095004,1
0x08094FB0,0x080956C8,bl,0x08094FCC,3
0x08094FB0,0x080CFDCC,bl,0x08094FF0,3
0x080950B4,0x08006148,bl,0x08095128,1
0x080950B4,0x0806395C,bl,0x0809511E,1
0x080950B4,0x08064038,bl,0x080950EA,1
0x080950B4,0x08094BBC,bl,0x08095116,1
0x080950B4,0x08094E88,bl,0x080950F8,1
0x080950B4,0x080956C8,bl,0x080950F0,1
0x080950B4,0x08095794,bl,0x080950D8,2
0x0809513C,0x080031B8,bl,0x080951B0,1
0x0809513C,0x08006138,bl,0x08095202,1
0x0809513C,0x0800622C,bl,0x0809515E,2
0x0809513C,0x080062C4,bl,0x0809514A,1
0x0809513C,0x0806395C,bl,0x080951FE,1
0x0809513C,0x08064B5C,bl,0x080951EC,1
0x0809513C,0x080956C8,bl,0x08095150,1
0x0809513C,0x080CFDCC,bl,0x0809516E,4
0x08095220,0x08006148,bl,0x0809523C,1
0x08095220,0x08095794,bl,0x08095228,1
0x08095254,0x080031B8,bl,0x08095278,1
0x08095254,0x08006138,bl,0x080952FE,1
0x08095254,0x080061C0,bl,0x08095286,2
0x08095254,0x0800622C,bl,0x08095294,2
0x08095254,0x080261D4,bl,0x0809527E,1
0x08095254,0x0806395C,bl,0x080952FA,1
0x08095254,0x080956C8,bl,0x080952A4,2
0x08095254,0x080CFDCC,bl,0x080952AE,3
0x0809532C,0x08006148,bl,0x08095348,1
0x0809532C,0x08095794,bl,0x08095334,1
0x08095360,0x080031B8,bl,0x08095412,1
0x08095360,0x08005654,bl,0x08095382,1
0x08095360,0x08006138,bl,0x08095464,1
0x08095360,0x080061C0,bl,0x080953BE,2
0x08095360,0x0800622C,bl,0x080953CC,1
0x08095360,0x080062C4,bl,0x08095406,2
0x08095360,0x080261D4,bl,0x0809540C,2
0x08095360,0x080639A4,bl,0x08095388,1
0x08095360,0x08064D34,bl,0x080953AC,3
0x08095360,0x080667C0,bl,0x080953A4,1
0x08095360,0x0806684C,bl,0x0809539C,1
0x08095360,0x0806AD18,bl,0x0809545A,1
0x08095360,0x080956C8,bl,0x080953B2,2
0x08095360,0x080CFDCC,bl,0x080953FA,3
0x08095484,0x08006148,bl,0x080954D6,1
0x08095484,0x080663F4,bl,0x08095498,1
0x08095484,0x0806CC90,bl,0x080954B6,1
0x08095484,0x08095794,bl,0x0809548C,1
0x080954F0,0x080031B8,bl,0x08095524,3
0x080954F0,0x08006148,bl,0x0809557A,1
0x080954F0,0x08006244,bl,0x0809552A,2
0x080954F0,0x080062C4,bl,0x08095514,1
0x080954F0,0x080261D4,bl,0x08095530,2
0x080954F0,0x0806395C,bl,0x0809553E,1
0x080954F0,0x080956C8,bl,0x0809556C,1
0x080955A8,0x080034F0,bl,0x080955EE,2
0x080955A8,0x08005654,bl,0x0809563E,1
0x080955A8,0x08006148,bl,0x0809564E,1
0x080955A8,0x08006214,bl,0x08095614,1
0x080955A8,0x080062C4,bl,0x0809561A,1
0x080955A8,0x0806395C,bl,0x08095644,1
0x08095674,0x080261D4,bl,0x08095680,1
0x08095674,0x08064D34,bl,0x0809567A,1
0x08095694,0x080034F0,bl,0x080956A0,1
0x08095694,0x08006148,bl,0x080956B0,1
0x08095694,0x0806395C,bl,0x080956A6,1
0x08095694,0x0806A008,bl,0x08095696,1
0x080956C8,0x080956E4,bl,0x080956D8,1
0x080956E4,0x0800634C,bl,0x08095746,1
0x080956E4,0x08006364,bl,0x08095732,2
0x080956E4,0x08063E14,bl,0x0809577E,1
0x080956E4,0x080956E4,bl,0x08095782,1
0x08095794,0x080956E4,bl,0x080957AA,1
0x080957BC,0x080666CC,bl,0x080957E8,1
0x080957BC,0x08067060,bl,0x080957EC,1
0x080957BC,0x080692FC,bl,0x080957E2,1
0x080957BC,0x08095834,bl,0x080957DE,1
0x080957BC,0x0809595C,bl,0x080957FC,1
0x080957BC,0x080959EC,bl,0x08095826,1
0x08095834,0x08063E14,bl,0x08095846,1
0x08095834,0x08064D34,bl,0x0809584E,4
0x08095834,0x08065F5C,bl,0x08095920,1
0x08095834,0x08066088,bl,0x08095838,1
0x08095834,0x08066AE0,bl,0x0809591C,1
0x08095940,0x08002E98,bl,0x0809594C,1
0x0809595C,0x08006138,bl,0x080959CE,1
0x0809595C,0x08006338,bl,0x08095988,2
0x0809595C,0x0806395C,bl,0x08095960,2
0x0809595C,0x080639E0,bl,0x0809596E,2
0x0809595C,0x080CFDCC,bl,0x0809598E,3
0x080959EC,0x08002EE8,bl,0x08095A22,1
0x080959EC,0x08006138,bl,0x08095A38,1
0x080959EC,0x0806395C,bl,0x080959F0,2
0x080959EC,0x080639E0,bl,0x080959FE,1
0x080959EC,0x080640DC,bl,0x08095A04,1
0x080959EC,0x08066580,bl,0x08095A0C,1
0x080959EC,0x080CFDCC,bl,0x08095A1C,1
0x08095A54,0x08006138,bl,0x08095AAC,1
0x08095A54,0x080062C4,bl,0x08095A68,1
0x08095A54,0x080639E0,bl,0x08095A60,1
0x08095A54,0x08063E14,bl,0x08095A64,1
0x08095A54,0x080640DC,bl,0x08095A6E,1
0x08095A54,0x08096FC0,bl,0x08095AA2,1
0x08095A54,0x080CFDCC,bl,0x08095A9E,1
0x08095AD0,0x08064188,bl,0x08095AD8,1
0x08095AEC,0x08002EE8,bl,0x08095B1C,2
0x08095AEC,0x08006138,bl,0x08095BD6,1
0x08095AEC,0x0800622C,bl,0x08095B3C,1
0x08095AEC,0x08006338,bl,0x08095B04,6
0x08095AEC,0x080261D4,bl,0x08095B46,1
0x08095AEC,0x0806395C,bl,0x08095BB0,2
0x08095AEC,0x080639E0,bl,0x08095AFA,2
0x08095AEC,0x08063E14,bl,0x08095AFE,2
0x08095AEC,0x0809680C,bl,0x08095B40,1
0x08095AEC,0x080CFDCC,bl,0x08095B0A,6
0x08095BE8,0x08002EE8,bl,0x08095C4C,2
0x08095BE8,0x08006138,bl,0x08095D10,1
0x08095BE8,0x080061C0,bl,0x08095C74,1
0x08095BE8,0x0800622C,bl,0x08095C6A,1
0x08095BE8,0x0806395C,bl,0x08095C90,3
0x08095BE8,0x080639E0,bl,0x08095BF6,2
0x08095BE8,0x08063E14,bl,0x08095BFA,4
0x08095BE8,0x08095D40,bl,0x08095C28,2
0x08095BE8,0x08095E4C,bl,0x08095BFE,1
0x08095BE8,0x0809680C,bl,0x08095C78,1
0x08095BE8,0x08096924,bl,0x08095C82,2
0x08095D20,0x08006214,bl,0x08095D34,1
0x08095D40,0x080061C0,bl,0x08095D70,2
0x08095D40,0x080062C4,bl,0x08095D4E,2
0x08095D40,0x08006338,bl,0x08095D54,7
0x08095D40,0x08063DF4,bl,0x08095DD4,1
0x08095D40,0x0806CC90,bl,0x08095DEE,2
0x08095D40,0x080CFDCC,bl,0x08095D5A,8
0x08095E4C,0x080062C4,bl,0x08095E4E,1
0x08095E4C,0x08006338,bl,0x08095E62,4
0x08095E4C,0x080640C8,bl,0x08095E52,1
0x08095E4C,0x080CFDCC,bl,0x08095E68,4
0x08095EAC,0x080031B8,bl,0x08095FEE,1
0x08095EAC,0x08006138,bl,0x0809603A,1
0x08095EAC,0x080061C0,bl,0x08095FA6,1
0x08095EAC,0x0800622C,bl,0x08095FB4,1
0x08095EAC,0x080062C4,bl,0x08095FC2,1
0x08095EAC,0x08006338,bl,0x08095F7E,8
0x08095EAC,0x0806395C,bl,0x08096030,1
0x08095EAC,0x080639E0,bl,0x08095EB8,2
0x08095EAC,0x08063CD0,bl,0x08095EC0,9
0x08095EAC,0x08063E14,bl,0x08095EBC,4
0x08095EAC,0x08095D40,bl,0x08095F14,2
0x08095EAC,0x08095E4C,bl,0x08095F22,1
0x08095EAC,0x0809680C,bl,0x08095FB8,1
0x08095EAC,0x08096888,bl,0x08095EE4,2
0x08095EAC,0x080CFDCC,bl,0x08095F84,8
0x08096058,0x08006214,bl,0x080960AC,1
0x08096058,0x08068CF8,bl,0x0809607C,3
0x080960BC,0x0800622C,bl,0x08096128,1
0x080960BC,0x080062C4,bl,0x080960F8,2
0x080960BC,0x08006338,bl,0x08096108,4
0x080960BC,0x080639E0,bl,0x080960C4,2
0x080960BC,0x08063CD0,bl,0x080960D0,3
0x080960BC,0x08063E14,bl,0x080960BE,1
0x080960BC,0x0809619C,bl,0x08096156,1
0x080960BC,0x0809680C,bl,0x0809612C,1
0x080960BC,0x08096888,bl,0x080960F4,1
0x080960BC,0x080CFDCC,bl,0x0809610E,4
0x0809616C,0x08006148,bl,0x08096188,1
0x0809616C,0x08063D2C,bl,0x0809616E,1
0x0809619C,0x080031B8,bl,0x080961AC,1
0x0809619C,0x08006138,bl,0x08096262,1
0x0809619C,0x080061C0,bl,0x080961BA,2
0x0809619C,0x08006338,bl,0x08096238,2
0x0809619C,0x0806395C,bl,0x08096258,1
0x0809619C,0x08063CD0,bl,0x080961F4,3
0x0809619C,0x08063DF4,bl,0x080961EC,1
0x0809619C,0x080640C8,bl,0x0809621C,1
0x0809619C,0x080640DC,bl,0x080961C0,1
0x0809619C,0x0809680C,bl,0x0809624E,1
0x0809619C,0x08096924,bl,0x08096252,1
0x0809619C,0x080CFDCC,bl,0x080961CA,4
0x08096278,0x08006148,bl,0x08096294,1
0x08096278,0x08064188,bl,0x08096280,1
0x080962AC,0x08006214,bl,0x080962C2,1
0x080962D0,0x080061C0,bl,0x080962EA,1
0x080962D0,0x080062C4,bl,0x080962E0,2
0x080962D0,0x08006338,bl,0x080962F0,2
0x080962D0,0x0809619C,bl,0x08096310,1
0x080962D0,0x080CFDCC,bl,0x080962F6,3
0x08096320,0x080031B8,bl,0x08096334,1
0x08096320,0x08006138,bl,0x080963A0,1
0x08096320,0x080061C0,bl,0x08096348,1
0x08096320,0x0800622C,bl,0x08096356,1
0x08096320,0x08006338,bl,0x0809635C,2
0x08096320,0x080261D4,bl,0x0809633A,1
0x08096320,0x0806395C,bl,0x08096394,1
0x08096320,0x080639E0,bl,0x0809638A,1
0x08096320,0x0809680C,bl,0x08096384,1
0x08096320,0x08096924,bl,0x0809638E,1
0x08096320,0x080CFDCC,bl,0x08096362,2
0x080963DC,0x080031B8,bl,0x08096572,1
0x080963DC,0x08006138,bl,0x0809661C,1
0x080963DC,0x080061C0,bl,0x080964F6,1
0x080963DC,0x0800622C,bl,0x08096504,1
0x080963DC,0x080062C4,bl,0x080964A2,3
0x080963DC,0x08006338,bl,0x080964B4,9
0x080963DC,0x080261D4,bl,0x08096578,1
0x080963DC,0x0806395C,bl,0x08096610,1
0x080963DC,0x080639E0,bl,0x080963E8,1
0x080963DC,0x08063A00,bl,0x0809658E,2
0x080963DC,0x08063CD0,bl,0x080963F4,9
0x080963DC,0x08063E14,bl,0x080963F0,4
0x080963DC,0x080640C8,bl,0x080963EC,2
0x080963DC,0x080640DC,bl,0x08096582,1
0x080963DC,0x08095D40,bl,0x08096440,2
0x080963DC,0x08095E4C,bl,0x08096452,1
0x080963DC,0x08096924,bl,0x0809660A,1
0x080963DC,0x08097088,bl,0x0809657C,1
0x080963DC,0x080CFDCC,bl,0x080964BA,14
0x08096640,0x08006214,bl,0x08096672,1
0x08096640,0x08064188,bl,0x08096648,1
0x08096680,0x080031B8,bl,0x08096690,2
0x08096680,0x08006138,bl,0x080967EC,1
0x08096680,0x080061C0,bl,0x080966B8,4
0x08096680,0x08006214,bl,0x080966E6,2
0x08096680,0x080062C4,bl,0x08096682,1
0x08096680,0x08006338,bl,0x08096696,5
0x08096680,0x0806395C,bl,0x080967E2,1
0x08096680,0x08064CDC,bl,0x0809677C,1
0x08096680,0x08068920,bl,0x080967CA,1
0x08096680,0x08096888,bl,0x080967D6,1
0x08096680,0x080CFDCC,bl,0x080966BE,9
0x0809680C,0x080062C4,bl,0x08096878,1
0x0809680C,0x08006338,bl,0x0809682A,3
0x0809680C,0x080639E0,bl,0x08096824,1
0x0809680C,0x080640C8,bl,0x0809681E,1
0x0809680C,0x080CFDCC,bl,0x0809683A,3
0x08096888,0x080061C0,bl,0x080968A6,1
0x08096888,0x0800622C,bl,0x0809689E,1
0x08096888,0x080968C0,bl,0x080968AA,1
0x080968C0,0x080062C4,bl,0x0809690A,1
0x080968C0,0x08006338,bl,0x080968D8,4
0x080968C0,0x080640C8,bl,0x080968D2,1
0x080968C0,0x080CFDCC,bl,0x080968DE,4
0x08096924,0x08006338,bl,0x0809694A,2
0x08096924,0x08063DF4,bl,0x08096926,1
0x08096924,0x08063E14,bl,0x08096944,2
0x08096924,0x08096888,bl,0x08096954,2
0x08096924,0x080CFDCC,bl,0x08096950,2
0x0809699C,0x08002E98,bl,0x080969AC,1
0x0809699C,0x08068F68,bl,0x080969B4,1
0x0809699C,0x08069B44,bl,0x080969B8,1
0x0809699C,0x08096E9C,bl,0x0809699E,1
0x0809699C,0x08097024,bl,0x080969B0,1
0x080969C8,0x08002E98,bl,0x080969F0,2
0x080969C8,0x08068F68,bl,0x08096A12,1
0x080969C8,0x080692FC,bl,0x080969DC,1
0x080969C8,0x08069B44,bl,0x08096A16,1
0x080969C8,0x08096A40,bl,0x080969CE,1
0x080969C8,0x08096E9C,bl,0x080969CA,1
0x080969C8,0x08097024,bl,0x08096A0E,1
0x08096A28,0x08006148,bl,0x08096A30,1
0x08096A40,0x08006148,bl,0x08096B5C,1
0x08096A40,0x08063DDC,bl,0x08096B46,1
0x08096A40,0x080685EC,bl,0x08096B54,1
0x08096A40,0x08068CF8,bl,0x08096AE2,5
0x08096B7C,0x080031B8,bl,0x08096CCA,1
0x08096B7C,0x0800617C,bl,0x08096CA0,1
0x08096B7C,0x080061C0,bl,0x08096BCA,2
0x08096B7C,0x0800622C,bl,0x08096BD8,1
0x08096B7C,0x080062C4,bl,0x08096BA4,2
0x08096B7C,0x08006338,bl,0x08096BDE,2
0x08096B7C,0x080261D4,bl,0x08096CC4,1
0x08096B7C,0x080639A4,bl,0x08096BBC,1
0x08096B7C,0x080639B4,bl,0x08096BE4,3
0x08096B7C,0x080639E0,bl,0x08096C0E,1
0x08096B7C,0x080639F0,bl,0x08096C08,3
0x08096B7C,0x08063A00,bl,0x08096BF6,3
0x08096B7C,0x080640C8,bl,0x08096B88,1
0x08096B7C,0x080640DC,bl,0x08096C94,1
0x08096B7C,0x08064D34,bl,0x08096BB6,2
0x08096B7C,0x080667C0,bl,0x08096BA0,1
0x08096B7C,0x0806684C,bl,0x08096B98,1
0x08096B7C,0x0806A344,bl,0x08096CFA,1
0x08096B7C,0x0806AD18,bl,0x08096CF6,1
0x08096B7C,0x080CFDCC,bl,0x08096C3E,4
0x08096D20,0x08064188,bl,0x08096D28,1
0x08096D20,0x0806CC90,bl,0x08096D4E,1
0x08096D64,0x080031B8,bl,0x08096DB6,1
0x08096D64,0x08006244,bl,0x08096DB0,2
0x08096D64,0x080062C4,bl,0x08096DDC,1
0x08096D64,0x080261D4,bl,0x08096DBC,1
0x08096DF4,0x08006214,bl,0x08096DFE,1
0x08096E0C,0x080261D4,bl,0x08096E18,1
0x08096E0C,0x08064D34,bl,0x08096E12,1
0x08096E24,0x08005654,bl,0x08096E7E,1
0x08096E24,0x08006148,bl,0x08096E56,1
0x08096E24,0x0806395C,bl,0x08096E4C,1
0x08096E24,0x080689C8,bl,0x08096E3E,1
0x08096E24,0x0806A008,bl,0x08096E26,1
0x08096E9C,0x08003014,bl,0x08096F38,2
0x08096FC0,0x08002EE8,bl,0x08097002,1
0x08096FC0,0x0806395C,bl,0x0809700E,1
0x08097024,0x080639B4,bl,0x0809703C,1
0x08097024,0x080639F0,bl,0x0809706C,1
0x08097024,0x08063A00,bl,0x0809705A,1
0x08097088,0x08063DF4,bl,0x0809708A,1
0x08097088,0x08067120,bl,0x080970B6,1
0x080970C4,0x08002EE8,bl,0x08097102,4
0x080970C4,0x080061C0,bl,0x08097428,3
0x080970C4,0x08006338,bl,0x08097434,7
0x080970C4,0x080CFDCC,bl,0x08097154,8
0x080974C8,0x08005654,bl,0x080974E4,1
0x080974F8,0x0806395C,bl,0x0809756C,1
0x080974F8,0x08066088,bl,0x0809751C,1
0x080974F8,0x08066580,bl,0x08097566,1
0x080974F8,0x080666CC,bl,0x0809752A,1
0x080974F8,0x08067060,bl,0x0809752E,1
0x080974F8,0x080692FC,bl,0x08097524,1
0x080974F8,0x08097580,bl,0x08097520,1
0x080974F8,0x08097694,bl,0x0809753E,1
0x080974F8,0x0809773C,bl,0x08097570,1
0x08097580,0x08063A00,bl,0x08097584,1
0x08097580,0x08063E14,bl,0x08097588,1
0x08097580,0x08066AE0,bl,0x0809759C,1
0x080975AC,0x08002E98,bl,0x080975B8,1
0x080975C8,0x08002E98,bl,0x080975D4,1
0x080975C8,0x08068F68,bl,0x080975E4,1
0x080975C8,0x08069B44,bl,0x080975E8,1
0x080975C8,0x080984B4,bl,0x080975E0,1
0x080975FC,0x08002E98,bl,0x08097656,2
0x080975FC,0x080663F4,bl,0x08097626,1
0x080975FC,0x08066468,bl,0x08097634,1
0x080975FC,0x08068F68,bl,0x08097680,1
0x080975FC,0x080692FC,bl,0x08097642,1
0x080975FC,0x08069B44,bl,0x08097684,1
0x080975FC,0x080984B4,bl,0x0809767C,1
0x08097694,0x080031B8,bl,0x080976DE,1
0x08097694,0x08006138,bl,0x080976FE,1
0x08097694,0x08006338,bl,0x080976B0,2
0x08097694,0x080261D4,bl,0x080976E4,1
0x08097694,0x0806395C,bl,0x08097698,2
0x08097694,0x08066580,bl,0x080976F4,1
0x08097694,0x080CFDCC,bl,0x080976BE,3
0x08097714,0x08006148,bl,0x08097726,1
0x0809773C,0x08002EE8,bl,0x080977AA,2
0x0809773C,0x08006138,bl,0x080977F8,1
0x0809773C,0x080062C4,bl,0x08097768,1
0x0809773C,0x08063CD0,bl,0x0809777C,3
0x0809773C,0x08063E14,bl,0x08097764,1
0x0809773C,0x0809780C,bl,0x080977B4,1
0x0809773C,0x08097844,bl,0x080977CA,1
0x0809773C,0x0809794C,bl,0x080977D0,1
0x0809773C,0x080983A4,bl,0x080977F4,1
0x0809780C,0x08006338,bl,0x08097810,4
0x0809780C,0x080CFDCC,bl,0x08097816,4
0x08097844,0x080061C0,bl,0x08097880,2
0x08097844,0x0800622C,bl,0x0809788E,2
0x08097844,0x080062C4,bl,0x08097846,2
0x08097844,0x08006338,bl,0x0809784C,8
0x08097844,0x080CFDCC,bl,0x08097852,8
0x0809794C,0x080061C0,bl,0x08097986,2
0x0809794C,0x0800622C,bl,0x08097994,2
0x0809794C,0x080062C4,bl,0x0809794E,2
0x0809794C,0x08006338,bl,0x08097954,8
0x0809794C,0x080CFDCC,bl,0x0809795A,8
0x08097A54,0x08006148,bl,0x08097A66,1
0x08097A7C,0x08002EE8,bl,0x08097A9A,1
0x08097A7C,0x080031B8,bl,0x08097B10,1
0x08097A7C,0x08006138,bl,0x08097B32,1
0x08097A7C,0x0800622C,bl,0x08097ACE,1
0x08097A7C,0x080062C4,bl,0x08097A8E,1
0x08097A7C,0x08006338,bl,0x08097AD4,3
0x08097A7C,0x080261D4,bl,0x08097B16,1
0x08097A7C,0x0806395C,bl,0x08097B2E,1
0x08097A7C,0x08063E14,bl,0x08097A92,1
0x08097A7C,0x080CFDCC,bl,0x08097ADA,4
0x08097B4C,0x08006148,bl,0x08097B5E,1
0x08097B74,0x080031B8,bl,0x08097BEE,1
0x08097B74,0x08006138,bl,0x08097C26,1
0x08097B74,0x080061C0,bl,0x08097B8A,2
0x08097B74,0x080062C4,bl,0x08097BCE,2
0x08097B74,0x08006338,bl,0x08097B94,5
0x08097B74,0x0806395C,bl,0x08097C22,1
0x08097B74,0x080640C8,bl,0x08097B8E,2
0x08097B74,0x080640DC,bl,0x08097BD4,1
0x08097B74,0x0806CC90,bl,0x08097BFA,1
0x08097B74,0x080CFDCC,bl,0x08097B9A,7
0x08097C44,0x08006148,bl,0x08097C56,1
0x08097C44,0x08064188,bl,0x08097C6A,1
0x08097C78,0x080031B8,bl,0x08097C86,2
0x08097C78,0x08006138,bl,0x08097D48,1
0x08097C78,0x080061C0,bl,0x08097CAC,2
0x08097C78,0x0800622C,bl,0x08097CBA,1
0x08097C78,0x080062C4,bl,0x08097D08,1
0x08097C78,0x08006338,bl,0x08097CC0,4
0x08097C78,0x080261D4,bl,0x08097C8C,2
0x08097C78,0x0806395C,bl,0x08097D44,1
0x08097C78,0x080639B4,bl,0x08097C92,2
0x08097C78,0x08063A00,bl,0x08097C98,2
0x08097C78,0x0806CC90,bl,0x08097CF0,1
0x08097C78,0x080CFDCC,bl,0x08097CD0,5
0x08097D7C,0x08006148,bl,0x08097D8E,1
0x08097DA4,0x080031B8,bl,0x08097E22,1
0x08097DA4,0x08006138,bl,0x08097E4A,1
0x08097DA4,0x080061C0,bl,0x08097DD0,1
0x08097DA4,0x0800622C,bl,0x08097DDE,1
0x08097DA4,0x080062C4,bl,0x08097E34,1
0x08097DA4,0x08006338,bl,0x08097DE4,3
0x08097DA4,0x080261D4,bl,0x08097E28,1
0x08097DA4,0x0806395C,bl,0x08097E46,1
0x08097DA4,0x08063E14,bl,0x08097DB0,1
0x08097DA4,0x0806CFFC,bl,0x08097E30,1
0x08097DA4,0x080CFDCC,bl,0x08097DF4,3
0x08097E68,0x08006148,bl,0x08097E7A,1
0x08097E90,0x080031B8,bl,0x08097FDA,2
0x08097E90,0x08006138,bl,0x08098084,1
0x08097E90,0x080061C0,bl,0x08097EDA,4
0x08097E90,0x08006214,bl,0x08097F08,2
0x08097E90,0x0800622C,bl,0x08097ECA,1
0x08097E90,0x080062C4,bl,0x08097E9C,1
0x08097E90,0x08006338,bl,0x08097EAA,9
0x08097E90,0x0806395C,bl,0x08098080,1
0x08097E90,0x080640C8,bl,0x08097EA4,1
0x08097E90,0x08068920,bl,0x08097FC8,2
0x08097E90,0x0809809C,bl,0x08097FBC,1
0x08097E90,0x08098140,bl,0x0809800C,1
0x08097E90,0x080CFDCC,bl,0x08097EE0,15
0x0809809C,0x080031B8,bl,0x080980B8,1
0x0809809C,0x08006338,bl,0x080980BE,8
0x0809809C,0x080CFDCC,bl,0x080980C4,8
0x08098140,0x08006338,bl,0x08098144,3
0x08098140,0x080CFDCC,bl,0x0809814A,3
0x0809816C,0x08006148,bl,0x0809817E,1
0x08098194,0x08002EE8,bl,0x080981DE,1
0x08098194,0x080031B8,bl,0x080981F2,1
0x08098194,0x08006138,bl,0x0809824E,1
0x08098194,0x0800622C,bl,0x080981D6,1
0x08098194,0x080062C4,bl,0x080981A4,1
0x08098194,0x08006338,bl,0x080981AE,6
0x08098194,0x0806395C,bl,0x0809824A,1
0x08098194,0x08063E14,bl,0x080981A8,1
0x08098194,0x080640C8,bl,0x080981EA,1
0x08098194,0x080640DC,bl,0x080981C4,1
0x08098194,0x08098450,bl,0x080981F6,1
0x08098194,0x080CFDCC,bl,0x080981B4,7
0x08098268,0x08006148,bl,0x0809827A,1
0x08098268,0x08064188,bl,0x0809828E,1
0x0809829C,0x080061C0,bl,0x080982E4,1
0x0809829C,0x0800622C,bl,0x080982F2,1
0x0809829C,0x080062C4,bl,0x080982A8,2
0x0809829C,0x08006338,bl,0x080982F8,2
0x0809829C,0x080261D4,bl,0x0809834C,1
0x0809829C,0x080639A4,bl,0x080982D2,1
0x0809829C,0x080639B4,bl,0x080982FE,2
0x0809829C,0x08063A00,bl,0x08098322,1
0x0809829C,0x08064D34,bl,0x080982CC,2
0x0809829C,0x080667C0,bl,0x080982C4,1
0x0809829C,0x0806684C,bl,0x080982BC,1
0x0809829C,0x0806A344,bl,0x08098370,1
0x0809829C,0x0806AD18,bl,0x0809836C,1
0x0809829C,0x0806CC90,bl,0x08098362,1
0x0809829C,0x080CFDCC,bl,0x0809830E,3
0x080983A4,0x08002EE8,bl,0x08098404,1
0x080983A4,0x0806395C,bl,0x080983BA,4
0x080983A4,0x08063B38,bl,0x080983CA,1
0x08098450,0x08063E14,bl,0x0809848E,1
0x08098450,0x08064B5C,bl,0x08098496,1
0x080984B4,0x080031B8,bl,0x080984EE,1
0x080984B4,0x08006148,bl,0x0809850A,1
0x080984B4,0x0806395C,bl,0x08098502,1
0x080984B4,0x08063DDC,bl,0x080984E6,1
0x080984B4,0x080685EC,bl,0x080984FC,1
0x080984B4,0x0806914C,bl,0x080984B8,1
0x08098528,0x08006244,bl,0x0809852A,1
0x08098540,0x08006214,bl,0x08098572,1
0x08098540,0x0806395C,bl,0x0809856A,1
0x0809857C,0x080261D4,bl,0x08098588,1
0x0809857C,0x08064D34,bl,0x08098582,1
0x08098594,0x08006148,bl,0x080985C6,1
0x08098594,0x0806395C,bl,0x080985BC,1
0x08098594,0x080689C8,bl,0x080985AE,1
0x08098594,0x0806A008,bl,0x08098596,1
0x080985E0,0x080061C0,bl,0x08098610,1
0x080985E0,0x0800622C,bl,0x0809862A,1
0x080985E0,0x080062C4,bl,0x08098604,1
0x080985E0,0x08063E14,bl,0x08098600,1
0x080985E0,0x080640DC,bl,0x08098686,1
0x080985E0,0x080CFDCC,bl,0x08098690,1
0x0809869C,0x080061C0,bl,0x080986D4,1
0x0809869C,0x08064188,bl,0x080986B0,1
0x0809869C,0x08068E04,bl,0x080986A2,1
0x0809869C,0x080692FC,bl,0x0809869E,1
0x0809869C,0x08069B44,bl,0x080986A6,1
0x0809869C,0x08098748,bl,0x080986BE,1
0x080986EC,0x08006244,bl,0x080986EE,1
0x08098718,0x0806A0F0,bl,0x0809871E,1
0x08098728,0x080261D4,bl,0x0809872C,1
0x08098728,0x0806A25C,bl,0x08098730,1
0x08098748,0x08094D10,bl,0x0809874A,1
0x0809876C,0x080061C0,bl,0x080987B0,2
0x0809876C,0x0800622C,bl,0x080987BE,2
0x0809876C,0x08063E14,bl,0x0809878C,1
0x0809876C,0x080640DC,bl,0x08098792,1
0x0809876C,0x080CFDCC,bl,0x080987CE,3
0x0809887C,0x08064188,bl,0x08098884,1
0x0809887C,0x08068E04,bl,0x08098890,1
0x0809887C,0x080692FC,bl,0x0809888C,1
0x0809887C,0x08069B44,bl,0x08098894,1
0x080988B4,0x0806A25C,bl,0x080988B6,1
0x080988C4,0x08006148,bl,0x080988E4,1
0x080988C4,0x0806395C,bl,0x080988DA,1
0x080988F8,0x08006148,bl,0x080989EC,1
0x080988F8,0x08006338,bl,0x080989D0,1
0x080988F8,0x0806395C,bl,0x080989E2,1
0x080988F8,0x080639E0,bl,0x0809898E,2
0x080988F8,0x08066580,bl,0x080989DC,1
0x080988F8,0x0809A080,bl,0x0809896A,6
0x08098A04,0x08006148,bl,0x08098A88,1
0x08098A04,0x08006244,bl,0x08098A6C,1
0x08098A04,0x0806395C,bl,0x08098A7E,1
0x08098AA0,0x08006148,bl,0x08098ABC,1
0x08098AA0,0x0806395C,bl,0x08098AB2,1
0x08098AA0,0x080639A4,bl,0x08098AA4,1
0x08098AD8,0x080261D4,bl,0x08098AEC,1
0x08098AD8,0x08064D34,bl,0x08098AE6,1
0x08098AFC,0x08005654,bl,0x08098B3C,1
0x08098B60,0x08002EE8,bl,0x08098B64,4
0x08098B60,0x08002F14,bl,0x08098B6C,3
0x08098B60,0x08006148,bl,0x08098C42,1
0x08098B60,0x0806395C,bl,0x08098BA2,4
0x08098B60,0x0806EE2C,bl,0x08098C02,2
0x08098C54,0x08002EE8,bl,0x08098C94,2
0x08098C54,0x08006148,bl,0x08098CAE,2
0x08098C54,0x0806395C,bl,0x08098CA4,2
0x08098CF4,0x08002EE8,bl,0x08098CF8,1
0x08098CF4,0x08002F14,bl,0x08098D00,1
0x08098CF4,0x08006148,bl,0x08098D48,1
0x08098CF4,0x0806395C,bl,0x08098D28,3
0x08098CF4,0x0806EE2C,bl,0x08098D3E,1
0x08098D58,0x08064B5C,bl,0x08098D90,1
0x08098DA4,0x08006148,bl,0x08098DD0,1
0x08098DA4,0x0806395C,bl,0x08098DC6,1
0x08098DA4,0x08063CBC,bl,0x08098DAC,1
0x08098DE4,0x080639B4,bl,0x08098E0A,4
0x08098DE4,0x08063A00,bl,0x08098E10,4
0x08098E64,0x08002E98,bl,0x08098EAC,1
0x08098E64,0x08066088,bl,0x08098E68,1
0x08098E64,0x080666CC,bl,0x08098E90,1
0x08098E64,0x08066AE0,bl,0x08098E9E,1
0x08098ED4,0x08002E98,bl,0x08098F26,1
0x08098ED4,0x0806395C,bl,0x08098EFC,2
0x08098ED4,0x08066580,bl,0x08098F12,1
0x08098ED4,0x08067060,bl,0x08098EE6,1
0x08098F38,0x08002E98,bl,0x08098F80,2
0x08098F38,0x080663F4,bl,0x08098F52,1
0x08098F38,0x08066468,bl,0x08098F60,1
0x08098F38,0x08068F68,bl,0x08098F9E,1
0x08098F38,0x080692FC,bl,0x08098F6E,1
0x08098F38,0x08069B44,bl,0x08098FA2,1
0x08098F38,0x08098DE4,bl,0x08098F9A,1
0x08098FB0,0x08002E98,bl,0x08098FC0,1
0x08098FB0,0x08098AFC,bl,0x08098FB2,1
0x08098FD0,0x080062C4,bl,0x08098FD2,1
0x08098FD0,0x08006338,bl,0x08098FE8,2
0x08098FD0,0x08063E14,bl,0x08098FE2,1
0x08098FD0,0x080CFDCC,bl,0x08098FEE,2
0x08099004,0x08098B60,bl,0x08099014,1
0x08099020,0x08006338,bl,0x08099048,4
0x08099020,0x080CFDCC,bl,0x0809904E,4
0x08099080,0x08006148,bl,0x080990A6,2
0x08099080,0x0806395C,bl,0x0809909C,2
0x080990D4,0x080061C0,bl,0x08099104,2
0x080990D4,0x08006338,bl,0x0809912A,4
0x080990D4,0x08063E14,bl,0x080990E4,1
0x080990D4,0x080CFDCC,bl,0x08099130,4
0x08099180,0x08006148,bl,0x08099198,1
0x08099180,0x0806395C,bl,0x0809918E,1
0x080991AC,0x080031B8,bl,0x080991CE,1
0x080991AC,0x080061C0,bl,0x080991EE,2
0x080991AC,0x08006338,bl,0x08099204,4
0x080991AC,0x0806CC90,bl,0x080991C0,1
0x080991AC,0x080CFDCC,bl,0x0809920A,4
0x08099238,0x08098C54,bl,0x0809923A,1
0x08099244,0x080031B8,bl,0x0809927E,1
0x08099244,0x08006138,bl,0x08099288,1
0x08099244,0x080061C0,bl,0x0809926C,1
0x08099244,0x080062C4,bl,0x08099256,1
0x08099244,0x08006338,bl,0x08099284,1
0x08099244,0x080261D4,bl,0x08099278,1
0x080992AC,0x08006138,bl,0x08099302,1
0x080992AC,0x080061C0,bl,0x080992D0,1
0x080992AC,0x080062C4,bl,0x080992BA,1
0x080992AC,0x08006338,bl,0x080992FE,1
0x080992AC,0x080261D4,bl,0x080992DC,1
0x080992AC,0x0806CAA0,bl,0x080992F8,1
0x080992AC,0x0806CC90,bl,0x080992E8,1
0x0809931C,0x08006148,bl,0x0809933C,1
0x0809931C,0x08006244,bl,0x0809932C,1
0x0809931C,0x0806395C,bl,0x08099332,1
0x08099350,0x080062C4,bl,0x0809935E,1
0x08099350,0x08006338,bl,0x08099364,1
0x08099350,0x080CFDCC,bl,0x08099378,2
0x08099394,0x08006148,bl,0x080993C2,1
0x08099394,0x0806395C,bl,0x080993B8,1
0x08099394,0x080639E0,bl,0x080993B2,1
0x080993DC,0x08006338,bl,0x080993F8,4
0x080993DC,0x080CFDCC,bl,0x080993FE,4
0x08099448,0x08006148,bl,0x08099460,1
0x08099448,0x0806395C,bl,0x08099456,1
0x08099474,0x08006338,bl,0x0809948A,8
0x08099474,0x08063E14,bl,0x08099484,1
0x08099474,0x08064038,bl,0x08099494,6
0x08099474,0x080CFDCC,bl,0x08099490,8
0x08099508,0x08098CF4,bl,0x08099518,1
0x08099524,0x080061C0,bl,0x0809953E,1
0x08099524,0x08006338,bl,0x08099556,3
0x08099524,0x08098D58,bl,0x08099548,1
0x08099524,0x080CFDCC,bl,0x08099560,6
0x080995B8,0x08006148,bl,0x080995DE,1
0x080995B8,0x0806395C,bl,0x080995D4,1
0x080995B8,0x08098DA4,bl,0x080995C8,1
0x080995F4,0x080031B8,bl,0x0809960E,1
0x080995F4,0x080061C0,bl,0x08099620,1
0x080995F4,0x08006338,bl,0x08099634,3
0x080995F4,0x08064038,bl,0x08099616,1
0x080995F4,0x08098D58,bl,0x08099612,1
0x080995F4,0x080CFDCC,bl,0x0809963E,6
0x08099690,0x08006148,bl,0x080996BA,1
0x08099690,0x0806395C,bl,0x080996B0,1
0x08099690,0x08064038,bl,0x080996A0,1
0x08099690,0x08098DA4,bl,0x080996A4,1
0x080996D0,0x080031B8,bl,0x080996EC,1
0x080996D0,0x080061C0,bl,0x080996E4,1
0x080996D0,0x08006338,bl,0x080996F6,4
0x080996D0,0x08098D58,bl,0x080996F0,1
0x080996D0,0x080CFDCC,bl,0x080996FC,4
0x08099734,0x08006148,bl,0x0809975A,1
0x08099734,0x0806395C,bl,0x08099750,1
0x08099734,0x08098DA4,bl,0x08099744,1
0x08099770,0x080061C0,bl,0x0809978C,2
0x08099770,0x080062C4,bl,0x08099780,3
0x08099770,0x08006338,bl,0x080997A2,4
0x08099770,0x080CFDCC,bl,0x08099792,5
0x080997E4,0x08006148,bl,0x08099804,1
0x080997E4,0x0806395C,bl,0x080997FA,1
0x08099818,0x08006138,bl,0x0809986E,1
0x08099818,0x080061C0,bl,0x0809984C,1
0x08099818,0x08006338,bl,0x0809986A,1
0x08099818,0x080639A4,bl,0x08099826,1
0x08099818,0x080667C0,bl,0x08099844,1
0x08099818,0x0806684C,bl,0x0809983C,1
0x08099818,0x0806CAA0,bl,0x08099864,1
0x08099890,0x080663F4,bl,0x08099896,1
0x080998A4,0x08006138,bl,0x080998EE,1
0x080998A4,0x080061C0,bl,0x080998D8,1
0x080998A4,0x080062C4,bl,0x080998D0,1
0x080998A4,0x08006338,bl,0x080998EA,1
0x080998A4,0x0806CAA0,bl,0x080998BA,1
0x080998A4,0x0806CC90,bl,0x080998C6,1
0x08099908,0x08006148,bl,0x0809992C,1
0x08099908,0x0806395C,bl,0x08099922,1
0x08099908,0x080663F4,bl,0x0809990E,1
0x08099944,0x08006138,bl,0x0809997C,1
0x08099944,0x080062C4,bl,0x0809995E,1
0x08099944,0x08006338,bl,0x08099964,1
0x08099944,0x0806AD18,bl,0x08099972,1
0x08099944,0x0806CAA0,bl,0x0809995A,1
0x08099944,0x080CFDCC,bl,0x0809996A,1
0x0809998C,0x08006148,bl,0x080999AA,1
0x0809998C,0x080663F4,bl,0x08099992,1
0x080999C4,0x08006338,bl,0x080999D6,4
0x080999C4,0x080CFDCC,bl,0x080999DC,4
0x08099A10,0x08006138,bl,0x08099A48,1
0x08099A10,0x080062C4,bl,0x08099A1A,1
0x08099A10,0x08006338,bl,0x08099A20,3
0x08099A10,0x0806395C,bl,0x08099A44,1
0x08099A10,0x080CFDCC,bl,0x08099A26,3
0x08099A54,0x08006148,bl,0x08099A66,1
0x08099A7C,0x08006338,bl,0x08099A9A,4
0x08099A7C,0x080CFDCC,bl,0x08099AA0,4
0x08099AEC,0x08006148,bl,0x08099B0C,1
0x08099AEC,0x0806395C,bl,0x08099B02,1
0x08099B20,0x080031B8,bl,0x08099BA4,1
0x08099B20,0x08006148,bl,0x08099C32,1
0x08099B20,0x080062C4,bl,0x08099BCE,1
0x08099B20,0x08006338,bl,0x08099BBC,2
0x08099B20,0x080261D4,bl,0x08099B9E,1
0x08099B20,0x0806395C,bl,0x08099C28,1
0x08099B20,0x08066580,bl,0x08099C22,1
0x08099B20,0x0806CFFC,bl,0x08099BCA,2
0x08099B20,0x0809A080,bl,0x08099BB2,8
0x08099C4C,0x08006148,bl,0x08099D28,1
0x08099C4C,0x08006214,bl,0x08099D12,1
0x08099C4C,0x080062C4,bl,0x08099CF8,1
0x08099C4C,0x0806395C,bl,0x08099CCA,3
0x08099C4C,0x080639E0,bl,0x08099CD0,3
0x08099D40,0x080261D4,bl,0x08099D54,1
0x08099D40,0x08064D34,bl,0x08099D4E,1
0x08099D64,0x080034F0,bl,0x08099D74,1
0x08099D64,0x08006148,bl,0x08099D90,1
0x08099D64,0x0806395C,bl,0x08099D86,1
0x08099D64,0x080639A4,bl,0x08099D7A,1
0x08099DB0,0x08006148,bl,0x08099DD8,1
0x08099DB0,0x0806395C,bl,0x08099DCE,1
0x08099DEC,0x08002EE8,bl,0x08099E3A,3
0x08099DEC,0x08006148,bl,0x08099E7C,1
0x08099DEC,0x0806395C,bl,0x08099E42,2
0x08099DEC,0x08063CD0,bl,0x08099DF8,1
0x08099DEC,0x08063D2C,bl,0x08099DEE,3
0x08099E9C,0x08064B5C,bl,0x08099ED4,1
0x08099EE4,0x08002EE8,bl,0x08099F58,1
0x08099EE4,0x08021A40,bl,0x08099F46,1
0x08099EE4,0x08064B5C,bl,0x08099F9C,1
0x08099FB4,0x08063CD0,bl,0x08099FB6,1
0x0809A03C,0x080639B4,bl,0x0809A04E,2
0x0809A03C,0x08063A00,bl,0x0809A054,2
0x0809A080,0x080031B8,bl,0x0809A09A,1
0x0809A080,0x080261D4,bl,0x0809A08C,2
0x0809A0A8,0x08002E98,bl,0x0809A0F2,1
0x0809A0A8,0x08063E14,bl,0x0809A0B0,1
0x0809A0A8,0x08066088,bl,0x0809A0AC,1
0x0809A0A8,0x080666CC,bl,0x0809A0E0,1
0x0809A0A8,0x08066AE0,bl,0x0809A0E4,1
0x0809A118,0x08002E98,bl,0x0809A168,1
0x0809A118,0x0806395C,bl,0x0809A138,3
0x0809A118,0x08066580,bl,0x0809A14E,1
0x0809A118,0x08067060,bl,0x0809A122,1
0x0809A17C,0x08002E98,bl,0x0809A1C4,2
0x0809A17C,0x080663F4,bl,0x0809A196,1
0x0809A17C,0x08066468,bl,0x0809A1A4,1
0x0809A17C,0x08068F68,bl,0x0809A1E2,1
0x0809A17C,0x080692FC,bl,0x0809A1B2,1
0x0809A17C,0x08069B44,bl,0x0809A1E6,1
0x0809A17C,0x0809A03C,bl,0x0809A1DE,1
0x0809A1F4,0x08002E98,bl,0x0809A204,1
0x0809A1F4,0x08098AFC,bl,0x0809A1F6,1
0x0809A214,0x08006138,bl,0x0809A262,1
0x0809A214,0x080062C4,bl,0x0809A226,1
0x0809A214,0x08006338,bl,0x0809A232,3
0x0809A214,0x080CFDCC,bl,0x0809A238,2
0x0809A270,0x08006148,bl,0x0809A28C,1
0x0809A270,0x0806395C,bl,0x0809A282,1
0x0809A2A0,0x08006138,bl,0x0809A2B4,1
0x0809A2A0,0x080062C4,bl,0x0809A2B0,1
0x0809A2C0,0x08099DB0,bl,0x0809A2D8,1
0x0809A2C0,0x08099DEC,bl,0x0809A2CC,1
0x0809A2E8,0x08006138,bl,0x0809A318,1
0x0809A2E8,0x080062C4,bl,0x0809A302,1
0x0809A2E8,0x08006338,bl,0x0809A2FE,1
0x0809A32C,0x08006148,bl,0x0809A35C,1
0x0809A32C,0x0806395C,bl,0x0809A344,2
0x0809A36C,0x080061C0,bl,0x0809A398,2
0x0809A36C,0x08006338,bl,0x0809A39E,2
0x0809A36C,0x080CFDCC,bl,0x0809A3A4,8
0x0809A434,0x08006148,bl,0x0809A450,1
0x0809A434,0x0806395C,bl,0x0809A446,1
0x0809A464,0x08006138,bl,0x0809A4E2,1
0x0809A464,0x080061C0,bl,0x0809A4CE,2
0x0809A464,0x08006338,bl,0x0809A484,3
0x0809A464,0x08063E14,bl,0x0809A470,1
0x0809A464,0x080CFDCC,bl,0x0809A48A,2
0x0809A4F0,0x08006148,bl,0x0809A512,1
0x0809A4F0,0x0806395C,bl,0x0809A508,1
0x0809A528,0x08006138,bl,0x0809A61A,1
0x0809A528,0x080061C0,bl,0x0809A53E,1
0x0809A528,0x080062C4,bl,0x0809A536,1
0x0809A528,0x08006338,bl,0x0809A566,2
0x0809A528,0x08063E14,bl,0x0809A532,1
0x0809A528,0x080CFDCC,bl,0x0809A56C,14
0x0809A624,0x08006148,bl,0x0809A640,1
0x0809A624,0x0806395C,bl,0x0809A636,1
0x0809A654,0x08006138,bl,0x0809A734,1
0x0809A654,0x080061C0,bl,0x0809A696,2
0x0809A654,0x080062C4,bl,0x0809A676,1
0x0809A654,0x08006338,bl,0x0809A69C,3
0x0809A654,0x0806CC90,bl,0x0809A66C,1
0x0809A654,0x080CFDCC,bl,0x0809A6A2,10
0x0809A744,0x08006148,bl,0x0809A76A,2
0x0809A744,0x0806395C,bl,0x0809A760,2
0x0809A744,0x08063CD0,bl,0x0809A750,1
0x0809A798,0x08006138,bl,0x0809A7C6,1
0x0809A798,0x080062C4,bl,0x0809A7AA,1
0x0809A798,0x08006338,bl,0x0809A7C2,1
0x0809A7DC,0x0800634C,bl,0x0809A812,1
0x0809A7DC,0x08006364,bl,0x0809A7FC,1
0x0809A7DC,0x08099E9C,bl,0x0809A7EC,1
0x0809A7DC,0x080CFDCC,bl,0x0809A802,4
0x0809A82C,0x08006148,bl,0x0809A852,1
0x0809A82C,0x0806395C,bl,0x0809A848,1
0x0809A82C,0x08099DB0,bl,0x0809A83C,1
0x0809A868,0x08006138,bl,0x0809A8A0,1
0x0809A868,0x080062C4,bl,0x0809A87E,1
0x0809A868,0x08006338,bl,0x0809A896,1
0x0809A868,0x08063E14,bl,0x0809A874,1
0x0809A868,0x080CFDCC,bl,0x0809A89C,1
0x0809A8B8,0x08006138,bl,0x0809A8FE,1
0x0809A8B8,0x080061C0,bl,0x0809A8E8,1
0x0809A8B8,0x080062C4,bl,0x0809A8CE,1
0x0809A8B8,0x08006338,bl,0x0809A8EE,2
0x0809A8B8,0x08063E14,bl,0x0809A8C4,1
0x0809A8B8,0x080CFDCC,bl,0x0809A8F4,1
0x0809A91C,0x080031B8,bl,0x0809A932,1
0x0809A91C,0x080062C4,bl,0x0809A92C,1
0x0809A91C,0x0800634C,bl,0x0809A956,1
0x0809A91C,0x08006364,bl,0x0809A940,1
0x0809A91C,0x080CFDCC,bl,0x0809A946,4
0x0809A974,0x080031B8,bl,0x0809A9A2,4
0x0809A974,0x080034F0,bl,0x0809A9F4,1
0x0809A974,0x08006148,bl,0x0809AA0E,1
0x0809A974,0x0806395C,bl,0x0809AA04,1
0x0809A974,0x08099DB0,bl,0x0809A9F8,1
0x0809A974,0x08099EE4,bl,0x0809A9A8,4
0x0809AA24,0x08002EE8,bl,0x0809AA30,1
0x0809AA24,0x080031B8,bl,0x0809AA46,1
0x0809AA24,0x08006338,bl,0x0809AA6C,2
0x0809AA24,0x080CFDCC,bl,0x0809AA66,10
0x0809AAF0,0x08006148,bl,0x0809AB0C,3
0x0809AAF0,0x0806395C,bl,0x0809AB02,3
0x0809AAF0,0x08063CD0,bl,0x0809AB18,2
0x0809AB70,0x080061C0,bl,0x0809ABA4,2
0x0809AB70,0x0800634C,bl,0x0809ABE2,2
0x0809AB70,0x08006364,bl,0x0809ABCC,2
0x0809AB70,0x08099E9C,bl,0x0809AC10,1
0x0809AB70,0x080CFDCC,bl,0x0809ABD2,8
0x0809AC54,0x08006148,bl,0x0809AC9A,1
0x0809AC54,0x080062C4,bl,0x0809AC74,1
0x0809AC54,0x0806395C,bl,0x0809AC90,1
0x0809AC54,0x08099DB0,bl,0x0809AC8A,1
0x0809ACBC,0x08006138,bl,0x0809AD62,1
0x0809ACBC,0x08006338,bl,0x0809ACE6,10
0x0809ACBC,0x08063E14,bl,0x0809ACC6,1
0x0809ACBC,0x080CFDCC,bl,0x0809ACEC,10
0x0809AD6C,0x08006148,bl,0x0809ADC4,2
0x0809AD6C,0x08021A40,bl,0x0809ADA6,1
0x0809AD6C,0x0806395C,bl,0x0809ADBA,2
0x0809AD6C,0x08099FB4,bl,0x0809AD7C,1
0x0809ADF4,0x08006138,bl,0x0809AE28,1
0x0809ADF4,0x08006338,bl,0x0809AE24,1
0x0809ADF4,0x080261D4,bl,0x0809AE1E,1
0x0809AE40,0x080062C4,bl,0x0809AE5C,1
0x0809AE40,0x08006338,bl,0x0809AE62,1
0x0809AE40,0x0806CAA0,bl,0x0809AE58,1
0x0809AE40,0x08099FE8,bl,0x0809AE76,6
0x0809AE40,0x0809A00C,bl,0x0809AE6C,6
0x0809AE40,0x080CFDCC,bl,0x0809AE68,12
0x0809AEFC,0x08006148,bl,0x0809AF36,1
0x0809AEFC,0x0806395C,bl,0x0809AF2C,1
0x0809AEFC,0x080639E0,bl,0x0809AF26,1
0x0809AF4C,0x080061C0,bl,0x0809AF64,1
0x0809AF4C,0x08006338,bl,0x0809AF6A,4
0x0809AF4C,0x08063E14,bl,0x0809AF5C,1
0x0809AF4C,0x08099FD0,bl,0x0809AFB0,2
0x0809AF4C,0x080CFDCC,bl,0x0809AF70,17
0x0809B09C,0x08002EE8,bl,0x0809B0B0,1
0x0809B09C,0x08006148,bl,0x0809B0C2,2
0x0809B09C,0x0806395C,bl,0x0809B0B8,2
0x0809B09C,0x08099FB4,bl,0x0809B0D2,1
0x0809B104,0x08006338,bl,0x0809B110,16
0x0809B104,0x08099FD0,bl,0x0809B13E,2
0x0809B104,0x080CFDCC,bl,0x0809B116,16
0x0809B214,0x08006138,bl,0x0809B270,1
0x0809B214,0x080061C0,bl,0x0809B24E,1
0x0809B214,0x08006338,bl,0x0809B26C,1
0x0809B214,0x080639A4,bl,0x0809B222,1
0x0809B214,0x080639E0,bl,0x0809B228,1
0x0809B214,0x080667C0,bl,0x0809B246,1
0x0809B214,0x0806684C,bl,0x0809B23E,1
0x0809B214,0x0806CAA0,bl,0x0809B266,1
0x0809B298,0x080663F4,bl,0x0809B29E,1
0x0809B2AC,0x08006138,bl,0x0809B2F6,1
0x0809B2AC,0x080061C0,bl,0x0809B2E0,1
0x0809B2AC,0x080062C4,bl,0x0809B2D8,1
0x0809B2AC,0x08006338,bl,0x0809B2F2,1
0x0809B2AC,0x0806CAA0,bl,0x0809B2C2,1
0x0809B2AC,0x0806CC90,bl,0x0809B2CE,1
0x0809B310,0x08006148,bl,0x0809B334,1
0x0809B310,0x0806395C,bl,0x0809B32A,1
0x0809B310,0x080663F4,bl,0x0809B316,1
0x0809B34C,0x08006138,bl,0x0809B384,1
0x0809B34C,0x080062C4,bl,0x0809B366,1
0x0809B34C,0x08006338,bl,0x0809B36C,1
0x0809B34C,0x0806AD18,bl,0x0809B37A,1
0x0809B34C,0x0806CAA0,bl,0x0809B362,1
0x0809B34C,0x080CFDCC,bl,0x0809B372,1
0x0809B394,0x08006148,bl,0x0809B3B8,1
0x0809B394,0x080062C4,bl,0x0809B3A8,1
0x0809B394,0x080663F4,bl,0x0809B39A,1
0x0809B3D4,0x08006138,bl,0x0809B3F8,1
0x0809B3D4,0x08006338,bl,0x0809B3EE,1
0x0809B3D4,0x080CFDCC,bl,0x0809B3F4,1
0x0809B408,0x08006138,bl,0x0809B42A,1
0x0809B408,0x08006338,bl,0x0809B426,1
0x0809B454,0x08006148,bl,0x0809B46C,1
0x0809B454,0x080061C0,bl,0x0809B49C,2
0x0809B454,0x0806395C,bl,0x0809B462,1
0x0809B4DC,0x08006148,bl,0x0809B4EA,1
0x0809B4DC,0x0806395C,bl,0x0809B4E0,1
0x0809B4FC,0x08063D2C,bl,0x0809B4FE,1
0x0809B528,0x08002E98,bl,0x0809B55E,1
0x0809B57C,0x08002E98,bl,0x0809B59E,1
0x0809B57C,0x0806395C,bl,0x0809B592,1
0x0809B5B4,0x08002E98,bl,0x0809B5CA,1
0x0809B5B4,0x08068E04,bl,0x0809B5D8,1
0x0809B5B4,0x080692FC,bl,0x0809B5B6,1
0x0809B5B4,0x08069B44,bl,0x0809B5DC,1
0x0809B5EC,0x08002E98,bl,0x0809B5F8,1
0x0809B608,0x080031B8,bl,0x0809B62C,1
0x0809B608,0x08006138,bl,0x0809B68E,1
0x0809B608,0x0800634C,bl,0x0809B614,1
0x0809B608,0x080639B4,bl,0x0809B65E,1
0x0809B608,0x0806DF28,bl,0x0809B634,1
0x0809B608,0x080CFDCC,bl,0x0809B640,6
0x0809B6AC,0x08006148,bl,0x0809B6DE,1
0x0809B6AC,0x0806395C,bl,0x0809B6D4,1
0x0809B6F8,0x080031B8,bl,0x0809B718,1
0x0809B6F8,0x08005654,bl,0x0809B72A,1
0x0809B6F8,0x08006138,bl,0x0809B77E,1
0x0809B6F8,0x080061C0,bl,0x0809B756,2
0x0809B6F8,0x0809B4FC,bl,0x0809B732,1
0x0809B794,0x08005654,bl,0x0809B7C0,1
0x0809B794,0x080062C4,bl,0x0809B7AE,1
0x0809B794,0x0800634C,bl,0x0809B7CA,1
0x0809B794,0x08063FE0,bl,0x0809B7D8,1
0x0809B794,0x0806D65C,bl,0x0809B7D4,1
0x0809B794,0x080CFDCC,bl,0x0809B7D0,1
0x0809B7F0,0x08002E98,bl,0x0809B812,1
0x0809B830,0x08002E98,bl,0x0809B852,1
0x0809B830,0x0806395C,bl,0x0809B846,1
0x0809B868,0x08002E98,bl,0x0809B874,2
0x0809B868,0x08068E04,bl,0x0809B890,1
0x0809B868,0x08069B44,bl,0x0809B894,1
0x0809B8C8,0x080031B8,bl,0x0809B8E0,1
0x0809B8C8,0x08006338,bl,0x0809B8D4,7
0x0809B8C8,0x080639B4,bl,0x0809B8EA,4
0x0809B8C8,0x080CFDCC,bl,0x0809B8F6,6
0x0809B964,0x080034F0,bl,0x0809B9A6,1
0x0809B964,0x08063FE0,bl,0x0809B9AA,1
0x0809B9C0,0x08006148,bl,0x0809B9CE,1
0x0809B9C0,0x0806395C,bl,0x0809B9C4,1
0x0809B9E0,0x08006148,bl,0x0809B9EE,1
0x0809B9E0,0x0806395C,bl,0x0809B9E4,1
0x0809BA00,0x08002E98,bl,0x0809BA28,1
0x0809BA44,0x08002E98,bl,0x0809BA7A,1
0x0809BA44,0x0806395C,bl,0x0809BA6E,1
0x0809BA94,0x08002E98,bl,0x0809BAAA,1
0x0809BA94,0x08006148,bl,0x0809BAC4,1
0x0809BA94,0x0806395C,bl,0x0809BABA,1
0x0809BA94,0x08068E04,bl,0x0809BAD2,1
0x0809BA94,0x0806951C,bl,0x0809BA96,1
0x0809BA94,0x08069B44,bl,0x0809BAD6,1
0x0809BAEC,0x08002E98,bl,0x0809BAF8,1
0x0809BB08,0x08006138,bl,0x0809BB52,1
0x0809BB08,0x0800634C,bl,0x0809BB42,2
0x0809BB08,0x080CFDCC,bl,0x0809BB48,1
0x0809BB6C,0x08006138,bl,0x0809BBC2,1
0x0809BB6C,0x080062C4,bl,0x0809BB82,1
0x0809BB6C,0x08063FE0,bl,0x0809BBBE,1
0x0809BB6C,0x080CFDCC,bl,0x0809BB9E,3
0x0809BBD8,0x08006138,bl,0x0809BC06,1
0x0809BBD8,0x08066544,bl,0x0809BBE6,1
0x0809BBD8,0x08067108,bl,0x0809BBE2,1
0x0809BBD8,0x08067114,bl,0x0809BBF6,1
0x0809BBD8,0x0809BFAC,bl,0x0809BBF2,1
0x0809BBD8,0x0809C028,bl,0x0809BBDA,1
0x0809BBD8,0x0809C0A8,bl,0x0809BBEA,1
0x0809BBD8,0x0809FBD0,bl,0x0809BBDE,1
0x0809BBD8,0x0809FC08,bl,0x0809BBEE,1
0x0809BC1C,0x08003014,bl,0x0809BDEA,4
0x0809BC1C,0x0800A554,bl,0x0809BF10,1
0x0809BC1C,0x080262E8,bl,0x0809BF0C,1
0x0809BC1C,0x08063FE0,bl,0x0809BF14,1
0x0809BC1C,0x08064F28,bl,0x0809BC58,4
0x0809BF2C,0x0800A42C,bl,0x0809BF96,1
0x0809BFAC,0x080017E4,bl,0x0809BFB8,5
0x0809C028,0x08063908,bl,0x0809C05C,1
0x0809C0A8,0x08006214,bl,0x0809C1A8,1
0x0809C0A8,0x08006244,bl,0x0809C2A2,2
0x0809C0A8,0x0800625C,bl,0x0809C248,2
0x0809C0A8,0x080CFDCC,bl,0x0809C0F4,44
0x0809C404,0x0809C490,bl,0x0809C468,1
0x0809C404,0x0809D13C,bl,0x0809C46E,1
0x0809C404,0x0809DC7C,bl,0x0809C474,1
0x0809C404,0x0809E824,bl,0x0809C47A,1
0x0809C404,0x0809F61C,bl,0x0809C480,1
0x0809C404,0x0809F7E4,bl,0x0809C486,1
0x0809C404,0x0809F818,bl,0x0809C42A,1
0x0809C490,0x08002E98,bl,0x0809C4B2,1
0x0809C490,0x08063908,bl,0x0809C4A0,1
0x0809C4D0,0x0809C5A4,bl,0x0809C4FA,1
0x0809C4D0,0x0809F8D4,bl,0x0809C4E4,1
0x0809C50C,0x08002E98,bl,0x0809C518,1
0x0809C528,0x08002E98,bl,0x0809C53E,1
0x0809C528,0x08068E04,bl,0x0809C564,1
0x0809C528,0x080692FC,bl,0x0809C52A,1
0x0809C528,0x08069B44,bl,0x0809C568,1
0x0809C528,0x0809F9DC,bl,0x0809C550,1
0x0809C528,0x0809FB10,bl,0x0809C560,1
0x0809C570,0x080061C0,bl,0x0809C58E,1
0x0809C570,0x0809C5A4,bl,0x0809C592,1
0x0809C570,0x0809F90C,bl,0x0809C580,1
0x0809C570,0x0809F91C,bl,0x0809C584,1
0x0809C5A4,0x080CFDCC,bl,0x0809C5B0,10
0x0809C638,0x08002EE8,bl,0x0809C6C4,2
0x0809C638,0x08006148,bl,0x0809C71E,2
0x0809C638,0x0806395C,bl,0x0809C69E,5
0x0809C638,0x08063CD0,bl,0x0809C65C,5
0x0809C638,0x08063D2C,bl,0x0809C678,5
0x0809C638,0x0809F930,bl,0x0809C642,1
0x0809C638,0x0809F994,bl,0x0809C63A,1
0x0809C74C,0x080031B8,bl,0x0809C788,1
0x0809C74C,0x08006138,bl,0x0809C826,1
0x0809C74C,0x080061C0,bl,0x0809C794,3
0x0809C74C,0x080062C4,bl,0x0809C75E,2
0x0809C74C,0x0806395C,bl,0x0809C822,1
0x0809C74C,0x0809F90C,bl,0x0809C762,1
0x0809C74C,0x0809F930,bl,0x0809C81C,1
0x0809C74C,0x080CFDCC,bl,0x0809C772,11
0x0809C840,0x08006148,bl,0x0809C852,1
0x0809C840,0x08068CF8,bl,0x0809C866,1
0x0809C880,0x08006138,bl,0x0809C8EA,1
0x0809C880,0x080062C4,bl,0x0809C88C,1
0x0809C880,0x0806395C,bl,0x0809C8E6,1
0x0809C880,0x0809CF04,bl,0x0809C8D4,1
0x0809C880,0x0809F90C,bl,0x0809C894,1
0x0809C880,0x080CFDCC,bl,0x0809C8A0,6
0x0809C8F8,0x08006148,bl,0x0809C90A,2
0x0809C938,0x08006138,bl,0x0809C976,1
0x0809C938,0x0806395C,bl,0x0809C972,1
0x0809C938,0x080CFDCC,bl,0x0809C948,4
0x0809C984,0x08006138,bl,0x0809C9FA,1
0x0809C984,0x0800622C,bl,0x0809C9A2,1
0x0809C984,0x080062C4,bl,0x0809C990,1
0x0809C984,0x0809CF04,bl,0x0809C9F0,1
0x0809C984,0x0809F90C,bl,0x0809C994,1
0x0809C984,0x080CFDCC,bl,0x0809C9B4,6
0x0809CA10,0x08006138,bl,0x0809CA9A,1
0x0809CA10,0x0800622C,bl,0x0809CA82,1
0x0809CA10,0x080062C4,bl,0x0809CA1A,1
0x0809CA10,0x08063FF4,bl,0x0809CA96,1
0x0809CA10,0x0809CF04,bl,0x0809CA68,1
0x0809CA10,0x0809F960,bl,0x0809CA1E,1
0x0809CA10,0x080CFDCC,bl,0x0809CA2C,8
0x0809CAB0,0x080031B8,bl,0x0809CAF6,1
0x0809CAB0,0x080061C0,bl,0x0809CB00,3
0x0809CAB0,0x080062C4,bl,0x0809CAD8,2
0x0809CAB0,0x0809F8D4,bl,0x0809CAC2,1
0x0809CAB0,0x080CFDCC,bl,0x0809CAE4,11
0x0809CB90,0x08068CF8,bl,0x0809CBCE,1
0x0809CB90,0x08068E04,bl,0x0809CBB4,1
0x0809CB90,0x080692FC,bl,0x0809CB92,1
0x0809CB90,0x08069B44,bl,0x0809CBB8,1
0x0809CB90,0x0809F970,bl,0x0809CC12,1
0x0809CB90,0x0809F994,bl,0x0809CBD2,1
0x0809CB90,0x0809F9DC,bl,0x0809CBA4,1
0x0809CB90,0x0809FB10,bl,0x0809CBB0,1
0x0809CC24,0x080061C0,bl,0x0809CC40,5
0x0809CC24,0x0806395C,bl,0x0809CCF8,1
0x0809CC24,0x0809C5A4,bl,0x0809CD2C,1
0x0809CC24,0x0809F8D4,bl,0x0809CC34,1
0x0809CC24,0x080CFDCC,bl,0x0809CC54,12
0x0809CD4C,0x08068E04,bl,0x0809CD80,1
0x0809CD4C,0x080692FC,bl,0x0809CD4E,1
0x0809CD4C,0x08069B44,bl,0x0809CD84,1
0x0809CD4C,0x0809F930,bl,0x0809CD60,1
0x0809CD4C,0x0809F994,bl,0x0809CD58,1
0x0809CD4C,0x0809F9DC,bl,0x0809CD72,1
0x0809CD4C,0x0809FB10,bl,0x0809CD7C,1
0x0809CD8C,0x080061C0,bl,0x0809CDA8,5
0x0809CD8C,0x0806395C,bl,0x0809CE74,1
0x0809CD8C,0x0809C5A4,bl,0x0809CEA2,1
0x0809CD8C,0x0809F8D4,bl,0x0809CD9C,1
0x0809CD8C,0x080CFDCC,bl,0x0809CDBC,13
0x0809CEC4,0x08068E04,bl,0x0809CEF8,1
0x0809CEC4,0x080692FC,bl,0x0809CEC6,1
0x0809CEC4,0x08069B44,bl,0x0809CEFC,1
0x0809CEC4,0x0809F930,bl,0x0809CED8,1
0x0809CEC4,0x0809F994,bl,0x0809CED0,1
0x0809CEC4,0x0809F9DC,bl,0x0809CEEA,1
0x0809CEC4,0x0809FB10,bl,0x0809CEF4,1
0x0809CF04,0x080031B8,bl,0x0809CF0A,1
0x0809CF04,0x08064B5C,bl,0x0809CF44,1
0x0809CF60,0x080061C0,bl,0x0809CF88,1
0x0809CF60,0x08006338,bl,0x0809CF96,4
0x0809CF60,0x08064A60,bl,0x0809CF7E,1
0x0809CF60,0x080CFDCC,bl,0x0809CF9C,4
0x0809CFE0,0x08063EB0,bl,0x0809D05A,1
0x0809CFE0,0x08063FE0,bl,0x0809D076,1
0x0809CFE0,0x08068E04,bl,0x0809D090,1
0x0809CFE0,0x08069B44,bl,0x0809D094,1
0x0809D0A0,0x08006148,bl,0x0809D0C8,1
0x0809D0A0,0x08006244,bl,0x0809D0B8,1
0x0809D0A0,0x0806395C,bl,0x0809D0BE,1
0x0809D0DC,0x08006214,bl,0x0809D102,1
0x0809D0DC,0x0809F930,bl,0x0809D118,1
0x0809D0DC,0x0809F970,bl,0x0809D12E,1
0x0809D13C,0x08002E98,bl,0x0809D15E,1
0x0809D13C,0x08063908,bl,0x0809D14C,1
0x0809D17C,0x0806523C,bl,0x0809D17E,1
0x0809D17C,0x0809D994,bl,0x0809D182,1
0x0809D18C,0x0806395C,bl,0x0809D1A4,1
0x0809D18C,0x0809D2A4,bl,0x0809D1AE,1
0x0809D18C,0x0809D8F8,bl,0x0809D19E,1
0x0809D18C,0x0809F90C,bl,0x0809D19A,1
0x0809D1C0,0x08002E98,bl,0x0809D1CC,1
0x0809D1DC,0x08002E98,bl,0x0809D226,1
0x0809D1DC,0x08068E04,bl,0x0809D24C,1
0x0809D1DC,0x080692FC,bl,0x0809D1DE,1
0x0809D1DC,0x08069B44,bl,0x0809D250,1
0x0809D1DC,0x0809DBC4,bl,0x0809D1F0,1
0x0809D1DC,0x0809DC3C,bl,0x0809D21A,1
0x0809D1DC,0x0809F994,bl,0x0809D1E8,1
0x0809D1DC,0x0809F9DC,bl,0x0809D238,1
0x0809D1DC,0x0809FB10,bl,0x0809D248,1
0x0809D25C,0x0806395C,bl,0x0809D26E,1
0x0809D25C,0x0809D280,bl,0x0809D272,1
0x0809D280,0x0809D2A4,bl,0x0809D298,1
0x0809D280,0x0809D8F8,bl,0x0809D294,1
0x0809D280,0x0809F90C,bl,0x0809D290,1
0x0809D280,0x080CFDCC,bl,0x0809D28C,1
0x0809D2A4,0x08006338,bl,0x0809D2A8,8
0x0809D2A4,0x080CFDCC,bl,0x0809D2AE,8
0x0809D30C,0x08006138,bl,0x0809D410,1
0x0809D30C,0x080061C0,bl,0x0809D32E,1
0x0809D30C,0x080062C4,bl,0x0809D318,1
0x0809D30C,0x08006338,bl,0x0809D340,17
0x0809D30C,0x0806395C,bl,0x0809D40C,1
0x0809D30C,0x0809D6DC,bl,0x0809D320,1
0x0809D30C,0x0809F90C,bl,0x0809D31C,1
0x0809D30C,0x080CFDCC,bl,0x0809D346,17
0x0809D42C,0x08006148,bl,0x0809D43E,1
0x0809D42C,0x08068CF8,bl,0x0809D460,2
0x0809D4A0,0x080062C4,bl,0x0809D4AC,1
0x0809D4A0,0x08006338,bl,0x0809D4CC,12
0x0809D4A0,0x0809D6DC,bl,0x0809D4B4,1
0x0809D4A0,0x0809D944,bl,0x0809D4EE,1
0x0809D4A0,0x0809F90C,bl,0x0809D4B0,1
0x0809D4A0,0x080CFDCC,bl,0x0809D4D2,12
0x0809D56C,0x080031B8,bl,0x0809D598,1
0x0809D56C,0x080062C4,bl,0x0809D578,1
0x0809D56C,0x08006338,bl,0x0809D59E,8
0x0809D56C,0x0809D6DC,bl,0x0809D580,1
0x0809D56C,0x0809F90C,bl,0x0809D57C,1
0x0809D56C,0x080CFDCC,bl,0x0809D5A4,8
0x0809D608,0x08068CF8,bl,0x0809D628,1
0x0809D638,0x08006138,bl,0x0809D6A6,1
0x0809D638,0x08006338,bl,0x0809D642,8
0x0809D638,0x0806395C,bl,0x0809D6A2,1
0x0809D638,0x080CFDCC,bl,0x0809D648,8
0x0809D6B4,0x08006148,bl,0x0809D6C6,1
0x0809D6DC,0x08006338,bl,0x0809D6EA,2
0x0809D6DC,0x080CFDCC,bl,0x0809D6F0,2
0x0809D71C,0x08006148,bl,0x0809D776,2
0x0809D71C,0x0806395C,bl,0x0809D76C,2
0x0809D71C,0x08063CD0,bl,0x0809D74E,3
0x0809D7A4,0x080031B8,bl,0x0809D7C8,1
0x0809D7A4,0x080061C0,bl,0x0809D7B8,1
0x0809D7A4,0x08006338,bl,0x0809D7CE,8
0x0809D7A4,0x0809F8D4,bl,0x0809D7AE,1
0x0809D7A4,0x080CFDCC,bl,0x0809D7D4,8
0x0809D83C,0x08006244,bl,0x0809D868,1
0x0809D83C,0x08068CF8,bl,0x0809D8E6,1
0x0809D83C,0x08068E04,bl,0x0809D8CC,1
0x0809D83C,0x080692FC,bl,0x0809D846,1
0x0809D83C,0x08069B44,bl,0x0809D8D0,1
0x0809D83C,0x0809DBC4,bl,0x0809D852,1
0x0809D83C,0x0809F994,bl,0x0809D84A,1
0x0809D83C,0x0809F9DC,bl,0x0809D8C2,1
0x0809D83C,0x0809FB10,bl,0x0809D8C8,1
0x0809D8F8,0x08002EE8,bl,0x0809D8FC,1
0x0809D8F8,0x080061C0,bl,0x0809D910,1
0x0809D944,0x08064B5C,bl,0x0809D97A,1
0x0809D994,0x08001A94,bl,0x0809D9FC,1
0x0809DA1C,0x08006138,bl,0x0809DA88,1
0x0809DA1C,0x080061C0,bl,0x0809DA44,1
0x0809DA1C,0x08064358,bl,0x0809DA48,1
0x0809DA1C,0x08064A60,bl,0x0809DA3A,1
0x0809DA9C,0x08006338,bl,0x0809DAE0,6
0x0809DA9C,0x08063FE0,bl,0x0809DAB6,1
0x0809DA9C,0x08068E04,bl,0x0809DB3A,1
0x0809DA9C,0x08069B44,bl,0x0809DB3E,1
0x0809DB48,0x08006148,bl,0x0809DB9A,1
0x0809DB48,0x08006244,bl,0x0809DB60,2
0x0809DB48,0x0806395C,bl,0x0809DB90,1
0x0809DB48,0x0809D71C,bl,0x0809DB7A,1
0x0809DBC4,0x08006214,bl,0x0809DBEE,1
0x0809DC3C,0x08006244,bl,0x0809DC64,1
0x0809DC7C,0x08002E98,bl,0x0809DC9E,1
0x0809DC7C,0x08063908,bl,0x0809DC8C,1
0x0809DCBC,0x08006338,bl,0x0809DCCC,4
0x0809DCBC,0x0809E04C,bl,0x0809DCFA,1
0x0809DCBC,0x0809F8D4,bl,0x0809DCC6,1
0x0809DCBC,0x080CFDCC,bl,0x0809DCD2,4
0x0809DD08,0x08068E04,bl,0x0809DD2C,1
0x0809DD08,0x080692FC,bl,0x0809DD0A,1
0x0809DD08,0x08069B44,bl,0x0809DD30,1
0x0809DD08,0x0809F9DC,bl,0x0809DD1C,1
0x0809DD08,0x0809FB10,bl,0x0809DD28,1
0x0809DD7C,0x0806395C,bl,0x0809DD8C,1
0x0809DD7C,0x0809DE54,bl,0x0809DD90,1
0x0809DD7C,0x0809F8D4,bl,0x0809DD86,1
0x0809DDA0,0x08002E98,bl,0x0809DDAC,1
0x0809DDBC,0x08002E98,bl,0x0809DDDE,1
0x0809DDBC,0x08068E04,bl,0x0809DE04,1
0x0809DDBC,0x080692FC,bl,0x0809DDBE,1
0x0809DDBC,0x08069B44,bl,0x0809DE08,1
0x0809DDBC,0x0809F930,bl,0x0809DDD0,1
0x0809DDBC,0x0809F994,bl,0x0809DDC8,1
0x0809DDBC,0x0809F9DC,bl,0x0809DDF0,1
0x0809DDBC,0x0809FB10,bl,0x0809DE00,1
0x0809DE54,0x08006138,bl,0x0809DECE,1
0x0809DE54,0x080061C0,bl,0x0809DE64,1
0x0809DE54,0x08006338,bl,0x0809DE6A,8
0x0809DE54,0x0806395C,bl,0x0809DECA,1
0x0809DE54,0x080CFDCC,bl,0x0809DE70,8
0x0809DEE0,0x08006148,bl,0x0809DEF2,1
0x0809DF08,0x08006138,bl,0x0809DF20,1
0x0809DF08,0x080062C4,bl,0x0809DF12,1
0x0809DF08,0x0806395C,bl,0x0809DF1C,1
0x0809DF08,0x0809E04C,bl,0x0809DF16,1
0x0809DF2C,0x08006148,bl,0x0809DF3E,1
0x0809DF54,0x080061C0,bl,0x0809DF68,1
0x0809DF54,0x08006338,bl,0x0809DF72,6
0x0809DF54,0x0809E214,bl,0x0809DF6C,1
0x0809DF54,0x0809F8D4,bl,0x0809DF5E,1
0x0809DF54,0x080CFDCC,bl,0x0809DF78,6
0x0809DFC8,0x08068E04,bl,0x0809DFFC,1
0x0809DFC8,0x080692FC,bl,0x0809DFCA,1
0x0809DFC8,0x08069B44,bl,0x0809E000,1
0x0809DFC8,0x0809F930,bl,0x0809DFDC,1
0x0809DFC8,0x0809F994,bl,0x0809DFD4,1
0x0809DFC8,0x0809F9DC,bl,0x0809DFEE,1
0x0809DFC8,0x0809FB10,bl,0x0809DFF8,1
0x0809E04C,0x080061C0,bl,0x0809E1B8,4
0x0809E04C,0x080062C4,bl,0x0809E1F6,1
0x0809E04C,0x08006338,bl,0x0809E050,30
0x0809E04C,0x0809E214,bl,0x0809E0A2,1
0x0809E04C,0x0809F90C,bl,0x0809E172,1
0x0809E04C,0x080CFDCC,bl,0x0809E056,34
0x0809E214,0x08064BA8,bl,0x0809E24E,1
0x0809E284,0x08002E98,bl,0x0809E2A4,1
0x0809E284,0x08064A60,bl,0x0809E296,1
0x0809E2C4,0x080059A0,bl,0x0809E2C6,1
0x0809E320,0x080031B8,bl,0x0809E356,5
0x0809E320,0x080061C0,bl,0x0809E364,25
0x0809E320,0x080062C4,bl,0x0809E37C,7
0x0809E320,0x08006338,bl,0x0809E35C,8
0x0809E320,0x08063FE0,bl,0x0809E5FE,1
0x0809E320,0x08064A60,bl,0x0809E4CC,1
0x0809E320,0x080CFDCC,bl,0x0809E36A,31
0x0809E630,0x08063FE0,bl,0x0809E654,1
0x0809E630,0x08068E04,bl,0x0809E668,1
0x0809E670,0x080031B8,bl,0x0809E6AE,2
0x0809E670,0x080061C0,bl,0x0809E6BC,8
0x0809E670,0x080062C4,bl,0x0809E6D4,2
0x0809E670,0x08006338,bl,0x0809E688,5
0x0809E670,0x080CFDCC,bl,0x0809E6C2,10
0x0809E780,0x08063FE0,bl,0x0809E7A4,1
0x0809E780,0x08068E04,bl,0x0809E7BC,1
0x0809E7C8,0x08006244,bl,0x0809E7CA,1
0x0809E7E8,0x0809F930,bl,0x0809E80E,2
0x0809E824,0x08002E98,bl,0x0809E846,1
0x0809E824,0x08063908,bl,0x0809E834,1
0x0809E864,0x0806523C,bl,0x0809E866,1
0x0809E864,0x0809F2F4,bl,0x0809E86A,1
0x0809E874,0x0809E914,bl,0x0809E89C,1
0x0809E874,0x0809F8D4,bl,0x0809E87E,1
0x0809E8B0,0x08002E98,bl,0x0809E8BC,1
0x0809E8CC,0x08002E98,bl,0x0809E8E2,1
0x0809E8CC,0x08068E04,bl,0x0809E908,1
0x0809E8CC,0x080692FC,bl,0x0809E8CE,1
0x0809E8CC,0x08069B44,bl,0x0809E90C,1
0x0809E8CC,0x0809F9DC,bl,0x0809E8F4,1
0x0809E8CC,0x0809FB10,bl,0x0809E904,1
0x0809E914,0x080061C0,bl,0x0809E926,2
0x0809E914,0x08006338,bl,0x0809E92C,16
0x0809E914,0x080CFDCC,bl,0x0809E932,16
0x0809EA08,0x08006148,bl,0x0809EA2E,2
0x0809EA08,0x0806395C,bl,0x0809EA24,2
0x0809EA08,0x08063CD0,bl,0x0809EA72,3
0x0809EA08,0x0809EC84,bl,0x0809EA48,1
0x0809EA08,0x0809ED08,bl,0x0809EA5E,1
0x0809EA08,0x0809F994,bl,0x0809EA40,1
0x0809EAB8,0x08006138,bl,0x0809EAFA,1
0x0809EAB8,0x080061C0,bl,0x0809EAD8,1
0x0809EAB8,0x08006338,bl,0x0809EAEA,2
0x0809EAB8,0x0809F90C,bl,0x0809EAC4,1
0x0809EAB8,0x080CFDCC,bl,0x0809EAF0,1
0x0809EB14,0x08006138,bl,0x0809EB42,1
0x0809EB14,0x080062C4,bl,0x0809EB24,1
0x0809EB14,0x0806395C,bl,0x0809EB34,1
0x0809EB14,0x0809EBC0,bl,0x0809EB28,1
0x0809EB14,0x0809F90C,bl,0x0809EB38,1
0x0809EB14,0x080CFDCC,bl,0x0809EB2E,1
0x0809EB50,0x08006148,bl,0x0809EB66,1
0x0809EB7C,0x08006138,bl,0x0809EBA8,1
0x0809EB7C,0x080062C4,bl,0x0809EB8E,1
0x0809EB7C,0x0809EC2C,bl,0x0809EBA4,1
0x0809EBC0,0x08006338,bl,0x0809EBC8,8
0x0809EBC0,0x0809F29C,bl,0x0809EBF8,1
0x0809EBC0,0x0809F90C,bl,0x0809EBC2,1
0x0809EBC0,0x080CFDCC,bl,0x0809EBCE,7
0x0809EC2C,0x08006338,bl,0x0809EC34,6
0x0809EC2C,0x0809F29C,bl,0x0809EC64,1
0x0809EC2C,0x0809F90C,bl,0x0809EC2E,1
0x0809EC2C,0x080CFDCC,bl,0x0809EC3A,5
0x0809EC84,0x08006148,bl,0x0809ECDE,2
0x0809EC84,0x0806395C,bl,0x0809ECD4,2
0x0809EC84,0x08063CD0,bl,0x0809EC90,6
0x0809EC84,0x0809ED74,bl,0x0809ECB0,1
0x0809ED08,0x08002EE8,bl,0x0809ED14,1
0x0809ED08,0x08006148,bl,0x0809ED48,2
0x0809ED08,0x0806395C,bl,0x0809ED3E,2
0x0809ED08,0x08063CD0,bl,0x0809ED1C,3
0x0809ED74,0x08006148,bl,0x0809EDC8,1
0x0809ED74,0x0806395C,bl,0x0809EDB6,1
0x0809ED74,0x0809F90C,bl,0x0809ED76,1
0x0809EDDC,0x080061C0,bl,0x0809EE08,4
0x0809EDDC,0x080062C4,bl,0x0809EEA8,1
0x0809EDDC,0x08006304,bl,0x0809EEB4,1
0x0809EDDC,0x08006338,bl,0x0809EE0E,24
0x0809EDDC,0x0809F29C,bl,0x0809EF42,1
0x0809EDDC,0x0809F8D4,bl,0x0809EDEE,1
0x0809EDDC,0x0809F90C,bl,0x0809EF04,1
0x0809EDDC,0x080CFDCC,bl,0x0809EE14,25
0x0809EF98,0x08068E04,bl,0x0809EFBC,1
0x0809EF98,0x080692FC,bl,0x0809EF9A,1
0x0809EF98,0x08069B44,bl,0x0809EFC0,1
0x0809EF98,0x0809F9DC,bl,0x0809EFAC,1
0x0809EF98,0x0809FB10,bl,0x0809EFB8,1
0x0809EFC8,0x080061C0,bl,0x0809EFEA,4
0x0809EFC8,0x08006338,bl,0x0809EFF0,14
0x0809EFC8,0x0806395C,bl,0x0809F0C2,1
0x0809EFC8,0x0809E914,bl,0x0809F0D4,1
0x0809EFC8,0x0809F8D4,bl,0x0809EFDA,1
0x0809EFC8,0x080CFDCC,bl,0x0809EFF6,15
0x0809F0F0,0x08068E04,bl,0x0809F114,1
0x0809F0F0,0x080692FC,bl,0x0809F0F2,1
0x0809F0F0,0x08069B44,bl,0x0809F118,1
0x0809F0F0,0x0809F9DC,bl,0x0809F104,1
0x0809F0F0,0x0809FB10,bl,0x0809F110,1
0x0809F120,0x080061C0,bl,0x0809F142,4
0x0809F120,0x08006338,bl,0x0809F148,17
0x0809F120,0x0806395C,bl,0x0809F23E,1
0x0809F120,0x0809E914,bl,0x0809F250,1
0x0809F120,0x0809F8D4,bl,0x0809F132,1
0x0809F120,0x080CFDCC,bl,0x0809F14E,18
0x0809F26C,0x08068E04,bl,0x0809F290,1
0x0809F26C,0x080692FC,bl,0x0809F26E,1
0x0809F26C,0x08069B44,bl,0x0809F294,1
0x0809F26C,0x0809F9DC,bl,0x0809F280,1
0x0809F26C,0x0809FB10,bl,0x0809F28C,1
0x0809F29C,0x080031B8,bl,0x0809F2A4,1
0x0809F29C,0x08064B5C,bl,0x0809F2D4,1
0x0809F2F4,0x08001A94,bl,0x0809F35C,1
0x0809F37C,0x08002E98,bl,0x0809F3AC,1
0x0809F37C,0x08006138,bl,0x0809F3BE,1
0x0809F37C,0x08064A60,bl,0x0809F39C,1
0x0809F3E0,0x08006338,bl,0x0809F41C,4
0x0809F3E0,0x08063FE0,bl,0x0809F3FA,1
0x0809F3E0,0x08068E04,bl,0x0809F466,1
0x0809F3E0,0x08069B44,bl,0x0809F46A,1
0x0809F478,0x080061C0,bl,0x0809F480,1
0x0809F49C,0x080061C0,bl,0x0809F4A4,1
0x0809F4C0,0x080061C0,bl,0x0809F4C8,1
0x0809F4E4,0x080061C0,bl,0x0809F4EC,1
0x0809F508,0x080061C0,bl,0x0809F510,1
0x0809F52C,0x08006148,bl,0x0809F572,1
0x0809F52C,0x08006244,bl,0x0809F54C,1
0x0809F52C,0x0806395C,bl,0x0809F568,1
0x0809F52C,0x0809F90C,bl,0x0809F55C,1
0x0809F588,0x08006214,bl,0x0809F5DC,1
0x0809F588,0x0809EC84,bl,0x0809F5D6,1
0x0809F588,0x0809F930,bl,0x0809F5E2,1
0x0809F61C,0x080031B8,bl,0x0809F6A0,1
0x0809F61C,0x0809F818,bl,0x0809F7C8,1
0x0809F61C,0x080CFDCC,bl,0x0809F65A,26
0x0809F61C,0x080CFDD4,bl,0x0809F7CC,1
0x0809F7E4,0x0809F818,bl,0x0809F7EA,1
0x0809F7E4,0x080CFDD4,bl,0x0809F7EE,1
0x0809F808,0x0809F818,bl,0x0809F80C,1
0x0809F808,0x0809F874,bl,0x0809F810,1
0x0809F8D4,0x08006304,bl,0x0809F8FE,1
0x0809F8D4,0x08064970,bl,0x0809F8D6,1
0x0809F90C,0x08006304,bl,0x0809F912,1
0x0809F90C,0x08063E14,bl,0x0809F90E,1
0x0809F930,0x08006304,bl,0x0809F93E,1
0x0809F930,0x08063E14,bl,0x0809F93A,1
0x0809F960,0x08063E14,bl,0x0809F962,1
0x0809F960,0x08063FF4,bl,0x0809F966,1
0x0809F970,0x08006304,bl,0x0809F986,1
0x0809FC44,0x08002E98,bl,0x0809FC84,1
0x0809FC44,0x08065F5C,bl,0x0809FC4E,1
0x0809FC44,0x08066088,bl,0x0809FC4A,1
0x0809FCA4,0x08068F68,bl,0x0809FCA6,1
0x0809FCA4,0x08069B44,bl,0x0809FCAA,1
0x0809FCB4,0x080055B0,bl,0x0809FCC2,1
0x0809FCB4,0x08006338,bl,0x0809FCF0,1
0x0809FCB4,0x080261D4,bl,0x0809FCB8,1
0x0809FCB4,0x0806CAA0,bl,0x0809FD06,1
0x0809FD20,0x080055B0,bl,0x0809FD28,1
0x0809FD20,0x08066468,bl,0x0809FD4E,1
0x0809FD64,0x080034F0,bl,0x0809FDC0,1
0x0809FD64,0x08005654,bl,0x0809FD86,1
0x0809FD64,0x08006148,bl,0x0809FDE0,1
0x0809FD64,0x08006338,bl,0x0809FD6E,1
0x0809FD64,0x0800A698,bl,0x0809FDCE,1
0x0809FD64,0x080639A4,bl,0x0809FD68,1
0x0809FD64,0x080689C8,bl,0x0809FDAC,1
0x0809FD64,0x080B7C00,bl,0x0809FDD6,1
0x0809FE10,0x080055B0,bl,0x0809FF7A,1
0x0809FE10,0x08006148,bl,0x0809FF5C,2
0x0809FE10,0x0806395C,bl,0x0809FE84,8
0x0809FE10,0x0809FCB4,bl,0x0809FE1E,1
0x080A0028,0x080031B8,bl,0x080A0086,1
0x080A0028,0x08006338,bl,0x080A0058,1
0x080A0028,0x08064970,bl,0x080A002C,1
0x080A0028,0x08064B5C,bl,0x080A0080,1
0x080A0098,0x080031B8,bl,0x080A00D0,1
0x080A0098,0x08064CDC,bl,0x080A00C4,1
0x080A00EC,0x08001A94,bl,0x080A0234,1
0x080A00EC,0x08002EE8,bl,0x080A0114,1
0x080A0274,0x08064CDC,bl,0x080A0282,1
0x080A028C,0x08064B5C,bl,0x080A02BE,1
0x080A02FC,0x08067120,bl,0x080A032A,2
0x080A0358,0x08063D7C,bl,0x080A0392,1
0x080A0358,0x08064398,bl,0x080A03CC,1
0x080A0358,0x08064D34,bl,0x080A0382,1
0x080A043C,0x0806493C,bl,0x080A043E,1
0x080A0480,0x080061C0,bl,0x080A051A,2
0x080A0480,0x08063CD0,bl,0x080A0488,3
0x080A0480,0x08063E14,bl,0x080A04D2,1
0x080A0538,0x0800622C,bl,0x080A057A,1
0x080A0538,0x08006244,bl,0x080A0550,1
0x080A0538,0x08006338,bl,0x080A056A,1
0x080A0538,0x0806D08C,bl,0x080A0564,1
0x080A0598,0x0800622C,bl,0x080A05B8,1
0x080A0598,0x08006338,bl,0x080A05A8,1
0x080A05C8,0x0806395C,bl,0x080A05F6,1
0x080A05C8,0x08063E14,bl,0x080A05F0,1
0x080A0658,0x08002EE8,bl,0x080A0666,1
0x080A0658,0x080640DC,bl,0x080A066E,3
0x080A0658,0x080A060C,bl,0x080A065A,1
0x080A06F0,0x08002EE8,bl,0x080A0734,1
0x080A06F0,0x08006148,bl,0x080A0716,2
0x080A06F0,0x0806395C,bl,0x080A070C,2
0x080A0768,0x080031B8,bl,0x080A078A,3
0x080A0768,0x0800622C,bl,0x080A0798,1
0x080A0768,0x080062C4,bl,0x080A07BA,2
0x080A0768,0x08006338,bl,0x080A076C,2
0x080A0768,0x080261D4,bl,0x080A082A,1
0x080A0768,0x080A02D4,bl,0x080A0824,1
0x080A0768,0x080CFDCC,bl,0x080A0772,6
0x080A0844,0x080031B8,bl,0x080A088E,2
0x080A0844,0x08006338,bl,0x080A0880,2
0x080A0844,0x080261D4,bl,0x080A08B2,1
0x080A0844,0x080A02D4,bl,0x080A08B8,1
0x080A0844,0x080CFDCC,bl,0x080A0886,8
0x080A094C,0x080031B8,bl,0x080A0990,2
0x080A094C,0x080061C0,bl,0x080A0986,1
0x080A094C,0x08006338,bl,0x080A0998,1
0x080A094C,0x080CFDCC,bl,0x080A097C,7
0x080A0A0C,0x08002E98,bl,0x080A0A22,1
0x080A0A0C,0x080A05C8,bl,0x080A0A16,1
0x080A0A38,0x08002E98,bl,0x080A0A4E,1
0x080A0A38,0x080692FC,bl,0x080A0A3A,1
0x080A0A38,0x0809FCA4,bl,0x080A0A6A,1
0x080A0A84,0x080663F4,bl,0x080A0A8E,1
0x080A0A84,0x0809FCA4,bl,0x080A0A86,1
0x080A0A84,0x0809FD20,bl,0x080A0AD6,1
0x080A0B10,0x08002E98,bl,0x080A0B20,1
0x080A0B10,0x08063E14,bl,0x080A0B12,1
0x080A0B30,0x08006138,bl,0x080A0B5E,1
0x080A0B30,0x080062C4,bl,0x080A0B3A,1
0x080A0B30,0x08063A00,bl,0x080A0B52,1
0x080A0B30,0x080664E0,bl,0x080A0B4C,1
0x080A0B30,0x080666F8,bl,0x080A0B46,1
0x080A0B30,0x080692FC,bl,0x080A0B3E,1
0x080A0B30,0x080A0658,bl,0x080A0B5A,1
0x080A0B74,0x08006148,bl,0x080A0B9E,1
0x080A0B74,0x0806395C,bl,0x080A0B94,1
0x080A0B74,0x0806415C,bl,0x080A0B7C,1
0x080A0BB4,0x08006138,bl,0x080A0BCC,1
0x080A0BB4,0x080062C4,bl,0x080A0BBE,1
0x080A0BB4,0x080A0658,bl,0x080A0BC8,1
0x080A0BDC,0x0806415C,bl,0x080A0BE4,1
0x080A0BDC,0x080A06F0,bl,0x080A0BF2,1
0x080A0C08,0x080062C4,bl,0x080A0C12,1
0x080A0C08,0x080A0358,bl,0x080A0C16,1
0x080A0C08,0x080A094C,bl,0x080A0C1A,1
0x080A0C28,0x08006148,bl,0x080A0CB4,1
0x080A0C28,0x0806395C,bl,0x080A0CAA,1
0x080A0C28,0x08063CD0,bl,0x080A0C66,1
0x080A0CCC,0x080031B8,bl,0x080A0D28,1
0x080A0CCC,0x08006138,bl,0x080A0DA2,1
0x080A0CCC,0x080061C0,bl,0x080A0CE8,5
0x080A0CCC,0x0800622C,bl,0x080A0CF6,1
0x080A0CCC,0x080062C4,bl,0x080A0CD8,2
0x080A0CCC,0x08006338,bl,0x080A0CFC,1
0x080A0CCC,0x080261D4,bl,0x080A0D2E,1
0x080A0CCC,0x0806395C,bl,0x080A0D9E,1
0x080A0CCC,0x0806D1E8,bl,0x080A0D36,1
0x080A0CCC,0x080A0274,bl,0x080A0D42,1
0x080A0CCC,0x080CFDCC,bl,0x080A0D14,5
0x080A0DBC,0x08005654,bl,0x080A0DDA,1
0x080A0DBC,0x08006148,bl,0x080A0DEC,1
0x080A0E08,0x080031B8,bl,0x080A0E62,1
0x080A0E08,0x080062C4,bl,0x080A0E14,2
0x080A0E08,0x08006338,bl,0x080A0E24,3
0x080A0E08,0x08063E14,bl,0x080A0EB4,1
0x080A0E08,0x080CFDCC,bl,0x080A0E2A,5
0x080A0EC8,0x08006148,bl,0x080A0EE8,1
0x080A0EC8,0x08006338,bl,0x080A0F10,2
0x080A0EC8,0x0806395C,bl,0x080A0EDE,1
0x080A0EC8,0x08064358,bl,0x080A0F18,1
0x080A0EC8,0x08064398,bl,0x080A0F3E,1
0x080A0F7C,0x080031B8,bl,0x080A0FA0,1
0x080A0F7C,0x08006138,bl,0x080A1016,1
0x080A0F7C,0x080061C0,bl,0x080A0FB0,1
0x080A0F7C,0x08006214,bl,0x080A0FC0,1
0x080A0F7C,0x0800622C,bl,0x080A0FD4,1
0x080A0F7C,0x080062C4,bl,0x080A0F88,2
0x080A0F7C,0x08006338,bl,0x080A0F94,4
0x080A0F7C,0x0806395C,bl,0x080A1012,1
0x080A0F7C,0x080A028C,bl,0x080A0FA4,1
0x080A0F7C,0x080CFDCC,bl,0x080A0FB6,3
0x080A1030,0x08006148,bl,0x080A1042,1
0x080A1058,0x080031B8,bl,0x080A108A,2
0x080A1058,0x08006138,bl,0x080A1128,1
0x080A1058,0x0800622C,bl,0x080A1098,1
0x080A1058,0x080062C4,bl,0x080A1064,3
0x080A1058,0x08006338,bl,0x080A106A,2
0x080A1058,0x080261D4,bl,0x080A110C,1
0x080A1058,0x0806395C,bl,0x080A1124,1
0x080A1058,0x080A02D4,bl,0x080A1112,1
0x080A1058,0x080A0480,bl,0x080A107C,2
0x080A1058,0x080CFDCC,bl,0x080A1070,4
0x080A1140,0x08006148,bl,0x080A1152,1
0x080A1168,0x08006138,bl,0x080A1196,1
0x080A1168,0x080062C4,bl,0x080A1172,1
0x080A1168,0x0806395C,bl,0x080A1192,1
0x080A1168,0x080A043C,bl,0x080A1176,1
0x080A1168,0x080A0768,bl,0x080A118C,1
0x080A1168,0x080A0844,bl,0x080A1182,1
0x080A11A0,0x08005654,bl,0x080A11B4,1
0x080A11A0,0x08006148,bl,0x080A11C6,1
0x080A11E0,0x080031B8,bl,0x080A1276,1
0x080A11E0,0x080034F0,bl,0x080A1252,1
0x080A11E0,0x08005654,bl,0x080A1266,1
0x080A11E0,0x08006138,bl,0x080A12C6,1
0x080A11E0,0x080062C4,bl,0x080A11EC,1
0x080A11E0,0x08006338,bl,0x080A11F6,3
0x080A11E0,0x080063AC,bl,0x080A128A,3
0x080A11E0,0x0806395C,bl,0x080A12C2,1
0x080A11E0,0x080A0098,bl,0x080A120E,1
0x080A11E0,0x080CFDCC,bl,0x080A11FC,7
0x080A12E0,0x080034F0,bl,0x080A1374,1
0x080A12E0,0x08005654,bl,0x080A1330,2
0x080A12E0,0x08006148,bl,0x080A1386,2
0x080A12E0,0x0806395C,bl,0x080A137C,1
0x080A12E0,0x080663F4,bl,0x080A12EE,1
0x080A12E0,0x08066468,bl,0x080A12FC,2
0x080A12E0,0x080A00EC,bl,0x080A133C,1
0x080A13D4,0x08006138,bl,0x080A13F2,1
0x080A13D4,0x080062C4,bl,0x080A13DE,1
0x080A13D4,0x0806395C,bl,0x080A13EE,1
0x080A13D4,0x080A0028,bl,0x080A13E2,1
0x080A13D4,0x080CFDCC,bl,0x080A13E8,1
0x080A1400,0x08006148,bl,0x080A1450,1
0x080A1400,0x080663F4,bl,0x080A140E,1
0x080A1400,0x08066468,bl,0x080A141C,2
0x080A146C,0x08006138,bl,0x080A14D6,1
0x080A146C,0x0800622C,bl,0x080A1490,1
0x080A146C,0x080062C4,bl,0x080A147C,2
0x080A146C,0x08006338,bl,0x080A1482,2
0x080A146C,0x0806395C,bl,0x080A14CC,1
0x080A146C,0x080CFDCC,bl,0x080A14A6,2
0x080A14E4,0x08006148,bl,0x080A14F6,1
0x080A150C,0x08002E98,bl,0x080A1530,1
0x080A150C,0x0806395C,bl,0x080A1524,1
0x080A150C,0x08063E14,bl,0x080A151E,1
0x080A1550,0x08002E98,bl,0x080A1560,1
0x080A1550,0x080692FC,bl,0x080A1552,1
0x080A1570,0x08002E98,bl,0x080A1580,1
0x080A1570,0x08063E14,bl,0x080A1572,1
0x080A1590,0x08006138,bl,0x080A15E2,1
0x080A1590,0x080062C4,bl,0x080A159A,2
0x080A1590,0x08006338,bl,0x080A15A4,1
0x080A1590,0x0806395C,bl,0x080A15DE,1
0x080A1590,0x08063E14,bl,0x080A159E,1
0x080A1590,0x080CFDCC,bl,0x080A15C6,1
0x080A15F0,0x08006148,bl,0x080A1602,1
0x080A1618,0x08006338,bl,0x080A161C,1
0x080A1704,0x08063DAC,bl,0x080A1708,1
0x080A1704,0x080A1740,bl,0x080A171E,1
0x080A1740,0x08063CBC,bl,0x080A1744,3
0x080A1740,0x080A1668,bl,0x080A1766,1
0x080A1790,0x080A1704,bl,0x080A17BE,1
0x080A1790,0x080A1740,bl,0x080A17DC,1
0x080A180C,0x080A1624,bl,0x080A184A,1
0x080A18D4,0x08006138,bl,0x080A196A,1
0x080A18D4,0x080061C0,bl,0x080A1906,1
0x080A18D4,0x080062C4,bl,0x080A18DE,2
0x080A18D4,0x08006338,bl,0x080A18F8,1
0x080A18D4,0x08025A30,bl,0x080A1966,1
0x080A18D4,0x080261D4,bl,0x080A18EE,1
0x080A18D4,0x080640DC,bl,0x080A191E,1
0x080A18D4,0x080A1864,bl,0x080A18E2,1
0x080A18D4,0x080CFDCC,bl,0x080A18E8,6
0x080A1980,0x08064188,bl,0x080A198E,1
0x080A1980,0x080A1624,bl,0x080A19A8,1
0x080A1980,0x080A1790,bl,0x080A19BE,1
0x080A1980,0x080A180C,bl,0x080A19C2,1
0x080A19CC,0x08002E98,bl,0x080A19DA,1
0x080A19EC,0x0800A280,bl,0x080A1A2A,2
0x080A19EC,0x0800A294,bl,0x080A1A36,2
0x080A19EC,0x080639C8,bl,0x080A1A16,4
0x080A19EC,0x08063A14,bl,0x080A1A9C,2
0x080A19EC,0x080CFDCC,bl,0x080A1A44,3
0x080A1AD0,0x0806391C,bl,0x080A1B5C,1
0x080A1AD0,0x0806505C,bl,0x080A1AF2,3
0x080A1AD0,0x08065F5C,bl,0x080A1B64,1
0x080A1B94,0x08002EE8,bl,0x080A1B98,1
0x080A1B94,0x080275CC,bl,0x080A1BAC,2
0x080A1B94,0x080A1BD8,bl,0x080A1BCA,1
0x080A1BD8,0x08006148,bl,0x080A1BF4,2
0x080A1BD8,0x08063974,bl,0x080A1BEC,2
0x080A1C90,0x080034F0,bl,0x080A1CCA,1
0x080A1C90,0x08006148,bl,0x080A1CB8,1
0x080A1C90,0x080275CC,bl,0x080A1D00,1
0x080A1C90,0x0806395C,bl,0x080A1CAE,1
0x080A1C90,0x080A1BD8,bl,0x080A1CD4,1
0x080A1C90,0x080A1C1C,bl,0x080A1CA8,1
0x080A1D2C,0x08006148,bl,0x080A1D40,1
0x080A1D2C,0x0806395C,bl,0x080A1D36,1
0x080A1D2C,0x080A1BD8,bl,0x080A1D48,1
0x080A1D84,0x08006148,bl,0x080A1D9E,1
0x080A1D84,0x080639A4,bl,0x080A1D90,1
0x080A1DD4,0x0806395C,bl,0x080A1DEA,1
0x080A1DF8,0x08006148,bl,0x080A1E1A,2
0x080A1DF8,0x0806395C,bl,0x080A1E06,1
0x080A1E4C,0x08006148,bl,0x080A1E98,2
0x080A1E4C,0x080061A8,bl,0x080A1E72,1
0x080A1E4C,0x0806395C,bl,0x080A1E84,1
0x080A1E4C,0x080A2C90,bl,0x080A1E7E,1
0x080A1EC4,0x080031B8,bl,0x080A1EDC,1
0x080A1EC4,0x08006148,bl,0x080A1F5A,2
0x080A1EC4,0x080062C4,bl,0x080A1F7A,1
0x080A1EC4,0x0800A4C0,bl,0x080A1ED4,1
0x080A1EC4,0x080261D4,bl,0x080A1EC8,1
0x080A1EC4,0x0806395C,bl,0x080A1F22,2
0x080A1EC4,0x08063F24,bl,0x080A1EFE,1
0x080A1EC4,0x08064D34,bl,0x080A1EE4,1
0x080A1EC4,0x0806D4E4,bl,0x080A1ED0,1
0x080A1EC4,0x080A30D0,bl,0x080A1F14,1
0x080A1F90,0x0806621C,bl,0x080A1FB2,1
0x080A1F90,0x080A2B2C,bl,0x080A1FA6,1
0x080A1FC8,0x0806619C,bl,0x080A1FE2,2
0x080A1FC8,0x0806CAA0,bl,0x080A200A,1
0x080A2020,0x08068F68,bl,0x080A2022,1
0x080A2020,0x08069B44,bl,0x080A2026,1
0x080A2030,0x0800622C,bl,0x080A2058,2
0x080A2030,0x0800A4C0,bl,0x080A2032,1
0x080A2030,0x080A2C90,bl,0x080A2076,1
0x080A2090,0x08002EE8,bl,0x080A2094,1
0x080A2090,0x080061C0,bl,0x080A212A,1
0x080A2090,0x0800622C,bl,0x080A2138,1
0x080A2090,0x080062C4,bl,0x080A2120,1
0x080A2090,0x080275CC,bl,0x080A20EE,2
0x080A2090,0x080639B4,bl,0x080A20E8,2
0x080A2090,0x080A2C90,bl,0x080A213C,1
0x080A21A0,0x08006148,bl,0x080A2214,1
0x080A21A0,0x080062C4,bl,0x080A2204,1
0x080A21A0,0x0806395C,bl,0x080A220A,1
0x080A2224,0x08006148,bl,0x080A2260,1
0x080A2224,0x0806395C,bl,0x080A2256,1
0x080A2274,0x08006148,bl,0x080A229A,1
0x080A2274,0x0806395C,bl,0x080A2290,1
0x080A2274,0x080647FC,bl,0x080A227C,1
0x080A22D4,0x08002EE8,bl,0x080A2300,2
0x080A22D4,0x0806395C,bl,0x080A237C,1
0x080A2390,0x080227A4,bl,0x080A2398,1
0x080A23C0,0x08002EE8,bl,0x080A23C8,1
0x080A23C0,0x08063E14,bl,0x080A23C2,1
0x080A2400,0x08006148,bl,0x080A2438,1
0x080A2400,0x0806395C,bl,0x080A2416,2
0x080A2448,0x08006148,bl,0x080A2478,1
0x080A2448,0x0806395C,bl,0x080A246E,1
0x080A2448,0x080A2590,bl,0x080A2460,1
0x080A2488,0x08006148,bl,0x080A24E8,1
0x080A2488,0x0806395C,bl,0x080A24D2,2
0x080A2488,0x0806421C,bl,0x080A24A8,1
0x080A2488,0x080642FC,bl,0x080A249E,1
0x080A2488,0x080A24F8,bl,0x080A248C,1
0x080A24F8,0x08064758,bl,0x080A2532,1
0x080A24F8,0x080647FC,bl,0x080A2526,1
0x080A24F8,0x080A2390,bl,0x080A2518,1
0x080A2590,0x08006148,bl,0x080A25B2,1
0x080A2590,0x0806395C,bl,0x080A25A8,1
0x080A25C4,0x08006148,bl,0x080A25EC,1
0x080A25C4,0x0806395C,bl,0x080A25E2,1
0x080A25C4,0x080A2224,bl,0x080A25C8,1
0x080A25C4,0x080A2274,bl,0x080A25FE,1
0x080A2608,0x080A2224,bl,0x080A260C,1
0x080A2608,0x080A2448,bl,0x080A2626,1
0x080A2608,0x080A2488,bl,0x080A2632,1
0x080A263C,0x080A2224,bl,0x080A2640,1
0x080A263C,0x080A2274,bl,0x080A2662,1
0x080A263C,0x080A2590,bl,0x080A2678,2
0x080A268C,0x08063CBC,bl,0x080A26A2,3
0x080A268C,0x08063D18,bl,0x080A26F4,3
0x080A2754,0x080062C4,bl,0x080A2756,1
0x080A2754,0x0806421C,bl,0x080A277C,1
0x080A2754,0x080642FC,bl,0x080A2770,1
0x080A27B8,0x0806395C,bl,0x080A27DA,1
0x080A27B8,0x08063E14,bl,0x080A27D4,1
0x080A2814,0x080017E4,bl,0x080A2874,2
0x080A28D0,0x080061C0,bl,0x080A2902,1
0x080A291C,0x080031B8,bl,0x080A2944,1
0x080A291C,0x08064B5C,bl,0x080A293E,1
0x080A2954,0x08064B5C,bl,0x080A2986,1
0x080A2994,0x08006338,bl,0x080A29C2,1
0x080A29CC,0x080062C4,bl,0x080A29D6,1
0x080A29CC,0x080A2994,bl,0x080A29DA,1
0x080A2A00,0x080062C4,bl,0x080A2A02,1
0x080A2A00,0x080A2994,bl,0x080A2A14,1
0x080A2A24,0x080062C4,bl,0x080A2A26,1
0x080A2A24,0x080A2994,bl,0x080A2A36,1
0x080A2A44,0x0806395C,bl,0x080A2A66,1
0x080A2A44,0x08063E14,bl,0x080A2A60,1
0x080A2AF4,0x080062C4,bl,0x080A2AF6,1
0x080A2AF4,0x08006338,bl,0x080A2B04,1
0x080A2AF4,0x080640C8,bl,0x080A2AFE,1
0x080A2AF4,0x080A23C0,bl,0x080A2AFA,1
0x080A2AF4,0x080CFDCC,bl,0x080A2B0A,1
0x080A2B14,0x080062C4,bl,0x080A2B16,1
0x080A2B14,0x08006338,bl,0x080A2B1C,1
0x080A2B14,0x080CFDCC,bl,0x080A2B22,1
0x080A2B2C,0x0806685C,bl,0x080A2BAA,2
0x080A2BC4,0x080017E4,bl,0x080A2C1C,2
0x080A2CA8,0x080031B8,bl,0x080A2CD8,1
0x080A2CA8,0x08064B5C,bl,0x080A2CD2,1
0x080A2CA8,0x0806660C,bl,0x080A2CC4,1
0x080A2CE8,0x080031B8,bl,0x080A2D22,1
0x080A2CE8,0x08064BA8,bl,0x080A2D18,1
0x080A2CE8,0x0806660C,bl,0x080A2D0A,1
0x080A2D38,0x08064C1C,bl,0x080A2D4C,3
0x080A2D38,0x0806660C,bl,0x080A2D3C,3
0x080A2E88,0x080062C4,bl,0x080A2E90,1
0x080A2E88,0x08006338,bl,0x080A2EBC,1
0x080A2E88,0x080640A8,bl,0x080A2E9A,2
0x080A2E88,0x080640C8,bl,0x080A2EB6,1
0x080A2EDC,0x080062C4,bl,0x080A2EE6,1
0x080A2EDC,0x08006338,bl,0x080A2EF8,1
0x080A2EDC,0x080640A8,bl,0x080A2F06,1
0x080A2EDC,0x080640C8,bl,0x080A2EF2,1
0x080A2F38,0x080061C0,bl,0x080A2FAE,2
0x080A2F38,0x080062C4,bl,0x080A2F3A,1
0x080A2F38,0x0806437C,bl,0x080A2F7C,1
0x080A2F38,0x0806493C,bl,0x080A2F52,1
0x080A2F38,0x080A2E88,bl,0x080A2F4E,1
0x080A3000,0x080062C4,bl,0x080A3002,1
0x080A3000,0x080A2E88,bl,0x080A3010,1
0x080A301C,0x080061C0,bl,0x080A305C,1
0x080A301C,0x0806437C,bl,0x080A3022,1
0x080A301C,0x0806493C,bl,0x080A301E,1
0x080A306C,0x080034F0,bl,0x080A30BC,1
0x080A306C,0x08063F24,bl,0x080A307A,4
0x080A30D0,0x08063F24,bl,0x080A30DE,3
0x080A3114,0x08002E98,bl,0x080A3136,1
0x080A3114,0x0806395C,bl,0x080A312A,1
0x080A3114,0x08066088,bl,0x080A3118,1
0x080A3114,0x080A1AD0,bl,0x080A311C,1
0x080A314C,0x08002E98,bl,0x080A3158,1
0x080A3168,0x08002E98,bl,0x080A3174,1
0x080A3184,0x08006138,bl,0x080A3198,1
0x080A3184,0x0806395C,bl,0x080A3194,1
0x080A3184,0x080A19EC,bl,0x080A318E,1
0x080A31A4,0x08006148,bl,0x080A31B6,1
0x080A31A4,0x080A1B94,bl,0x080A31BA,1
0x080A31D0,0x08006138,bl,0x080A31E0,1
0x080A31F4,0x080A1C90,bl,0x080A31FE,1
0x080A3238,0x08006138,bl,0x080A3242,1
0x080A3250,0x080A1D2C,bl,0x080A325A,1
0x080A3268,0x08006138,bl,0x080A3272,1
0x080A3280,0x080A1D84,bl,0x080A328A,1
0x080A3298,0x08002E98,bl,0x080A32AE,1
0x080A3298,0x080A27B8,bl,0x080A32A2,1
0x080A32C4,0x08002E98,bl,0x080A32E6,1
0x080A32C4,0x080692FC,bl,0x080A32C6,1
0x080A32C4,0x080A2020,bl,0x080A330E,1
0x080A32C4,0x080A2814,bl,0x080A3302,1
0x080A332C,0x08002E98,bl,0x080A3338,1
0x080A3348,0x08006138,bl,0x080A3396,1
0x080A3348,0x0800622C,bl,0x080A3368,1
0x080A3348,0x080062C4,bl,0x080A3392,1
0x080A3348,0x08006338,bl,0x080A3354,1
0x080A3348,0x080CFDCC,bl,0x080A3380,1
0x080A33A4,0x08006148,bl,0x080A33C4,1
0x080A33DC,0x08006138,bl,0x080A3410,1
0x080A33DC,0x080062C4,bl,0x080A33E6,1
0x080A33DC,0x08006338,bl,0x080A33FC,1
0x080A33DC,0x080639B4,bl,0x080A33F6,1
0x080A33DC,0x080A1DD4,bl,0x080A33EA,1
0x080A33DC,0x080A22B0,bl,0x080A3400,1
0x080A33DC,0x080A22D4,bl,0x080A340C,1
0x080A33DC,0x080CFDCC,bl,0x080A3408,1
0x080A3424,0x08006148,bl,0x080A3454,1
0x080A3424,0x08006338,bl,0x080A3436,1
0x080A3424,0x08063E14,bl,0x080A3430,1
0x080A346C,0x08006138,bl,0x080A3480,1
0x080A346C,0x08006338,bl,0x080A3478,1
0x080A346C,0x080A2090,bl,0x080A347C,1
0x080A348C,0x080A21A0,bl,0x080A3490,1
0x080A349C,0x08006138,bl,0x080A34AA,1
0x080A349C,0x080A29CC,bl,0x080A34A6,1
0x080A34B8,0x080A25C4,bl,0x080A34BC,1
0x080A34C8,0x08006138,bl,0x080A34E2,1
0x080A34C8,0x0806395C,bl,0x080A34DE,1
0x080A34C8,0x080A2A00,bl,0x080A34D2,1
0x080A34C8,0x080CFDCC,bl,0x080A34D8,1
0x080A34F0,0x08006148,bl,0x080A3514,1
0x080A34F0,0x080A2224,bl,0x080A34F6,1
0x080A34F0,0x080A2C90,bl,0x080A350A,1
0x080A352C,0x08006138,bl,0x080A353A,1
0x080A352C,0x080A2A24,bl,0x080A3536,1
0x080A3548,0x080A2224,bl,0x080A354E,1
0x080A3548,0x080A2400,bl,0x080A357E,1
0x080A3548,0x080A2954,bl,0x080A356C,1
0x080A3588,0x08006138,bl,0x080A359A,1
0x080A3588,0x080062C4,bl,0x080A3592,1
0x080A3588,0x080A2994,bl,0x080A3596,1
0x080A35A8,0x080A2608,bl,0x080A35AC,1
0x080A35B8,0x08006138,bl,0x080A35CA,1
0x080A35B8,0x080062C4,bl,0x080A35C2,1
0x080A35B8,0x080A2994,bl,0x080A35C6,1
0x080A35D8,0x080A263C,bl,0x080A35DC,1
0x080A35E8,0x08006138,bl,0x080A360E,1
0x080A35E8,0x080062C4,bl,0x080A35F2,1
0x080A35E8,0x08006338,bl,0x080A35F8,1
0x080A35E8,0x080A2030,bl,0x080A360A,1
0x080A35E8,0x080CFDCC,bl,0x080A35FE,1
0x080A361C,0x080A2164,bl,0x080A361E,1
0x080A3628,0x08006138,bl,0x080A367E,1
0x080A3628,0x080062C4,bl,0x080A3638,2
0x080A3628,0x08006338,bl,0x080A364A,1
0x080A3628,0x0806395C,bl,0x080A367A,1
0x080A3628,0x08063E14,bl,0x080A3634,1
0x080A3628,0x080CFDCC,bl,0x080A3650,2
0x080A368C,0x08006148,bl,0x080A369E,1
0x080A368C,0x08063FF4,bl,0x080A36BE,1
0x080A368C,0x080A2390,bl,0x080A36B4,1
0x080A368C,0x080A28D0,bl,0x080A36B0,1
0x080A36C8,0x08006138,bl,0x080A3754,1
0x080A36C8,0x0800622C,bl,0x080A3714,1
0x080A36C8,0x080062C4,bl,0x080A36D2,2
0x080A36C8,0x08006338,bl,0x080A36DC,3
0x080A36C8,0x0806395C,bl,0x080A3750,1
0x080A36C8,0x080A23C0,bl,0x080A36D6,1
0x080A36C8,0x080CFDCC,bl,0x080A36E2,4
0x080A3768,0x08006148,bl,0x080A377A,1
0x080A3768,0x080A2390,bl,0x080A378C,1
0x080A37AC,0x08006138,bl,0x080A3824,1
0x080A37AC,0x080061C0,bl,0x080A37D8,1
0x080A37AC,0x0800622C,bl,0x080A37E6,1
0x080A37AC,0x080062C4,bl,0x080A37B6,2
0x080A37AC,0x08006338,bl,0x080A37D0,2
0x080A37AC,0x0806395C,bl,0x080A3820,1
0x080A37AC,0x08063E14,bl,0x080A37BA,1
0x080A37AC,0x080CFDCC,bl,0x080A37FC,2
0x080A3840,0x08006148,bl,0x080A3852,1
0x080A3840,0x080A2390,bl,0x080A3864,1
0x080A387C,0x080031B8,bl,0x080A388E,1
0x080A387C,0x08006138,bl,0x080A38DE,1
0x080A387C,0x080061C0,bl,0x080A3898,1
0x080A387C,0x080062C4,bl,0x080A3886,1
0x080A387C,0x080640A8,bl,0x080A38D6,1
0x080A387C,0x0806E6F8,bl,0x080A38A2,1
0x080A38EC,0x08006148,bl,0x080A3924,1
0x080A38EC,0x0806395C,bl,0x080A391A,1
0x080A38EC,0x08063F24,bl,0x080A390C,1
0x080A38EC,0x08064188,bl,0x080A3942,1
0x080A38EC,0x080A2390,bl,0x080A38EE,1
0x080A38EC,0x080A2C90,bl,0x080A3900,1
0x080A3954,0x080031B8,bl,0x080A3966,1
0x080A3954,0x08006138,bl,0x080A39EC,1
0x080A3954,0x080061C0,bl,0x080A3986,1
0x080A3954,0x0800622C,bl,0x080A3994,1
0x080A3954,0x080062C4,bl,0x080A3960,2
0x080A3954,0x08006338,bl,0x080A397E,4
0x080A3954,0x080261D4,bl,0x080A396C,1
0x080A3954,0x0806395C,bl,0x080A39E8,1
0x080A3954,0x08063A00,bl,0x080A3972,1
0x080A3954,0x080CFDCC,bl,0x080A39AC,4
0x080A3A10,0x08006148,bl,0x080A3A28,1
0x080A3A10,0x08063A00,bl,0x080A3A1E,1
0x080A3A40,0x08006138,bl,0x080A3AF2,1
0x080A3A40,0x080061C0,bl,0x080A3A7A,6
0x080A3A40,0x080062C4,bl,0x080A3A4A,2
0x080A3A40,0x08006338,bl,0x080A3A54,2
0x080A3A40,0x0806395C,bl,0x080A3AEE,1
0x080A3A40,0x08063E14,bl,0x080A3A4E,1
0x080A3A40,0x080A291C,bl,0x080A3AAC,1
0x080A3A40,0x080CFDCC,bl,0x080A3A5A,9
0x080A3B10,0x08006148,bl,0x080A3B22,1
0x080A3B10,0x080A2390,bl,0x080A3B34,1
0x080A3B4C,0x08006138,bl,0x080A3B68,1
0x080A3B4C,0x080062C4,bl,0x080A3B56,1
0x080A3B4C,0x08006338,bl,0x080A3B64,1
0x080A3B7C,0x08006138,bl,0x080A3B90,1
0x080A3B7C,0x08006338,bl,0x080A3B8C,1
0x080A3B7C,0x080A2754,bl,0x080A3B86,1
0x080A3BA0,0x080A268C,bl,0x080A3BAE,1
0x080A3BA0,0x080A2814,bl,0x080A3BB2,1
0x080A3BC0,0x08006338,bl,0x080A3BD0,1
0x080A3BC0,0x080A2754,bl,0x080A3BCA,1
0x080A3BC0,0x080CFDCC,bl,0x080A3BD6,2
0x080A3C08,0x080A268C,bl,0x080A3C16,1
0x080A3C08,0x080A2814,bl,0x080A3C1A,1
0x080A3C28,0x08002E98,bl,0x080A3C3E,1
0x080A3C28,0x080A2A44,bl,0x080A3C32,1
0x080A3C54,0x08002E98,bl,0x080A3C76,1
0x080A3C54,0x080692FC,bl,0x080A3C56,1
0x080A3C54,0x080A2020,bl,0x080A3C9E,1
0x080A3C54,0x080A2BC4,bl,0x080A3C92,1
0x080A3CBC,0x08002E98,bl,0x080A3CC8,1
0x080A3CD8,0x08006138,bl,0x080A3D28,1
0x080A3CD8,0x0800622C,bl,0x080A3CFA,1
0x080A3CD8,0x080062C4,bl,0x080A3D24,1
0x080A3CD8,0x080640DC,bl,0x080A3CE4,1
0x080A3CD8,0x080CFDCC,bl,0x080A3D12,1
0x080A3D3C,0x08006148,bl,0x080A3D5C,1
0x080A3D3C,0x0806415C,bl,0x080A3D64,1
0x080A3D84,0x08006138,bl,0x080A3DBA,1
0x080A3D84,0x080062C4,bl,0x080A3D8E,1
0x080A3D84,0x080639B4,bl,0x080A3D98,1
0x080A3D84,0x080640DC,bl,0x080A3D9E,1
0x080A3D84,0x080A1DD4,bl,0x080A3D92,1
0x080A3D84,0x080A22B0,bl,0x080A3DAA,1
0x080A3D84,0x080A22D4,bl,0x080A3DB6,1
0x080A3D84,0x080CFDCC,bl,0x080A3DB2,1
0x080A3DD0,0x08006148,bl,0x080A3DF8,1
0x080A3DD0,0x0806415C,bl,0x080A3DD8,1
0x080A3DD0,0x080A2A94,bl,0x080A3DE0,1
0x080A3E10,0x08006138,bl,0x080A3E28,1
0x080A3E10,0x080640DC,bl,0x080A3E20,1
0x080A3E10,0x080A2090,bl,0x080A3E1A,1
0x080A3E3C,0x08064188,bl,0x080A3E44,1
0x080A3E3C,0x080A21A0,bl,0x080A3E4E,1
0x080A3E60,0x08006138,bl,0x080A3E6E,1
0x080A3E60,0x080A2EDC,bl,0x080A3E6A,1
0x080A3E7C,0x08064188,bl,0x080A3E84,1
0x080A3E7C,0x080A25C4,bl,0x080A3E8E,1
0x080A3EA0,0x08006138,bl,0x080A3ED4,1
0x080A3EA0,0x080062C4,bl,0x080A3EC4,1
0x080A3EA0,0x0806395C,bl,0x080A3ED0,1
0x080A3EA0,0x080A2DE0,bl,0x080A3EBA,1
0x080A3EA0,0x080A2F38,bl,0x080A3EAA,1
0x080A3EA0,0x080CFDCC,bl,0x080A3EB6,2
0x080A3EDC,0x08006148,bl,0x080A3F0C,1
0x080A3EDC,0x08064188,bl,0x080A3EE4,1
0x080A3EDC,0x080A2224,bl,0x080A3EF0,1
0x080A3EDC,0x080A2C90,bl,0x080A3F02,1
0x080A3F24,0x08006138,bl,0x080A3F48,1
0x080A3F24,0x080657F8,bl,0x080A3F44,1
0x080A3F24,0x080A2CE8,bl,0x080A3F38,1
0x080A3F24,0x080A2D38,bl,0x080A3F3C,1
0x080A3F24,0x080A3000,bl,0x080A3F2E,1
0x080A3F24,0x080CFDCC,bl,0x080A3F34,1
0x080A3F54,0x08064188,bl,0x080A3F5C,1
0x080A3F54,0x080657A4,bl,0x080A3FA8,1
0x080A3F54,0x080657CC,bl,0x080A3F8E,1
0x080A3F54,0x080A2224,bl,0x080A3F68,1
0x080A3F54,0x080A2400,bl,0x080A3F88,1
0x080A3F54,0x080A301C,bl,0x080A3F7A,1
0x080A3F54,0x080A306C,bl,0x080A3F92,2
0x080A3FB8,0x08006138,bl,0x080A3FC8,1
0x080A3FB8,0x080A2E88,bl,0x080A3FC4,1
0x080A3FD4,0x08064188,bl,0x080A3FDC,1
0x080A3FD4,0x080A2608,bl,0x080A3FE6,1
0x080A3FF8,0x08006138,bl,0x080A400C,1
0x080A3FF8,0x080062C4,bl,0x080A4002,1
0x080A3FF8,0x080A2E88,bl,0x080A4008,1
0x080A4018,0x08064188,bl,0x080A4020,1
0x080A4018,0x080A263C,bl,0x080A402A,1
0x080A403C,0x08006138,bl,0x080A4058,1
0x080A403C,0x080062C4,bl,0x080A4046,1
0x080A403C,0x080640A8,bl,0x080A404C,1
0x080A403C,0x080A2030,bl,0x080A4054,1
0x080A406C,0x08064188,bl,0x080A4074,1
0x080A406C,0x080A2164,bl,0x080A407C,1
0x080A408C,0x08006138,bl,0x080A4112,1
0x080A408C,0x080061C0,bl,0x080A40B2,1
0x080A408C,0x0800622C,bl,0x080A40C0,1
0x080A408C,0x080062C4,bl,0x080A4108,1
0x080A408C,0x0806395C,bl,0x080A410E,1
0x080A408C,0x080640DC,bl,0x080A40C6,1
0x080A408C,0x080A2AF4,bl,0x080A4098,1
0x080A408C,0x080A2B14,bl,0x080A40F2,1
0x080A408C,0x080CFDCC,bl,0x080A40E0,1
0x080A412C,0x08006148,bl,0x080A4158,1
0x080A412C,0x08063FF4,bl,0x080A4176,1
0x080A412C,0x08064188,bl,0x080A4142,1
0x080A412C,0x080A2390,bl,0x080A416C,1
0x080A4180,0x08006138,bl,0x080A41E8,1
0x080A4180,0x0800622C,bl,0x080A41AC,1
0x080A4180,0x0806395C,bl,0x080A41E4,1
0x080A4180,0x080640DC,bl,0x080A41B2,1
0x080A4180,0x080A2AF4,bl,0x080A418C,1
0x080A4180,0x080A2B14,bl,0x080A41DE,1
0x080A4180,0x080CFDCC,bl,0x080A41CC,1
0x080A4200,0x08006148,bl,0x080A422C,1
0x080A4200,0x08064188,bl,0x080A4216,1
0x080A4200,0x080A2390,bl,0x080A4240,1
0x080A4260,0x08006138,bl,0x080A42D8,1
0x080A4260,0x080061C0,bl,0x080A4298,1
0x080A4260,0x0800622C,bl,0x080A42A6,1
0x080A4260,0x080062C4,bl,0x080A426A,2
0x080A4260,0x0806395C,bl,0x080A42D4,1
0x080A4260,0x08063E14,bl,0x080A426E,1
0x080A4260,0x080640C8,bl,0x080A427C,1
0x080A4260,0x080640DC,bl,0x080A428C,1
0x080A4260,0x080A2B14,bl,0x080A4280,1
0x080A4260,0x080CFDCC,bl,0x080A42BC,1
0x080A42F8,0x08006148,bl,0x080A4324,1
0x080A42F8,0x08064188,bl,0x080A430E,1
0x080A42F8,0x080A2390,bl,0x080A4338,1
0x080A4350,0x080031B8,bl,0x080A437C,1
0x080A4350,0x08006138,bl,0x080A43C0,1
0x080A4350,0x080061C0,bl,0x080A4386,1
0x080A4350,0x080062C4,bl,0x080A435A,1
0x080A4350,0x08006338,bl,0x080A438C,1
0x080A4350,0x0806E808,bl,0x080A4362,4
0x080A4350,0x080CFDCC,bl,0x080A4392,3
0x080A43D8,0x08006148,bl,0x080A4414,1
0x080A43D8,0x0806395C,bl,0x080A440A,1
0x080A43D8,0x08063F24,bl,0x080A43F8,1
0x080A43D8,0x080A2390,bl,0x080A43DA,1
0x080A43D8,0x080A2C90,bl,0x080A43EC,1
0x080A43D8,0x080A30D0,bl,0x080A4404,1
0x080A4430,0x080031B8,bl,0x080A4442,1
0x080A4430,0x08006138,bl,0x080A44A2,1
0x080A4430,0x080061C0,bl,0x080A4460,1
0x080A4430,0x0800622C,bl,0x080A446E,1
0x080A4430,0x080062C4,bl,0x080A443C,2
0x080A4430,0x080261D4,bl,0x080A4448,1
0x080A4430,0x0806395C,bl,0x080A449E,1
0x080A4430,0x080640DC,bl,0x080A4454,1
0x080A4430,0x080CFDCC,bl,0x080A4486,1
0x080A44C4,0x08006148,bl,0x080A44F0,1
0x080A44C4,0x08064188,bl,0x080A44DA,1
0x080A4508,0x08006138,bl,0x080A459A,1
0x080A4508,0x080061C0,bl,0x080A4534,6
0x080A4508,0x080062C4,bl,0x080A4512,2
0x080A4508,0x0806395C,bl,0x080A4596,1
0x080A4508,0x08063E14,bl,0x080A4516,1
0x080A4508,0x080640DC,bl,0x080A451C,1
0x080A4508,0x080A2CA8,bl,0x080A452A,1
0x080A4508,0x080CFDCC,bl,0x080A4526,8
0x080A45BC,0x08006148,bl,0x080A45D8,1
0x080A45BC,0x08064188,bl,0x080A45C4,1
0x080A45BC,0x080A2390,bl,0x080A45EC,1
0x080A4604,0x08006138,bl,0x080A4620,1
0x080A4604,0x080062C4,bl,0x080A460E,1
0x080A4604,0x08006338,bl,0x080A461C,1
0x080A4634,0x08006138,bl,0x080A4648,1
0x080A4634,0x08006338,bl,0x080A4644,1
0x080A4634,0x080A2754,bl,0x080A463E,1
0x080A4658,0x080A268C,bl,0x080A4666,1
0x080A4658,0x080A2BC4,bl,0x080A466A,1
0x080A4678,0x08006338,bl,0x080A4688,1
0x080A4678,0x080A2754,bl,0x080A4682,1
0x080A4678,0x080CFDCC,bl,0x080A468E,2
0x080A46C0,0x080A268C,bl,0x080A46CE,1
0x080A46C0,0x080A2BC4,bl,0x080A46D2,1
0x080A46E0,0x08063F24,bl,0x080A46E6,3
0x080A4708,0x08066FC0,bl,0x080A471E,1
0x080A472C,0x08006338,bl,0x080A474C,1
0x080A472C,0x080CFDCC,bl,0x080A4752,12
0x080A4808,0x080A4814,bl,0x080A480A,1
0x080A488C,0x080017E4,bl,0x080A48F0,1
0x080A488C,0x08001A94,bl,0x080A4946,1
0x080A488C,0x08005ACC,bl,0x080A48A0,1
0x080A488C,0x0806685C,bl,0x080A497A,1
0x080A488C,0x08066A6C,bl,0x080A4896,1
0x080A498C,0x08002E98,bl,0x080A49AE,1
0x080A49CC,0x080261D4,bl,0x080A4A02,1
0x080A49CC,0x08068920,bl,0x080A49DA,1
0x080A49CC,0x08068950,bl,0x080A49FC,1
0x080A4A1C,0x08002E98,bl,0x080A4A42,1
0x080A4A1C,0x0806395C,bl,0x080A4A36,1
0x080A4A1C,0x080639B4,bl,0x080A4A30,1
0x080A4A1C,0x08064A60,bl,0x080A4A2A,1
0x080A4A60,0x08002E98,bl,0x080A4A70,2
0x080A4A60,0x08064BCC,bl,0x080A4A62,1
0x080A4A60,0x08068E04,bl,0x080A4A8C,1
0x080A4A60,0x08069B44,bl,0x080A4A90,1
0x080A4AC4,0x080061C0,bl,0x080A4AE8,1
0x080A4AC4,0x080639A4,bl,0x080A4B00,1
0x080A4AC4,0x0806A344,bl,0x080A4B04,1
0x080A4AC4,0x080CFDCC,bl,0x080A4AF2,1
0x080A4B1C,0x080227A4,bl,0x080A4B46,1
0x080A4B1C,0x08068920,bl,0x080A4B2E,1
0x080A4B1C,0x080A49CC,bl,0x080A4B5E,1
0x080A4B68,0x08002E98,bl,0x080A4B8A,1
0x080A4BA8,0x08002E98,bl,0x080A4BC4,1
0x080A4BA8,0x0806395C,bl,0x080A4BB8,1
0x080A4BA8,0x08064A60,bl,0x080A4BB2,1
0x080A4BDC,0x08002E98,bl,0x080A4BE8,2
0x080A4BDC,0x08068E04,bl,0x080A4C04,1
0x080A4BDC,0x08069B44,bl,0x080A4C08,1
0x080A4C3C,0x080061C0,bl,0x080A4C5A,1
0x080A4C3C,0x08006338,bl,0x080A4C4E,1
0x080A4C3C,0x08063FE0,bl,0x080A4C6A,1
0x080A4C3C,0x080CFDCC,bl,0x080A4C60,1
0x080A4C84,0x08002E98,bl,0x080A4CAC,1
0x080A4CC4,0x08002E98,bl,0x080A4CE4,1
0x080A4CC4,0x0806395C,bl,0x080A4CD8,1
0x080A4CC4,0x08064A60,bl,0x080A4CD2,1
0x080A4D00,0x08002E98,bl,0x080A4D32,1
0x080A4D00,0x08006148,bl,0x080A4D18,1
0x080A4D00,0x0806395C,bl,0x080A4D0E,1
0x080A4D00,0x08068E04,bl,0x080A4D4E,1
0x080A4D00,0x080695BC,bl,0x080A4D02,1
0x080A4D00,0x08069B44,bl,0x080A4D52,1
0x080A4D6C,0x08002E98,bl,0x080A4D78,1
0x080A4D88,0x08006138,bl,0x080A4DCA,1
0x080A4D88,0x080061C0,bl,0x080A4D9E,1
0x080A4D88,0x080640A8,bl,0x080A4DC2,1
0x080A4DD8,0x08064188,bl,0x080A4DE0,1
0x080A4DF4,0x080062C4,bl,0x080A4DFE,1
0x080A4DF4,0x0806A344,bl,0x080A4E02,1
0x080A4E14,0x08002EE8,bl,0x080A4E18,2
0x080A4E14,0x08064398,bl,0x080A4E6A,1
0x080A4E9C,0x08002E98,bl,0x080A4EC2,1
0x080A4E9C,0x08063908,bl,0x080A4EB0,1
0x080A4E9C,0x0806395C,bl,0x080A4EB6,1
0x080A4E9C,0x08064A60,bl,0x080A4EAA,1
0x080A4EE0,0x08002E98,bl,0x080A4EEC,2
0x080A4EE0,0x08068E04,bl,0x080A4F08,1
0x080A4EE0,0x08069B44,bl,0x080A4F0C,1
0x080A4F40,0x08002EE8,bl,0x080A4FA2,1
0x080A4F40,0x080031B8,bl,0x080A4FC0,3
0x080A4F40,0x08006138,bl,0x080A4FF0,1
0x080A4F40,0x080062C4,bl,0x080A4F4A,1
0x080A4F40,0x080A4E14,bl,0x080A4F58,1
0x080A4F40,0x080CFDCC,bl,0x080A4F68,2
0x080A5008,0x08064BCC,bl,0x080A5014,1
0x080A5020,0x080062C4,bl,0x080A502A,1
0x080A5020,0x0806A344,bl,0x080A502E,1
0x080A5040,0x08002E98,bl,0x080A5066,1
0x080A5040,0x08063908,bl,0x080A5054,1
0x080A5040,0x0806395C,bl,0x080A505A,1
0x080A5040,0x08064A60,bl,0x080A504E,1
0x080A5084,0x08002E98,bl,0x080A50B6,1
0x080A5084,0x08006148,bl,0x080A509C,1
0x080A5084,0x0806395C,bl,0x080A5092,1
0x080A5084,0x08068E04,bl,0x080A50D2,1
0x080A5084,0x080695BC,bl,0x080A5086,1
0x080A5084,0x08069B44,bl,0x080A50D6,1
0x080A50F0,0x08002E98,bl,0x080A50FC,1
0x080A510C,0x080061C0,bl,0x080A5122,1
0x080A510C,0x08006338,bl,0x080A5128,3
0x080A510C,0x080CFDCC,bl,0x080A512E,4
0x080A5168,0x080062C4,bl,0x080A5172,1
0x080A5168,0x0806A344,bl,0x080A5176,1
0x080A5188,0x08002E98,bl,0x080A51BA,1
0x080A5188,0x08063908,bl,0x080A51A8,1
0x080A5188,0x0806395C,bl,0x080A51AE,1
0x080A5188,0x08064A60,bl,0x080A51A2,1
0x080A51DC,0x08002E98,bl,0x080A51E8,2
0x080A51DC,0x08068E04,bl,0x080A5204,1
0x080A51DC,0x08069B44,bl,0x080A5208,1
0x080A523C,0x08067120,bl,0x080A525C,2
0x080A528C,0x08006138,bl,0x080A52BA,1
0x080A528C,0x080062C4,bl,0x080A5296,1
0x080A528C,0x080A523C,bl,0x080A52AC,2
0x080A528C,0x080CFDCC,bl,0x080A52A8,2
0x080A5304,0x080062C4,bl,0x080A530E,1
0x080A5304,0x08063FE0,bl,0x080A5312,1
0x080A5324,0x080061C0,bl,0x080A534E,1
0x080A5324,0x080062C4,bl,0x080A535C,1
0x080A5324,0x08064A60,bl,0x080A5340,1
0x080A5324,0x080CFDCC,bl,0x080A5358,2
0x080A5324,0x080CFDD4,bl,0x080A5366,1
0x080A5388,0x08006138,bl,0x080A5398,1
0x080A53A8,0x08065F2C,bl,0x080A53CA,1
0x080A53A8,0x08068CF8,bl,0x080A5474,1
0x080A5484,0x08006138,bl,0x080A5494,1
0x080A54A4,0x080685EC,bl,0x080A54CC,1
0x080A54A4,0x08068CF8,bl,0x080A54AA,1
0x080A54E4,0x08002E98,bl,0x080A5506,1
0x080A5524,0x080062C4,bl,0x080A5526,1
0x080A5524,0x080CFDCC,bl,0x080A5538,4
0x080A556C,0x080CFDCC,bl,0x080A5596,1
0x080A55AC,0x080CFDCC,bl,0x080A55D6,1
0x080A55EC,0x08002E98,bl,0x080A5620,1
0x080A55EC,0x08063A00,bl,0x080A5612,1
0x080A55EC,0x08066088,bl,0x080A55F0,1
0x080A55EC,0x08066144,bl,0x080A55F4,1
0x080A5644,0x08002E98,bl,0x080A5678,1
0x080A5644,0x0806395C,bl,0x080A566C,1
0x080A5644,0x08065F5C,bl,0x080A5660,1
0x080A5694,0x08002E98,bl,0x080A56A0,1
0x080A56B0,0x08002E98,bl,0x080A56C6,1
0x080A56B0,0x08002EE8,bl,0x080A5770,1
0x080A56B0,0x0806395C,bl,0x080A57AE,2
0x080A56B0,0x080639B4,bl,0x080A56E0,1
0x080A56B0,0x08068F68,bl,0x080A56F0,1
0x080A56B0,0x080692FC,bl,0x080A56B2,1
0x080A56B0,0x08069B44,bl,0x080A57CA,1
0x080A56B0,0x080A6E1C,bl,0x080A5764,1
0x080A56B0,0x080A7168,bl,0x080A57B2,2
0x080A56B0,0x080A720C,bl,0x080A5720,1
0x080A57D4,0x08006138,bl,0x080A5A50,1
0x080A57D4,0x08006244,bl,0x080A5A18,1
0x080A57D4,0x08006338,bl,0x080A588E,2
0x080A57D4,0x0806395C,bl,0x080A5A4C,1
0x080A57D4,0x08064BA8,bl,0x080A5856,1
0x080A57D4,0x08064C1C,bl,0x080A5928,2
0x080A57D4,0x08064D34,bl,0x080A5A3A,1
0x080A57D4,0x08066544,bl,0x080A58BE,1
0x080A57D4,0x080CFDCC,bl,0x080A58A4,23
0x080A5A78,0x08006148,bl,0x080A5A8A,1
0x080A5AA0,0x08063B38,bl,0x080A5ABA,1
0x080A5AA0,0x080A6E98,bl,0x080A5ADE,1
0x080A5AF4,0x08002EE8,bl,0x080A5D60,2
0x080A5AF4,0x08006304,bl,0x080A5D6A,1
0x080A5AF4,0x0806395C,bl,0x080A5DB8,1
0x080A5AF4,0x08063CD0,bl,0x080A5D7C,3
0x080A5AF4,0x08063E14,bl,0x080A5B7E,3
0x080A5AF4,0x080A6F38,bl,0x080A5C1E,2
0x080A5AF4,0x080A6F74,bl,0x080A5D38,1
0x080A5AF4,0x080A7168,bl,0x080A5DBC,1
0x080A5AF4,0x080A7190,bl,0x080A5B08,1
0x080A5DD0,0x08006138,bl,0x080A5E24,1
0x080A5DD0,0x08006338,bl,0x080A5E1A,1
0x080A5DD0,0x0806395C,bl,0x080A5E20,1
0x080A5DD0,0x080A6E58,bl,0x080A5E02,1
0x080A5E30,0x08006148,bl,0x080A5E48,1
0x080A5E30,0x080227A4,bl,0x080A5E36,1
0x080A5E60,0x08006138,bl,0x080A5E8E,1
0x080A5E60,0x08006338,bl,0x080A5E84,1
0x080A5E60,0x0806395C,bl,0x080A5E8A,1
0x080A5E60,0x080A6E58,bl,0x080A5E74,1
0x080A5E9C,0x08006148,bl,0x080A5EB4,1
0x080A5E9C,0x080227A4,bl,0x080A5EA2,1
0x080A5ECC,0x08006138,bl,0x080A5EE2,1
0x080A5ECC,0x0806395C,bl,0x080A5EDE,1
0x080A5EF0,0x08006148,bl,0x080A5F08,1
0x080A5EF0,0x080227A4,bl,0x080A5EF6,1
0x080A5F20,0x08006138,bl,0x080A5F6E,1
0x080A5F20,0x08006338,bl,0x080A5F64,1
0x080A5F20,0x0806395C,bl,0x080A5F6A,1
0x080A5F20,0x08063E14,bl,0x080A5F30,1
0x080A5F20,0x080A6E58,bl,0x080A5F54,1
0x080A5F7C,0x08006148,bl,0x080A5F94,1
0x080A5F7C,0x080227A4,bl,0x080A5F82,1
0x080A5FAC,0x080061C0,bl,0x080A5FFC,1
0x080A5FAC,0x08006338,bl,0x080A6002,1
0x080A5FAC,0x08063B38,bl,0x080A5FD2,1
0x080A5FAC,0x08063E14,bl,0x080A5FF2,1
0x080A5FAC,0x080A6E98,bl,0x080A6006,1
0x080A6020,0x08002EE8,bl,0x080A6072,2
0x080A6020,0x080227A4,bl,0x080A6026,1
0x080A6020,0x0806395C,bl,0x080A607C,2
0x080A6020,0x08063D2C,bl,0x080A6052,3
0x080A6020,0x080A7168,bl,0x080A60BE,1
0x080A60D8,0x080061C0,bl,0x080A60EC,1
0x080A60D8,0x08006338,bl,0x080A60F2,1
0x080A60D8,0x08063E14,bl,0x080A60E2,1
0x080A60D8,0x080CFDCC,bl,0x080A60F8,2
0x080A6130,0x08002EE8,bl,0x080A6178,2
0x080A6130,0x080227A4,bl,0x080A6136,1
0x080A6130,0x0806395C,bl,0x080A6182,2
0x080A6130,0x08063CD0,bl,0x080A613A,3
0x080A6130,0x080A7168,bl,0x080A61A6,1
0x080A61B4,0x08006138,bl,0x080A624A,1
0x080A61B4,0x080061C0,bl,0x080A61DE,1
0x080A61B4,0x0800622C,bl,0x080A61D6,1
0x080A61B4,0x080062C4,bl,0x080A6240,1
0x080A61B4,0x08006338,bl,0x080A61E4,1
0x080A61B4,0x0806395C,bl,0x080A6246,1
0x080A61B4,0x080CFDCC,bl,0x080A61EA,3
0x080A6264,0x080A6FB4,bl,0x080A6266,1
0x080A6264,0x080A7168,bl,0x080A6274,1
0x080A6280,0x08006138,bl,0x080A6314,1
0x080A6280,0x080061C0,bl,0x080A62A8,1
0x080A6280,0x0800622C,bl,0x080A62A0,1
0x080A6280,0x080062C4,bl,0x080A630A,1
0x080A6280,0x08006338,bl,0x080A62AE,1
0x080A6280,0x0806395C,bl,0x080A6310,1
0x080A6280,0x080CFDCC,bl,0x080A62B4,3
0x080A6330,0x080A6FB4,bl,0x080A6332,1
0x080A6330,0x080A7168,bl,0x080A6340,1
0x080A634C,0x08006138,bl,0x080A637E,1
0x080A634C,0x080062C4,bl,0x080A6358,1
0x080A634C,0x08006338,bl,0x080A6362,2
0x080A634C,0x0806395C,bl,0x080A637A,1
0x080A634C,0x080CFDCC,bl,0x080A6368,2
0x080A638C,0x080A7168,bl,0x080A6398,1
0x080A63A4,0x08006138,bl,0x080A63C4,1
0x080A63A4,0x0806395C,bl,0x080A63C0,1
0x080A63A4,0x08063E14,bl,0x080A63B0,1
0x080A63D8,0x080A7168,bl,0x080A63E4,1
0x080A63F0,0x08006138,bl,0x080A640C,1
0x080A63F0,0x0806395C,bl,0x080A6408,1
0x080A63F0,0x08063E14,bl,0x080A63FC,1
0x080A6420,0x080A7168,bl,0x080A642C,1
0x080A6438,0x080031B8,bl,0x080A6494,1
0x080A6438,0x08006138,bl,0x080A64F4,1
0x080A6438,0x08006338,bl,0x080A649A,3
0x080A6438,0x080648A0,bl,0x080A6454,1
0x080A6438,0x080CFDCC,bl,0x080A64A0,3
0x080A650C,0x080062C4,bl,0x080A652E,1
0x080A650C,0x0806395C,bl,0x080A6534,1
0x080A650C,0x08063FF4,bl,0x080A651A,1
0x080A650C,0x080A6F74,bl,0x080A650E,1
0x080A650C,0x080A7168,bl,0x080A6538,1
0x080A6544,0x08006138,bl,0x080A6564,1
0x080A6544,0x0806395C,bl,0x080A6560,1
0x080A6544,0x08063E14,bl,0x080A654E,1
0x080A6574,0x080A7168,bl,0x080A6580,1
0x080A658C,0x080031B8,bl,0x080A65E6,1
0x080A658C,0x08006138,bl,0x080A661A,1
0x080A658C,0x0800622C,bl,0x080A65BA,1
0x080A658C,0x080062C4,bl,0x080A6596,2
0x080A658C,0x08006338,bl,0x080A659C,2
0x080A658C,0x080261D4,bl,0x080A65DE,1
0x080A658C,0x0806395C,bl,0x080A6616,1
0x080A658C,0x0806E9B4,bl,0x080A65F0,1
0x080A658C,0x080CFDCC,bl,0x080A65A2,4
0x080A6628,0x08063FF4,bl,0x080A6636,1
0x080A6628,0x080A6F74,bl,0x080A662A,1
0x080A6628,0x080A7168,bl,0x080A6644,1
0x080A6650,0x08006138,bl,0x080A6670,1
0x080A6650,0x0806395C,bl,0x080A666C,1
0x080A6650,0x08063E14,bl,0x080A665A,1
0x080A6680,0x080A7168,bl,0x080A668C,1
0x080A6698,0x08006138,bl,0x080A66BA,1
0x080A6698,0x0800622C,bl,0x080A66B0,1
0x080A6698,0x08006338,bl,0x080A66B6,1
0x080A6698,0x080A7080,bl,0x080A66A2,1
0x080A66C8,0x080034F0,bl,0x080A66F2,1
0x080A66C8,0x080062C4,bl,0x080A66F6,1
0x080A66C8,0x0806395C,bl,0x080A66FC,1
0x080A66C8,0x08063FF4,bl,0x080A66D6,1
0x080A66C8,0x080A6F74,bl,0x080A66CA,1
0x080A66C8,0x080A7168,bl,0x080A6700,1
0x080A6710,0x08006138,bl,0x080A6728,1
0x080A6710,0x080062C4,bl,0x080A671A,1
0x080A6710,0x0806395C,bl,0x080A6724,1
0x080A6710,0x080A7080,bl,0x080A671E,1
0x080A6734,0x080227A4,bl,0x080A673A,1
0x080A6734,0x080A7168,bl,0x080A6746,1
0x080A6754,0x080031B8,bl,0x080A677C,1
0x080A6754,0x08006138,bl,0x080A67FA,1
0x080A6754,0x080062C4,bl,0x080A6760,1
0x080A6754,0x08006338,bl,0x080A676E,2
0x080A6754,0x0806395C,bl,0x080A67F6,1
0x080A6754,0x08064C1C,bl,0x080A67AA,1
0x080A6754,0x080CFDCC,bl,0x080A6774,4
0x080A680C,0x080061C0,bl,0x080A6844,1
0x080A680C,0x080227A4,bl,0x080A6812,1
0x080A680C,0x080A7168,bl,0x080A6852,1
0x080A6868,0x080031B8,bl,0x080A6890,2
0x080A6868,0x08006138,bl,0x080A6974,1
0x080A6868,0x080062C4,bl,0x080A6874,1
0x080A6868,0x08006338,bl,0x080A6882,3
0x080A6868,0x0806395C,bl,0x080A6970,1
0x080A6868,0x08064C1C,bl,0x080A68BE,2
0x080A6868,0x080CFDCC,bl,0x080A6888,6
0x080A6988,0x080061C0,bl,0x080A69C0,1
0x080A6988,0x080227A4,bl,0x080A698E,1
0x080A6988,0x080A7168,bl,0x080A69CE,1
0x080A69E4,0x080031B8,bl,0x080A6A1A,1
0x080A69E4,0x08006138,bl,0x080A6A9A,1
0x080A69E4,0x080062C4,bl,0x080A69F0,1
0x080A69E4,0x08006338,bl,0x080A69FE,2
0x080A69E4,0x0806395C,bl,0x080A6A96,1
0x080A69E4,0x08064C1C,bl,0x080A6A48,1
0x080A69E4,0x080CFDCC,bl,0x080A6A04,7
0x080A6AAC,0x080061C0,bl,0x080A6B0E,1
0x080A6AAC,0x080227A4,bl,0x080A6AB2,1
0x080A6AAC,0x080A7168,bl,0x080A6B1C,1
0x080A6B3C,0x080031B8,bl,0x080A6B60,1
0x080A6B3C,0x08006138,bl,0x080A6C32,1
0x080A6B3C,0x080062C4,bl,0x080A6C28,1
0x080A6B3C,0x08006338,bl,0x080A6BBC,2
0x080A6B3C,0x08063E14,bl,0x080A6B58,1
0x080A6B3C,0x08064C1C,bl,0x080A6BA4,2
0x080A6B3C,0x080CFDCC,bl,0x080A6BC2,2
0x080A6C3C,0x08006148,bl,0x080A6C74,1
0x080A6C3C,0x080061C0,bl,0x080A6CC6,1
0x080A6C3C,0x08006244,bl,0x080A6CDA,1
0x080A6C3C,0x080062C4,bl,0x080A6C64,2
0x080A6C3C,0x08006338,bl,0x080A6CEC,1
0x080A6C3C,0x080227A4,bl,0x080A6C42,1
0x080A6C3C,0x0806395C,bl,0x080A6C6A,1
0x080A6C3C,0x080A7190,bl,0x080A6C94,1
0x080A6D08,0x080031B8,bl,0x080A6D44,1
0x080A6D08,0x08006138,bl,0x080A6D4E,1
0x080A6D08,0x080062C4,bl,0x080A6D12,1
0x080A6D08,0x08006338,bl,0x080A6D4A,1
0x080A6D08,0x08063E14,bl,0x080A6D3C,1
0x080A6D60,0x08002EE8,bl,0x080A6DBA,1
0x080A6D60,0x08006148,bl,0x080A6E00,1
0x080A6D60,0x08006244,bl,0x080A6D96,2
0x080A6D60,0x08006338,bl,0x080A6E12,1
0x080A6D60,0x080227A4,bl,0x080A6D66,1
0x080A6D60,0x0806395C,bl,0x080A6DF6,1
0x080A6E58,0x08002EE8,bl,0x080A6E70,2
0x080A6E98,0x080CFDCC,bl,0x080A6EB8,2
0x080A6F38,0x08021BB4,bl,0x080A6F4A,2
0x080A6F74,0x080227A4,bl,0x080A6F7A,1
0x080A6FB4,0x08002EE8,bl,0x080A7050,1
0x080A6FB4,0x0806395C,bl,0x080A706C,1
0x080A6FB4,0x08063CD0,bl,0x080A6FF4,1
0x080A6FB4,0x08063D2C,bl,0x080A6FFA,1
0x080A6FB4,0x08063FF4,bl,0x080A6FC2,1
0x080A6FB4,0x080A6F74,bl,0x080A6FB6,1
0x080A7080,0x080031B8,bl,0x080A70C8,1
0x080A7080,0x08006244,bl,0x080A70FA,2
0x080A7080,0x08006338,bl,0x080A708C,2
0x080A7080,0x080CFDCC,bl,0x080A7092,11
0x080A7168,0x08006148,bl,0x080A717C,1
0x080A7190,0x08002EE8,bl,0x080A71B2,2
0x080A7190,0x0806395C,bl,0x080A71BC,2
0x080A7190,0x08063B38,bl,0x080A7192,1
0x080A7190,0x080A7168,bl,0x080A71F8,1
0x080A720C,0x08002EE8,bl,0x080A723C,1
0x080A720C,0x080A6E1C,bl,0x080A7230,1
0x080A7260,0x0806619C,bl,0x080A728E,1
0x080A72B0,0x0806621C,bl,0x080A72DA,1
0x080A72FC,0x08006148,bl,0x080A7318,1
0x080A72FC,0x080062C4,bl,0x080A72FE,1
0x080A72FC,0x080639A4,bl,0x080A7304,1
0x080A7334,0x08063FF4,bl,0x080A73A8,1
0x080A73B4,0x08002E98,bl,0x080A73DE,1
0x080A73B4,0x0806395C,bl,0x080A73D2,1
0x080A73B4,0x08063E14,bl,0x080A73CC,1
0x080A73FC,0x08002E98,bl,0x080A740C,1
0x080A73FC,0x080692FC,bl,0x080A73FE,1
0x080A741C,0x08002E98,bl,0x080A7428,1
0x080A7438,0x08006138,bl,0x080A7592,1
0x080A7438,0x080061C0,bl,0x080A751A,1
0x080A7438,0x0800622C,bl,0x080A754C,1
0x080A7438,0x080062C4,bl,0x080A7444,2
0x080A7438,0x08006338,bl,0x080A7520,1
0x080A7438,0x0806395C,bl,0x080A758E,1
0x080A7438,0x080648A0,bl,0x080A74BA,1
0x080A7438,0x0806493C,bl,0x080A74C6,1
0x080A7438,0x08064B28,bl,0x080A74B2,1
0x080A7438,0x080CFDCC,bl,0x080A746C,2
0x080A75A0,0x08006148,bl,0x080A75B2,1
0x080A75C8,0x0800374C,bl,0x080A7844,1
0x080A75C8,0x080062C4,bl,0x080A7686,3
0x080A75C8,0x08006338,bl,0x080A75DC,5
0x080A75C8,0x08063FE0,bl,0x080A7858,1
0x080A75C8,0x08064C1C,bl,0x080A7632,1
0x080A75C8,0x08066FC0,bl,0x080A7854,1
0x080A75C8,0x080CFDCC,bl,0x080A75E2,29
0x080A7880,0x08006138,bl,0x080A7890,1
0x080A78A0,0x08005654,bl,0x080A7978,2
0x080A78A0,0x08068CF8,bl,0x080A7954,1
0x080A7998,0x0800625C,bl,0x080A79CE,1
0x080A7998,0x08006338,bl,0x080A79D4,8
0x080A7998,0x080CFDCC,bl,0x080A79DA,16
0x080A7998,0x080CFDD4,bl,0x080A7ABA,1
0x080A7AE4,0x08006138,bl,0x080A7B62,1
0x080A7AE4,0x08006338,bl,0x080A7B0E,1
0x080A7AE4,0x08064A60,bl,0x080A7B00,1
0x080A7AE4,0x08064C1C,bl,0x080A7B36,1
0x080A7AE4,0x080CFDCC,bl,0x080A7B14,1
0x080A7B88,0x080061C0,bl,0x080A7BB4,2
0x080A7B88,0x08006338,bl,0x080A7BCA,2
0x080A7B88,0x08064A60,bl,0x080A7BA4,1
0x080A7B88,0x080CFDCC,bl,0x080A7BD0,8
0x080A7B88,0x080CFDD4,bl,0x080A7C8E,1
0x080A7C9C,0x08006338,bl,0x080A7CB8,2
0x080A7C9C,0x080CFDCC,bl,0x080A7CBE,6
0x080A7C9C,0x080CFDD4,bl,0x080A7D06,1
0x080A7D20,0x08006338,bl,0x080A7D24,1
0x080A7D2C,0x08002E98,bl,0x080A7D74,1
0x080A7D2C,0x08066088,bl,0x080A7D30,1
0x080A7D2C,0x08066144,bl,0x080A7D34,1
0x080A7D98,0x08002E98,bl,0x080A7DD6,1
0x080A7D98,0x0806395C,bl,0x080A7DCA,1
0x080A7D98,0x080639B4,bl,0x080A7DA4,1
0x080A7D98,0x08064D34,bl,0x080A7DBE,1
0x080A7DF4,0x08002E98,bl,0x080A7E00,1
0x080A7E10,0x08002E98,bl,0x080A7E20,1
0x080A7E10,0x08068E04,bl,0x080A7E2C,1
0x080A7E10,0x08069B44,bl,0x080A7E30,1
0x080A7E10,0x080A9738,bl,0x080A7E12,1
0x080A7E44,0x080062C4,bl,0x080A7E6C,2
0x080A7E44,0x08030DB8,bl,0x080A7F1C,1
0x080A7E44,0x080CFDCC,bl,0x080A7E60,24
0x080A8038,0x08002EE8,bl,0x080A80F4,4
0x080A8038,0x08006148,bl,0x080A805C,1
0x080A8038,0x080062C4,bl,0x080A804C,1
0x080A8038,0x0806395C,bl,0x080A8052,1
0x080A8038,0x08063B38,bl,0x080A8074,1
0x080A8038,0x08063EB0,bl,0x080A8362,2
0x080A8038,0x0806421C,bl,0x080A8258,4
0x080A8038,0x080645A4,bl,0x080A82CE,1
0x080A8038,0x08064680,bl,0x080A85A8,1
0x080A8038,0x080A932C,bl,0x080A809E,1
0x080A8038,0x080A93EC,bl,0x080A8116,2
0x080A8038,0x080A9434,bl,0x080A8186,2
0x080A8038,0x080A94D4,bl,0x080A8202,1
0x080A8038,0x080A95DC,bl,0x080A820C,2
0x080A8038,0x080A96A4,bl,0x080A826A,3
0x080A8038,0x080A96DC,bl,0x080A8220,3
0x080A8038,0x080CFA50,bl,0x080A858A,1
0x080A85E4,0x08006138,bl,0x080A85FA,1
0x080A860C,0x08002EE8,bl,0x080A8720,1
0x080A860C,0x08006148,bl,0x080A87B2,1
0x080A860C,0x08006244,bl,0x080A864C,1
0x080A860C,0x08063D4C,bl,0x080A86E8,1
0x080A860C,0x0806493C,bl,0x080A8712,1
0x080A860C,0x08066718,bl,0x080A8660,2
0x080A87C8,0x08002E98,bl,0x080A8822,1
0x080A87C8,0x0806395C,bl,0x080A8814,1
0x080A87C8,0x080648A0,bl,0x080A87E4,1
0x080A8834,0x08002E98,bl,0x080A8840,1
0x080A8850,0x08002E98,bl,0x080A8860,1
0x080A8850,0x08068F68,bl,0x080A8864,1
0x080A8850,0x08069B44,bl,0x080A8868,1
0x080A8850,0x080A9738,bl,0x080A8852,1
0x080A8878,0x08006138,bl,0x080A8924,1
0x080A8878,0x0806395C,bl,0x080A8920,1
0x080A8878,0x080639B4,bl,0x080A8914,1
0x080A8878,0x08063A00,bl,0x080A891A,1
0x080A8878,0x08066544,bl,0x080A889C,1
0x080A8878,0x08066564,bl,0x080A890E,1
0x080A8878,0x080CFDCC,bl,0x080A8898,6
0x080A8948,0x08006148,bl,0x080A895A,1
0x080A8970,0x08002EE8,bl,0x080A89D4,3
0x080A8970,0x0806395C,bl,0x080A89B2,6
0x080A8970,0x08063B38,bl,0x080A8A0A,1
0x080A8970,0x08063D4C,bl,0x080A8A20,1
0x080A8970,0x080CFDCC,bl,0x080A8B34,1
0x080A8B44,0x08006148,bl,0x080A8B56,1
0x080A8B6C,0x08006138,bl,0x080A8BBA,1
0x080A8B6C,0x080062C4,bl,0x080A8B78,1
0x080A8B6C,0x0806395C,bl,0x080A8BB6,1
0x080A8B6C,0x080CFDCC,bl,0x080A8B98,1
0x080A8BCC,0x08006148,bl,0x080A8BDE,1
0x080A8BF4,0x080062C4,bl,0x080A8BFE,1
0x080A8BF4,0x080648A0,bl,0x080A8C06,1
0x080A8BF4,0x080CFDCC,bl,0x080A8C5E,1
0x080A8C84,0x08006148,bl,0x080A8CFE,1
0x080A8C84,0x0806395C,bl,0x080A8CF4,1
0x080A8C84,0x080648A0,bl,0x080A8C8A,1
0x080A8D1C,0x080031B8,bl,0x080A8E0C,1
0x080A8D1C,0x08006138,bl,0x080A8EEC,1
0x080A8D1C,0x080061C0,bl,0x080A8D60,9
0x080A8D1C,0x080062C4,bl,0x080A8D30,1
0x080A8D1C,0x0806395C,bl,0x080A8EE8,1
0x080A8D1C,0x08064CDC,bl,0x080A8DE0,2
0x080A8D1C,0x080657CC,bl,0x080A8E70,1
0x080A8D1C,0x080657F8,bl,0x080A8D38,1
0x080A8D1C,0x080CFDCC,bl,0x080A8D70,11
0x080A8F18,0x08006148,bl,0x080A8F2A,1
0x080A8F40,0x080031B8,bl,0x080A8F88,1
0x080A8F40,0x08006138,bl,0x080A8F9C,1
0x080A8F40,0x080062C4,bl,0x080A8F54,1
0x080A8F40,0x0806395C,bl,0x080A8F98,1
0x080A8F40,0x08064B5C,bl,0x080A8F80,1
0x080A8F40,0x080CFDCC,bl,0x080A8F60,1
0x080A8FB4,0x08006148,bl,0x080A8FC6,1
0x080A8FDC,0x080031B8,bl,0x080A9070,1
0x080A8FDC,0x08006138,bl,0x080A92C4,1
0x080A8FDC,0x080061C0,bl,0x080A901A,30
0x080A8FDC,0x0806395C,bl,0x080A92C0,1
0x080A8FDC,0x080CFDCC,bl,0x080A9028,30
0x080A9304,0x08006148,bl,0x080A9316,1
0x080A93EC,0x08063CBC,bl,0x080A9400,3
0x080A93EC,0x0806433C,bl,0x080A93F2,1
0x080A9434,0x08002EE8,bl,0x080A949A,1
0x080A9434,0x080062C4,bl,0x080A9438,1
0x080A9434,0x080642FC,bl,0x080A9466,1
0x080A94D4,0x08002EE8,bl,0x080A9526,1
0x080A94D4,0x08063CBC,bl,0x080A94DA,1
0x080A94D4,0x08063D18,bl,0x080A94FA,1
0x080A94D4,0x0806421C,bl,0x080A95AE,1
0x080A95DC,0x08063CBC,bl,0x080A95EC,2
0x080A95DC,0x08063D18,bl,0x080A9624,2
0x080A96DC,0x080642FC,bl,0x080A96E6,1
0x080A9738,0x08064314,bl,0x080A973C,1
0x080A9760,0x0806619C,bl,0x080A9770,1
0x080A9794,0x0806621C,bl,0x080A97B8,1
0x080A97D8,0x08002028,bl,0x080A97DA,1
0x080A97D8,0x08006148,bl,0x080A97FA,1
0x080A97D8,0x080062C4,bl,0x080A97DE,1
0x080A97D8,0x080639A4,bl,0x080A97E4,1
0x080A97D8,0x080657A4,bl,0x080A97F0,1
0x080A9814,0x08066FC0,bl,0x080A982E,1
0x080A983C,0x08006138,bl,0x080A98E4,1
0x080A983C,0x08063E14,bl,0x080A985A,1
0x080A983C,0x080CFDCC,bl,0x080A98D2,1
0x080A9910,0x08006148,bl,0x080A997C,1
0x080A9910,0x08006304,bl,0x080A9962,1
0x080A9910,0x08063E14,bl,0x080A995E,1
0x080A99A0,0x080CFDCC,bl,0x080A99CC,19
0x080A9BA0,0x08005654,bl,0x080A9C08,2
0x080A9C28,0x08002EE8,bl,0x080A9C4E,2
0x080A9C28,0x08064CDC,bl,0x080A9C98,1
0x080A9C28,0x080CFDCC,bl,0x080A9CBC,1
0x080A9C28,0x080CFDD4,bl,0x080A9CC0,1
0x080A9CF0,0x08002EE8,bl,0x080A9D16,1
0x080A9CF0,0x08064CDC,bl,0x080A9D50,1
0x080A9CF0,0x080CFDCC,bl,0x080A9D74,1
0x080A9CF0,0x080CFDD4,bl,0x080A9D78,1
0x080A9DA4,0x08002EE8,bl,0x080A9DCA,1
0x080A9DA4,0x080CFDCC,bl,0x080A9DEE,1
0x080A9DA4,0x080CFDD4,bl,0x080A9DF2,1
0x080A9E14,0x08005654,bl,0x080A9E6C,2
0x080A9E14,0x08068CF8,bl,0x080A9E50,1
0x080A9EA4,0x08063F24,bl,0x080A9EC6,1
0x080A9ED8,0x08005ACC,bl,0x080A9EE4,1
0x080A9ED8,0x08066A6C,bl,0x080A9EDA,1
0x080A9ED8,0x080A9EF4,bl,0x080A9EEC,1
0x080A9EF4,0x080017E4,bl,0x080A9F4C,6
0x080A9EF4,0x08001A94,bl,0x080AA054,2
0x080A9EF4,0x08003014,bl,0x080A9FB8,2
0x080AA16C,0x08005ACC,bl,0x080AA178,1
0x080AA16C,0x08066A6C,bl,0x080AA16E,1
0x080AA16C,0x080AA188,bl,0x080AA180,1
0x080AA188,0x080017E4,bl,0x080AA1DE,2
0x080AA188,0x08001A94,bl,0x080AA256,1
0x080AA288,0x08002E98,bl,0x080AA30A,1
0x080AA288,0x08003110,bl,0x080AA28C,1
0x080AA288,0x08063B38,bl,0x080AA290,1
0x080AA288,0x08064D34,bl,0x080AA2FC,1
0x080AA288,0x08066088,bl,0x080AA2C4,1
0x080AA288,0x08066144,bl,0x080AA2C8,1
0x080AA288,0x080CFDCC,bl,0x080AA2B6,1
0x080AA338,0x08002E98,bl,0x080AA370,1
0x080AA338,0x0806395C,bl,0x080AA364,1
0x080AA338,0x08065F5C,bl,0x080AA350,1
0x080AA38C,0x08002E98,bl,0x080AA398,1
0x080AA3A8,0x08002E98,bl,0x080AA3B4,1
0x080AA3A8,0x080639B4,bl,0x080AA3DA,3
0x080AA3A8,0x080639F0,bl,0x080AA426,2
0x080AA3A8,0x08063A00,bl,0x080AA3E8,1
0x080AA3A8,0x08068E04,bl,0x080AA444,1
0x080AA3A8,0x08068F68,bl,0x080AA3EC,1
0x080AA3A8,0x08069B44,bl,0x080AA472,1
0x080AA47C,0x08006138,bl,0x080AA510,1
0x080AA47C,0x080062C4,bl,0x080AA48E,2
0x080AA47C,0x0806395C,bl,0x080AA50C,1
0x080AA47C,0x080640C8,bl,0x080AA486,1
0x080AA47C,0x080640DC,bl,0x080AA49A,1
0x080AA47C,0x08066544,bl,0x080AA4A2,1
0x080AA47C,0x080AB4A0,bl,0x080AA48A,1
0x080AA47C,0x080AB670,bl,0x080AA494,1
0x080AA47C,0x080CFDCC,bl,0x080AA4B8,6
0x080AA52C,0x08006148,bl,0x080AA548,1
0x080AA52C,0x08064188,bl,0x080AA534,1
0x080AA560,0x08002EE8,bl,0x080AA59E,1
0x080AA560,0x08006138,bl,0x080AA620,1
0x080AA560,0x080640DC,bl,0x080AA56C,1
0x080AA560,0x080CFDCC,bl,0x080AA5D0,6
0x080AA62C,0x08006148,bl,0x080AA660,1
0x080AA62C,0x080062C4,bl,0x080AA646,1
0x080AA62C,0x0806395C,bl,0x080AA656,1
0x080AA62C,0x08064188,bl,0x080AA634,1
0x080AA67C,0x08006138,bl,0x080AA69A,1
0x080AA67C,0x080062C4,bl,0x080AA68A,1
0x080AA67C,0x0806395C,bl,0x080AA696,1
0x080AA67C,0x080AB4A0,bl,0x080AA686,1
0x080AA67C,0x080AB670,bl,0x080AA690,1
0x080AA6A8,0x08006148,bl,0x080AA6BA,1
0x080AA6D0,0x08002EE8,bl,0x080AA6F4,1
0x080AA6D0,0x08006138,bl,0x080AA712,1
0x080AA6D0,0x080062C4,bl,0x080AA6DA,1
0x080AA6D0,0x0806395C,bl,0x080AA700,2
0x080AA6D0,0x080AB728,bl,0x080AA6E0,1
0x080AA6D0,0x080CFDCC,bl,0x080AA6FA,1
0x080AA71C,0x08006148,bl,0x080AA72E,1
0x080AA744,0x08006138,bl,0x080AA966,1
0x080AA744,0x080061C0,bl,0x080AA778,6
0x080AA744,0x080062C4,bl,0x080AA8DC,2
0x080AA744,0x08006338,bl,0x080AA77E,3
0x080AA744,0x0806395C,bl,0x080AA950,2
0x080AA744,0x08063CD0,bl,0x080AA7F0,3
0x080AA744,0x080640DC,bl,0x080AA838,1
0x080AA744,0x08064188,bl,0x080AA858,1
0x080AA744,0x0806493C,bl,0x080AA74E,1
0x080AA744,0x08064970,bl,0x080AA7B2,1
0x080AA744,0x080AB7CC,bl,0x080AA820,3
0x080AA744,0x080AB810,bl,0x080AA924,1
0x080AA744,0x080CFDCC,bl,0x080AA7D8,6
0x080AA970,0x08006148,bl,0x080AA982,1
0x080AA998,0x080031B8,bl,0x080AAA22,2
0x080AA998,0x08006138,bl,0x080AAB38,1
0x080AA998,0x08006338,bl,0x080AA9B0,1
0x080AA998,0x0806395C,bl,0x080AAB34,1
0x080AA998,0x080640C8,bl,0x080AA9AA,2
0x080AA998,0x080640DC,bl,0x080AAA28,2
0x080AA998,0x08064B5C,bl,0x080AAAB2,3
0x080AA998,0x08064C1C,bl,0x080AAA04,2
0x080AA998,0x080AB810,bl,0x080AAB1C,1
0x080AA998,0x080CFA5C,bl,0x080AAA94,1
0x080AA998,0x080CFDCC,bl,0x080AA9B6,7
0x080AAB4C,0x08006148,bl,0x080AAB68,1
0x080AAB4C,0x08064188,bl,0x080AAB54,1
0x080AAB80,0x08002EE8,bl,0x080AACAA,1
0x080AAB80,0x08006138,bl,0x080AAD3C,1
0x080AAB80,0x0800622C,bl,0x080AAB9A,1
0x080AAB80,0x080062C4,bl,0x080AAC10,1
0x080AAB80,0x08006338,bl,0x080AABA0,1
0x080AAB80,0x0806395C,bl,0x080AAD38,1
0x080AAB80,0x08063D2C,bl,0x080AABE6,3
0x080AAB80,0x080640C8,bl,0x080AAB8C,2
0x080AAB80,0x080640DC,bl,0x080AAC16,1
0x080AAB80,0x08064358,bl,0x080AABDA,1
0x080AAB80,0x08064970,bl,0x080AABCE,1
0x080AAB80,0x08064B5C,bl,0x080AACEC,1
0x080AAB80,0x08064C1C,bl,0x080AAC72,2
0x080AAB80,0x080AB810,bl,0x080AAD20,1
0x080AAB80,0x080CFA5C,bl,0x080AAC26,1
0x080AAB80,0x080CFDCC,bl,0x080AAC0A,3
0x080AAD64,0x08006148,bl,0x080AAD80,1
0x080AAD64,0x08064188,bl,0x080AAD6C,1
0x080AAD98,0x08006138,bl,0x080AAF28,1
0x080AAD98,0x08006244,bl,0x080AADCE,1
0x080AAD98,0x0806395C,bl,0x080AAF24,1
0x080AAD98,0x080640DC,bl,0x080AADA8,2
0x080AAD98,0x08064B28,bl,0x080AAE70,10
0x080AAD98,0x08064C1C,bl,0x080AADFC,3
0x080AAD98,0x080CFDCC,bl,0x080AADB8,8
0x080AAF38,0x08006148,bl,0x080AAF54,1
0x080AAF38,0x08064188,bl,0x080AAF40,1
0x080AAF6C,0x08006138,bl,0x080AB120,1
0x080AAF6C,0x08006244,bl,0x080AB062,1
0x080AAF6C,0x080062C4,bl,0x080AB116,1
0x080AAF6C,0x0806395C,bl,0x080AB11C,1
0x080AAF6C,0x080640C8,bl,0x080AB066,1
0x080AAF6C,0x080640DC,bl,0x080AAF7E,2
0x080AAF6C,0x080AB570,bl,0x080AAFAE,3
0x080AAF6C,0x080CFA5C,bl,0x080AAF92,1
0x080AAF6C,0x080CFDCC,bl,0x080AAF9C,17
0x080AB158,0x080031B8,bl,0x080AB16A,1
0x080AB158,0x08006148,bl,0x080AB18C,1
0x080AB158,0x08064188,bl,0x080AB178,1
0x080AB1A8,0x080031B8,bl,0x080AB1C2,1
0x080AB1A8,0x08006138,bl,0x080AB35E,1
0x080AB1A8,0x080061C0,bl,0x080AB1DE,13
0x080AB1A8,0x080062C4,bl,0x080AB354,1
0x080AB1A8,0x08006338,bl,0x080AB22E,2
0x080AB1A8,0x0806395C,bl,0x080AB35A,1
0x080AB1A8,0x08063E14,bl,0x080AB1C6,1
0x080AB1A8,0x080640C8,bl,0x080AB20A,2
0x080AB1A8,0x080640DC,bl,0x080AB1CE,2
0x080AB1A8,0x080AB7CC,bl,0x080AB328,1
0x080AB1A8,0x080AB810,bl,0x080AB33E,1
0x080AB1A8,0x080CFDCC,bl,0x080AB1BC,12
0x080AB394,0x08006148,bl,0x080AB3B0,1
0x080AB394,0x08064188,bl,0x080AB39C,1
0x080AB3C8,0x08006138,bl,0x080AB40C,1
0x080AB3C8,0x0806395C,bl,0x080AB408,1
0x080AB3C8,0x080AB4D0,bl,0x080AB3DC,1
0x080AB3C8,0x080AB670,bl,0x080AB3E2,1
0x080AB3C8,0x080AB728,bl,0x080AB3E8,1
0x080AB3C8,0x080CFDCC,bl,0x080AB3EE,1
0x080AB418,0x08006148,bl,0x080AB42A,1
0x080AB440,0x08006138,bl,0x080AB45A,1
0x080AB440,0x0806395C,bl,0x080AB456,1
0x080AB440,0x080AB5C0,bl,0x080AB44C,1
0x080AB46C,0x08006148,bl,0x080AB488,1
0x080AB46C,0x08064188,bl,0x080AB474,1
0x080AB4A0,0x080AB4D0,bl,0x080AB4BE,1
0x080AB4D0,0x08002EE8,bl,0x080AB4F0,2
0x080AB570,0x08064398,bl,0x080AB572,1
0x080AB5C0,0x080061C0,bl,0x080AB5FE,5
0x080AB5C0,0x080062C4,bl,0x080AB5C2,1
0x080AB5C0,0x080640DC,bl,0x080AB5D0,2
0x080AB5C0,0x080CFDCC,bl,0x080AB604,5
0x080AB670,0x080031B8,bl,0x080AB682,1
0x080AB670,0x08006338,bl,0x080AB688,2
0x080AB670,0x080CFDCC,bl,0x080AB68E,10
0x080AB728,0x080031B8,bl,0x080AB73E,1
0x080AB728,0x080062C4,bl,0x080AB72C,1
0x080AB728,0x08006338,bl,0x080AB744,1
0x080AB728,0x080CFDCC,bl,0x080AB74A,8
0x080AB7CC,0x08006338,bl,0x080AB7D0,1
0x080AB7CC,0x080CFDCC,bl,0x080AB7D6,4
0x080AB810,0x08006338,bl,0x080AB814,1
0x080AB810,0x080CFDCC,bl,0x080AB81A,4
0x080AB854,0x08006148,bl,0x080AB88C,1
0x080AB854,0x0806395C,bl,0x080AB882,1
0x080AB854,0x08063DAC,bl,0x080AB86C,1
0x080AB854,0x0806CAA0,bl,0x080AB87C,1
0x080AB8A8,0x08006148,bl,0x080AB90A,1
0x080AB8A8,0x080062C4,bl,0x080AB8AA,1
0x080AB8A8,0x08006338,bl,0x080AB900,1
0x080AB8A8,0x0800A698,bl,0x080AB8E2,1
0x080AB8A8,0x080639A4,bl,0x080AB8CC,1
0x080AB8A8,0x08063DAC,bl,0x080AB8C0,1
0x080AB8A8,0x08063E14,bl,0x080AB8FA,1
0x080AB8A8,0x080B7CB4,bl,0x080AB8EA,1
0x080AB93C,0x080031B8,bl,0x080AB982,1
0x080AB93C,0x080062C4,bl,0x080AB96E,1
0x080AB93C,0x08025B5C,bl,0x080ABCA6,1
0x080AB93C,0x080261D4,bl,0x080AB988,6
0x080AB93C,0x080640C8,bl,0x080AB95E,1
0x080AB93C,0x08064C1C,bl,0x080ABA36,1
0x080AB93C,0x080AB4D0,bl,0x080AB96A,1
0x080AB93C,0x080AB5C0,bl,0x080AB95A,1
0x080AB93C,0x080AB670,bl,0x080AB974,1
0x080AB93C,0x080AB728,bl,0x080AB964,1
0x080AB93C,0x080ABCD0,bl,0x080ABBB8,11
0x080AB93C,0x080CFDCC,bl,0x080AB9A2,25
0x080AB93C,0x080CFDD4,bl,0x080ABCAA,1
0x080ABCB4,0x08064188,bl,0x080ABCBC,1
0x080ABCD0,0x080031B8,bl,0x080ABCDA,1
0x080ABCD0,0x08064D6C,bl,0x080ABCEE,1
0x080ABCD0,0x080CFDCC,bl,0x080ABCF8,1
0x080ABD04,0x080CFDCC,bl,0x080ABD2E,13
0x080ABD04,0x080CFDD4,bl,0x080ABE18,1
0x080ABE38,0x08006138,bl,0x080ABE60,1
0x080ABE38,0x08006338,bl,0x080ABE5C,1
0x080ABE38,0x08064A60,bl,0x080ABE56,1
0x080ABE7C,0x08005654,bl,0x080ABEF0,2
0x080ABF10,0x08006338,bl,0x080ABF3A,1
0x080ABF10,0x08064A60,bl,0x080ABF2E,1
0x080ABF10,0x080CFDCC,bl,0x080ABF74,1
0x080ABF10,0x080CFDD4,bl,0x080ABF80,1
0x080ABF94,0x08005654,bl,0x080AC000,2
0x080AC020,0x08006138,bl,0x080AC068,1
0x080AC020,0x08006338,bl,0x080AC044,2
0x080AC020,0x08064A60,bl,0x080AC03E,1
0x080AC020,0x080CFDCC,bl,0x080AC04A,2
0x080AC08C,0x08005654,bl,0x080AC104,2
0x080AC124,0x08006338,bl,0x080AC14E,2
0x080AC124,0x08064A60,bl,0x080AC142,1
0x080AC124,0x080CFDCC,bl,0x080AC188,2
0x080AC124,0x080CFDD4,bl,0x080AC1DE,1
0x080AC1F0,0x08005654,bl,0x080AC25C,2
0x080AC27C,0x08006338,bl,0x080AC2A0,1
0x080AC27C,0x08064A60,bl,0x080AC29A,1
0x080AC27C,0x080CFDCC,bl,0x080AC2BA,2
0x080AC30C,0x08005654,bl,0x080AC384,2
0x080AC3A4,0x08006338,bl,0x080AC3CA,1
0x080AC3A4,0x08064A60,bl,0x080AC3C4,1
0x080AC3A4,0x080CFDCC,bl,0x080AC3D0,4
0x080AC410,0x08006338,bl,0x080AC434,1
0x080AC410,0x08064A60,bl,0x080AC42E,1
0x080AC410,0x080CFDCC,bl,0x080AC43A,4
0x080AC47C,0x08005654,bl,0x080AC4F0,2
0x080AC510,0x08006138,bl,0x080AC520,1
0x080AC530,0x08005654,bl,0x080AC658,2
0x080AC530,0x08068CF8,bl,0x080AC5BC,2
0x080AC678,0x08006338,bl,0x080AC67C,1
0x080AC684,0x08002E98,bl,0x080AC714,1
0x080AC684,0x0806395C,bl,0x080AC6D4,3
0x080AC684,0x08064A60,bl,0x080AC696,1
0x080AC72C,0x08002E98,bl,0x080AC73C,1
0x080AC72C,0x08040858,bl,0x080AC7E6,1
0x080AC72C,0x08063FE0,bl,0x080AC818,1
0x080AC72C,0x08068E04,bl,0x080AC748,1
0x080AC72C,0x0806956C,bl,0x080AC72E,1
0x080AC82C,0x08002E98,bl,0x080AC83C,1
0x080AC82C,0x0806956C,bl,0x080AC82E,1
0x080AC84C,0x08002E98,bl,0x080AC858,1
0x080AC868,0x08006138,bl,0x080AC936,1
0x080AC868,0x0800622C,bl,0x080AC87E,1
0x080AC868,0x080062C4,bl,0x080AC8DC,1
0x080AC868,0x08006338,bl,0x080AC892,2
0x080AC868,0x08064BA8,bl,0x080AC932,1
0x080AC868,0x080CFDCC,bl,0x080AC8A8,1
0x080AC950,0x08006138,bl,0x080ACA2A,1
0x080AC950,0x0800622C,bl,0x080AC9AE,1
0x080AC950,0x080062C4,bl,0x080ACA20,1
0x080AC950,0x08006338,bl,0x080AC9C4,2
0x080AC950,0x08063CD0,bl,0x080AC95A,3
0x080AC950,0x0806493C,bl,0x080AC97C,1
0x080AC950,0x080CFDCC,bl,0x080AC9DA,1
0x080ACA3C,0x080CFDCC,bl,0x080ACA4E,1
0x080ACA3C,0x080CFDD4,bl,0x080ACA52,1
0x080ACA60,0x08063FE0,bl,0x080ACA80,1
0x080ACA90,0x08002E98,bl,0x080ACACA,1
0x080ACA90,0x0806395C,bl,0x080ACABE,1
0x080ACA90,0x08063E14,bl,0x080ACAAA,1
0x080ACAF0,0x08002E98,bl,0x080ACB06,1
0x080ACAF0,0x08068E04,bl,0x080ACB0A,1
0x080ACAF0,0x080692FC,bl,0x080ACAF2,1
0x080ACAF0,0x08069B44,bl,0x080ACB0E,1
0x080ACB20,0x080061C0,bl,0x080ACB44,2
0x080ACB20,0x0800622C,bl,0x080ACB3A,1
0x080ACB20,0x08006244,bl,0x080ACB98,1
0x080ACB20,0x08006338,bl,0x080ACB50,6
0x080ACB20,0x080CFDCC,bl,0x080ACB86,9
0x080ACC18,0x08006148,bl,0x080ACC58,2
0x080ACC9C,0x08002E98,bl,0x080ACCCC,1
0x080ACC9C,0x0806395C,bl,0x080ACCC0,1
0x080ACCF0,0x08002E98,bl,0x080ACD1E,1
0x080ACCF0,0x08006148,bl,0x080ACD04,1
0x080ACCF0,0x08068E04,bl,0x080ACD22,1
0x080ACCF0,0x0806951C,bl,0x080ACCF2,1
0x080ACCF0,0x08069B44,bl,0x080ACD26,1
0x080ACD38,0x080031B8,bl,0x080ACDC4,1
0x080ACD38,0x08006138,bl,0x080ACE42,1
0x080ACD38,0x080061C0,bl,0x080ACDE8,1
0x080ACD38,0x080640DC,bl,0x080ACD48,1
0x080ACD38,0x0806421C,bl,0x080ACDB0,1
0x080ACD38,0x080645A4,bl,0x080ACE22,1
0x080ACD38,0x08064A60,bl,0x080ACD42,1
0x080ACD38,0x080CFDCC,bl,0x080ACE00,2
0x080ACE60,0x08006148,bl,0x080ACE8C,1
0x080ACE60,0x08064188,bl,0x080ACE68,1
0x080ACEA8,0x08006138,bl,0x080ACF0E,1
0x080ACEA8,0x0806395C,bl,0x080ACEF6,2
0x080ACEA8,0x08063A00,bl,0x080ACECA,1
0x080ACEA8,0x08065F5C,bl,0x080ACEE6,1
0x080ACEA8,0x08066088,bl,0x080ACEC4,1
0x080ACEA8,0x080664E0,bl,0x080ACF04,1
0x080ACEA8,0x080AD32C,bl,0x080ACEF0,1
0x080ACF3C,0x080AD0F8,bl,0x080ACF3E,1
0x080ACF48,0x08002E98,bl,0x080ACF58,1
0x080ACF68,0x08006138,bl,0x080ACFE6,1
0x080ACF68,0x080062C4,bl,0x080ACFC6,1
0x080ACF68,0x0806395C,bl,0x080ACFE2,1
0x080ACF68,0x0806CC90,bl,0x080ACF90,1
0x080ACF68,0x080AD08C,bl,0x080ACFDC,1
0x080ACF68,0x080AD170,bl,0x080ACFAA,1
0x080ACF68,0x080AD278,bl,0x080ACF9E,2
0x080ACF68,0x080AD32C,bl,0x080ACF7A,2
0x080ACF68,0x080AD37C,bl,0x080ACFCE,1
0x080ACFFC,0x08006138,bl,0x080AD07A,1
0x080ACFFC,0x0806395C,bl,0x080AD076,1
0x080ACFFC,0x080AD08C,bl,0x080AD064,1
0x080ACFFC,0x080AD278,bl,0x080AD014,2
0x080ACFFC,0x080AD37C,bl,0x080AD020,1
0x080ACFFC,0x080AD3A0,bl,0x080AD04E,1
0x080ACFFC,0x080AD3E8,bl,0x080AD02E,1
0x080ACFFC,0x080CFDCC,bl,0x080AD02A,1
0x080AD08C,0x080062C4,bl,0x080AD08E,1
0x080AD08C,0x08006338,bl,0x080AD094,8
0x080AD08C,0x080CFDCC,bl,0x080AD09A,8
0x080AD0F8,0x08006148,bl,0x080AD114,1
0x080AD0F8,0x08068F68,bl,0x080AD0FA,1
0x080AD0F8,0x08069B44,bl,0x080AD0FE,1
0x080AD128,0x08064D34,bl,0x080AD12E,1
0x080AD128,0x080AD458,bl,0x080AD132,1
0x080AD13C,0x08006148,bl,0x080AD14A,1
0x080AD13C,0x080639A4,bl,0x080AD140,1
0x080AD160,0x08066FC0,bl,0x080AD168,1
0x080AD170,0x08002EE8,bl,0x080AD186,2
0x080AD278,0x080031B8,bl,0x080AD2E4,1
0x080AD278,0x080061C0,bl,0x080AD2B8,1
0x080AD278,0x08006338,bl,0x080AD29C,1
0x080AD278,0x080CFDCC,bl,0x080AD2FC,1
0x080AD3A0,0x080AD37C,bl,0x080AD3A2,1
0x080AD3E8,0x08064BA8,bl,0x080AD436,1
0x080AD458,0x0806619C,bl,0x080AD468,1
0x080AD47C,0x08006148,bl,0x080AD4A0,1
0x080AD47C,0x0806395C,bl,0x080AD496,1
0x080AD47C,0x0806621C,bl,0x080AD486,1
0x080AD4B8,0x08063A00,bl,0x080AD500,1
0x080AD4B8,0x08064B28,bl,0x080AD57E,2
0x080AD4B8,0x08064D34,bl,0x080AD5AA,4
0x080AD4B8,0x08065F5C,bl,0x080AD552,1
0x080AD4B8,0x08066088,bl,0x080AD4DA,1
0x080AD4B8,0x08066144,bl,0x080AD4F2,1
0x080AD4B8,0x08066544,bl,0x080AD5D2,1
0x080AD4B8,0x080AD630,bl,0x080AD5E2,4
0x080AD630,0x080CFDCC,bl,0x080AD63E,1
0x080AD650,0x080059A0,bl,0x080AD65A,1
0x080AD710,0x080308E8,bl,0x080AD728,1
0x080AD710,0x08066564,bl,0x080AD71A,1
0x080AD710,0x08068F68,bl,0x080AD71E,1
0x080AD710,0x08069B44,bl,0x080AD722,1
0x080AD710,0x080AD788,bl,0x080AD74A,1
0x080AD710,0x080AD7F0,bl,0x080AD73A,1
0x080AD7F0,0x08002EE8,bl,0x080AD9A6,1
0x080AD7F0,0x080062C4,bl,0x080AD914,2
0x080AD7F0,0x080AD9DC,bl,0x080AD884,1
0x080AD7F0,0x080ADA20,bl,0x080AD938,1
0x080AD7F0,0x080ADAF8,bl,0x080AD980,1
0x080AD7F0,0x080CFA5C,bl,0x080AD8C6,1
0x080AD9DC,0x080CFA5C,bl,0x080ADA06,1
0x080ADA20,0x08002EE8,bl,0x080ADA46,1
0x080ADB58,0x080055B0,bl,0x080ADB7A,1
0x080ADB58,0x08064D34,bl,0x080ADB60,1
0x080ADB58,0x0806619C,bl,0x080ADB70,1
0x080ADB90,0x080308E8,bl,0x080ADB94,1
0x080ADB90,0x0806621C,bl,0x080ADBD6,1
0x080ADB90,0x080AD788,bl,0x080ADBA6,1
0x080ADBF0,0x08006148,bl,0x080ADC20,1
0x080ADBF0,0x080639A4,bl,0x080ADC04,1
0x080ADC44,0x08006138,bl,0x080ADC9A,1
0x080ADC44,0x080258E0,bl,0x080ADC96,1
0x080ADC44,0x08025ACC,bl,0x080ADC72,1
0x080ADC44,0x08066394,bl,0x080ADC64,2
0x080ADC44,0x080670AC,bl,0x080ADC6E,2
0x080ADC44,0x080CFDCC,bl,0x080ADC50,1
0x080ADCA4,0x080031B8,bl,0x080ADCE4,1
0x080ADCA4,0x080ADDF8,bl,0x080ADD04,1
0x080ADCA4,0x080CFDCC,bl,0x080ADCD6,6
0x080ADD48,0x080055B0,bl,0x080ADDD6,2
0x080ADD48,0x08006148,bl,0x080ADDAE,1
0x080ADDF8,0x08002EE8,bl,0x080ADE26,1
0x080ADDF8,0x080031B8,bl,0x080ADDFE,1
0x080ADDF8,0x08064B28,bl,0x080ADE58,2
0x080ADE98,0x08006138,bl,0x080ADEAA,1
0x080ADE98,0x080062C4,bl,0x080ADEA6,1
0x080ADEFC,0x080AD630,bl,0x080ADF22,3
0x080ADF50,0x08006148,bl,0x080ADFB6,1
0x080ADFD4,0x08006138,bl,0x080ADFE6,1
0x080ADFD4,0x080062C4,bl,0x080ADFE2,1
0x080AE038,0x080CFDCC,bl,0x080AE070,4
0x080AE0B4,0x080055B0,bl,0x080AE150,2
0x080AE0B4,0x08006148,bl,0x080AE120,1
0x080AE174,0x08006138,bl,0x080AE186,1
0x080AE174,0x080062C4,bl,0x080AE182,1
0x080AE198,0x08063FE0,bl,0x080AE1B2,1
0x080AE1F0,0x080062C4,bl,0x080AE21C,1
0x080AE1F0,0x080CFDCC,bl,0x080AE234,3
0x080AE3BC,0x08066088,bl,0x080AE3D8,1
0x080AE3BC,0x08066580,bl,0x080AE3EA,1
0x080AE3BC,0x080AE4C4,bl,0x080AE3E6,1
0x080AE3BC,0x080AE548,bl,0x080AE400,4
0x080AE3BC,0x080AE628,bl,0x080AE408,6
0x080AE3BC,0x080AE79C,bl,0x080AE410,2
0x080AE3BC,0x080AE7EC,bl,0x080AE41C,1
0x080AE3BC,0x080AE8E0,bl,0x080AE434,1
0x080AE3BC,0x080AEEF8,bl,0x080AE44C,1
0x080AE3BC,0x080AEF30,bl,0x080AE450,1
0x080AE3BC,0x080B05E8,bl,0x080AE3DC,1
0x080AE470,0x08002E98,bl,0x080AE480,1
0x080AE470,0x08068F68,bl,0x080AE498,1
0x080AE470,0x08069B44,bl,0x080AE49C,1
0x080AE470,0x080AEF5C,bl,0x080AE472,1
0x080AE470,0x080AF1D4,bl,0x080AE4A0,1
0x080AE4C4,0x080017E4,bl,0x080AE4D2,2
0x080AE4C4,0x08063A00,bl,0x080AE4E6,1
0x080AE4C4,0x08065F5C,bl,0x080AE51C,1
0x080AE548,0x080062C4,bl,0x080AE600,1
0x080AE548,0x0806395C,bl,0x080AE554,1
0x080AE548,0x080AEFD4,bl,0x080AE562,1
0x080AE548,0x080CFDCC,bl,0x080AE572,12
0x080AE628,0x080062C4,bl,0x080AE770,1
0x080AE628,0x0806395C,bl,0x080AE634,1
0x080AE628,0x080AEFD4,bl,0x080AE63A,1
0x080AE628,0x080CFDCC,bl,0x080AE652,20
0x080AE79C,0x0806395C,bl,0x080AE7A0,1
0x080AE79C,0x080AEFD4,bl,0x080AE7A6,1
0x080AE79C,0x080AF20C,bl,0x080AE7BA,4
0x080AE79C,0x080CFDCC,bl,0x080AE7B4,2
0x080AE7EC,0x080062C4,bl,0x080AE802,2
0x080AE7EC,0x0806395C,bl,0x080AE7F0,1
0x080AE7EC,0x080AE870,bl,0x080AE818,5
0x080AE7EC,0x080AEFD4,bl,0x080AE7F6,1
0x080AE7EC,0x080CFDCC,bl,0x080AE808,6
0x080AE870,0x080031B8,bl,0x080AE87E,1
0x080AE870,0x080062C4,bl,0x080AE872,2
0x080AE870,0x080AF20C,bl,0x080AE884,1
0x080AE870,0x080CFDCC,bl,0x080AE878,6
0x080AE8E0,0x080031B8,bl,0x080AE986,3
0x080AE8E0,0x080062C4,bl,0x080AEBD0,1
0x080AE8E0,0x0806395C,bl,0x080AE8EC,1
0x080AE8E0,0x080AEC00,bl,0x080AEABC,1
0x080AE8E0,0x080AED5C,bl,0x080AEBCC,1
0x080AE8E0,0x080AEEB0,bl,0x080AE8FE,1
0x080AE8E0,0x080AEFD4,bl,0x080AE8F2,1
0x080AE8E0,0x080CFDCC,bl,0x080AE92C,39
0x080AEC00,0x080062C4,bl,0x080AED30,1
0x080AEC00,0x080AEFD4,bl,0x080AEC0C,1
0x080AEC00,0x080CFDCC,bl,0x080AEC28,20
0x080AED5C,0x080062C4,bl,0x080AEE84,1
0x080AED5C,0x080AEFD4,bl,0x080AED68,1
0x080AED5C,0x080CFDCC,bl,0x080AED86,20
0x080AEEB0,0x08063B38,bl,0x080AEEB2,2
0x080AEEF8,0x0806395C,bl,0x080AEEFC,1
0x080AEEF8,0x080AEFD4,bl,0x080AEF02,1
0x080AEEF8,0x080CFDCC,bl,0x080AEF1C,1
0x080AEF30,0x08006138,bl,0x080AEF3E,1
0x080AEF30,0x080062C4,bl,0x080AEF3A,1
0x080AEF50,0x080AEF5C,bl,0x080AEF52,1
0x080AEF5C,0x08003014,bl,0x080AEFA4,1
0x080AEFD4,0x080AF020,bl,0x080AEFEA,1
0x080AEFF8,0x080AF020,bl,0x080AF014,1
0x080AF020,0x080CFC30,bl,0x080AF080,2
0x080AF114,0x080AEFD4,bl,0x080AF12A,1
0x080AF114,0x080AEFF8,bl,0x080AF116,1
0x080AF144,0x08002EE8,bl,0x080AF148,1
0x080AF144,0x080AF20C,bl,0x080AF166,1
0x080AF188,0x080AEFD4,bl,0x080AF198,1
0x080AF188,0x080AEFF8,bl,0x080AF18A,1
0x080AF1B8,0x080AEFD4,bl,0x080AF1BC,1
0x080AF1C8,0x080AEFF8,bl,0x080AF1CA,1
0x080AF20C,0x08064BA8,bl,0x080AF24E,1
0x080AF278,0x080034D0,bl,0x080AF27A,1
0x080AF278,0x08006148,bl,0x080AF284,1
0x080AF294,0x080062C4,bl,0x080AF296,1
0x080AF294,0x0800A554,bl,0x080AF2C2,1
0x080AF294,0x080639B4,bl,0x080AF2B4,1
0x080AF294,0x08066F50,bl,0x080AF2DE,1
0x080AF294,0x0806B05C,bl,0x080AF2C6,1
0x080AF294,0x0806B098,bl,0x080AF2CA,1
0x080AF294,0x080AEEF8,bl,0x080AF2E2,1
0x080AF294,0x080B09AC,bl,0x080AF2EC,1
0x080AF30C,0x08002E98,bl,0x080AF33A,1
0x080AF358,0x08063FE0,bl,0x080AF362,1
0x080AF358,0x08064188,bl,0x080AF36C,1
0x080AF358,0x08068E04,bl,0x080AF374,1
0x080AF358,0x08069B44,bl,0x080AF378,1
0x080AF38C,0x080031B8,bl,0x080AF3F8,1
0x080AF38C,0x080062C4,bl,0x080AF3E0,1
0x080AF38C,0x080639B4,bl,0x080AF398,1
0x080AF38C,0x080640A8,bl,0x080AF39E,2
0x080AF38C,0x08064D6C,bl,0x080AF414,4
0x080AF38C,0x080AF7D4,bl,0x080AF402,1
0x080AF38C,0x080CFDCC,bl,0x080AF3B2,8
0x080AF4A4,0x080031B8,bl,0x080AF510,1
0x080AF4A4,0x080062C4,bl,0x080AF4F8,1
0x080AF4A4,0x080639B4,bl,0x080AF4B0,1
0x080AF4A4,0x080640A8,bl,0x080AF4B6,2
0x080AF4A4,0x08064D6C,bl,0x080AF52C,4
0x080AF4A4,0x080AF7D4,bl,0x080AF51A,1
0x080AF4A4,0x080CFDCC,bl,0x080AF4CA,8
0x080AF5BC,0x080031B8,bl,0x080AF62C,1
0x080AF5BC,0x080062C4,bl,0x080AF614,1
0x080AF5BC,0x080639B4,bl,0x080AF5C8,1
0x080AF5BC,0x080640A8,bl,0x080AF5CE,2
0x080AF5BC,0x08064D6C,bl,0x080AF648,4
0x080AF5BC,0x080AF7D4,bl,0x080AF636,1
0x080AF5BC,0x080CFDCC,bl,0x080AF5E4,8
0x080AF6C8,0x080031B8,bl,0x080AF738,1
0x080AF6C8,0x080062C4,bl,0x080AF720,1
0x080AF6C8,0x080639B4,bl,0x080AF6D4,1
0x080AF6C8,0x080640A8,bl,0x080AF6DA,2
0x080AF6C8,0x08064D6C,bl,0x080AF754,4
0x080AF6C8,0x080AF7D4,bl,0x080AF742,1
0x080AF6C8,0x080CFDCC,bl,0x080AF6F0,8
0x080AF7D4,0x08063B38,bl,0x080AF7FA,1
0x080AF844,0x080031B8,bl,0x080AF866,5
0x080AF844,0x080AF20C,bl,0x080AF86C,8
0x080AF844,0x080CFDCC,bl,0x080AF872,2
0x080AF844,0x080CFDD4,bl,0x080AF92A,1
0x080AF938,0x080639B4,bl,0x080AF944,1
0x080AF938,0x080640A8,bl,0x080AF94A,1
0x080AF938,0x08064D6C,bl,0x080AF964,4
0x080AF938,0x080CFDCC,bl,0x080AF98E,2
0x080AF9E4,0x080639B4,bl,0x080AF9F0,1
0x080AF9E4,0x080640A8,bl,0x080AF9F6,1
0x080AF9E4,0x08064D6C,bl,0x080AFA14,4
0x080AF9E4,0x080CFDCC,bl,0x080AFA44,2
0x080AFAA4,0x080639B4,bl,0x080AFAB0,1
0x080AFAA4,0x080640A8,bl,0x080AFAB6,1
0x080AFAA4,0x08064D6C,bl,0x080AFAD0,4
0x080AFAA4,0x080CFDCC,bl,0x080AFAFA,2
0x080AFB50,0x080639B4,bl,0x080AFB5C,1
0x080AFB50,0x080640A8,bl,0x080AFB62,1
0x080AFB50,0x08064D6C,bl,0x080AFB80,4
0x080AFB50,0x080CFDCC,bl,0x080AFBB0,2
0x080AFC10,0x080639B4,bl,0x080AFC1C,1
0x080AFC10,0x080640A8,bl,0x080AFC22,1
0x080AFC10,0x08064D6C,bl,0x080AFC4E,4
0x080AFC10,0x080CFDCC,bl,0x080AFC32,3
0x080AFCD4,0x080639B4,bl,0x080AFCE0,1
0x080AFCD4,0x080640A8,bl,0x080AFCE6,1
0x080AFCD4,0x08064D6C,bl,0x080AFD16,4
0x080AFCD4,0x080CFDCC,bl,0x080AFCFA,3
0x080AFD9C,0x080639B4,bl,0x080AFDA8,1
0x080AFD9C,0x080640A8,bl,0x080AFDAE,1
0x080AFD9C,0x08064D6C,bl,0x080AFDC8,1
0x080AFD9C,0x080CFDCC,bl,0x080AFDD4,1
0x080AFDF0,0x080CFA5C,bl,0x080AFE4A,2
0x080AFDF0,0x080CFDCC,bl,0x080AFEF8,4
0x080AFDF0,0x080CFDD4,bl,0x080AFF32,1
0x080AFF40,0x080CFA5C,bl,0x080AFF9A,2
0x080AFF40,0x080CFDCC,bl,0x080B00F8,4
0x080AFF40,0x080CFDD4,bl,0x080B0132,1
0x080B0144,0x080CFA5C,bl,0x080B019E,2
0x080B0144,0x080CFDCC,bl,0x080B02EE,4
0x080B0144,0x080CFDD4,bl,0x080B0328,1
0x080B0338,0x080059A0,bl,0x080B058E,1
0x080B0338,0x080CFA5C,bl,0x080B0392,2
0x080B0338,0x080CFDCC,bl,0x080B04A8,12
0x080B0338,0x080CFDD4,bl,0x080B0566,1
0x080B05E8,0x08003110,bl,0x080B05F4,1
0x080B05E8,0x08003184,bl,0x080B05F8,1
0x080B05E8,0x080031B8,bl,0x080B069A,1
0x080B05E8,0x08003770,bl,0x080B05FE,1
0x080B05E8,0x080062C4,bl,0x080B0782,1
0x080B05E8,0x08063698,bl,0x080B0628,1
0x080B05E8,0x080640A8,bl,0x080B063A,3
0x080B05E8,0x08064D34,bl,0x080B0694,1
0x080B05E8,0x080CFDCC,bl,0x080B0634,22
0x080B07D8,0x08003014,bl,0x080B0816,1
0x080B07D8,0x0806415C,bl,0x080B07E2,1
0x080B0840,0x080CFDCC,bl,0x080B0852,5
0x080B0840,0x080CFDD4,bl,0x080B088C,1
0x080B08A0,0x08003770,bl,0x080B08BA,2
0x080B08E4,0x080CFDCC,bl,0x080B094E,6
0x080B08E4,0x080CFDD4,bl,0x080B098E,1
0x080B09AC,0x08006138,bl,0x080B0AC2,1
0x080B09AC,0x080062C4,bl,0x080B09B4,1
0x080B09AC,0x08006338,bl,0x080B09F2,1
0x080B09AC,0x080B0B04,bl,0x080B09E0,1
0x080B09AC,0x080B1AFA,bl,0x080B0AF8,1
0x080B09AC,0x080CFDCC,bl,0x080B09C6,12
0x080B0B04,0x080017E4,bl,0x080B0B12,2
0x080B0B50,0x08001A94,bl,0x080B0C42,2
0x080B0B50,0x08001CC8,bl,0x080B0BFE,1
0x080B0B50,0x08005ACC,bl,0x080B0BAA,1
0x080B0B50,0x08065160,bl,0x080B0B9E,1
0x080B0CC8,0x08002E98,bl,0x080B0DC2,1
0x080B0CC8,0x08006338,bl,0x080B0D0A,12
0x080B0CC8,0x080B15C0,bl,0x080B0DB6,1
0x080B0CC8,0x080CFDCC,bl,0x080B0D10,12
0x080B0DE4,0x080061C0,bl,0x080B0E22,1
0x080B0DE4,0x08006338,bl,0x080B0E06,4
0x080B0DE4,0x08063908,bl,0x080B0DF0,1
0x080B0DE4,0x08063E14,bl,0x080B0E16,1
0x080B0DE4,0x080CFDCC,bl,0x080B0E0C,4
0x080B0E80,0x080061C0,bl,0x080B0EAC,1
0x080B0E80,0x08006338,bl,0x080B0E92,5
0x080B0E80,0x08063908,bl,0x080B0E8C,1
0x080B0E80,0x08063E14,bl,0x080B0EA2,1
0x080B0E80,0x080CFDCC,bl,0x080B0E98,5
0x080B0F04,0x080061C0,bl,0x080B0F40,1
0x080B0F04,0x08006338,bl,0x080B0F26,5
0x080B0F04,0x08063908,bl,0x080B0F10,1
0x080B0F04,0x08063E14,bl,0x080B0F36,1
0x080B0F04,0x080CFDCC,bl,0x080B0F2C,5
0x080B0F98,0x080061C0,bl,0x080B0FD4,1
0x080B0F98,0x08006338,bl,0x080B0FBA,5
0x080B0F98,0x08063908,bl,0x080B0FA4,1
0x080B0F98,0x08063E14,bl,0x080B0FCA,1
0x080B0F98,0x080CFDCC,bl,0x080B0FC0,5
0x080B102C,0x08006338,bl,0x080B104E,5
0x080B102C,0x08063908,bl,0x080B1038,1
0x080B102C,0x0806421C,bl,0x080B106C,1
0x080B102C,0x08064314,bl,0x080B1060,1
0x080B102C,0x080CFDCC,bl,0x080B1054,5
0x080B10C8,0x080031B8,bl,0x080B1218,1
0x080B10C8,0x080061C0,bl,0x080B1100,1
0x080B10C8,0x080062C4,bl,0x080B11B4,1
0x080B10C8,0x08006338,bl,0x080B10DA,6
0x080B10C8,0x08063908,bl,0x080B10D4,1
0x080B10C8,0x080639B4,bl,0x080B121E,1
0x080B10C8,0x08063E14,bl,0x080B10F4,1
0x080B10C8,0x08063FE0,bl,0x080B1226,1
0x080B10C8,0x080640DC,bl,0x080B10EC,3
0x080B10C8,0x0806D730,bl,0x080B1222,1
0x080B10C8,0x080CFDCC,bl,0x080B10E0,15
0x080B123C,0x08064188,bl,0x080B1244,1
0x080B123C,0x08068E04,bl,0x080B1250,1
0x080B123C,0x080692FC,bl,0x080B124C,1
0x080B123C,0x08069B44,bl,0x080B1254,1
0x080B1264,0x080031B8,bl,0x080B12E4,1
0x080B1264,0x080061C0,bl,0x080B12D2,1
0x080B1264,0x080062C4,bl,0x080B12AE,1
0x080B1264,0x08006338,bl,0x080B127C,1
0x080B1264,0x08063908,bl,0x080B1276,1
0x080B1264,0x08063E14,bl,0x080B12C8,1
0x080B1264,0x080640DC,bl,0x080B12BA,1
0x080B1264,0x08064B28,bl,0x080B1308,1
0x080B1264,0x080CFDCC,bl,0x080B1282,12
0x080B1398,0x08064188,bl,0x080B13A0,1
0x080B1398,0x08068E04,bl,0x080B13A8,1
0x080B1398,0x08069B44,bl,0x080B13AC,1
0x080B13BC,0x080062C4,bl,0x080B145C,1
0x080B13BC,0x08006338,bl,0x080B142E,7
0x080B13BC,0x08063908,bl,0x080B13FE,1
0x080B13BC,0x08063FE0,bl,0x080B149C,1
0x080B13BC,0x080CFDCC,bl,0x080B1434,7
0x080B14AC,0x08006138,bl,0x080B14DE,1
0x080B14AC,0x08006338,bl,0x080B14BE,1
0x080B14AC,0x08063908,bl,0x080B14B8,1
0x080B14AC,0x080640DC,bl,0x080B14D0,1
0x080B14AC,0x080CFDCC,bl,0x080B14C4,1
0x080B14FC,0x080639A4,bl,0x080B151C,1
0x080B14FC,0x08064188,bl,0x080B1504,1
0x080B14FC,0x080645A4,bl,0x080B153E,1
0x080B14FC,0x08068E04,bl,0x080B154C,1
0x080B14FC,0x08069B44,bl,0x080B1550,1
0x080B14FC,0x0806A25C,bl,0x080B1520,1
0x080B1564,0x08068E04,bl,0x080B156A,1
0x080B1564,0x080692FC,bl,0x080B1566,1
0x080B1564,0x08069B44,bl,0x080B156E,1
0x080B1578,0x08068E04,bl,0x080B157A,1
0x080B1578,0x08069B44,bl,0x080B157E,1
0x080B1588,0x08006244,bl,0x080B158A,1
0x080B1594,0x08006244,bl,0x080B1596,1
0x080B15B4,0x08063FF4,bl,0x080B15B6,1
0x080B15C0,0x08002EE8,bl,0x080B1610,1
0x080B15C0,0x0806395C,bl,0x080B16B6,8
0x080B1710,0x08002E98,bl,0x080B174C,1
0x080B1710,0x0806395C,bl,0x080B1740,1
0x080B1770,0x08002E98,bl,0x080B17AC,1
0x080B1770,0x0806395C,bl,0x080B17A0,1
0x080B17D0,0x080059A0,bl,0x080B17D2,1
0x080B1830,0x080059A0,bl,0x080B1832,1
0x080B1890,0x08001A94,bl,0x080B18F0,1
0x080B1890,0x08005D9C,bl,0x080B1894,1
0x080B1910,0x08002E98,bl,0x080B196E,1
0x080B1910,0x08006148,bl,0x080B195A,1
0x080B1910,0x080B17D0,bl,0x080B1940,2
0x080B1910,0x080B1830,bl,0x080B1950,2
0x080B1910,0x080B199C,bl,0x080B1990,1
0x080B199C,0x080308E8,bl,0x080B19D0,1
0x080B199C,0x080639B4,bl,0x080B19C2,1
0x080B199C,0x08068E04,bl,0x080B19C6,1
0x080B1A00,0x08002E98,bl,0x080B1A0C,1
0x080B1A1C,0x080CFDCC,bl,0x080B1A80,6
0x080B1AFA,0x080CFDCC,bl,0x080B1B0A,2
0x080B1B2C,0x08006148,bl,0x080B1BE6,1
0x080B1B2C,0x0806395C,bl,0x080B1BDC,1
0x080B1C04,0x080CFDCC,bl,0x080B1C34,16
0x080B1D2C,0x08002EE8,bl,0x080B1D40,1
0x080B1D2C,0x08006148,bl,0x080B1D52,1
0x080B1D2C,0x0806395C,bl,0x080B1D48,1
0x080B1D98,0x08002EE8,bl,0x080B1DA6,2
0x080B1D98,0x08006138,bl,0x080B1E08,1
0x080B1D98,0x0806395C,bl,0x080B1E04,1
0x080B1D98,0x080B2058,bl,0x080B1DE2,2
0x080B1D98,0x080CFDCC,bl,0x080B1DBA,2
0x080B1E20,0x08006148,bl,0x080B1E36,1
0x080B1EF8,0x08002EE8,bl,0x080B1F06,2
0x080B1EF8,0x08006138,bl,0x080B1F68,1
0x080B1EF8,0x0806395C,bl,0x080B1F64,1
0x080B1EF8,0x080B2058,bl,0x080B1F42,2
0x080B1EF8,0x080CFDCC,bl,0x080B1F1A,2
0x080B1F80,0x08006148,bl,0x080B1F96,1
0x080B2058,0x080CFDCC,bl,0x080B208C,2
0x080B20D4,0x08006138,bl,0x080B2132,1
0x080B20D4,0x080062C4,bl,0x080B2120,1
0x080B20D4,0x0806395C,bl,0x080B212E,1
0x080B20D4,0x080CFDCC,bl,0x080B2114,1
0x080B214C,0x08006148,bl,0x080B215E,1
0x080B21A0,0x08006138,bl,0x080B221A,1
0x080B21A0,0x0806395C,bl,0x080B2216,1
0x080B21A0,0x080CFDCC,bl,0x080B2208,1
0x080B2228,0x08006148,bl,0x080B224C,1
0x080B2228,0x0806395C,bl,0x080B223A,1
0x080B2294,0x08006138,bl,0x080B22A6,1
0x080B2294,0x080062C4,bl,0x080B22A2,1
0x080B22F8,0x08002EE8,bl,0x080B232A,1
0x080B22F8,0x080061C0,bl,0x080B2324,1
0x080B22F8,0x08006338,bl,0x080B2348,6
0x080B22F8,0x080CFDCC,bl,0x080B234E,12
0x080B2418,0x08002EE8,bl,0x080B244A,1
0x080B2418,0x080061C0,bl,0x080B2444,1
0x080B2418,0x08006338,bl,0x080B2468,6
0x080B2418,0x080CFDCC,bl,0x080B246E,12
0x080B2538,0x080308E8,bl,0x080B2544,1
0x080B2538,0x08068E04,bl,0x080B253A,1
0x080B2538,0x08069B44,bl,0x080B253E,1
0x080B2550,0x08006148,bl,0x080B255E,1
0x080B2550,0x080639A4,bl,0x080B2554,1
0x080B2574,0x080261D4,bl,0x080B257A,1
0x080B2574,0x0806619C,bl,0x080B2590,1
0x080B25A4,0x08006338,bl,0x080B25A8,5
0x080B25A4,0x080CFDCC,bl,0x080B25AE,5
0x080B25E8,0x08006338,bl,0x080B260E,3
0x080B25E8,0x0806621C,bl,0x080B2624,1
0x080B25E8,0x080B27B0,bl,0x080B2648,2
0x080B2664,0x08002EE8,bl,0x080B269A,3
0x080B2664,0x08006148,bl,0x080B2712,2
0x080B2664,0x0806395C,bl,0x080B26BE,5
0x080B2768,0x080031B8,bl,0x080B276E,1
0x080B2768,0x08064B5C,bl,0x080B279E,1
0x080B2768,0x08066630,bl,0x080B2790,1
0x080B27B0,0x08064BA8,bl,0x080B27F8,1
0x080B27B0,0x08064C1C,bl,0x080B27F0,1
0x080B27B0,0x08066630,bl,0x080B27D8,1
0x080B27B0,0x080B2804,bl,0x080B27C4,1
0x080B2804,0x08002EE8,bl,0x080B2808,1
0x080B2804,0x08063D7C,bl,0x080B2838,1
0x080B2884,0x08006364,bl,0x080B2888,1
0x080B2890,0x08001A94,bl,0x080B2902,3
0x080B2890,0x08005ACC,bl,0x080B28B8,3
0x080B2890,0x08066A6C,bl,0x080B28AE,3
0x080B2A00,0x08002E98,bl,0x080B2A50,1
0x080B2A00,0x08066088,bl,0x080B2A04,1
0x080B2A00,0x080664E0,bl,0x080B2A42,1
0x080B2A00,0x080666F8,bl,0x080B2A3C,1
0x080B2A74,0x08002E98,bl,0x080B2A8C,1
0x080B2A74,0x0806395C,bl,0x080B2A80,1
0x080B2AA4,0x08002E98,bl,0x080B2AB0,1
0x080B2AA4,0x08068E04,bl,0x080B2AB4,1
0x080B2AA4,0x08069B44,bl,0x080B2AB8,1
0x080B2AC8,0x08002E98,bl,0x080B2AD4,1
0x080B2AE4,0x08006138,bl,0x080B2B18,1
0x080B2AE4,0x08006338,bl,0x080B2AF4,2
0x080B2AE4,0x080B25A4,bl,0x080B2AFE,2
0x080B2AE4,0x080CFDCC,bl,0x080B2AFA,2
0x080B2B28,0x080B2664,bl,0x080B2B34,1
0x080B2B40,0x08006138,bl,0x080B2BE2,1
0x080B2B40,0x08006338,bl,0x080B2B56,3
0x080B2B40,0x0806395C,bl,0x080B2BDE,1
0x080B2B40,0x080B2768,bl,0x080B2B7C,1
0x080B2B40,0x080CFDCC,bl,0x080B2B5C,9
0x080B2BF0,0x08006148,bl,0x080B2C02,1
0x080B2C18,0x08006138,bl,0x080B2CBA,1
0x080B2C18,0x08006338,bl,0x080B2C2E,3
0x080B2C18,0x0806395C,bl,0x080B2CB6,1
0x080B2C18,0x080B2768,bl,0x080B2C54,1
0x080B2C18,0x080CFDCC,bl,0x080B2C34,9
0x080B2CC8,0x08006148,bl,0x080B2CDA,1
0x080B2CF0,0x08006138,bl,0x080B2D70,1
0x080B2CF0,0x08006338,bl,0x080B2D0A,2
0x080B2CF0,0x0806395C,bl,0x080B2D6C,1
0x080B2CF0,0x080CFDCC,bl,0x080B2D10,6
0x080B2D80,0x08006148,bl,0x080B2DBE,1
0x080B2D80,0x080B27B0,bl,0x080B2DA4,2
0x080B2DD4,0x08002E98,bl,0x080B2E02,1
0x080B2DD4,0x0806395C,bl,0x080B2DF6,1
0x080B2E20,0x08002E98,bl,0x080B2E2C,2
0x080B2E58,0x08006338,bl,0x080B2E82,10
0x080B2E58,0x08066FC0,bl,0x080B2E7C,1
0x080B2E58,0x080CFDCC,bl,0x080B2E88,10
0x080B2F38,0x08006148,bl,0x080B2F64,1
0x080B2F38,0x080061C0,bl,0x080B2F88,2
0x080B2F38,0x0806395C,bl,0x080B2F5A,1
0x080B3010,0x08006338,bl,0x080B302E,1
0x080B3010,0x080CFDCC,bl,0x080B303C,1
0x080B3050,0x08002E98,bl,0x080B3074,1
0x080B3090,0x08002E98,bl,0x080B30B2,1
0x080B3090,0x0806395C,bl,0x080B30A6,1
0x080B30C8,0x08002E98,bl,0x080B30E6,2
0x080B30C8,0x08068E04,bl,0x080B30FE,1
0x080B30C8,0x080692FC,bl,0x080B30D4,1
0x080B30C8,0x08069B44,bl,0x080B3102,1
0x080B3110,0x08002E98,bl,0x080B311C,1
0x080B312C,0x08063E14,bl,0x080B3136,1
0x080B312C,0x080B3010,bl,0x080B3180,3
0x080B312C,0x080CFDCC,bl,0x080B314C,2
0x080B31A0,0x080061C0,bl,0x080B31BC,1
0x080B31A0,0x08063E14,bl,0x080B31AC,1
0x080B31A0,0x080B3010,bl,0x080B31CE,1
0x080B31E0,0x08006148,bl,0x080B3200,1
0x080B31E0,0x0806395C,bl,0x080B31F6,1
0x080B3214,0x080061C0,bl,0x080B3232,1
0x080B3214,0x0800634C,bl,0x080B3222,1
0x080B3214,0x080B3010,bl,0x080B3244,1
0x080B3258,0x08006148,bl,0x080B3278,1
0x080B3258,0x0806395C,bl,0x080B326E,1
0x080B328C,0x080061C0,bl,0x080B32A8,1
0x080B328C,0x0800634C,bl,0x080B329A,1
0x080B328C,0x080B3010,bl,0x080B32BA,1
0x080B32D0,0x080061C0,bl,0x080B32F0,1
0x080B3318,0x08002E98,bl,0x080B334A,1
0x080B3368,0x08002E98,bl,0x080B3380,1
0x080B3368,0x0806395C,bl,0x080B3374,1
0x080B3398,0x08002E98,bl,0x080B33A4,2
0x080B3398,0x08068E04,bl,0x080B33A8,1
0x080B3398,0x08069B44,bl,0x080B33AC,1
0x080B33D8,0x08006364,bl,0x080B33F8,62
0x080B33D8,0x080B2FE8,bl,0x080B340E,14
0x080B33D8,0x080CFDCC,bl,0x080B33FE,62
0x080B3758,0x08001A94,bl,0x080B37C6,1
0x080B3A00,0x08002EE8,bl,0x080B3A04,6
0x080B3A64,0x08001A94,bl,0x080B3AF2,4
0x080B3C68,0x08006138,bl,0x080B3DFA,1
0x080B3C68,0x080B38F0,bl,0x080B3C96,1
0x080B3C68,0x080B3A00,bl,0x080B3C9A,1
0x080B3C68,0x080CFDCC,bl,0x080B3CC4,20
0x080B3E30,0x08063FE0,bl,0x080B3E48,1
0x080B3E30,0x080B37EC,bl,0x080B3E32,1
0x080B3E54,0x08002E98,bl,0x080B3E76,1
0x080B3E94,0x08002E98,bl,0x080B3EB6,1
0x080B3ED4,0x08002E98,bl,0x080B3EF6,1
0x080B3F14,0x08002E98,bl,0x080B3F36,1
0x080B3F54,0x080640DC,bl,0x080B3F66,1
0x080B404C,0x08006148,bl,0x080B405A,1
0x080B404C,0x0806395C,bl,0x080B4050,1
0x080B406C,0x08006148,bl,0x080B407A,1
0x080B406C,0x0806395C,bl,0x080B4070,1
0x080B40A4,0x08002E98,bl,0x080B40EC,1
0x080B40A4,0x080224B0,bl,0x080B40B4,1
0x080B40A4,0x0806395C,bl,0x080B40C8,2
0x080B40A4,0x080B3F54,bl,0x080B40DE,1
0x080B4100,0x08002E98,bl,0x080B4120,1
0x080B4100,0x08064188,bl,0x080B412C,1
0x080B4100,0x08068E04,bl,0x080B4140,1
0x080B4100,0x08069888,bl,0x080B410E,1
0x080B4100,0x08069BBC,bl,0x080B4144,1
0x080B4100,0x080B3FCC,bl,0x080B4138,1
0x080B4100,0x080B3FFC,bl,0x080B413C,1
0x080B4158,0x08002E98,bl,0x080B4164,1
0x080B4174,0x08006138,bl,0x080B4182,1
0x080B4174,0x08006244,bl,0x080B417E,1
0x080B4194,0x08006138,bl,0x080B41C0,1
0x080B4194,0x080062C4,bl,0x080B41BC,1
0x080B41CC,0x08006138,bl,0x080B41F8,1
0x080B41CC,0x080062C4,bl,0x080B41F4,1
0x080B4204,0x08009EE8,bl,0x080B421A,1
0x080B4240,0x08002E98,bl,0x080B427C,1
0x080B4240,0x08063FE0,bl,0x080B4284,1
0x080B4240,0x080670AC,bl,0x080B4270,1
0x080B4240,0x080670D4,bl,0x080B4280,1
0x080B429C,0x080031B8,bl,0x080B42B6,1
0x080B429C,0x08040894,bl,0x080B42E2,1
0x080B429C,0x08067108,bl,0x080B429E,1
0x080B429C,0x08067114,bl,0x080B42E6,1
0x080B429C,0x080B4204,bl,0x080B42C2,1
0x080B429C,0x080CFDCC,bl,0x080B42CE,1
0x080B42F8,0x080031B8,bl,0x080B4334,1
0x080B42F8,0x08040894,bl,0x080B4372,1
0x080B42F8,0x08067108,bl,0x080B430E,1
0x080B42F8,0x08067114,bl,0x080B4376,1
0x080B42F8,0x080B4204,bl,0x080B4340,1
0x080B42F8,0x080CFDCC,bl,0x080B434C,1
0x080B4390,0x080031B8,bl,0x080B43C6,1
0x080B4390,0x08006148,bl,0x080B43A2,1
0x080B43D4,0x08006148,bl,0x080B43E2,1
0x080B43D4,0x0806395C,bl,0x080B43D8,1
0x080B43F4,0x080031B8,bl,0x080B4422,1
0x080B43F4,0x08006148,bl,0x080B4406,1
0x080B43F4,0x0806406C,bl,0x080B441C,1
0x080B442C,0x080031B8,bl,0x080B446C,1
0x080B442C,0x08006148,bl,0x080B443E,1
0x080B442C,0x0806406C,bl,0x080B4466,1
0x080B447C,0x080061C0,bl,0x080B44AE,1
0x080B447C,0x0800622C,bl,0x080B44BC,1
0x080B4524,0x08006148,bl,0x080B45AA,1
0x080B4524,0x08063EB0,bl,0x080B4588,1
0x080B45C0,0x08006148,bl,0x080B45FA,1
0x080B460C,0x0806406C,bl,0x080B4622,1
0x080B4648,0x08006148,bl,0x080B4670,1
0x080B4648,0x0802294C,bl,0x080B4686,1
0x080B4648,0x08063FE0,bl,0x080B468E,1
0x080B4648,0x080B44F0,bl,0x080B4694,1
0x080B4648,0x080B4524,bl,0x080B4652,1
0x080B4648,0x080B45C0,bl,0x080B464A,1
0x080B469C,0x08002E98,bl,0x080B4700,1
0x080B469C,0x0806395C,bl,0x080B46D6,2
0x080B469C,0x080B447C,bl,0x080B46BA,1
0x080B4714,0x08002E98,bl,0x080B472A,1
0x080B4714,0x08068E04,bl,0x080B4738,1
0x080B4714,0x080696A0,bl,0x080B4716,1
0x080B4714,0x08069B84,bl,0x080B474C,1
0x080B4754,0x08002E98,bl,0x080B4760,1
0x080B4770,0x08006138,bl,0x080B477A,1
0x080B4788,0x080B4648,bl,0x080B478A,1
0x080B4794,0x080062C4,bl,0x080B479E,1
0x080B4794,0x0806A344,bl,0x080B47B0,1
0x080B4794,0x080CFDCC,bl,0x080B47AC,1
0x080B47C0,0x080B4648,bl,0x080B47C2,1
0x080B47CC,0x08002E98,bl,0x080B47EE,1
0x080B480C,0x08006148,bl,0x080B485A,1
0x080B4878,0x08009FCC,bl,0x080B48B6,1
0x080B4878,0x0803E68C,bl,0x080B4896,1
0x080B4878,0x08067108,bl,0x080B48C8,1
0x080B4878,0x080B480C,bl,0x080B48C4,1
0x080B48E0,0x080062C4,bl,0x080B48E2,1
0x080B48F8,0x0805DDB0,bl,0x080B4940,1
0x080B48F8,0x0805DEAC,bl,0x080B4958,1
0x080B48F8,0x08063FE0,bl,0x080B495C,1
0x080B4968,0x0805E110,bl,0x080B49E6,1
0x080B4A34,0x080B48F8,bl,0x080B4A44,1
0x080B4A34,0x080B4968,bl,0x080B4A54,1
0x080B4A5C,0x08002E98,bl,0x080B4A74,1
0x080B4A5C,0x0806395C,bl,0x080B4A68,1
0x080B4A8C,0x08002E98,bl,0x080B4A98,1
0x080B4A8C,0x080031B8,bl,0x080B4ACC,1
0x080B4A8C,0x08006148,bl,0x080B4ADC,1
0x080B4A8C,0x0806395C,bl,0x080B4AD2,1
0x080B4A8C,0x08068E04,bl,0x080B4AA4,1
0x080B4A8C,0x0806D4E4,bl,0x080B4AB4,1
0x080B4A8C,0x080B4878,bl,0x080B4AAC,1
0x080B4AFC,0x08002E98,bl,0x080B4B08,1
0x080B4B18,0x080062C4,bl,0x080B4B2A,1
0x080B4B18,0x080640A8,bl,0x080B4B30,1
0x080B4B18,0x080CFDCC,bl,0x080B4B44,6
0x080B4B94,0x08064188,bl,0x080B4B9C,1
0x080B4BB0,0x08006138,bl,0x080B4BC4,1
0x080B4BB0,0x080B48E0,bl,0x080B4BBA,1
0x080B4BD8,0x080B4A34,bl,0x080B4BDA,1
0x080B4BE4,0x08002E98,bl,0x080B4BFC,1
0x080B4BE4,0x0806395C,bl,0x080B4BF0,1
0x080B4C14,0x08002E98,bl,0x080B4C20,1
0x080B4C14,0x080031B8,bl,0x080B4C54,1
0x080B4C14,0x08006148,bl,0x080B4C64,1
0x080B4C14,0x0806395C,bl,0x080B4C5A,1
0x080B4C14,0x08068E04,bl,0x080B4C2C,1
0x080B4C14,0x0806D4E4,bl,0x080B4C3C,1
0x080B4C14,0x080B4878,bl,0x080B4C34,1
0x080B4C84,0x08002E98,bl,0x080B4C90,1
0x080B4CA0,0x08006138,bl,0x080B4CF8,1
0x080B4CA0,0x080062C4,bl,0x080B4CB2,2
0x080B4CA0,0x0806395C,bl,0x080B4CF4,1
0x080B4CA0,0x080640A8,bl,0x080B4CB8,1
0x080B4CA0,0x080CFDCC,bl,0x080B4CC6,4
0x080B4D1C,0x08006148,bl,0x080B4D38,1
0x080B4D1C,0x08064188,bl,0x080B4D24,1
0x080B4D50,0x080062C4,bl,0x080B4D5A,1
0x080B4D50,0x080CFDCC,bl,0x080B4D6A,6
0x080B4DB4,0x08064188,bl,0x080B4DBC,1
0x080B4DD0,0x08006138,bl,0x080B4DE4,1
0x080B4DD0,0x080B48E0,bl,0x080B4DDA,1
0x080B4DF8,0x080B4A34,bl,0x080B4DFA,1
0x080B4E04,0x08006138,bl,0x080B4E32,1
0x080B4E04,0x080258E0,bl,0x080B4E2E,1
0x080B4E04,0x08066394,bl,0x080B4E20,1
0x080B4E04,0x080670AC,bl,0x080B4E2A,1
0x080B4E04,0x080CFDCC,bl,0x080B4E1C,1
0x080B4E40,0x080B4EA8,bl,0x080B4E8E,1
0x080B4EA8,0x080B5558,bl,0x080B500A,1
0x080B4EA8,0x080B5670,bl,0x080B4F32,1
0x080B4EA8,0x080B5840,bl,0x080B4F58,2
0x080B4EA8,0x080B590C,bl,0x080B4FC8,1
0x080B4EA8,0x080B59D8,bl,0x080B4FE2,1
0x080B4EA8,0x080B5A94,bl,0x080B4F4C,1
0x080B5024,0x0802FFE8,bl,0x080B51C8,1
0x080B5024,0x08064FC4,bl,0x080B510A,2
0x080B5024,0x08065DFC,bl,0x080B527E,1
0x080B5338,0x08064FC4,bl,0x080B53F6,2
0x080B5338,0x0806704C,bl,0x080B5410,1
0x080B5338,0x080B5BDC,bl,0x080B53AE,1
0x080B5338,0x080B5D84,bl,0x080B546E,1
0x080B5558,0x08065DD0,bl,0x080B5594,1
0x080B5558,0x080CFA58,bl,0x080B5566,2
0x080B5670,0x080017E4,bl,0x080B572A,3
0x080B5670,0x08065DBC,bl,0x080B5814,1
0x080B5670,0x080B5628,bl,0x080B5702,1
0x080B5670,0x080B5654,bl,0x080B57D8,1
0x080B5670,0x080CFA6C,bl,0x080B5714,1
0x080B5840,0x080017E4,bl,0x080B58A0,3
0x080B5840,0x080B5628,bl,0x080B5878,1
0x080B5840,0x080B5654,bl,0x080B58D4,1
0x080B5840,0x080CFA6C,bl,0x080B588A,1
0x080B590C,0x080017E4,bl,0x080B596C,3
0x080B590C,0x080B5628,bl,0x080B5944,1
0x080B590C,0x080B5654,bl,0x080B59A0,1
0x080B590C,0x080CFA6C,bl,0x080B5956,1
0x080B59D8,0x080017E4,bl,0x080B5A16,3
0x080B59D8,0x080CFA6C,bl,0x080B5A08,2
0x080B5A94,0x080017E4,bl,0x080B5B54,3
0x080B5A94,0x080B5628,bl,0x080B5B2C,1
0x080B5A94,0x080B5654,bl,0x080B5B9C,1
0x080B5A94,0x080CFA6C,bl,0x080B5B3E,1
0x080B5BDC,0x08064FC4,bl,0x080B5CDE,2
0x080B5D84,0x0802CDA0,bl,0x080B5ECE,1
0x080B5D84,0x0802D344,bl,0x080B5D94,1
0x080B5D84,0x08064FC4,bl,0x080B5FCC,1
0x080B603C,0x080CFA58,bl,0x080B6096,1
0x080B60E8,0x080CFC30,bl,0x080B60F8,1
0x080B6570,0x08010048,bl,0x080B66D0,2
0x080B67DC,0x08010048,bl,0x080B6A18,2
0x080B6A90,0x080CFC30,bl,0x080B6AA0,1
0x080B6F38,0x080B72BC,bl,0x080B728A,2
0x080B6F38,0x080B8348,bl,0x080B7280,1
0x080B6F38,0x080B8374,bl,0x080B71B8,1
0x080B6F38,0x080CFA5C,bl,0x080B71C2,1
0x080B72BC,0x080CFA5C,bl,0x080B73DC,1
0x080B75A4,0x080B83A0,bl,0x080B767E,1
0x080B77D4,0x080B75A4,bl,0x080B77F0,1
0x080B77D4,0x080B76A8,bl,0x080B77F6,1
0x080B7800,0x080B78E4,bl,0x080B78C4,1
0x080B7800,0x080B7918,bl,0x080B7826,2
0x080B7800,0x080B7D94,bl,0x080B7810,3
0x080B7800,0x080CFBF8,bl,0x080B787A,1
0x080B7918,0x080B7DD0,bl,0x080B7962,1
0x080B7918,0x080CFAC0,bl,0x080B795C,1
0x080B798C,0x080B7B20,bl,0x080B79A8,1
0x080B798C,0x080B8200,bl,0x080B79A2,1
0x080B7A9C,0x080CFBF8,bl,0x080B7ACE,1
0x080B7AF8,0x080CFBF8,bl,0x080B7B0A,1
0x080B7B20,0x080B7A9C,bl,0x080B7B68,1
0x080B7B20,0x080B7AF8,bl,0x080B7B6C,1
0x080B7B20,0x080B7DF4,bl,0x080B7B62,1
0x080B7B20,0x080B7F58,bl,0x080B7B24,1
0x080B7B7C,0x080B7A9C,bl,0x080B7BEC,1
0x080B7B7C,0x080B7DF4,bl,0x080B7BE6,1
0x080B7B7C,0x080B7E14,bl,0x080B7B94,1
0x080B7B7C,0x080B8B2C,bl,0x080B7BA8,1
0x080B7C00,0x080B7A9C,bl,0x080B7C9E,1
0x080B7C00,0x080B7DF4,bl,0x080B7C98,1
0x080B7CB4,0x080B7A9C,bl,0x080B7D5A,1
0x080B7CB4,0x080B7DF4,bl,0x080B7D54,1
0x080B7D74,0x080B7A9C,bl,0x080B7D86,1
0x080B7D74,0x080B7D94,bl,0x080B7D78,1
0x080B7D94,0x080B7DF4,bl,0x080B7DBC,1
0x080B7DF4,0x080B7DD0,bl,0x080B7DF8,1
0x080B7E14,0x080B79B8,bl,0x080B7EF4,1
0x080B7F58,0x080B79B8,bl,0x080B7FBA,1
0x080B8070,0x080B79B8,bl,0x080B815A,1
0x080B81A0,0x080B79B8,bl,0x080B81DE,1
0x080B8290,0x080B7A9C,bl,0x080B832E,1
0x080B8290,0x080B7DF4,bl,0x080B8328,1
0x080B8290,0x080B7E14,bl,0x080B8306,1
0x080B8290,0x080B8B2C,bl,0x080B8312,1
0x080B8348,0x080CFAC0,bl,0x080B8364,1
0x080B8374,0x080CFBF8,bl,0x080B8386,1
0x080B83A0,0x080CFBF8,bl,0x080B83AA,1
0x080B84F0,0x080CFA5C,bl,0x080B85CE,1
0x080B84F0,0x080CFA60,bl,0x080B85DA,1
0x080B8694,0x080CFA5C,bl,0x080B8798,1
0x080B8694,0x080CFA60,bl,0x080B87A8,1
0x080B8888,0x08002338,bl,0x080B88FE,1
0x080B8888,0x08002348,bl,0x080B8890,1
0x080B8888,0x08002D18,bl,0x080B88A0,1
0x080B8B2C,0x080B79B8,bl,0x080B8BE0,1
0x080B8EF4,0x080B8F8C,bl,0x080B8F54,1
0x080B8F8C,0x080017E4,bl,0x080B8FAE,2
0x080B8FF0,0x0800B3A8,bl,0x080B9012,1
0x080B8FF0,0x080B8F8C,bl,0x080B900E,1
0x080B8FF0,0x080B97FC,bl,0x080B901A,1
0x080B902C,0x080B98C0,bl,0x080B904E,1
0x080B9064,0x080B8F8C,bl,0x080B9076,1
0x080B9064,0x080B9B08,bl,0x080B9080,1
0x080B9090,0x08009E60,bl,0x080B909C,2
0x080B9090,0x080B8EA0,bl,0x080B90B0,1
0x080B9090,0x080B9B98,bl,0x080B90B8,1
0x080B90C8,0x08009CB0,bl,0x080B90E2,1
0x080B90C8,0x080CFDD4,bl,0x080B90E6,1
0x080B90F8,0x080B8EA0,bl,0x080B90FA,1
0x080B90F8,0x080B9C28,bl,0x080B90FE,1
0x080B9108,0x080B8F8C,bl,0x080B910C,1
0x080B9108,0x080B9C74,bl,0x080B9110,1
0x080B9118,0x080B8F8C,bl,0x080B911C,1
0x080B9118,0x080B9CC0,bl,0x080B9120,1
0x080B9140,0x080B97FC,bl,0x080B9176,2
0x080B9198,0x08006148,bl,0x080B91EA,1
0x080B9198,0x080B9424,bl,0x080B91C0,1
0x080B91FC,0x080B9A88,bl,0x080B9214,3
0x080B9344,0x08005654,bl,0x080B9372,1
0x080B9344,0x08009CB0,bl,0x080B936A,1
0x080B938C,0x08006148,bl,0x080B93C0,1
0x080B93D8,0x08006148,bl,0x080B940C,1
0x080B94B4,0x080B98C0,bl,0x080B94CE,1
0x080B94B4,0x080B99E8,bl,0x080B9540,1
0x080B95AC,0x08006148,bl,0x080B95D2,1
0x080B9610,0x08002E98,bl,0x080B9626,1
0x080B9610,0x080B8EF4,bl,0x080B961A,1
0x080B963C,0x08002E98,bl,0x080B9648,1
0x080B9658,0x08002E98,bl,0x080B9664,1
0x080B9674,0x08006138,bl,0x080B9682,1
0x080B9674,0x080B8FF0,bl,0x080B967E,1
0x080B9690,0x080B9140,bl,0x080B9692,1
0x080B9690,0x080B9198,bl,0x080B9696,1
0x080B96A0,0x08006138,bl,0x080B96AE,1
0x080B96A0,0x080B902C,bl,0x080B96AA,1
0x080B96BC,0x08006148,bl,0x080B96FA,1
0x080B96BC,0x080B91FC,bl,0x080B96D6,1
0x080B96BC,0x080B927C,bl,0x080B96DA,1
0x080B96BC,0x080B9424,bl,0x080B96C6,1
0x080B96BC,0x080B94B4,bl,0x080B96D2,1
0x080B9710,0x080B9064,bl,0x080B971A,1
0x080B9710,0x080B95EC,bl,0x080B9724,1
0x080B9710,0x080CFDCC,bl,0x080B9720,1
0x080B9730,0x080B9578,bl,0x080B9732,1
0x080B9730,0x080B95AC,bl,0x080B9736,1
0x080B9740,0x08006138,bl,0x080B9758,1
0x080B9740,0x080B9090,bl,0x080B974A,1
0x080B9740,0x080B90C8,bl,0x080B9754,1
0x080B9740,0x080CFDCC,bl,0x080B9750,1
0x080B9764,0x080B9344,bl,0x080B9766,1
0x080B9770,0x08006138,bl,0x080B978A,1
0x080B9770,0x080B90F8,bl,0x080B977C,1
0x080B9770,0x080CFDCC,bl,0x080B9782,1
0x080B9798,0x080B938C,bl,0x080B979A,1
0x080B97A4,0x08006138,bl,0x080B97C0,1
0x080B97A4,0x080B9108,bl,0x080B97B0,1
0x080B97A4,0x080CFDCC,bl,0x080B97B8,1
0x080B97D0,0x080B93D8,bl,0x080B97D2,1
0x080B97DC,0x08006138,bl,0x080B97EA,1
0x080B97DC,0x080B9118,bl,0x080B97E6,1
0x080B97FC,0x0800B318,bl,0x080B983C,4
0x080B9878,0x0800B318,bl,0x080B989A,2
0x080B98C0,0x0800B3A8,bl,0x080B98D8,1
0x080B98C0,0x080B9878,bl,0x080B9936,1
0x080B98C0,0x080B9968,bl,0x080B991A,1
0x080B98C0,0x080B99E8,bl,0x080B9926,1
0x080B98C0,0x080B9A88,bl,0x080B9940,1
0x080B9968,0x0800B318,bl,0x080B999A,4
0x080B99E8,0x08002F14,bl,0x080B9A0C,1
0x080B99E8,0x0800B318,bl,0x080B9A28,4
0x080B9A88,0x0800B318,bl,0x080B9ADE,2
0x080B9A88,0x0800B34C,bl,0x080B9AB8,2
0x080B9B08,0x0800B318,bl,0x080B9B30,6
0x080B9B08,0x0800B3A8,bl,0x080B9B22,1
0x080B9B98,0x0800B318,bl,0x080B9BC0,6
0x080B9B98,0x0800B3A8,bl,0x080B9BB2,1
0x080B9C28,0x0800B318,bl,0x080B9C4E,2
0x080B9C28,0x0800B3A8,bl,0x080B9C40,1
0x080B9C74,0x0800B318,bl,0x080B9C9A,2
0x080B9C74,0x0800B3A8,bl,0x080B9C8C,1
0x080B9CC0,0x0800B318,bl,0x080B9CE6,2
0x080B9CC0,0x0800B3A8,bl,0x080B9CD8,1
0x080B9D48,0x080CFC30,bl,0x080B9D56,1
0x080B9DE8,0x080055B0,bl,0x080B9DF2,1
0x080B9DE8,0x080BA134,bl,0x080B9E10,2
0x080B9E50,0x08008C4C,bl,0x080B9E64,1
0x080B9E50,0x08008C64,bl,0x080B9E78,1
0x080B9E50,0x08008D10,bl,0x080B9E80,1
0x080B9F34,0x08000DE4,bl,0x080BA0C0,1
0x080B9F34,0x08002028,bl,0x080B9F38,2
0x080B9F34,0x0800214C,bl,0x080B9FD4,1
0x080B9F34,0x080021DC,bl,0x080BA058,1
0x080B9F34,0x080022FC,bl,0x080B9FC2,1
0x080B9F34,0x08002338,bl,0x080BA04C,1
0x080B9F34,0x08002378,bl,0x080B9FBA,1
0x080B9F34,0x08006148,bl,0x080BA0E6,1
0x080B9F34,0x080B9DE8,bl,0x080B9FFC,1
0x080B9F34,0x080B9E50,bl,0x080B9F3E,1
0x080B9F34,0x080B9EA0,bl,0x080B9FC8,1
0x080B9F34,0x080BA118,bl,0x080B9FE2,5
0x080B9F34,0x080BA134,bl,0x080B9FBE,1
0x080B9F34,0x080BA150,bl,0x080BA048,1
0x080B9F34,0x080C1F88,bl,0x080B9FB2,1
0x080B9F34,0x080C59D8,bl,0x080B9FAE,1
0x080BA118,0x08002D18,bl,0x080BA11A,1
0x080BA118,0x080C1F88,bl,0x080BA126,1
0x080BA134,0x080022E4,bl,0x080BA136,1
0x080BA134,0x080C1F88,bl,0x080BA142,1
0x080BA150,0x080022E4,bl,0x080BA20C,1
0x080BA150,0x08006868,bl,0x080BA2F6,1
0x080BA150,0x08006914,bl,0x080BA216,1
0x080BA150,0x080072E0,bl,0x080BA21A,1
0x080BA150,0x08008B8C,bl,0x080BA222,2
0x080BA150,0x080BA134,bl,0x080BA2EC,1
0x080BA150,0x080C1F88,bl,0x080BA2D0,1
0x080BA31C,0x08005654,bl,0x080BA33A,1
0x080BA354,0x080022AC,bl,0x080BA356,2
0x080BA354,0x080022D0,bl,0x080BA36A,2
0x080BA354,0x08002378,bl,0x080BA3A0,1
0x080BA354,0x08002EC0,bl,0x080BA38C,1
0x080BA354,0x080058E4,bl,0x080BA3AA,1
0x080BA354,0x080071DC,bl,0x080BA362,1
0x080BA354,0x080B9D48,bl,0x080BA3B0,1
0x080BA354,0x080B9F34,bl,0x080BA3B6,2
0x080BA404,0x08006138,bl,0x080BA41A,1
0x080BA404,0x080BA31C,bl,0x080BA416,1
0x080BA42C,0x08006148,bl,0x080BA43E,1
0x080BA454,0x080017E4,bl,0x080BA4AC,1
0x080BA4E0,0x08002E98,bl,0x080BA4F2,1
0x080BA4E0,0x08006138,bl,0x080BA4F6,1
0x080BA50C,0x080055C4,bl,0x080BA514,1
0x080BA50C,0x08005654,bl,0x080BA52C,1
0x080BA578,0x080058E4,bl,0x080BA57E,1
0x080BA5BC,0x080058E4,bl,0x080BA5D2,1
0x080BA61C,0x080BA578,bl,0x080BA624,1
0x080BA61C,0x080BA5BC,bl,0x080BA620,1
0x080BA63C,0x080058E4,bl,0x080BA642,1
0x080BA688,0x080031B8,bl,0x080BA68C,1
0x080BA688,0x080034D0,bl,0x080BA690,1
0x080BA6B4,0x08002EE8,bl,0x080BA6D6,1
0x080BA6B4,0x080BA63C,bl,0x080BA6EE,1
0x080BA6B4,0x080CFDCC,bl,0x080BA6EA,1
0x080BA78C,0x080034D0,bl,0x080BA78E,1
0x080BA78C,0x080BA900,bl,0x080BA792,1
0x080BA78C,0x080CFDCC,bl,0x080BA798,1
0x080BA7B0,0x080034D0,bl,0x080BA7D8,1
0x080BA7B0,0x080BA900,bl,0x080BA7DC,1
0x080BA7B0,0x080CFDCC,bl,0x080BA7C6,2
0x080BA7FC,0x080031B8,bl,0x080BA83C,1
0x080BA7FC,0x080055C4,bl,0x080BA818,1
0x080BA7FC,0x080BA94C,bl,0x080BA808,1
0x080BA7FC,0x080BA978,bl,0x080BA832,1
0x080BA7FC,0x080BAA38,bl,0x080BA804,1
0x080BA7FC,0x080CFDCC,bl,0x080BA80E,1
0x080BA860,0x080031B8,bl,0x080BA892,1
0x080BA860,0x080055C4,bl,0x080BA876,1
0x080BA860,0x080BA900,bl,0x080BA8A0,1
0x080BA860,0x080BA94C,bl,0x080BA866,1
0x080BA860,0x080BA978,bl,0x080BA896,1
0x080BA860,0x080BAABC,bl,0x080BA862,1
0x080BA860,0x080CFDCC,bl,0x080BA86C,3
0x080BA8CC,0x080BC79C,bl,0x080BA8D4,1
0x080BA900,0x080058E4,bl,0x080BA906,1
0x080BA94C,0x080058E4,bl,0x080BA952,1
0x080BA978,0x080058E4,bl,0x080BA97E,1
0x080BAA38,0x080BA9A4,bl,0x080BAA74,1
0x080BAA38,0x080BC740,bl,0x080BAA5E,2
0x080BAABC,0x080BC740,bl,0x080BAAE2,1
0x080BAB08,0x08002E98,bl,0x080BAB2C,2
0x080BAB08,0x08006138,bl,0x080BAB5A,1
0x080BAB08,0x080BA61C,bl,0x080BAB12,1
0x080BAB08,0x080BB074,bl,0x080BAB44,1
0x080BAB68,0x08002E98,bl,0x080BAB7C,2
0x080BAB68,0x080B9E30,bl,0x080BAB9E,1
0x080BABB0,0x08005654,bl,0x080BAC3C,1
0x080BABB0,0x080BC740,bl,0x080BABDE,1
0x080BACBC,0x080BA50C,bl,0x080BACD8,1
0x080BACE4,0x08002E98,bl,0x080BACF0,1
0x080BAD00,0x08003110,bl,0x080BAD0C,1
0x080BAD00,0x08006138,bl,0x080BAD36,1
0x080BAD00,0x080BA6B4,bl,0x080BAD2A,1
0x080BAD00,0x080CFDCC,bl,0x080BAD1E,1
0x080BAD44,0x08006148,bl,0x080BAD6A,1
0x080BAD44,0x080BA708,bl,0x080BAD50,1
0x080BAD44,0x080BABB0,bl,0x080BAD58,1
0x080BAD80,0x08006138,bl,0x080BAD8E,1
0x080BAD80,0x080BA688,bl,0x080BAD8A,1
0x080BAD9C,0x08006148,bl,0x080BADCE,1
0x080BAD9C,0x080BA708,bl,0x080BAD9E,1
0x080BAD9C,0x080BA774,bl,0x080BADAC,1
0x080BAD9C,0x080BACBC,bl,0x080BADA6,1
0x080BADE4,0x08006138,bl,0x080BADFE,1
0x080BADE4,0x080BA78C,bl,0x080BADEE,1
0x080BADE4,0x080CFDCC,bl,0x080BADF4,1
0x080BAE0C,0x08006148,bl,0x080BAE1E,1
0x080BAE34,0x08006138,bl,0x080BAE4E,1
0x080BAE34,0x080BA7B0,bl,0x080BAE3E,1
0x080BAE34,0x080CFDCC,bl,0x080BAE44,1
0x080BAE5C,0x08006148,bl,0x080BAE6E,1
0x080BAE84,0x08006138,bl,0x080BAEA0,1
0x080BAE84,0x080BA7FC,bl,0x080BAE90,1
0x080BAE84,0x080CFDCC,bl,0x080BAE96,1
0x080BAEB0,0x08006148,bl,0x080BAEDE,1
0x080BAEB0,0x080BAC5C,bl,0x080BAEC2,1
0x080BAEF0,0x08006138,bl,0x080BAF0A,1
0x080BAEF0,0x080BA860,bl,0x080BAEFA,1
0x080BAEF0,0x080CFDCC,bl,0x080BAF00,1
0x080BAF18,0x08006148,bl,0x080BAF2A,1
0x080BAF40,0x0800214C,bl,0x080BAF68,1
0x080BAF40,0x080021DC,bl,0x080BAF4A,1
0x080BAF40,0x08006138,bl,0x080BAF8A,1
0x080BAF40,0x080BA8CC,bl,0x080BAF64,1
0x080BAF40,0x080CFDCC,bl,0x080BAF5A,2
0x080BAF9C,0x08006148,bl,0x080BAFB4,1
0x080BAFC8,0x08005654,bl,0x080BB054,1
0x080BAFC8,0x080BC740,bl,0x080BAFF6,1
0x080BB074,0x080058E4,bl,0x080BB080,1
0x080BB074,0x080BD188,bl,0x080BB078,1
0x080BB120,0x080BA8CC,bl,0x080BB15A,1
0x080BB120,0x080BD188,bl,0x080BB146,1
0x080BB120,0x080BD1D0,bl,0x080BB156,1
0x080BB174,0x080BA7FC,bl,0x080BB188,1
0x080BB174,0x080BD1D0,bl,0x080BB182,1
0x080BB19C,0x080BA7FC,bl,0x080BB1B0,1
0x080BB19C,0x080BD1D0,bl,0x080BB1AA,1
0x080BB1C4,0x080BA860,bl,0x080BB1D6,1
0x080BB1C4,0x080BD1D0,bl,0x080BB1D2,1
0x080BB23C,0x08002E98,bl,0x080BB248,1
0x080BB258,0x08003110,bl,0x080BB264,1
0x080BB258,0x08006138,bl,0x080BB28E,1
0x080BB258,0x080BA6B4,bl,0x080BB282,1
0x080BB258,0x080CFDCC,bl,0x080BB276,1
0x080BB29C,0x08006148,bl,0x080BB2C2,1
0x080BB29C,0x080BA708,bl,0x080BB2A8,1
0x080BB29C,0x080BAFC8,bl,0x080BB2B0,1
0x080BB2D8,0x08006138,bl,0x080BB2E6,1
0x080BB2D8,0x080BA688,bl,0x080BB2E2,1
0x080BB2F4,0x08006148,bl,0x080BB312,1
0x080BB2F4,0x080BA50C,bl,0x080BB308,1
0x080BB2F4,0x080BA708,bl,0x080BB2F6,1
0x080BB2F4,0x080BB0D8,bl,0x080BB2FA,1
0x080BB328,0x08006138,bl,0x080BB348,1
0x080BB328,0x080BA7B0,bl,0x080BB334,1
0x080BB328,0x080CFDCC,bl,0x080BB33E,1
0x080BB358,0x08006148,bl,0x080BB36A,1
0x080BB380,0x08006138,bl,0x080BB39A,1
0x080BB380,0x080BB174,bl,0x080BB38A,1
0x080BB380,0x080CFDCC,bl,0x080BB390,1
0x080BB3A8,0x08006148,bl,0x080BB3D6,1
0x080BB3A8,0x080BB1EC,bl,0x080BB3BA,1
0x080BB3E8,0x08006138,bl,0x080BB402,1
0x080BB3E8,0x080BB19C,bl,0x080BB3F2,1
0x080BB3E8,0x080CFDCC,bl,0x080BB3F8,1
0x080BB42C,0x08006138,bl,0x080BB446,1
0x080BB42C,0x080BB1C4,bl,0x080BB436,1
0x080BB42C,0x080CFDCC,bl,0x080BB43C,1
0x080BB454,0x08006148,bl,0x080BB466,1
0x080BB47C,0x0800214C,bl,0x080BB4C0,1
0x080BB47C,0x080021DC,bl,0x080BB486,1
0x080BB47C,0x08006138,bl,0x080BB4E2,1
0x080BB47C,0x080BB120,bl,0x080BB4A0,1
0x080BB47C,0x080CFDCC,bl,0x080BB496,3
0x080BB4FC,0x08006148,bl,0x080BB514,1
0x080BB528,0x080BBB70,bl,0x080BB532,1
0x080BB528,0x080BBC04,bl,0x080BB53C,1
0x080BB59C,0x080031B8,bl,0x080BB5AA,1
0x080BB5B8,0x080B9D24,bl,0x080BB5E8,1
0x080BB5B8,0x080BB59C,bl,0x080BB5C8,3
0x080BB66C,0x080B9D0C,bl,0x080BB686,1
0x080BB66C,0x080BB59C,bl,0x080BB67C,4
0x080BB718,0x080058E4,bl,0x080BB72A,1
0x080BB7A0,0x080BBA1C,bl,0x080BB7AA,1
0x080BB7A0,0x080BBBB8,bl,0x080BB7B4,1
0x080BB7CC,0x080058E4,bl,0x080BB7E2,1
0x080BB820,0x080058E4,bl,0x080BB836,1
0x080BB874,0x080BB820,bl,0x080BB8C6,2
0x080BB8F8,0x080BB874,bl,0x080BB914,1
0x080BB930,0x080BB7CC,bl,0x080BB996,2
0x080BB9B4,0x080BB930,bl,0x080BB9BE,1
0x080BB9CC,0x080BB930,bl,0x080BB9D6,2
0x080BB9F0,0x080BB930,bl,0x080BB9FA,3
0x080BBA1C,0x080BB7CC,bl,0x080BBA90,1
0x080BBA1C,0x080BB9B4,bl,0x080BBAC8,1
0x080BBA1C,0x080BB9CC,bl,0x080BBAC2,1
0x080BBA1C,0x080BB9F0,bl,0x080BBABC,1
0x080BBB70,0x080BA5BC,bl,0x080BBB86,1
0x080BBB70,0x080BB718,bl,0x080BBB80,1
0x080BBB70,0x080BBAD4,bl,0x080BBB8A,1
0x080BBBB8,0x080BB7CC,bl,0x080BBBF6,1
0x080BBC04,0x080BBC70,bl,0x080BBC06,1
0x080BBC04,0x080BBCDC,bl,0x080BBC0A,1
0x080BBC04,0x080BBD4C,bl,0x080BBC16,1
0x080BBC70,0x080058E4,bl,0x080BBC76,1
0x080BBCDC,0x080058E4,bl,0x080BBCE2,1
0x080BBD4C,0x080058E4,bl,0x080BBD52,1
0x080BBD9C,0x08002E98,bl,0x080BBDC6,1
0x080BBD9C,0x08006138,bl,0x080BBDCA,1
0x080BBD9C,0x080BB528,bl,0x080BBD9E,1
0x080BBD9C,0x080CFDCC,bl,0x080BBDAE,1
0x080BBDE4,0x08002E98,bl,0x080BBDF0,1
0x080BBDE4,0x080B9E30,bl,0x080BBDF4,1
0x080BBE04,0x08002E98,bl,0x080BBE10,1
0x080BBE20,0x08003110,bl,0x080BBE3A,1
0x080BBE20,0x08006138,bl,0x080BBE4A,1
0x080BBE20,0x080CFDCC,bl,0x080BBE2C,2
0x080BBE58,0x08006148,bl,0x080BBE6A,1
0x080BBE80,0x08006138,bl,0x080BBED2,1
0x080BBE80,0x080BB718,bl,0x080BBEA6,2
0x080BBE80,0x080CFDCC,bl,0x080BBE8C,1
0x080BBEDC,0x08006148,bl,0x080BBEEE,1
0x080BBF04,0x08006138,bl,0x080BBF36,1
0x080BBF04,0x080BB760,bl,0x080BBF0E,1
0x080BBF04,0x080BB7A0,bl,0x080BBF1C,1
0x080BBF04,0x080CFDCC,bl,0x080BBF22,1
0x080BBF44,0x08006148,bl,0x080BBF56,1
0x080BBF6C,0x08006138,bl,0x080BBF8C,1
0x080BBF6C,0x080BB8F8,bl,0x080BBF7C,1
0x080BBF6C,0x080CFDCC,bl,0x080BBF78,2
0x080BBF9C,0x08006148,bl,0x080BBFAE,1
0x080BBFC4,0x08006138,bl,0x080BBFF2,1
0x080BBFC4,0x080BB554,bl,0x080BBFE8,1
0x080BBFC4,0x080CFDCC,bl,0x080BBFD6,1
0x080BC008,0x08006148,bl,0x080BC026,1
0x080BC008,0x080BB5B8,bl,0x080BC014,1
0x080BC03C,0x08006138,bl,0x080BC05C,1
0x080BC03C,0x080BB63C,bl,0x080BC052,1
0x080BC03C,0x080CFDCC,bl,0x080BC04E,1
0x080BC06C,0x08006148,bl,0x080BC08A,1
0x080BC06C,0x080BB66C,bl,0x080BC078,1
0x080BC0A0,0x08006138,bl,0x080BC0AA,1
0x080BC0B8,0x080B9D24,bl,0x080BC0C4,1
0x080BC0B8,0x080B9D68,bl,0x080BC0BA,1
0x080BC0CC,0x08002E98,bl,0x080BC0DA,1
0x080BC168,0x080BC1C4,bl,0x080BC16A,1
0x080BC3C8,0x080062C4,bl,0x080BC444,1
0x080BC460,0x080031B8,bl,0x080BC4A8,1
0x080BC4B0,0x080058E4,bl,0x080BC4B6,1
0x080BC54C,0x080058E4,bl,0x080BC552,1
0x080BC5CC,0x080058E4,bl,0x080BC5D2,1
0x080BC680,0x080058E4,bl,0x080BC686,1
0x080BC740,0x08005654,bl,0x080BC77C,2
0x080BC740,0x08006148,bl,0x080BC76E,1
0x080BC79C,0x080BC740,bl,0x080BC7B2,1
0x080BC850,0x08002E98,bl,0x080BC898,1
0x080BC850,0x08006138,bl,0x080BC89C,1
0x080BC8A8,0x08002E98,bl,0x080BC8B4,1
0x080BC8C4,0x08002E98,bl,0x080BC8D0,1
0x080BC8E0,0x08006138,bl,0x080BC930,1
0x080BC8E0,0x080BC168,bl,0x080BC8EA,1
0x080BC8E0,0x080BC5CC,bl,0x080BC90A,1
0x080BC8E0,0x080BC680,bl,0x080BC920,1
0x080BC8E0,0x080BC70C,bl,0x080BC92C,1
0x080BC8E0,0x080CFDCC,bl,0x080BC8FA,4
0x080BC948,0x08006148,bl,0x080BC970,1
0x080BC948,0x080BC0EC,bl,0x080BC95C,1
0x080BC988,0x08006138,bl,0x080BC9AC,1
0x080BC988,0x080BC1C4,bl,0x080BC992,1
0x080BC988,0x080CFDCC,bl,0x080BC9A2,1
0x080BC9C4,0x08006138,bl,0x080BCA52,1
0x080BC9C4,0x080BC30C,bl,0x080BC9D2,1
0x080BC9C4,0x080CFDCC,bl,0x080BCA0C,2
0x080BCA6C,0x080BC3C8,bl,0x080BCA7A,1
0x080BCA6C,0x080CFDCC,bl,0x080BCA88,2
0x080BCAAC,0x080062C4,bl,0x080BCACA,1
0x080BCAAC,0x080BC7C8,bl,0x080BCABE,1
0x080BCADC,0x08006138,bl,0x080BCBA0,1
0x080BCADC,0x080BC460,bl,0x080BCAEA,1
0x080BCADC,0x080BC4B0,bl,0x080BCB7A,1
0x080BCADC,0x080BC54C,bl,0x080BCB7E,1
0x080BCADC,0x080CFDCC,bl,0x080BCB2C,3
0x080BCBC0,0x08006138,bl,0x080BCBE4,1
0x080BCBC0,0x080BC800,bl,0x080BCBCA,1
0x080BCBC0,0x080CFDCC,bl,0x080BCBDA,1
0x080BCBFC,0x08001A94,bl,0x080BCC64,2
0x080BCCBC,0x080CFDCC,bl,0x080BCD94,1
0x080BCDAC,0x08006138,bl,0x080BCDD4,1
0x080BCDAC,0x080BCCBC,bl,0x080BCDB6,1
0x080BCDAC,0x080CFDD4,bl,0x080BCDC6,1
0x080BCE74,0x08001A94,bl,0x080BCEDA,3
0x080BCF60,0x08006138,bl,0x080BCF78,1
0x080BCF60,0x080BCDE0,bl,0x080BCF74,1
0x080BCF8C,0x080BCE28,bl,0x080BCF98,1
0x080BCFA4,0x080CFDCC,bl,0x080BCFF4,3
0x080BCFA4,0x080CFDD4,bl,0x080BD048,1
0x080BD06C,0x080CFDCC,bl,0x080BD0BC,5
0x080BD06C,0x080CFDD4,bl,0x080BD0F6,1
0x080BD110,0x08006138,bl,0x080BD16A,1
0x080BD110,0x080062C4,bl,0x080BD166,1
0x080BD110,0x080CFDCC,bl,0x080BD162,1
0x080BD188,0x080017E4,bl,0x080BD1A6,2
0x080BD188,0x080CFA70,bl,0x080BD198,1
0x080BD1D0,0x08006148,bl,0x080BD1FE,1
0x080BD25C,0x080BD290,bl,0x080BD25E,1
0x080BD370,0x080058E4,bl,0x080BD376,1
0x080BD3DC,0x080031B8,bl,0x080BD426,5
0x080BD4BC,0x08002E98,bl,0x080BD4EC,1
0x080BD4BC,0x08006138,bl,0x080BD4F0,1
0x080BD508,0x08002E98,bl,0x080BD514,1
0x080BD524,0x08002E98,bl,0x080BD534,1
0x080BD544,0x08006138,bl,0x080BD582,1
0x080BD544,0x080BD25C,bl,0x080BD54E,1
0x080BD544,0x080BD370,bl,0x080BD56E,1
0x080BD544,0x080CFDCC,bl,0x080BD55E,3
0x080BD594,0x08006148,bl,0x080BD5BC,1
0x080BD594,0x080BD210,bl,0x080BD5A8,1
0x080BD5D4,0x08006138,bl,0x080BD5F8,1
0x080BD5D4,0x080BD290,bl,0x080BD5DE,1
0x080BD5D4,0x080CFDCC,bl,0x080BD5EE,1
0x080BD610,0x08006138,bl,0x080BD620,1
0x080BD610,0x080BD3DC,bl,0x080BD61C,1
0x080BD630,0x08006138,bl,0x080BD64E,1
0x080BD630,0x080BD494,bl,0x080BD63E,1
0x080BD664,0x080062C4,bl,0x080BD682,1
0x080BD664,0x080BC7C8,bl,0x080BD676,1
0x080BD694,0x08006138,bl,0x080BD6A4,1
0x080BD694,0x080BD3DC,bl,0x080BD6A0,1
0x080BD6B4,0x080CFDCC,bl,0x080BD7DE,1
0x080BD6B4,0x080CFDD4,bl,0x080BD7E2,1
0x080BD7F0,0x08006138,bl,0x080BD814,1
0x080BD828,0x08009EB8,bl,0x080BD8A2,1
0x080BD828,0x0800A0AC,bl,0x080BD876,2
0x080BD8AC,0x080031B8,bl,0x080BD908,1
0x080BD8AC,0x08006138,bl,0x080BD922,1
0x080BD8AC,0x080BD828,bl,0x080BD91E,1
0x080BD938,0x08001A94,bl,0x080BD99E,1
0x080BD9B0,0x08006138,bl,0x080BD9D4,1
0x080BDA0C,0x08002E98,bl,0x080BDA16,1
0x080BDA0C,0x08006138,bl,0x080BDA1A,1
0x080BDA2C,0x08002E98,bl,0x080BDA5A,1
0x080BDA2C,0x08003110,bl,0x080BDA48,1
0x080BDA2C,0x08006138,bl,0x080BDA5E,1
0x080BDA2C,0x080BDDB8,bl,0x080BDA36,1
0x080BDA2C,0x080BE04C,bl,0x080BDA3A,1
0x080BDA78,0x08002E98,bl,0x080BDA84,1
0x080BDA78,0x080B9E30,bl,0x080BDA88,1
0x080BDA98,0x08002E98,bl,0x080BDAA4,1
0x080BDAB4,0x080034D0,bl,0x080BDBF8,1
0x080BDAB4,0x08006138,bl,0x080BDC08,1
0x080BDAB4,0x080BDD28,bl,0x080BDBF0,1
0x080BDAB4,0x080CFDCC,bl,0x080BDAC4,5
0x080BDC18,0x08006148,bl,0x080BDC2A,1
0x080BDC40,0x0800214C,bl,0x080BDCCA,1
0x080BDC40,0x080021DC,bl,0x080BDCAC,1
0x080BDC40,0x08006138,bl,0x080BDCEC,1
0x080BDC40,0x080BDD70,bl,0x080BDC4A,1
0x080BDC40,0x080BDE0C,bl,0x080BDCC6,1
0x080BDC40,0x080CFDCC,bl,0x080BDCBC,2
0x080BDD00,0x08006148,bl,0x080BDD12,1
0x080BDD28,0x080BDD70,bl,0x080BDD54,1
0x080BDE78,0x080058E4,bl,0x080BDE80,1
0x080BDEBC,0x080058E4,bl,0x080BDECC,1
0x080BDF3C,0x080058E4,bl,0x080BDF4A,1
0x080BDF9C,0x080058E4,bl,0x080BDFA4,1
0x080BE010,0x080058E4,bl,0x080BE016,1
0x080BE04C,0x080017E4,bl,0x080BE0CE,1
0x080BE04C,0x08002EE8,bl,0x080BE060,2
0x080BE04C,0x080058E4,bl,0x080BE106,1
0x080BE04C,0x080BDE78,bl,0x080BE0DA,1
0x080BE164,0x08002E98,bl,0x080BE18C,1
0x080BE164,0x08006138,bl,0x080BE190,1
0x080BE164,0x080BE4A4,bl,0x080BE16E,1
0x080BE1B0,0x08002E98,bl,0x080BE1BC,1
0x080BE1B0,0x080B9E30,bl,0x080BE1C0,1
0x080BE1D0,0x08002E98,bl,0x080BE1DC,1
0x080BE1EC,0x08003110,bl,0x080BE22A,3
0x080BE1EC,0x08006138,bl,0x080BE2E4,1
0x080BE1EC,0x080B9D24,bl,0x080BE2E0,1
0x080BE1EC,0x080BE550,bl,0x080BE2B8,1
0x080BE1EC,0x080BE5FC,bl,0x080BE1FC,1
0x080BE1EC,0x080BE774,bl,0x080BE2C2,1
0x080BE1EC,0x080CFDCC,bl,0x080BE1F8,6
0x080BE2F0,0x08006148,bl,0x080BE302,1
0x080BE318,0x08006138,bl,0x080BE380,2
0x080BE318,0x080B9D0C,bl,0x080BE3F8,1
0x080BE318,0x080B9D24,bl,0x080BE37C,1
0x080BE318,0x080BE6B4,bl,0x080BE336,1
0x080BE318,0x080BE714,bl,0x080BE3CC,1
0x080BE318,0x080BE7C0,bl,0x080BE35A,6
0x080BE318,0x080CFDCC,bl,0x080BE34A,7
0x080BE4A4,0x080058E4,bl,0x080BE4B2,2
0x080BE550,0x080058E4,bl,0x080BE55E,2
0x080BE5FC,0x080058E4,bl,0x080BE612,2
0x080BE6B4,0x080058E4,bl,0x080BE6C8,1
0x080BE714,0x080058E4,bl,0x080BE726,1
0x080BE774,0x08009EB8,bl,0x080BE79C,2
0x080BE7C0,0x080031B8,bl,0x080BE7CE,1
0x080BE7DC,0x08002E98,bl,0x080BE7EA,1
0x080BE7FC,0x08002E98,bl,0x080BE83E,1
0x080BE7FC,0x08006138,bl,0x080BE842,1
0x080BE850,0x08002E98,bl,0x080BE86E,1
0x080BE850,0x08006148,bl,0x080BE88A,1
0x080BE8A8,0x08002E98,bl,0x080BE8B4,1
0x080BE8C4,0x080031B8,bl,0x080BE9FE,1
0x080BE8C4,0x08006138,bl,0x080BEAD4,1
0x080BE8C4,0x08006338,bl,0x080BE938,5
0x080BE8C4,0x080BDF3C,bl,0x080BEA30,1
0x080BE8C4,0x080CFDCC,bl,0x080BE94A,16
0x080BEAE0,0x08006148,bl,0x080BEAF2,1
0x080BEB08,0x08006138,bl,0x080BEB4C,1
0x080BEB08,0x08006338,bl,0x080BEB40,2
0x080BEB54,0x08006148,bl,0x080BEB9C,2
0x080BEB54,0x080BF0AC,bl,0x080BEB84,1
0x080BEB54,0x080BF154,bl,0x080BEB56,1
0x080BEBD4,0x08006138,bl,0x080BECB2,1
0x080BEBD4,0x08006338,bl,0x080BEBFC,6
0x080BEBD4,0x080CFDCC,bl,0x080BEC02,8
0x080BECC0,0x08006148,bl,0x080BECEE,1
0x080BED08,0x080031B8,bl,0x080BEEC0,1
0x080BED08,0x08006138,bl,0x080BEF04,1
0x080BED08,0x08006338,bl,0x080BED7C,2
0x080BED08,0x080BDF3C,bl,0x080BEEF4,1
0x080BED08,0x080CFDCC,bl,0x080BEDA2,9
0x080BEF1C,0x08006148,bl,0x080BEF4A,1
0x080BEF64,0x08006138,bl,0x080BF038,1
0x080BEF64,0x08006338,bl,0x080BEF78,7
0x080BEF64,0x080CFDCC,bl,0x080BEF7E,12
0x080BF048,0x08006148,bl,0x080BF09A,1
0x080BF048,0x080BF0AC,bl,0x080BF064,1
0x080BF154,0x08006338,bl,0x080BF198,4
0x080BF1CC,0x08002EE8,bl,0x080BF1DE,1
0x080BF1CC,0x08006138,bl,0x080BF206,1
0x080BF1CC,0x08006338,bl,0x080BF202,1
0x080BF214,0x08002EE8,bl,0x080BF270,2
0x080BF214,0x08006148,bl,0x080BF284,1
0x080BF2AC,0x08006138,bl,0x080BF31E,1
0x080BF2AC,0x08006338,bl,0x080BF2CA,3
0x080BF2AC,0x080CFDCC,bl,0x080BF2D0,4
0x080BF32C,0x08006148,bl,0x080BF37A,1
0x080BF394,0x08002EE8,bl,0x080BF3E4,2
0x080BF394,0x080031B8,bl,0x080BF620,1
0x080BF394,0x08006138,bl,0x080BF664,1
0x080BF394,0x08006338,bl,0x080BF48C,3
0x080BF394,0x080BDF3C,bl,0x080BF654,1
0x080BF394,0x080CFDCC,bl,0x080BF49E,11
0x080BF67C,0x08006148,bl,0x080BF68E,1
0x080BF6A4,0x08006138,bl,0x080BF778,1
0x080BF6A4,0x08006338,bl,0x080BF6B8,7
0x080BF6A4,0x080CFDCC,bl,0x080BF6BE,12
0x080BF788,0x08006148,bl,0x080BF7D6,1
0x080BF7F0,0x08001A94,bl,0x080BF8D6,1
0x080BF7F0,0x08001CC8,bl,0x080BF8BC,1
0x080BF7F0,0x08006138,bl,0x080BF8F4,1
0x080BF7F0,0x080062C4,bl,0x080BF820,1
0x080BF7F0,0x080CFDCC,bl,0x080BF8DC,1
0x080BF934,0x08006148,bl,0x080BF982,1
0x080BF994,0x080031B8,bl,0x080BFA74,1
0x080BF994,0x08006138,bl,0x080BFB14,1
0x080BF994,0x08006338,bl,0x080BF9FA,1
0x080BF994,0x080BDF3C,bl,0x080BFAA6,1
0x080BF994,0x080CFDCC,bl,0x080BFA22,12
0x080BFB24,0x08006148,bl,0x080BFB36,1
0x080BFB4C,0x080CFDCC,bl,0x080BFB60,4
0x080BFB94,0x08006148,bl,0x080BFBDA,1
0x080BFBF4,0x08002EE8,bl,0x080BFC12,1
0x080BFBF4,0x080031B8,bl,0x080BFCCE,1
0x080BFBF4,0x08006138,bl,0x080BFD42,1
0x080BFBF4,0x080BDF3C,bl,0x080BFD00,1
0x080BFBF4,0x080CFDCC,bl,0x080BFC92,8
0x080BFD58,0x08006148,bl,0x080BFD6A,1
0x080BFD80,0x08002E98,bl,0x080BFD96,1
0x080BFD80,0x08006138,bl,0x080BFD9A,1
0x080BFDB0,0x08002E98,bl,0x080BFDBC,1
0x080BFDCC,0x08002E98,bl,0x080BFDD8,1
0x080BFDE8,0x08006138,bl,0x080BFE4E,1
0x080BFDE8,0x080BE010,bl,0x080BFE0A,1
0x080BFDE8,0x080C0704,bl,0x080BFE1E,2
0x080BFDE8,0x080C0B18,bl,0x080BFE2C,1
0x080BFDE8,0x080CFDCC,bl,0x080BFE24,2
0x080BFE64,0x08001A94,bl,0x080BFEF2,1
0x080BFE64,0x08001CC8,bl,0x080BFECE,1
0x080BFE64,0x08006148,bl,0x080BFF06,1
0x080BFF28,0x08006244,bl,0x080BFFC6,2
0x080BFF28,0x080C0704,bl,0x080BFF68,2
0x080BFF28,0x080CFA5C,bl,0x080C0064,1
0x080BFF28,0x080CFDCC,bl,0x080BFF7A,3
0x080C0074,0x08001A94,bl,0x080C035E,1
0x080C0074,0x08001CC8,bl,0x080C0348,1
0x080C0074,0x08006148,bl,0x080C00AE,1
0x080C0074,0x080062C4,bl,0x080C00E2,1
0x080C0074,0x080BDEBC,bl,0x080C02EA,1
0x080C0074,0x080C061C,bl,0x080C016A,2
0x080C0074,0x080C072C,bl,0x080C0154,2
0x080C0074,0x080C0A10,bl,0x080C019A,2
0x080C0388,0x080031B8,bl,0x080C03F6,1
0x080C0388,0x08006138,bl,0x080C052A,1
0x080C0388,0x080062C4,bl,0x080C03C8,1
0x080C0388,0x080BDF3C,bl,0x080C040A,1
0x080C0388,0x080C0704,bl,0x080C03BC,1
0x080C0388,0x080CFDCC,bl,0x080C045A,8
0x080C0540,0x08006148,bl,0x080C05D0,1
0x080C0540,0x080C1EBC,bl,0x080C055C,1
0x080C0A10,0x08001A94,bl,0x080C0AEC,1
0x080C0A10,0x08001CC8,bl,0x080C0AC2,1
0x080C0B18,0x080CFDCC,bl,0x080C0C1E,1
0x080C0C58,0x080CFDCC,bl,0x080C0C6E,3
0x080C0C58,0x080CFDD4,bl,0x080C0C8E,1
0x080C0CA4,0x08001A94,bl,0x080C0D12,1
0x080C0CA4,0x08001CC8,bl,0x080C0D02,1
0x080C0D30,0x08002E98,bl,0x080C0DD2,1
0x080C0D30,0x08006138,bl,0x080C0DD6,1
0x080C0D30,0x080BDF9C,bl,0x080C0D74,12
0x080C0DE8,0x080061C0,bl,0x080C0DF0,1
0x080C0DE8,0x080062C4,bl,0x080C0E36,1
0x080C0DE8,0x08006338,bl,0x080C0E04,2
0x080C0DE8,0x080CFDCC,bl,0x080C0E0A,4
0x080C0DE8,0x080CFDD4,bl,0x080C0E72,1
0x080C0E88,0x080061C0,bl,0x080C0E90,1
0x080C0E88,0x080062C4,bl,0x080C0F0E,1
0x080C0E88,0x08006338,bl,0x080C0EA4,2
0x080C0E88,0x080CFDCC,bl,0x080C0EAA,5
0x080C0E88,0x080CFDD4,bl,0x080C0F3E,1
0x080C0F54,0x080061C0,bl,0x080C0F5C,1
0x080C0F54,0x080062C4,bl,0x080C0FA2,1
0x080C0F54,0x08006338,bl,0x080C0F70,3
0x080C0F54,0x080CFDCC,bl,0x080C0F76,5
0x080C0F54,0x080CFDD4,bl,0x080C0FCE,1
0x080C0FE4,0x080061C0,bl,0x080C0FEC,1
0x080C0FE4,0x080062C4,bl,0x080C1032,1
0x080C0FE4,0x08006338,bl,0x080C1000,2
0x080C0FE4,0x080CFDCC,bl,0x080C1006,4
0x080C0FE4,0x080CFDD4,bl,0x080C1052,1
0x080C1068,0x080061C0,bl,0x080C1070,1
0x080C1068,0x080062C4,bl,0x080C10D4,1
0x080C1068,0x08006338,bl,0x080C1084,2
0x080C1068,0x080CFDCC,bl,0x080C108A,5
0x080C1068,0x080CFDD4,bl,0x080C10FE,1
0x080C1114,0x080061C0,bl,0x080C111C,1
0x080C1114,0x080062C4,bl,0x080C1180,1
0x080C1114,0x08006338,bl,0x080C1130,3
0x080C1114,0x080CFDCC,bl,0x080C1136,6
0x080C1114,0x080CFDD4,bl,0x080C11B6,1
0x080C11CC,0x080061C0,bl,0x080C11D4,1
0x080C11CC,0x080062C4,bl,0x080C121A,1
0x080C11CC,0x08006338,bl,0x080C11E8,1
0x080C11CC,0x080CFDCC,bl,0x080C11EE,3
0x080C11CC,0x080CFDD4,bl,0x080C124A,1
0x080C1260,0x080061C0,bl,0x080C1268,1
0x080C1260,0x080062C4,bl,0x080C12BA,1
0x080C1260,0x08006338,bl,0x080C127C,2
0x080C1260,0x080CFDCC,bl,0x080C1282,4
0x080C1260,0x080CFDD4,bl,0x080C12EA,1
0x080C1300,0x080061C0,bl,0x080C1308,1
0x080C1300,0x080062C4,bl,0x080C134E,1
0x080C1300,0x08006338,bl,0x080C131C,3
0x080C1300,0x080CFDCC,bl,0x080C1322,5
0x080C1300,0x080CFDD4,bl,0x080C137A,1
0x080C1390,0x080061C0,bl,0x080C1398,1
0x080C1390,0x080062C4,bl,0x080C13DE,1
0x080C1390,0x08006338,bl,0x080C13AC,1
0x080C1390,0x080CFDCC,bl,0x080C13B2,3
0x080C1390,0x080CFDD4,bl,0x080C140E,1
0x080C1424,0x080061C0,bl,0x080C142C,1
0x080C1424,0x080062C4,bl,0x080C1472,1
0x080C1424,0x08006338,bl,0x080C1440,1
0x080C1424,0x080CFDCC,bl,0x080C1446,3
0x080C1424,0x080CFDD4,bl,0x080C14A2,1
0x080C14B8,0x080061C0,bl,0x080C14C0,1
0x080C14B8,0x080062C4,bl,0x080C1506,1
0x080C14B8,0x08006338,bl,0x080C14D4,2
0x080C14B8,0x080CFDCC,bl,0x080C14DA,4
0x080C14B8,0x080CFDD4,bl,0x080C1542,1
0x080C1558,0x080061C0,bl,0x080C1560,1
0x080C1558,0x080062C4,bl,0x080C15C0,1
0x080C1558,0x08006338,bl,0x080C1574,2
0x080C1558,0x080CFDCC,bl,0x080C157A,5
0x080C1558,0x080CFDD4,bl,0x080C15F0,1
0x080C1608,0x080061C0,bl,0x080C1610,1
0x080C1608,0x080062C4,bl,0x080C1656,1
0x080C1608,0x08006338,bl,0x080C1624,3
0x080C1608,0x080CFDCC,bl,0x080C162A,6
0x080C1608,0x080CFDD4,bl,0x080C1674,1
0x080C168C,0x080061C0,bl,0x080C1694,1
0x080C168C,0x080062C4,bl,0x080C16DA,1
0x080C168C,0x08006338,bl,0x080C16A8,2
0x080C168C,0x080CFDCC,bl,0x080C16AE,5
0x080C168C,0x080CFDD4,bl,0x080C1726,1
0x080C173C,0x080CFDCC,bl,0x080C176C,3
0x080C173C,0x080CFDD4,bl,0x080C1788,1
0x080C17B0,0x08002E98,bl,0x080C17F2,1
0x080C17B0,0x08006138,bl,0x080C17F6,1
0x080C1804,0x08002E98,bl,0x080C1810,2
0x080C183C,0x08006138,bl,0x080C18AC,1
0x080C18C8,0x08006138,bl,0x080C1948,1
0x080C1950,0x08001A94,bl,0x080C19C4,4
0x080C1950,0x080031B8,bl,0x080C1996,3
0x080C1AB8,0x08006138,bl,0x080C1B18,1
0x080C1B30,0x08002E98,bl,0x080C1B58,1
0x080C1B30,0x08006138,bl,0x080C1B5C,1
0x080C1B78,0x08002E98,bl,0x080C1B84,1
0x080C1B94,0x08006138,bl,0x080C1BE0,1
0x080C1BE8,0x08005654,bl,0x080C1CDC,1
0x080C1CEC,0x08006138,bl,0x080C1D72,1
0x080C1D84,0x08005654,bl,0x080C1EAE,1
0x080C1FDC,0x08002E98,bl,0x080C1FE6,1
0x080C1FDC,0x08006138,bl,0x080C1FEA,1
0x080C1FFC,0x080058E4,bl,0x080C2004,1
0x080C2038,0x080058E4,bl,0x080C203E,1
0x080C2078,0x080058E4,bl,0x080C2084,1
0x080C20B4,0x080034D0,bl,0x080C20E2,1
0x080C20B4,0x08003688,bl,0x080C20E6,1
0x080C20B4,0x080C495C,bl,0x080C2132,1
0x080C20B4,0x080C4C78,bl,0x080C20EA,1
0x080C20B4,0x080C51C0,bl,0x080C20EE,1
0x080C21B0,0x08001488,bl,0x080C23F6,1
0x080C21B0,0x08003110,bl,0x080C21CA,3
0x080C21B0,0x080034D0,bl,0x080C23EE,1
0x080C21B0,0x08003688,bl,0x080C23F2,1
0x080C21B0,0x08006138,bl,0x080C2406,1
0x080C21B0,0x080C1FFC,bl,0x080C21CE,1
0x080C21B0,0x080C2038,bl,0x080C21D4,1
0x080C21B0,0x080C20B4,bl,0x080C21B4,1
0x080C21B0,0x080C4860,bl,0x080C2206,2
0x080C21B0,0x080C4974,bl,0x080C225A,3
0x080C21B0,0x080C4A20,bl,0x080C229A,1
0x080C21B0,0x080CFDCC,bl,0x080C21F0,9
0x080C241C,0x080B9E30,bl,0x080C242E,1
0x080C241C,0x080C4890,bl,0x080C242A,1
0x080C243C,0x08006138,bl,0x080C25AE,1
0x080C25C4,0x080C2BA8,bl,0x080C272C,1
0x080C25C4,0x080C4A48,bl,0x080C25F2,1
0x080C25C4,0x080C4A94,bl,0x080C26EA,5
0x080C25C4,0x080C4AC4,bl,0x080C2606,1
0x080C25C4,0x080C4BEC,bl,0x080C2626,1
0x080C25C4,0x080C4C30,bl,0x080C2650,1
0x080C2740,0x08003110,bl,0x080C27D6,3
0x080C2740,0x080031B8,bl,0x080C2878,8
0x080C2740,0x08009EB8,bl,0x080C2976,2
0x080C2740,0x080B9D0C,bl,0x080C2B0A,1
0x080C2740,0x080B9D24,bl,0x080C2990,2
0x080C2740,0x080C2CCC,bl,0x080C28E0,7
0x080C2B8C,0x080B9E30,bl,0x080C2B9A,1
0x080C2B8C,0x080C2740,bl,0x080C2B8E,1
0x080C2BA8,0x08001A94,bl,0x080C2C78,2
0x080C2BA8,0x08003014,bl,0x080C2BEE,2
0x080C2FF8,0x08002E98,bl,0x080C3006,1
0x080C3018,0x08006138,bl,0x080C32F4,1
0x080C3018,0x080C3318,bl,0x080C322C,1
0x080C3018,0x080CFDCC,bl,0x080C324C,3
0x080C3318,0x080C4CD4,bl,0x080C3370,1
0x080C33A0,0x080C3318,bl,0x080C33D4,1
0x080C34AC,0x080C33A0,bl,0x080C3560,2
0x080C3698,0x080C2078,bl,0x080C371A,2
0x080C37B8,0x080031B8,bl,0x080C37D4,1
0x080C37B8,0x080034F0,bl,0x080C382A,1
0x080C37B8,0x080CF5F0,bl,0x080C3800,1
0x080C383C,0x080C3670,bl,0x080C384E,1
0x080C383C,0x080C5B84,bl,0x080C3852,1
0x080C38C8,0x080031B8,bl,0x080C3A40,3
0x080C38C8,0x080C2078,bl,0x080C3918,6
0x080C38C8,0x080C3648,bl,0x080C38E6,2
0x080C38C8,0x080C3698,bl,0x080C39EC,2
0x080C38C8,0x080C37B8,bl,0x080C3952,3
0x080C38C8,0x080C523C,bl,0x080C3A98,1
0x080C3D58,0x080C37B8,bl,0x080C3D5E,1
0x080C3E18,0x08003014,bl,0x080C3ECA,1
0x080C3E18,0x080C623C,bl,0x080C3E32,1
0x080C3EFC,0x080C383C,bl,0x080C3F06,1
0x080C3EFC,0x080C38C8,bl,0x080C3F0C,1
0x080C3EFC,0x080C3E18,bl,0x080C3F12,1
0x080C3F20,0x080C383C,bl,0x080C3F2A,1
0x080C3F20,0x080C3D58,bl,0x080C3F30,1
0x080C3F20,0x080C3E18,bl,0x080C3F36,1
0x080C3F44,0x080055B0,bl,0x080C42B8,1
0x080C3F44,0x08006138,bl,0x080C42BC,1
0x080C3F44,0x080C4CA4,bl,0x080C40B2,4
0x080C3F44,0x080C623C,bl,0x080C406C,2
0x080C4364,0x08005654,bl,0x080C43A6,1
0x080C43E8,0x08001A94,bl,0x080C44A2,1
0x080C43E8,0x08005654,bl,0x080C4406,2
0x080C43E8,0x080C4F60,bl,0x080C4476,1
0x080C44BC,0x08005654,bl,0x080C44D4,1
0x080C44BC,0x080C42DC,bl,0x080C44E6,1
0x080C44F0,0x08005654,bl,0x080C454E,1
0x080C44F0,0x080C42DC,bl,0x080C455E,1
0x080C4568,0x08005654,bl,0x080C45A6,1
0x080C4568,0x080C42DC,bl,0x080C45C8,1
0x080C45D4,0x08005654,bl,0x080C45EC,1
0x080C45FC,0x08005654,bl,0x080C4614,1
0x080C45FC,0x080C42DC,bl,0x080C4628,1
0x080C4630,0x08001A94,bl,0x080C4652,1
0x080C4664,0x080C4CD4,bl,0x080C467E,2
0x080C46EC,0x080055B0,bl,0x080C475C,1
0x080C46EC,0x08006138,bl,0x080C4760,1
0x080C46EC,0x080C4664,bl,0x080C4732,1
0x080C4790,0x080C4630,bl,0x080C47F2,1
0x080C4790,0x080C4664,bl,0x080C47D6,1
0x080C4890,0x08003014,bl,0x080C493C,1
0x080C4890,0x080C4A20,bl,0x080C48F2,1
0x080C4974,0x080CFA5C,bl,0x080C49D8,1
0x080C4A5C,0x08001A94,bl,0x080C4A80,1
0x080C4A94,0x08001A94,bl,0x080C4AB4,1
0x080C4AC4,0x080C4A5C,bl,0x080C4B0C,5
0x080C4AC4,0x080CFA5C,bl,0x080C4AD8,4
0x080C4AC4,0x080CFA60,bl,0x080C4ACE,3
0x080C4B64,0x080C4A5C,bl,0x080C4BA6,2
0x080C4B64,0x080CFA5C,bl,0x080C4B86,1
0x080C4B64,0x080CFA60,bl,0x080C4BB4,1
0x080C4BEC,0x080C4B64,bl,0x080C4C26,1
0x080C4BEC,0x080CFA5C,bl,0x080C4C02,1
0x080C4C30,0x08001A94,bl,0x080C4C68,1
0x080C4C30,0x080C4F60,bl,0x080C4C4A,1
0x080C4C78,0x08002EC0,bl,0x080C4C7A,1
0x080C4D08,0x08001A94,bl,0x080C4DC0,2
0x080C4D08,0x080C4F60,bl,0x080C4D96,2
0x080C4E10,0x08001A94,bl,0x080C4E8A,1
0x080C4E10,0x08005654,bl,0x080C4E98,1
0x080C4E10,0x080C4F60,bl,0x080C4E5E,1
0x080C4F60,0x080C623C,bl,0x080C4FF4,1
0x080C4F60,0x080C6258,bl,0x080C4FBA,1
0x080C52C4,0x080C5284,bl,0x080C5414,3
0x080C52C4,0x080CFA5C,bl,0x080C53A8,3
0x080C5678,0x08002EC0,bl,0x080C5688,3
0x080C5678,0x080C52C4,bl,0x080C56BC,1
0x080C5678,0x080C55D8,bl,0x080C598E,1
0x080C5678,0x080CFC6C,bl,0x080C56CC,5
0x080C5678,0x080CFD04,bl,0x080C582C,1
0x080C59D8,0x080C5678,bl,0x080C5B22,1
0x080C59D8,0x080C5B84,bl,0x080C5B5A,1
0x080C5B84,0x080C52C4,bl,0x080C5C36,2
0x080C5B84,0x080C54A4,bl,0x080C5C42,2
0x080C5B84,0x080C553C,bl,0x080C5EE0,1
0x080C5B84,0x080C5580,bl,0x080C6142,1
0x080C5B84,0x080C55D8,bl,0x080C5BB2,3
0x080C5B84,0x080C5628,bl,0x080C5CE4,1
0x080C5B84,0x080CFA58,bl,0x080C5CDC,1
0x080C6260,0x08002668,bl,0x080C628E,1
0x080C6260,0x0800293C,bl,0x080C6292,1
0x080C6260,0x08003484,bl,0x080C6296,2
0x080C6260,0x080B8070,bl,0x080C62B8,1
0x080C6260,0x080C62F0,bl,0x080C62A8,1
0x080C6260,0x080C6388,bl,0x080C62AC,1
0x080C62F0,0x0800214C,bl,0x080C6320,1
0x080C62F0,0x080021DC,bl,0x080C6342,1
0x080C62F0,0x08002D18,bl,0x080C6338,1
0x080C62F0,0x08002E0C,bl,0x080C6324,2
0x080C62F0,0x08008C4C,bl,0x080C6302,1
0x080C62F0,0x08024610,bl,0x080C62FC,1
0x080C62F0,0x08027178,bl,0x080C634A,1
0x080C62F0,0x080C6354,bl,0x080C631C,1
0x080C6354,0x08002D18,bl,0x080C635C,1
0x080C6354,0x080058E4,bl,0x080C6364,1
0x080C6388,0x0800214C,bl,0x080C63BA,1
0x080C6388,0x080021DC,bl,0x080C63DA,1
0x080C6388,0x08002D18,bl,0x080C63D0,1
0x080C6388,0x08002E0C,bl,0x080C63BE,2
0x080C6388,0x08008C4C,bl,0x080C639C,1
0x080C6388,0x08024654,bl,0x080C6396,1
0x080C6388,0x08027178,bl,0x080C63E2,1
0x080C6388,0x080C63EC,bl,0x080C63B6,1
0x080C63EC,0x08002D18,bl,0x080C63F4,1
0x080C63EC,0x080058E4,bl,0x080C63FC,1
0x080C6420,0x08002028,bl,0x080C649A,1
0x080C6420,0x0800214C,bl,0x080C657A,1
0x080C6420,0x08002198,bl,0x080C65DE,1
0x080C6420,0x080022A0,bl,0x080C65F2,1
0x080C6420,0x080022AC,bl,0x080C649E,1
0x080C6420,0x08002338,bl,0x080C65D4,1
0x080C6420,0x08002D18,bl,0x080C65C0,1
0x080C6420,0x08002D74,bl,0x080C65E8,1
0x080C6420,0x08002D94,bl,0x080C659A,2
0x080C6420,0x08002E0C,bl,0x080C657E,2
0x080C6420,0x08003110,bl,0x080C6594,2
0x080C6420,0x080031B8,bl,0x080C65D0,1
0x080C6420,0x0800374C,bl,0x080C65DA,1
0x080C6420,0x08003770,bl,0x080C65EE,1
0x080C6420,0x08008C4C,bl,0x080C64A4,1
0x080C6420,0x08008C64,bl,0x080C642C,5
0x080C6420,0x080C6600,bl,0x080C6496,1
0x080C6420,0x080C68B0,bl,0x080C646A,1
0x080C6420,0x080C6AB4,bl,0x080C6484,1
0x080C6600,0x080017E4,bl,0x080C6624,12
0x080C6600,0x08002F14,bl,0x080C660E,3
0x080C6600,0x08008C64,bl,0x080C6604,1
0x080C6750,0x08002028,bl,0x080C6752,1
0x080C6750,0x0800214C,bl,0x080C67A4,1
0x080C6750,0x080021DC,bl,0x080C67FC,1
0x080C6750,0x080022FC,bl,0x080C678A,1
0x080C6750,0x08002338,bl,0x080C67F8,1
0x080C6750,0x08002378,bl,0x080C6786,1
0x080C6750,0x08002D18,bl,0x080C67B6,1
0x080C6750,0x08002D94,bl,0x080C67AE,1
0x080C6750,0x08002E0C,bl,0x080C67A8,2
0x080C6750,0x080031B8,bl,0x080C67EE,1
0x080C6750,0x08008C4C,bl,0x080C6758,1
0x080C6750,0x08008C64,bl,0x080C6766,2
0x080C680C,0x08002028,bl,0x080C6810,1
0x080C680C,0x0800214C,bl,0x080C6860,1
0x080C680C,0x080021DC,bl,0x080C6886,1
0x080C680C,0x080022D0,bl,0x080C6872,1
0x080C680C,0x08002D74,bl,0x080C686A,1
0x080C680C,0x08002DE0,bl,0x080C6864,2
0x080C680C,0x080031B8,bl,0x080C6882,1
0x080C680C,0x08008C4C,bl,0x080C681E,1
0x080C680C,0x08008C64,bl,0x080C6828,2
0x080C68B0,0x080C6C3C,bl,0x080C6908,16
0x080C6AB4,0x080C6C3C,bl,0x080C6AE6,16
0x080C6C3C,0x080017E4,bl,0x080C6C54,1
0x080C6C64,0x08002E98,bl,0x080C6C8E,1
0x080C6C64,0x080C6CA0,bl,0x080C6C7A,1
0x080C6C64,0x080C6D38,bl,0x080C6C7E,1
0x080C6C64,0x080CFDD4,bl,0x080C6C92,1
0x080C6CA0,0x080017E4,bl,0x080C6CC0,4
0x080C6CA0,0x08008C64,bl,0x080C6CA6,2
0x080C6CA0,0x080CFA70,bl,0x080C6CB0,2
0x080C6D38,0x080058E4,bl,0x080C6D4C,1
0x080C6D84,0x08001A94,bl,0x080C6E38,6
0x080C6D84,0x08003110,bl,0x080C6FC0,1
0x080C6D84,0x080031B8,bl,0x080C6F0E,1
0x080C6D84,0x080058E4,bl,0x080C6DB2,1
0x080C6D84,0x08006138,bl,0x080C767E,1
0x080C6D84,0x080062C4,bl,0x080C6E00,20
0x080C6D84,0x080C77CC,bl,0x080C6DE8,1
0x080C6D84,0x080CFDCC,bl,0x080C6E0C,119
0x080C769C,0x08001A94,bl,0x080C7782,2
0x080C769C,0x08001CC8,bl,0x080C7754,1
0x080C77CC,0x080058E4,bl,0x080C77D4,1
0x080C7810,0x08002EE8,bl,0x080C7926,10
0x080C7810,0x080058E4,bl,0x080C7B68,4
0x080C7810,0x0800625C,bl,0x080C7956,2
0x080C7810,0x080062C4,bl,0x080C7886,3
0x080C7810,0x080CFDCC,bl,0x080C78A6,42
0x080C7CC0,0x08002EE8,bl,0x080C7CFE,1
0x080C7CC0,0x080CFDCC,bl,0x080C7D6E,12
0x080C7CC0,0x080CFDD4,bl,0x080C7E40,1
0x080C7E4C,0x080031B8,bl,0x080C8190,1
0x080C7E4C,0x08006138,bl,0x080C8284,1
0x080C7E4C,0x080062C4,bl,0x080C80D0,5
0x080C7E4C,0x080C8468,bl,0x080C818A,1
0x080C7E4C,0x080CFDCC,bl,0x080C7E7C,77
0x080C8298,0x08001A94,bl,0x080C840A,2
0x080C8298,0x08001CC8,bl,0x080C83DC,1
0x080C8298,0x08003014,bl,0x080C837C,1
0x080C8468,0x080058E4,bl,0x080C846E,1
0x080C8498,0x080CFDCC,bl,0x080C8506,16
0x080C85D8,0x0800625C,bl,0x080C86BC,2
0x080C85D8,0x080062C4,bl,0x080C8726,1
0x080C85D8,0x080CFDCC,bl,0x080C860A,22
0x080C85D8,0x080CFDD4,bl,0x080C872A,1
0x080C8778,0x08001A94,bl,0x080C889C,2
0x080C8778,0x08001CC8,bl,0x080C886E,1
0x080C8778,0x08003014,bl,0x080C87D2,1
0x080C88F0,0x080031B8,bl,0x080C890A,1
0x080C88F0,0x080269E8,bl,0x080C8914,1
0x080C88F0,0x080C8924,bl,0x080C8902,1
0x080C88F0,0x080CFDCC,bl,0x080C88FE,2
0x080C88F0,0x080CFDD4,bl,0x080C8918,1
0x080C8924,0x080058E4,bl,0x080C892C,1
0x080C8958,0x080CFDCC,bl,0x080C89BC,38
0x080C8958,0x080CFDD4,bl,0x080C8CC0,1
0x080C8CD4,0x08006138,bl,0x080C8E5A,1
0x080C8CD4,0x080062C4,bl,0x080C8CFE,3
0x080C8CD4,0x080CFDCC,bl,0x080C8D04,17
0x080C8E88,0x08026278,bl,0x080C8E9C,1
0x080C8EA8,0x080017E4,bl,0x080C8F18,1
0x080C8EA8,0x080CFDCC,bl,0x080C8ED6,5
0x080C8EA8,0x080CFDD4,bl,0x080C8FD2,1
0x080C9004,0x08002E98,bl,0x080C902E,1
0x080C9004,0x080C9040,bl,0x080C901A,1
0x080C9004,0x080C90C8,bl,0x080C901E,1
0x080C9004,0x080CFDD4,bl,0x080C9032,1
0x080C9040,0x080017E4,bl,0x080C9058,4
0x080C9040,0x080CFA70,bl,0x080C904A,2
0x080C90C8,0x080058E4,bl,0x080C90DC,1
0x080C9114,0x08003014,bl,0x080C92B6,6
0x080C9114,0x080031B8,bl,0x080C9250,1
0x080C9114,0x08006138,bl,0x080C93D2,1
0x080C9114,0x080062C4,bl,0x080C9158,2
0x080C9114,0x080CFDCC,bl,0x080C9154,25
0x080C9418,0x08001A94,bl,0x080C94B0,1
0x080C9418,0x08005C4C,bl,0x080C9432,1
0x080C94CC,0x080031B8,bl,0x080C9576,2
0x080C94CC,0x080058E4,bl,0x080C9506,1
0x080C94CC,0x08006138,bl,0x080C96C8,1
0x080C94CC,0x080062C4,bl,0x080C953C,2
0x080C94CC,0x080CFDCC,bl,0x080C9548,24
0x080C972C,0x080058E4,bl,0x080C9746,1
0x080C97A0,0x08001A94,bl,0x080C9848,1
0x080C97A0,0x08003770,bl,0x080C9868,1
0x080C97A0,0x08005ACC,bl,0x080C97F4,1
0x080C9884,0x08002EE8,bl,0x080C98A6,1
0x080C9884,0x080CFDCC,bl,0x080C98B8,1
0x080C9884,0x080CFDD4,bl,0x080C98BC,1
0x080C98D8,0x080CFDCC,bl,0x080C9906,9
0x080C9974,0x08001A94,bl,0x080C9A0A,1
0x080C9974,0x08005ACC,bl,0x080C99C0,1
0x080C9A28,0x080017E4,bl,0x080C9C04,1
0x080C9A28,0x08003014,bl,0x080C9A7A,3
0x080C9A28,0x080031B8,bl,0x080C9BAC,1
0x080C9A28,0x080058E4,bl,0x080C9B22,3
0x080C9A28,0x08006138,bl,0x080C9C88,1
0x080C9A28,0x080062C4,bl,0x080C9A54,2
0x080C9A28,0x080CFDCC,bl,0x080C9A5A,12
0x080C9CF0,0x08026278,bl,0x080C9D04,1
0x080C9D10,0x080CFDCC,bl,0x080C9D58,22
0x080C9D10,0x080CFDD4,bl,0x080C9E6A,1
0x080C9E8C,0x080CFDCC,bl,0x080C9F1E,41
0x080C9E8C,0x080CFDD4,bl,0x080CA318,1
0x080CA344,0x080062C4,bl,0x080CA368,1
0x080CA344,0x080CA570,bl,0x080CA494,1
0x080CA344,0x080CA640,bl,0x080CA564,1
0x080CA344,0x080CFDCC,bl,0x080CA3D6,27
0x080CA570,0x08002EE8,bl,0x080CA57C,1
0x080CA570,0x080CFDCC,bl,0x080CA5A8,10
0x080CA640,0x08002EE8,bl,0x080CA650,1
0x080CA640,0x080CFDCC,bl,0x080CA680,10
0x080CA71C,0x08006138,bl,0x080CA80C,1
0x080CA71C,0x080CFDCC,bl,0x080CA752,14
0x080CA830,0x08006138,bl,0x080CA8CC,1
0x080CA830,0x080CFDCC,bl,0x080CA866,9
0x080CA8F0,0x08006138,bl,0x080CAA12,1
0x080CA8F0,0x080CFDCC,bl,0x080CA92C,17
0x080CAAB8,0x08001A94,bl,0x080CACBC,1
0x080CAAB8,0x080031B8,bl,0x080CABD8,1
0x080CACF0,0x080021DC,bl,0x080CAD42,1
0x080CACF0,0x080022AC,bl,0x080CACF2,1
0x080CACF0,0x08002338,bl,0x080CAD3E,1
0x080CACF0,0x0800293C,bl,0x080CAD80,1
0x080CACF0,0x08002E0C,bl,0x080CAD46,1
0x080CACF0,0x0800B514,bl,0x080CAD58,1
0x080CACF0,0x08022C3C,bl,0x080CAD5C,1
0x080CACF0,0x080CAD8C,bl,0x080CAD18,1
0x080CACF0,0x080CAEEC,bl,0x080CAD34,1
0x080CACF0,0x080CB058,bl,0x080CAD3A,1
0x080CAD8C,0x08002028,bl,0x080CAE04,1
0x080CAD8C,0x0800214C,bl,0x080CAE08,1
0x080CAD8C,0x080022FC,bl,0x080CADFA,1
0x080CAD8C,0x08002378,bl,0x080CADF6,1
0x080CAD8C,0x08002D18,bl,0x080CAE56,2
0x080CAD8C,0x08002D94,bl,0x080CAE7A,2
0x080CAD8C,0x08003110,bl,0x080CAE00,1
0x080CAD8C,0x080058E4,bl,0x080CAE52,2
0x080CAD8C,0x08008C4C,bl,0x080CADB4,1
0x080CAD8C,0x08008C64,bl,0x080CADBA,2
0x080CAD8C,0x080C68B0,bl,0x080CADD4,1
0x080CAD8C,0x080CB178,bl,0x080CAE9E,1
0x080CAD8C,0x080CB21C,bl,0x080CADEE,1
0x080CAD8C,0x080CB2B0,bl,0x080CAE84,1
0x080CAD8C,0x080CB2CC,bl,0x080CAE88,1
0x080CAEEC,0x08002028,bl,0x080CAF4C,1
0x080CAEEC,0x0800214C,bl,0x080CAF50,1
0x080CAEEC,0x080022FC,bl,0x080CAF2C,1
0x080CAEEC,0x08002378,bl,0x080CAF28,1
0x080CAEEC,0x08003110,bl,0x080CAF48,1
0x080CAEEC,0x080058E4,bl,0x080CAF9A,3
0x080CAEEC,0x08008C4C,bl,0x080CAF14,1
0x080CAEEC,0x08008C64,bl,0x080CAF1A,2
0x080CAEEC,0x080CB030,bl,0x080CAFA0,4
0x080CAEEC,0x080CB0E8,bl,0x080CAFE8,1
0x080CAEEC,0x080CB1D8,bl,0x080CAFEC,1
0x080CAEEC,0x080CB2B0,bl,0x080CAFCE,1
0x080CB030,0x08002D18,bl,0x080CB042,1
0x080CB030,0x080C6AB4,bl,0x080CB03E,1
0x080CB058,0x08002028,bl,0x080CB0AA,1
0x080CB058,0x0800214C,bl,0x080CB0AE,1
0x080CB058,0x080022FC,bl,0x080CB080,1
0x080CB058,0x08002668,bl,0x080CB07C,1
0x080CB058,0x08002D18,bl,0x080CB0BC,1
0x080CB058,0x08002E0C,bl,0x080CB0B2,1
0x080CB058,0x08003110,bl,0x080CB0A6,1
0x080CB058,0x08008C4C,bl,0x080CB068,1
0x080CB058,0x08008C64,bl,0x080CB06E,2
0x080CB058,0x080C6AB4,bl,0x080CB08A,1
0x080CB058,0x080CB178,bl,0x080CB0C0,1
0x080CB058,0x080CB2B0,bl,0x080CB0B6,1
0x080CB0E8,0x080CB108,bl,0x080CB0EA,1
0x080CB108,0x080031B8,bl,0x080CB122,1
0x080CB12C,0x080031B8,bl,0x080CB14A,1
0x080CB178,0x080CB12C,bl,0x080CB194,1
0x080CB1D8,0x080CB12C,bl,0x080CB1DA,1
0x080CB21C,0x080017E4,bl,0x080CB226,4
0x080CB21C,0x080CFA70,bl,0x080CB238,3
0x080CB2CC,0x080058E4,bl,0x080CB2DA,3
0x080CB354,0x08006138,bl,0x080CB388,1
0x080CB3A8,0x080CFDCC,bl,0x080CB408,1
0x080CB418,0x08003014,bl,0x080CB4E0,1
0x080CB418,0x080CFDCC,bl,0x080CB4E6,1
0x080CB4F4,0x080C68B0,bl,0x080CB554,1
0x080CB4F4,0x080CFA60,bl,0x080CB524,1
0x080CB4F4,0x080CFDCC,bl,0x080CB55A,1
0x080CB4F4,0x080CFDD4,bl,0x080CB570,1
0x080CB588,0x08002E98,bl,0x080CB5A8,1
0x080CB588,0x08006138,bl,0x080CB5AC,1
0x080CB5C4,0x08002E98,bl,0x080CB5F2,1
0x080CB5C4,0x08006138,bl,0x080CB5F6,1
0x080CB610,0x08002E98,bl,0x080CB61C,1
0x080CB62C,0x08002E98,bl,0x080CB63C,1
0x080CB64C,0x080031B8,bl,0x080CB6AA,1
0x080CB64C,0x08006338,bl,0x080CB66C,2
0x080CB64C,0x080CFDCC,bl,0x080CB672,6
0x080CB70C,0x080031B8,bl,0x080CB96A,3
0x080CB70C,0x08006138,bl,0x080CBA7A,1
0x080CB70C,0x0800625C,bl,0x080CB75C,17
0x080CB70C,0x080062C4,bl,0x080CB720,1
0x080CB70C,0x080CCAA6,bl,0x080CBAA4,1
0x080CB70C,0x080CFDCC,bl,0x080CB72E,38
0x080CBAC0,0x080031B8,bl,0x080CBC42,3
0x080CBAC0,0x080034F0,bl,0x080CBC96,1
0x080CBAC0,0x08006138,bl,0x080CBE66,1
0x080CBAC0,0x0800625C,bl,0x080CBD28,6
0x080CBAC0,0x080062C4,bl,0x080CBADE,2
0x080CBAC0,0x080CBF34,bl,0x080CBCA2,2
0x080CBAC0,0x080CFDCC,bl,0x080CBAF2,49
0x080CBEA4,0x08006148,bl,0x080CBEC0,1
0x080CBEA4,0x080CBF34,bl,0x080CBEB6,1
0x080CBED4,0x08002E98,bl,0x080CBEFA,1
0x080CBED4,0x08006138,bl,0x080CBEFE,1
0x080CBF18,0x08002E98,bl,0x080CBF24,1
0x080CBF34,0x080058E4,bl,0x080CBF40,1
0x080CBF68,0x08006148,bl,0x080CBF9E,1
0x080CBFAC,0x080CBF34,bl,0x080CBFBC,1
0x080CBFAC,0x080CBF68,bl,0x080CBFAE,1
0x080CBFC8,0x08002E98,bl,0x080CBFD4,1
0x080CBFE4,0x08006138,bl,0x080CC01A,1
0x080CC024,0x080031B8,bl,0x080CC052,1
0x080CC024,0x080058E4,bl,0x080CC070,1
0x080CC024,0x08006148,bl,0x080CC08A,1
0x080CC024,0x080CB108,bl,0x080CC026,1
0x080CC0A4,0x08006138,bl,0x080CC12E,1
0x080CC0A4,0x0800625C,bl,0x080CC0CA,2
0x080CC0A4,0x080062C4,bl,0x080CC11C,1
0x080CC0A4,0x080CFDCC,bl,0x080CC0D0,5
0x080CC14C,0x08006148,bl,0x080CC15E,1
0x080CC180,0x08006138,bl,0x080CC286,1
0x080CC180,0x0800625C,bl,0x080CC200,2
0x080CC180,0x080062C4,bl,0x080CC198,4
0x080CC180,0x080CFDCC,bl,0x080CC1B2,12
0x080CC2B8,0x08006148,bl,0x080CC2CA,1
0x080CC2E0,0x080031B8,bl,0x080CC35C,4
0x080CC2E0,0x08006138,bl,0x080CC58E,1
0x080CC2E0,0x0800625C,bl,0x080CC31A,16
0x080CC2E0,0x080062C4,bl,0x080CC2F8,4
0x080CC2E0,0x080CD5AE,bl,0x080CC5AC,1
0x080CC2E0,0x080CFDCC,bl,0x080CC320,30
0x080CC5D4,0x08006148,bl,0x080CC5E6,1
0x080CC5D4,0x080CBFAC,bl,0x080CC5F2,1
0x080CC608,0x08006138,bl,0x080CC712,1
0x080CC608,0x0800625C,bl,0x080CC68A,3
0x080CC608,0x080062C4,bl,0x080CC620,4
0x080CC608,0x080CFDCC,bl,0x080CC63A,11
0x080CC740,0x08006148,bl,0x080CC752,1
0x080CC768,0x080031B8,bl,0x080CC784,2
0x080CC768,0x0800625C,bl,0x080CC7AA,20
0x080CC768,0x080062C4,bl,0x080CC77C,1
0x080CC768,0x080CFDCC,bl,0x080CC7B0,36
0x080CCAA6,0x08006138,bl,0x080CCCE8,1
0x080CCAA6,0x0800625C,bl,0x080CCABE,13
0x080CCAA6,0x080062C4,bl,0x080CCCE4,1
0x080CCAA6,0x080CFDCC,bl,0x080CCAC4,17
0x080CCD10,0x08006148,bl,0x080CCD22,1
0x080CCD10,0x080CBF68,bl,0x080CCD2E,1
0x080CCD4C,0x080061C0,bl,0x080CCDBA,1
0x080CCD4C,0x080062C4,bl,0x080CCE6A,1
0x080CCD4C,0x08006338,bl,0x080CCDEE,2
0x080CCD4C,0x080CFDCC,bl,0x080CCD84,10
0x080CCE98,0x08005654,bl,0x080CCEB4,1
0x080CCEC8,0x08002E98,bl,0x080CCEFE,1
0x080CCEC8,0x08006138,bl,0x080CCF02,1
0x080CCF10,0x08002E98,bl,0x080CCF1C,1
0x080CCF2C,0x08006138,bl,0x080CD088,1
0x080CCF2C,0x0800625C,bl,0x080CCF76,4
0x080CCF2C,0x080CFDCC,bl,0x080CCF60,16
0x080CD0CC,0x0800625C,bl,0x080CD156,5
0x080CD0CC,0x080CFDCC,bl,0x080CD100,17
0x080CD0CC,0x080CFDD4,bl,0x080CD21A,1
0x080CD24C,0x080CFDCC,bl,0x080CD286,5
0x080CD24C,0x080CFDD4,bl,0x080CD2D2,1
0x080CD2F8,0x08006138,bl,0x080CD31A,1
0x080CD330,0x080008E8,bl,0x080CD47E,3
0x080CD330,0x080022AC,bl,0x080CD362,1
0x080CD330,0x08002D18,bl,0x080CD4D2,3
0x080CD330,0x08003110,bl,0x080CD41A,1
0x080CD330,0x08008C4C,bl,0x080CD368,1
0x080CD330,0x08008C64,bl,0x080CD3FC,1
0x080CD330,0x0800B4A8,bl,0x080CD3F2,1
0x080CD330,0x0800B514,bl,0x080CD3F6,1
0x080CD330,0x0801A7B4,bl,0x080CD548,1
0x080CD330,0x08040788,bl,0x080CD558,1
0x080CD330,0x080B6F38,bl,0x080CD430,1
0x080CD330,0x080B77D4,bl,0x080CD518,3
0x080CD330,0x080CD674,bl,0x080CD44E,1
0x080CD330,0x080CD70C,bl,0x080CD3EE,1
0x080CD330,0x080CD75C,bl,0x080CD514,3
0x080CD5AE,0x080008E8,bl,0x080CD5E8,1
0x080CD5AE,0x080022AC,bl,0x080CD5BC,2
0x080CD5AE,0x08002D18,bl,0x080CD5C0,2
0x080CD5AE,0x08002D74,bl,0x080CD624,1
0x080CD5AE,0x08003484,bl,0x080CD61A,1
0x080CD5AE,0x0800374C,bl,0x080CD5D6,1
0x080CD5AE,0x08003770,bl,0x080CD62A,1
0x080CD5AE,0x08040788,bl,0x080CD5F8,1
0x080CD5AE,0x080B77D4,bl,0x080CD5F4,1
0x080CD674,0x08001FD0,bl,0x080CD676,1
0x080CD674,0x08008C4C,bl,0x080CD680,1
0x080CD674,0x0801A7B4,bl,0x080CD67A,1
0x080CD674,0x0802497C,bl,0x080CD684,1
0x080CD674,0x08066144,bl,0x080CD69C,1
0x080CD70C,0x08008C64,bl,0x080CD710,1
0x080CD75C,0x080017E4,bl,0x080CD7D8,2
0x080CD75C,0x080CFA58,bl,0x080CD79C,1
0x080CD75C,0x080CFA70,bl,0x080CD77C,1
0x080CD8AC,0x080CDCCE,bl,0x080CD8E8,2
0x080CDD0C,0x080CDCEC,bl,0x080CDD26,1
0x080CDD3C,0x080CDD56,bl,0x080CDD44,1
0x080CDDCC,0x080CDD56,bl,0x080CDE46,3
0x080CDDCC,0x080CDD72,bl,0x080CDEF4,1
0x080CDF00,0x080CE1A4,bl,0x080CDF64,4
0x080CDF00,0x080CE1F8,bl,0x080CE12C,1
0x080CDF00,0x080CE4B8,bl,0x080CE174,1
0x080CDF00,0x080CE934,bl,0x080CDFD8,2
0x080CDF00,0x080CE948,bl,0x080CDFEC,1
0x080CDF00,0x080CEE38,bl,0x080CDF88,1
0x080CDF00,0x080CEF00,bl,0x080CE104,1
0x080CE1B4,0x080CE1A4,bl,0x080CE1DC,1
0x080CE228,0x080CE1A4,bl,0x080CE3F0,1
0x080CE228,0x080CE1F8,bl,0x080CE3B8,1
0x080CE228,0x080CE468,bl,0x080CE38A,1
0x080CE228,0x080CE4B8,bl,0x080CE3FC,1
0x080CE228,0x080CE934,bl,0x080CE36A,1
0x080CE228,0x080CEF00,bl,0x080CE392,1
0x080CE484,0x080CE468,bl,0x080CE49C,2
0x080CE484,0x080CE484,bl,0x080CE492,2
0x080CE4B8,0x080CD89C,bl,0x080CE500,2
0x080CE55C,0x080CE818,bl,0x080CE576,1
0x080CE55C,0x080CE95C,bl,0x080CE570,1
0x080CE55C,0x080CEAF8,bl,0x080CE57C,1
0x080CE55C,0x080CEC9C,bl,0x080CE596,1
0x080CE55C,0x080CFA58,bl,0x080CE56A,1
0x080CE5D4,0x080CD8AC,bl,0x080CE5D6,1
0x080CE5E0,0x080CED14,bl,0x080CE5FC,3
0x080CE658,0x080CE520,bl,0x080CE6A4,1
0x080CE658,0x080CED14,bl,0x080CE67C,2
0x080CE6AC,0x080CE520,bl,0x080CE702,1
0x080CE6AC,0x080CEDF8,bl,0x080CE6CE,1
0x080CE714,0x080CE520,bl,0x080CE742,1
0x080CE714,0x080CEDF8,bl,0x080CE726,1
0x080CE74C,0x080CE520,bl,0x080CE75E,1
0x080CE74C,0x080CE53C,bl,0x080CE77E,1
0x080CE7D0,0x080CE948,bl,0x080CE7F2,1
0x080CE818,0x080CFA58,bl,0x080CE8A6,1
0x080CE934,0x080CFC34,bl,0x080CE93A,1
0x080CE948,0x080CFC34,bl,0x080CE94E,1
0x080CE95C,0x080CDD3C,bl,0x080CE9FA,1
0x080CE95C,0x080CEA54,bl,0x080CEA04,1
0x080CE95C,0x080CFA58,bl,0x080CE9DC,1
0x080CEA54,0x080CEC60,bl,0x080CEAB2,1
0x080CEA54,0x080CFC6C,bl,0x080CEA7A,4
0x080CEAF8,0x080CEA54,bl,0x080CEB76,1
0x080CEAF8,0x080CEBE4,bl,0x080CEB70,1
0x080CEAF8,0x080CFC34,bl,0x080CEBC4,1
0x080CEBE4,0x080CFA58,bl,0x080CEC38,1
0x080CEC9C,0x080CE948,bl,0x080CECC2,1
0x080CED14,0x080CE1B4,bl,0x080CED8E,2
0x080CED14,0x080CEAF8,bl,0x080CEDE2,1
0x080CEDF8,0x080CE1B4,bl,0x080CEE1E,1
0x080CEE38,0x080CE1B4,bl,0x080CEE96,1
0x080CF114,0x080CF05C,bl,0x080CF2F2,1
0x080CF114,0x080CF0AC,bl,0x080CF20E,2
0x080CF6CC,0x080CF6CC,bl,0x080CF73A,2
0x080CF7D4,0x080CFC38,bl,0x080CF914,1
0x080CF92C,0x080CFC38,bl,0x080CF93E,1
0x080CF94C,0x080CFC38,bl,0x080CF952,1
0x080CFAC0,0x080CFC3C,bl,0x080CFB18,1
0x080CFB94,0x080CFC3C,bl,0x080CFBEC,1
0x080CFBF8,0x080CFB24,bl,0x080CFC14,1
0x080CFBF8,0x080CFB94,bl,0x080CFC1E,1
0x080CFC6C,0x080CFD00,bl,0x080CFCF6,1
0x080CFD04,0x080CFD00,bl,0x080CFDBC,1
0x00000000,0x08000310,ptr,0x08000218,1
0x00000000,0x08000700,ptr,0x08369198,3
0x00000000,0x080010CC,ptr,0x080CFDF0,1
0x00000000,0x08001518,ptr,0x080CFDE8,13
0x00000000,0x08002268,ptr,0x085593A4,1
0x00000000,0x08005654,ptr,0x080CFDE4,1
0x00000000,0x08007102,ptr,0x085C5AC8,1
0x00000000,0x08007300,ptr,0x0800021C,1
0x00000000,0x08008348,ptr,0x0873077C,1
0x00000000,0x080083B0,ptr,0x0873078C,1
0x00000000,0x08008460,ptr,0x08730794,1
0x00000000,0x080084DC,ptr,0x08730790,1
0x00000000,0x08008558,ptr,0x08730798,1
0x00000000,0x080091EA,ptr,0x082A20A8,1
0x00000000,0x080091FA,ptr,0x0832C6C0,1
0x00000000,0x080093FC,ptr,0x0872FF34,1
0x00000000,0x08009418,ptr,0x0872FF3C,1
0x00000000,0x080095C0,ptr,0x0872FF44,1
0x00000000,0x080099E0,ptr,0x085B53AC,1
0x00000000,0x080099FC,ptr,0x0873069C,1
0x00000000,0x0800A202,ptr,0x08383470,1
0x00000000,0x0800A332,ptr,0x083FD268,1
0x00000000,0x0800BF02,ptr,0x085E4DC4,1
0x00000000,0x0800CC30,ptr,0x084FBA10,1
0x00000000,0x0800DAF8,ptr,0x087306A4,1
0x00000000,0x0800DB64,ptr,0x087306AC,1
0x00000000,0x0800DCD8,ptr,0x087306B4,1
0x00000000,0x0800DE6C,ptr,0x087306BC,1
0x00000000,0x0800E0C0,ptr,0x087306C4,1
0x00000000,0x0800E306,ptr,0x083B7E54,4
0x00000000,0x0800E314,ptr,0x087306DC,1
0x00000000,0x0800E46C,ptr,0x087306E4,1
0x00000000,0x0800E5B0,ptr,0x087306EC,1
0x00000000,0x0800E81C,ptr,0x087306F4,1
0x00000000,0x0800E9A4,ptr,0x087306CC,1
0x00000000,0x0800EAE4,ptr,0x087306D4,1
0x00000000,0x0800EC70,ptr,0x08730724,1
0x00000000,0x0800ED78,ptr,0x0873072C,1
0x00000000,0x0800EE7E,ptr,0x08564338,1
0x00000000,0x0800EF30,ptr,0x087306FC,1
0x00000000,0x0800F084,ptr,0x08730704,1
0x00000000,0x0800F180,ptr,0x0873070C,1
0x00000000,0x0800F390,ptr,0x08730714,1
0x00000000,0x0800F5EC,ptr,0x0873071C,1
0x00000000,0x0800F7B0,ptr,0x08730734,1
0x00000000,0x0800F8FC,ptr,0x08662C78,2
0x00000000,0x0800FA30,ptr,0x0873074C,1
0x00000000,0x0800FB94,ptr,0x08730744,1
0x00000000,0x0800FC26,ptr,0x083D3034,1
0x00000000,0x0800FCFC,ptr,0x08668658,2
0x00000000,0x0800FF00,ptr,0x0873073C,1
0x00000000,0x08010020,ptr,0x08508D80,1
0x00000000,0x080103F0,ptr,0x0873020C,1
0x00000000,0x080104F0,ptr,0x08730214,1
0x00000000,0x0801050C,ptr,0x08731FA8,1
0x00000000,0x08010528,ptr,0x08731FC8,1
0x00000000,0x08010834,ptr,0x08731FCC,1
0x00000000,0x08010BAC,ptr,0x08731FD0,1
0x00000000,0x08010CB4,ptr,0x08731FD4,1
0x00000000,0x08010EB8,ptr,0x08731FD8,1
0x00000000,0x08011154,ptr,0x08731FAC,1
0x00000000,0x080111A8,ptr,0x08731FDC,1
0x00000000,0x080113CC,ptr,0x08731FE0,1
0x00000000,0x08011458,ptr,0x08731FE4,1
0x00000000,0x080115A0,ptr,0x08731FE8,1
0x00000000,0x0801170C,ptr,0x08731FEC,1
0x00000000,0x08011880,ptr,0x08731FF0,1
0x00000000,0x080119B4,ptr,0x08731FF4,1
0x00000000,0x08011B60,ptr,0x08731FF8,1
0x00000000,0x08011BFC,ptr,0x08731FFC,1
0x00000000,0x08011FF8,ptr,0x08731FB0,1
0x00000000,0x0801201C,ptr,0x08732000,1
0x00000000,0x08012628,ptr,0x08732004,1
0x00000000,0x080129F8,ptr,0x08732008,1
0x00000000,0x08012B94,ptr,0x0873200C,1
0x00000000,0x08012DF8,ptr,0x08732010,1
0x00000000,0x08012E6C,ptr,0x08732014,1
0x00000000,0x08013058,ptr,0x08732018,1
0x00000000,0x08013348,ptr,0x0873201C,1
0x00000000,0x08013430,ptr,0x08731FB4,1
0x00000000,0x0801347C,ptr,0x08732020,1
0x00000000,0x08013AF8,ptr,0x08732024,1
0x00000000,0x08013BE4,ptr,0x08732028,1
0x00000000,0x08013E38,ptr,0x0873202C,1
0x00000000,0x0801408C,ptr,0x08732030,1
0x00000000,0x08014184,ptr,0x08732034,1
0x00000000,0x080142A0,ptr,0x08732038,1
0x00000000,0x080143B4,ptr,0x0873203C,1
0x00000000,0x0801448C,ptr,0x08731FB8,1
0x00000000,0x080144B0,ptr,0x08732040,1
0x00000000,0x08014994,ptr,0x08732044,1
0x00000000,0x08014C08,ptr,0x08732048,1
0x00000000,0x08014D08,ptr,0x0873204C,1
0x00000000,0x08014E6C,ptr,0x08731FBC,1
0x00000000,0x08014EA0,ptr,0x08732050,1
0x00000000,0x08015268,ptr,0x08732054,1
0x00000000,0x08015400,ptr,0x08732058,1
0x00000000,0x08015524,ptr,0x0873205C,1
0x00000000,0x08015680,ptr,0x08732060,1
0x00000000,0x08015704,ptr,0x08731FC0,1
0x00000000,0x08015758,ptr,0x08732064,1
0x00000000,0x08015F18,ptr,0x08732068,1
0x00000000,0x0801607C,ptr,0x0873206C,1
0x00000000,0x080162A0,ptr,0x08732070,1
0x00000000,0x08016514,ptr,0x08732074,1
0x00000000,0x080167DC,ptr,0x08732078,1
0x00000000,0x08016AC4,ptr,0x0873207C,1
0x00000000,0x08016DD4,ptr,0x08732080,1
0x00000000,0x080170E4,ptr,0x08732084,1
0x00000000,0x080173F4,ptr,0x08732088,1
0x00000000,0x0801757C,ptr,0x0873208C,1
0x00000000,0x0801761C,ptr,0x08731FC4,1
0x00000000,0x08017668,ptr,0x08732090,1
0x00000000,0x08018498,ptr,0x08732094,1
0x00000000,0x08018BB8,ptr,0x0873209C,1
0x00000000,0x08018D7C,ptr,0x087320A0,1
0x00000000,0x08018E14,ptr,0x08732098,1
0x00000000,0x08019000,ptr,0x087320A4,1
0x00000000,0x080195EC,ptr,0x087320AC,1
0x00000000,0x08019B30,ptr,0x087320B0,1
0x00000000,0x08019C44,ptr,0x087320B4,1
0x00000000,0x08019D30,ptr,0x087320B8,1
0x00000000,0x08019E48,ptr,0x087320BC,1
0x00000000,0x08019EEC,ptr,0x087320C0,1
0x00000000,0x0801A07C,ptr,0x087320A8,1
0x00000000,0x08021B0E,ptr,0x084AE870,1
0x00000000,0x08023618,ptr,0x0872FF4C,1
0x00000000,0x08023634,ptr,0x08732614,1
0x00000000,0x08023E34,ptr,0x08732618,1
0x00000000,0x08023E78,ptr,0x0873261C,1
0x00000000,0x080242D0,ptr,0x08732624,1
0x00000000,0x08024540,ptr,0x08732620,1
0x00000000,0x08024904,ptr,0x08732628,1
0x00000000,0x08024DA4,ptr,0x0873262C,1
0x00000000,0x080271EC,ptr,0x0832375C,1
0x00000000,0x0802D370,ptr,0x0872FF54,1
0x00000000,0x0802D38C,ptr,0x087328A0,1
0x00000000,0x0802D4BC,ptr,0x087328A8,1
0x00000000,0x0802D5F8,ptr,0x087328AC,1
0x00000000,0x0802D6CC,ptr,0x087328A4,1
0x00000000,0x0802D96C,ptr,0x087328B0,1
0x00000000,0x0802DCB4,ptr,0x087328B4,1
0x00000000,0x0802E3AC,ptr,0x087328B8,1
0x00000000,0x0802EB28,ptr,0x0873061C,1
0x00000000,0x0802EC7C,ptr,0x08730624,1
0x00000000,0x0802EDE4,ptr,0x0873062C,1
0x00000000,0x0802EFF8,ptr,0x08730634,1
0x00000000,0x0802F0CC,ptr,0x0873063C,1
0x00000000,0x0802F26C,ptr,0x08730644,1
0x00000000,0x0802F38C,ptr,0x0873064C,1
0x00000000,0x0802F400,ptr,0x0868BE40,1
0x00000000,0x0802F480,ptr,0x08730654,1
0x00000000,0x0802F62C,ptr,0x0873065C,1
0x00000000,0x0802F6EA,ptr,0x0865DC14,1
0x00000000,0x0802F6F4,ptr,0x0868BB44,2
0x00000000,0x0802F84C,ptr,0x08730664,1
0x00000000,0x0802FAA8,ptr,0x0873066C,1
0x00000000,0x0802FDE8,ptr,0x086DA624,1
0x00000000,0x0802FE64,ptr,0x08730674,1
0x00000000,0x08030034,ptr,0x0873067C,1
0x00000000,0x080300C0,ptr,0x08730684,1
0x00000000,0x08030100,ptr,0x086C3AB4,2
0x00000000,0x080301A4,ptr,0x0873068C,1
0x00000000,0x08030238,ptr,0x08730694,1
0x00000000,0x08030254,ptr,0x087328D8,1
0x00000000,0x080302CC,ptr,0x087328DC,1
0x00000000,0x08030404,ptr,0x087328E0,1
0x00000000,0x080304EC,ptr,0x087328EC,1
0x00000000,0x08030580,ptr,0x087328E4,1
0x00000000,0x08030604,ptr,0x087328E8,1
0x00000000,0x08032688,ptr,0x0872FF5C,1
0x00000000,0x080337F4,ptr,0x0873A834,1
0x00000000,0x080337FC,ptr,0x0873A838,1
0x00000000,0x08033804,ptr,0x0873A83C,1
0x00000000,0x08033808,ptr,0x0873A920,1
0x00000000,0x0803380C,ptr,0x0873A74C,1
0x00000000,0x08033A2C,ptr,0x0873A844,2
0x00000000,0x08033D0C,ptr,0x0873A750,1
0x00000000,0x08034278,ptr,0x0873A848,1
0x00000000,0x080343C0,ptr,0x0873A754,1
0x00000000,0x0803469C,ptr,0x0873A84C,1
0x00000000,0x08034874,ptr,0x0873A758,1
0x00000000,0x080349B4,ptr,0x0873A850,2
0x00000000,0x08034A88,ptr,0x0873A75C,1
0x00000000,0x08034BEC,ptr,0x0873A854,1
0x00000000,0x08034D34,ptr,0x0873A760,1
0x00000000,0x08034E60,ptr,0x0873A858,1
0x00000000,0x08034F70,ptr,0x0873A7A0,1
0x00000000,0x08034F8C,ptr,0x0873A764,1
0x00000000,0x08035458,ptr,0x0873A85C,1
0x00000000,0x080355D8,ptr,0x0873A768,1
0x00000000,0x08035848,ptr,0x0873A860,1
0x00000000,0x080359F8,ptr,0x0873A76C,1
0x00000000,0x08036280,ptr,0x0873A864,1
0x00000000,0x080366C4,ptr,0x0873A770,1
0x00000000,0x08036888,ptr,0x0873A868,2
0x00000000,0x080369B0,ptr,0x0873A774,1
0x00000000,0x08036B9C,ptr,0x0873A86C,1
0x00000000,0x08036C94,ptr,0x0873A778,1
0x00000000,0x080371F0,ptr,0x0873A870,1
0x00000000,0x080375E0,ptr,0x0873A77C,1
0x00000000,0x08037914,ptr,0x0873A874,1
0x00000000,0x08037BD4,ptr,0x0873A780,1
0x00000000,0x08037CC8,ptr,0x0873A878,1
0x00000000,0x08037D64,ptr,0x0873A784,1
0x00000000,0x08037E28,ptr,0x0873A87C,1
0x00000000,0x08037ED8,ptr,0x0873A788,1
0x00000000,0x08038FE8,ptr,0x0873A880,1
0x00000000,0x0803919C,ptr,0x0873A78C,1
0x00000000,0x080397F8,ptr,0x0873A798,1
0x00000000,0x08039C24,ptr,0x0873A79C,1
0x00000000,0x0803AA40,ptr,0x0873A88C,2
0x00000000,0x0803AA64,ptr,0x0873A7A4,1
0x00000000,0x0803AFCC,ptr,0x0873A890,1
0x00000000,0x0803B3C4,ptr,0x0873A7A8,1
0x00000000,0x0803B47C,ptr,0x0873A894,2
0x00000000,0x0803B4F8,ptr,0x0873A7AC,1
0x00000000,0x0803B6EC,ptr,0x0873A898,2
0x00000000,0x0803B768,ptr,0x0873A7B0,1
0x00000000,0x0803B828,ptr,0x0873A8A4,1
0x00000000,0x0803B87C,ptr,0x0873A7B4,1
0x00000000,0x0803B914,ptr,0x0873A8A0,1
0x00000000,0x0803B9A0,ptr,0x0873A7B8,1
0x00000000,0x0803BBF0,ptr,0x0873A89C,1
0x00000000,0x0803BD90,ptr,0x0873A790,1
0x00000000,0x0803BDE8,ptr,0x0873A794,1
0x00000000,0x0803C990,ptr,0x0873A888,1
0x00000000,0x0803E1F4,ptr,0x0867CF08,1
0x00000000,0x0803EFEE,ptr,0x087D2A94,1
0x00000000,0x080401FC,ptr,0x0825DA28,2
0x00000000,0x08040512,ptr,0x087083D0,1
0x00000000,0x08040514,ptr,0x087D5584,1
0x00000000,0x08041438,ptr,0x0873B430,1
0x00000000,0x080414E8,ptr,0x0873B434,1
0x00000000,0x080415C8,ptr,0x0873B4AC,1
0x00000000,0x080416A0,ptr,0x0873B438,1
0x00000000,0x08041778,ptr,0x0873B4B0,1
0x00000000,0x080418DC,ptr,0x0873B43C,1
0x00000000,0x08041940,ptr,0x0873B440,1
0x00000000,0x08041A2C,ptr,0x0873B4B8,2
0x00000000,0x08041B8C,ptr,0x0873B444,1
0x00000000,0x08041BF0,ptr,0x0873B448,1
0x00000000,0x08041C30,ptr,0x0873B4C0,1
0x00000000,0x08041D14,ptr,0x0873B450,1
0x00000000,0x08041DC8,ptr,0x0873B4C8,1
0x00000000,0x08041E8C,ptr,0x0873B454,1
0x00000000,0x08041F10,ptr,0x0873B458,1
0x00000000,0x08042050,ptr,0x0873B4D0,1
0x00000000,0x08042128,ptr,0x0873B45C,1
0x00000000,0x08042328,ptr,0x0873B4D4,1
0x00000000,0x08042580,ptr,0x0873B46C,1
0x00000000,0x08042980,ptr,0x0873B4E4,1
0x00000000,0x080429FC,ptr,0x0873B470,1
0x00000000,0x08042CFC,ptr,0x0873B474,1
0x00000000,0x08042D54,ptr,0x0873B47C,1
0x00000000,0x08042E98,ptr,0x0873B480,1
0x00000000,0x08043014,ptr,0x0873B488,1
0x00000000,0x0804335C,ptr,0x0873B4F4,1
0x00000000,0x08043654,ptr,0x0873B48C,1
0x00000000,0x080436AC,ptr,0x0873B490,1
0x00000000,0x0804374C,ptr,0x0873B494,1
0x00000000,0x08043A88,ptr,0x0873B500,1
0x00000000,0x08043B80,ptr,0x0873B498,1
0x00000000,0x08043E28,ptr,0x0873B504,1
0x00000000,0x08043FA8,ptr,0x0873B49C,1
0x00000000,0x080441CC,ptr,0x0873B508,1
0x00000000,0x08044288,ptr,0x0873B4A0,1
0x00000000,0x08044470,ptr,0x0873B50C,1
0x00000000,0x0804462C,ptr,0x0873A7C8,1
0x00000000,0x08044800,ptr,0x0873A8B4,1
0x00000000,0x08044878,ptr,0x0873A7CC,1
0x00000000,0x080449C8,ptr,0x0873A8B8,1
0x00000000,0x08044B94,ptr,0x0873A7D0,1
0x00000000,0x08044C7C,ptr,0x0873A8BC,1
0x00000000,0x08044D04,ptr,0x0873A7D4,1
0x00000000,0x08045398,ptr,0x0873A8C0,1
0x00000000,0x080455C8,ptr,0x0873A7D8,1
0x00000000,0x08045A50,ptr,0x0873A8C4,1
0x00000000,0x08045C40,ptr,0x0873A7DC,1
0x00000000,0x08045D18,ptr,0x0873A8C8,1
0x00000000,0x08045D34,ptr,0x0873A7E0,1
0x00000000,0x080462F0,ptr,0x0873A8CC,1
0x00000000,0x08046330,ptr,0x0873A7E4,1
0x00000000,0x0804676C,ptr,0x0873A8D0,1
0x00000000,0x08046C00,ptr,0x0873A7E8,1
0x00000000,0x08047270,ptr,0x0873A8D4,1
0x00000000,0x080474E8,ptr,0x0873A7EC,1
0x00000000,0x080477CC,ptr,0x0873A8D8,1
0x00000000,0x08047844,ptr,0x0873A7F0,1
0x00000000,0x08047BD8,ptr,0x0873A8DC,1
0x00000000,0x08047C30,ptr,0x0873A7F4,1
0x00000000,0x08047E74,ptr,0x0873A8E0,1
0x00000000,0x08047FE8,ptr,0x0873A7BC,1
0x00000000,0x080491EC,ptr,0x082D8480,3
0x00000000,0x08049484,ptr,0x0873A8A8,1
0x00000000,0x08049B48,ptr,0x0873A7F8,1
0x00000000,0x08049D1C,ptr,0x0873A8E4,1
0x00000000,0x08049D94,ptr,0x0873A7FC,1
0x00000000,0x08049EDC,ptr,0x0873A8E8,1
0x00000000,0x08049F98,ptr,0x0873A800,1
0x00000000,0x0804A258,ptr,0x0873A8EC,1
0x00000000,0x0804A54C,ptr,0x0873A804,1
0x00000000,0x0804A6A0,ptr,0x0873A8F0,1
0x00000000,0x0804A6BC,ptr,0x0873A808,1
0x00000000,0x0804A970,ptr,0x0873A8F4,1
0x00000000,0x0804AB70,ptr,0x0873A810,1
0x00000000,0x0804ADA8,ptr,0x0873A8FC,1
0x00000000,0x0804AF54,ptr,0x0873A814,1
0x00000000,0x0804B474,ptr,0x0873A900,1
0x00000000,0x0804B5B4,ptr,0x0873A818,1
0x00000000,0x0804B818,ptr,0x0873A904,1
0x00000000,0x0804B858,ptr,0x0873A81C,1
0x00000000,0x0804C4AC,ptr,0x0873A908,1
0x00000000,0x0804C64C,ptr,0x0873A820,1
0x00000000,0x0804CA84,ptr,0x0873A90C,1
0x00000000,0x0804CC7C,ptr,0x0873A824,1
0x00000000,0x0804D6D0,ptr,0x0873A910,1
0x00000000,0x0804DC08,ptr,0x0873A7C0,1
0x00000000,0x0804DF00,ptr,0x0873A8AC,1
0x00000000,0x0804E0E0,ptr,0x0873A7C4,1
0x00000000,0x0804E3A0,ptr,0x0873A8B0,1
0x00000000,0x0804E5A4,ptr,0x0873A80C,1
0x00000000,0x0804E640,ptr,0x0873A8F8,1
0x00000000,0x0804E78C,ptr,0x0873B664,1
0x00000000,0x0804E8F4,ptr,0x0873B688,1
0x00000000,0x0804E97C,ptr,0x0873B668,1
0x00000000,0x0804EA7C,ptr,0x0873B68C,1
0x00000000,0x0804EB28,ptr,0x0873B66C,1
0x00000000,0x0804EB60,ptr,0x0873B690,1
0x00000000,0x0804ECA4,ptr,0x0873B670,1
0x00000000,0x0804ECEC,ptr,0x0873B694,1
0x00000000,0x0804EE08,ptr,0x0873B674,1
0x00000000,0x0804EF00,ptr,0x0873B698,1
0x00000000,0x0804EFEC,ptr,0x0873B678,1
0x00000000,0x0804F124,ptr,0x0873B69C,1
0x00000000,0x0804F22C,ptr,0x0873B67C,1
0x00000000,0x0804F258,ptr,0x0873B6A0,1
0x00000000,0x0804F30C,ptr,0x0873B680,1
0x00000000,0x0804F3E4,ptr,0x0873B6A4,1
0x00000000,0x0804F450,ptr,0x0873B684,1
0x00000000,0x0804F6FA,ptr,0x086B361C,1
0x00000000,0x0804F8EC,ptr,0x086BF8FC,1
0x00000000,0x0804F948,ptr,0x0873A828,1
0x00000000,0x0804FAB0,ptr,0x0873A914,1
0x00000000,0x0804FBA4,ptr,0x0873A82C,1
0x00000000,0x0804FC98,ptr,0x0873A918,1
0x00000000,0x0804FE68,ptr,0x0873A830,1
0x00000000,0x0804FF1C,ptr,0x0873A91C,1
0x00000000,0x0804FFDC,ptr,0x0873B6AC,1
0x00000000,0x080502F0,ptr,0x0873B6BC,1
0x00000000,0x08050340,ptr,0x0873B6B0,1
0x00000000,0x0805035C,ptr,0x0873B6C0,1
0x00000000,0x08050418,ptr,0x0873B6B4,1
0x00000000,0x080504D4,ptr,0x0873B6C4,1
0x00000000,0x08050508,ptr,0x0873B6B8,1
0x00000000,0x08050630,ptr,0x0873B6C8,1
0x00000000,0x080507BC,ptr,0x0872FF64,1
0x00000000,0x080509EC,ptr,0x0873B77C,1
0x00000000,0x08050D00,ptr,0x0873B780,1
0x00000000,0x08051008,ptr,0x08692178,1
0x00000000,0x08051124,ptr,0x0873B784,1
0x00000000,0x080514F8,ptr,0x0873B788,1
0x00000000,0x0805181C,ptr,0x0873B78C,1
0x00000000,0x08051C1C,ptr,0x0873B790,1
0x00000000,0x08051F4C,ptr,0x0873B794,1
0x00000000,0x0805239C,ptr,0x0873B798,1
0x00000000,0x080527A4,ptr,0x0873B79C,1
0x00000000,0x08052B88,ptr,0x0873B7A0,1
0x00000000,0x08052F6C,ptr,0x0873B7A4,1
0x00000000,0x080535B0,ptr,0x0873B7A8,1
0x00000000,0x080537DC,ptr,0x0873B7AC,1
0x00000000,0x08053AF4,ptr,0x0872FF6C,1
0x00000000,0x08053B40,ptr,0x0873B928,1
0x00000000,0x08053C48,ptr,0x0873B92C,1
0x00000000,0x08053D08,ptr,0x0873B930,1
0x00000000,0x08053DB8,ptr,0x0873B934,1
0x00000000,0x08053E38,ptr,0x0873B938,1
0x00000000,0x08053F70,ptr,0x0873B93C,1
0x00000000,0x080540D0,ptr,0x0873B940,1
0x00000000,0x08054330,ptr,0x0873B944,1
0x00000000,0x08054538,ptr,0x0873B948,1
0x00000000,0x0805485C,ptr,0x0873B94C,1
0x00000000,0x080548F0,ptr,0x0873B950,1
0x00000000,0x080549A4,ptr,0x0873B954,1
0x00000000,0x08054A80,ptr,0x0873B958,1
0x00000000,0x08054D94,ptr,0x0873B95C,1
0x00000000,0x08054DE8,ptr,0x0873B960,1
0x00000000,0x08054FE4,ptr,0x0873B964,1
0x00000000,0x08055460,ptr,0x0873B96C,1
0x00000000,0x08055520,ptr,0x0873B970,1
0x00000000,0x0805569C,ptr,0x0873B968,1
0x00000000,0x0805574C,ptr,0x0873B974,1
0x00000000,0x0805587C,ptr,0x0873B978,1
0x00000000,0x08055A40,ptr,0x0873B97C,1
0x00000000,0x08055B24,ptr,0x0873B980,1
0x00000000,0x08055D74,ptr,0x0873B984,1
0x00000000,0x0805614C,ptr,0x0873B988,1
0x00000000,0x08056320,ptr,0x0873B98C,1
0x00000000,0x08056448,ptr,0x0873B990,1
0x00000000,0x080564AC,ptr,0x0873B994,1
0x00000000,0x08056770,ptr,0x0873B998,1
0x00000000,0x08056DD4,ptr,0x0873B99C,1
0x00000000,0x0805710C,ptr,0x0873B9A0,1
0x00000000,0x08057430,ptr,0x0873B9A4,1
0x00000000,0x08057494,ptr,0x0873B9A8,1
0x00000000,0x08057A48,ptr,0x0873B9AC,1
0x00000000,0x08057AD4,ptr,0x0873B9B0,1
0x00000000,0x08057CE0,ptr,0x0873B9B4,1
0x00000000,0x08057E90,ptr,0x0873B9B8,1
0x00000000,0x08057F90,ptr,0x0873B9BC,1
0x00000000,0x08058460,ptr,0x0873B9C0,1
0x00000000,0x08058720,ptr,0x0873B9C4,1
0x00000000,0x08058810,ptr,0x0873B9C8,1
0x00000000,0x08058F10,ptr,0x0873B9CC,1
0x00000000,0x08059570,ptr,0x0873B9D0,1
0x00000000,0x08059C28,ptr,0x0873B9D4,1
0x00000000,0x08059D7C,ptr,0x0873B9D8,1
0x00000000,0x0805A358,ptr,0x0873B9DC,1
0x00000000,0x0805A52C,ptr,0x0873B9E0,1
0x00000000,0x0805ACEC,ptr,0x0873B9E4,1
0x00000000,0x0805AE94,ptr,0x0873B9E8,1
0x00000000,0x0805B4D8,ptr,0x0873DBE4,1
0x00000000,0x0805B508,ptr,0x0873DC10,1
0x00000000,0x0805B514,ptr,0x0873DBE8,1
0x00000000,0x0805B534,ptr,0x0873DC14,1
0x00000000,0x0805B644,ptr,0x0873DBEC,1
0x00000000,0x0805B660,ptr,0x0873DC18,1
0x00000000,0x0805B670,ptr,0x0873DBF0,1
0x00000000,0x0805B688,ptr,0x0873DC1C,1
0x00000000,0x0805B6C0,ptr,0x0873DBF4,1
0x00000000,0x0805B788,ptr,0x0873DC20,1
0x00000000,0x0805B8F8,ptr,0x0873DBF8,1
0x00000000,0x0805B998,ptr,0x0873DC24,1
0x00000000,0x0805B9A4,ptr,0x0873DBFC,1
0x00000000,0x0805B9C0,ptr,0x0873DC28,1
0x00000000,0x0805BA08,ptr,0x0873DC00,1
0x00000000,0x0805BB84,ptr,0x0873DC2C,1
0x00000000,0x0805BC1C,ptr,0x0873DC04,1
0x00000000,0x0805BC50,ptr,0x0873DC30,1
0x00000000,0x0805BCE0,ptr,0x0873DC08,1
0x00000000,0x0805BD28,ptr,0x0873DC34,1
0x00000000,0x0805BD34,ptr,0x0873DC0C,1
0x00000000,0x0805BE3C,ptr,0x0873DC38,1
0x00000000,0x0805BEB0,ptr,0x087301BC,1
0x00000000,0x0805C204,ptr,0x087301C4,1
0x00000000,0x0805C410,ptr,0x087301CC,1
0x00000000,0x0805C5FC,ptr,0x08730204,1
0x00000000,0x0805CB30,ptr,0x087301D4,1
0x00000000,0x0805CBEC,ptr,0x087301EC,1
0x00000000,0x0805CCA0,ptr,0x087301DC,1
0x00000000,0x0805CF3C,ptr,0x087301E4,1
0x00000000,0x0805D564,ptr,0x087301F4,1
0x00000000,0x0805D668,ptr,0x087301FC,1
0x00000000,0x0805DC18,ptr,0x0873DEA0,1
0x00000000,0x0805DD88,ptr,0x0873DEA4,1
0x00000000,0x0805E2D4,ptr,0x0873DEDC,2
0x00000000,0x0805E7B4,ptr,0x0873DEE0,1
0x00000000,0x0805EB2C,ptr,0x0873DEE4,1
0x00000000,0x0805EE90,ptr,0x0873DEE8,1
0x00000000,0x0805F1BC,ptr,0x0873DEEC,1
0x00000000,0x0805F778,ptr,0x0873DEF0,1
0x00000000,0x0805FB88,ptr,0x0873DEF8,1
0x00000000,0x08060308,ptr,0x0873DEFC,1
0x00000000,0x08060C2C,ptr,0x0873DF00,1
0x00000000,0x080613E4,ptr,0x0873DF04,1
0x00000000,0x08061CAC,ptr,0x0873DF08,1
0x00000000,0x08062584,ptr,0x0873DF0C,1
0x00000000,0x08062F88,ptr,0x0873DF10,1
0x00000000,0x080658B8,ptr,0x087304A4,1
0x00000000,0x080658D8,ptr,0x0873DF24,1
0x00000000,0x080659B4,ptr,0x0873DF28,1
0x00000000,0x08065A68,ptr,0x0873DF2C,1
0x00000000,0x08065B14,ptr,0x0873DF30,1
0x00000000,0x08065C14,ptr,0x0873DF34,1
0x00000000,0x080671C0,ptr,0x0873038C,1
0x00000000,0x080671F8,ptr,0x0826ECC8,1
0x00000000,0x08067258,ptr,0x0873E280,1
0x00000000,0x08067378,ptr,0x0873E284,1
0x00000000,0x08067470,ptr,0x0873E2F0,1
0x00000000,0x080674A8,ptr,0x0873E31C,1
0x00000000,0x080674D8,ptr,0x0873E2F4,1
0x00000000,0x080674F4,ptr,0x0873E320,1
0x00000000,0x080674F8,ptr,0x0873E2F8,1
0x00000000,0x08067520,ptr,0x0873E324,1
0x00000000,0x08067550,ptr,0x0873E2FC,1
0x00000000,0x080675D8,ptr,0x0873E328,1
0x00000000,0x080676C0,ptr,0x0873E300,1
0x00000000,0x08067908,ptr,0x0873E32C,1
0x00000000,0x08067950,ptr,0x0873E304,1
0x00000000,0x08067A48,ptr,0x0873E330,1
0x00000000,0x08067B24,ptr,0x0873E308,1
0x00000000,0x08067D30,ptr,0x0873E334,1
0x00000000,0x08067D78,ptr,0x0873E30C,1
0x00000000,0x08067DB0,ptr,0x0873E338,1
0x00000000,0x08067EA4,ptr,0x0873E310,1
0x00000000,0x08068028,ptr,0x0873E33C,1
0x00000000,0x080680AC,ptr,0x0873E314,1
0x00000000,0x08068224,ptr,0x0873E340,1
0x00000000,0x080682A8,ptr,0x0873E318,1
0x00000000,0x08068460,ptr,0x0873E344,1
0x00000000,0x0806A3AC,ptr,0x0873E5BC,1
0x00000000,0x0806A500,ptr,0x0873E5E8,1
0x00000000,0x0806A530,ptr,0x0873E5EC,1
0x00000000,0x0806A568,ptr,0x0873E5F0,1
0x00000000,0x0806A7A0,ptr,0x0873E5F4,1
0x00000000,0x0806A8F4,ptr,0x0873E670,1
0x00000000,0x0806A958,ptr,0x0873E67C,1
0x00000000,0x0806A980,ptr,0x0873E674,1
0x00000000,0x0806A9D4,ptr,0x0873E680,1
0x00000000,0x0806A9D8,ptr,0x0873E678,1
0x00000000,0x0806AA0C,ptr,0x0873E684,1
0x00000000,0x0806AA10,ptr,0x0873E5C0,1
0x00000000,0x0806AA40,ptr,0x0873E688,1
0x00000000,0x0806AA80,ptr,0x0873E68C,1
0x00000000,0x0806AA8C,ptr,0x0873E690,1
0x00000000,0x0806AA98,ptr,0x0873E694,1
0x00000000,0x0806AB34,ptr,0x0873E5C4,1
0x00000000,0x0806ABEC,ptr,0x0873E5C8,1
0x00000000,0x0806AC6C,ptr,0x0873E5CC,1
0x00000000,0x0806ACC8,ptr,0x0873E5D0,1
0x00000000,0x0806AEC0,ptr,0x0873E5D4,1
0x00000000,0x0806B12C,ptr,0x0873E5D8,1
0x00000000,0x0806B178,ptr,0x0873E5DC,1
0x00000000,0x0806B1A8,ptr,0x0873E77C,1
0x00000000,0x0806B1C4,ptr,0x0873E780,1
0x00000000,0x0806B1F4,ptr,0x0873E784,1
0x00000000,0x0806B224,ptr,0x0873E788,1
0x00000000,0x0806B230,ptr,0x0873E5E0,1
0x00000000,0x0806B24C,ptr,0x0873F910,1
0x00000000,0x0806B300,ptr,0x0873E78C,1
0x00000000,0x0806B330,ptr,0x0873E798,1
0x00000000,0x0806B334,ptr,0x0873E790,1
0x00000000,0x0806B368,ptr,0x0873E79C,1
0x00000000,0x0806B390,ptr,0x0873E794,1
0x00000000,0x0806B3C0,ptr,0x0873E7A0,1
0x00000000,0x0806B3C4,ptr,0x0873E5E4,1
0x00000000,0x0806BF54,ptr,0x0873EAA0,1
0x00000000,0x0806C05C,ptr,0x0873EAA4,1
0x00000000,0x0806C158,ptr,0x0873EAA8,1
0x00000000,0x0806C2A4,ptr,0x0873EAAC,1
0x00000000,0x0806C324,ptr,0x0873EAB0,1
0x00000000,0x0806C3C4,ptr,0x0873EAB4,1
0x00000000,0x0806C4A0,ptr,0x0873EAB8,1
0x00000000,0x0806C930,ptr,0x0873EABC,1
0x00000000,0x0806CA00,ptr,0x08730394,1
0x00000000,0x0806CB10,ptr,0x0873039C,1
0x00000000,0x0806CB64,ptr,0x087303A4,1
0x00000000,0x0806CD40,ptr,0x087303AC,1
0x00000000,0x0806CEB8,ptr,0x087303B4,1
0x00000000,0x0806CF70,ptr,0x087303BC,1
0x00000000,0x0806D148,ptr,0x087303C4,1
0x00000000,0x0806D22C,ptr,0x087303CC,1
0x00000000,0x0806D554,ptr,0x087303D4,1
0x00000000,0x0806D564,ptr,0x087303DC,1
0x00000000,0x0806D574,ptr,0x087303E4,1
0x00000000,0x0806D5A4,ptr,0x087303EC,1
0x00000000,0x0806D5B8,ptr,0x087303F4,1
0x00000000,0x0806D5CC,ptr,0x087303FC,1
0x00000000,0x0806D7EC,ptr,0x08730404,1
0x00000000,0x0806D95C,ptr,0x0873040C,1
0x00000000,0x0806DA04,ptr,0x08730444,1
0x00000000,0x0806DA20,ptr,0x0873044C,1
0x00000000,0x0806DAEC,ptr,0x08730414,1
0x00000000,0x0806DD90,ptr,0x0873041C,1
0x00000000,0x0806DE60,ptr,0x08730424,1
0x00000000,0x0806DF98,ptr,0x0873042C,1
0x00000000,0x0806E138,ptr,0x08730434,1
0x00000000,0x0806E258,ptr,0x0873043C,1
0x00000000,0x0806E424,ptr,0x08730454,1
0x00000000,0x0806E638,ptr,0x08730464,1
0x00000000,0x0806E73C,ptr,0x0873046C,1
0x00000000,0x0806E84C,ptr,0x08730474,1
0x00000000,0x0806E9FC,ptr,0x0873047C,1
0x00000000,0x0806EA70,ptr,0x0873ECE0,1
0x00000000,0x0806EB04,ptr,0x0873ECE4,1
0x00000000,0x0806EBA4,ptr,0x0873ECE8,1
0x00000000,0x0806EC40,ptr,0x0873048C,1
0x00000000,0x0806EE1C,ptr,0x08730494,1
0x00000000,0x0806EF5C,ptr,0x0873FB0C,1
0x00000000,0x0806EFE8,ptr,0x0873FB2C,1
0x00000000,0x0806EFEC,ptr,0x0873FB08,1
0x00000000,0x0806F0E2,ptr,0x086EAE64,1
0x00000000,0x0806F174,ptr,0x0873FB28,1
0x00000000,0x0806F1E0,ptr,0x0873FB10,1
0x00000000,0x0806F36C,ptr,0x0873FB30,1
0x00000000,0x0806F3D8,ptr,0x0873FB14,1
0x00000000,0x0806F5C4,ptr,0x0873FB34,1
0x00000000,0x0806F638,ptr,0x0873FB18,1
0x00000000,0x0806FAAC,ptr,0x0873FB38,1
0x00000000,0x0806FB0C,ptr,0x0873FB1C,1
0x00000000,0x0806FC98,ptr,0x0873FB3C,1
0x00000000,0x0806FD04,ptr,0x0873FB20,1
0x00000000,0x0806FF24,ptr,0x0873FB40,1
0x00000000,0x0806FFF8,ptr,0x0862DAA8,2
0x00000000,0x08070406,ptr,0x08695054,1
0x00000000,0x0807077C,ptr,0x0873FB4C,1
0x00000000,0x08070798,ptr,0x0873FB68,1
0x00000000,0x0807079C,ptr,0x0873FB48,1
0x00000000,0x080708EC,ptr,0x0873FB64,1
0x00000000,0x08070930,ptr,0x0873FB50,1
0x00000000,0x08070A84,ptr,0x0873FB6C,1
0x00000000,0x08070AC8,ptr,0x0873FB54,1
0x00000000,0x08070C0C,ptr,0x0873FB70,1
0x00000000,0x08070C54,ptr,0x0873FB58,1
0x00000000,0x08070D48,ptr,0x0873FB74,1
0x00000000,0x08070D90,ptr,0x0873FB5C,1
0x00000000,0x08070E7C,ptr,0x0873FB78,1
0x00000000,0x08071030,ptr,0x08730184,1
0x00000000,0x080711F6,ptr,0x081C69B8,2
0x00000000,0x08071418,ptr,0x0873FBAC,1
0x00000000,0x0807156C,ptr,0x0873FBB8,1
0x00000000,0x0807160C,ptr,0x0873FBB0,1
0x00000000,0x08071640,ptr,0x0873FBBC,1
0x00000000,0x08071694,ptr,0x0873FBB4,1
0x00000000,0x08071774,ptr,0x0873FBC0,1
0x00000000,0x08071D60,ptr,0x0873FBC4,2
0x00000000,0x08071E74,ptr,0x0873FC2C,2
0x00000000,0x08071E80,ptr,0x0873FBC8,5
0x00000000,0x08071EBC,ptr,0x0873FC30,5
0x00000000,0x08071F54,ptr,0x0873FBD8,1
0x00000000,0x080720DC,ptr,0x0873FC40,1
0x00000000,0x080720E8,ptr,0x0873FBDC,1
0x00000000,0x0807237C,ptr,0x0873FC44,1
0x00000000,0x08072388,ptr,0x0873FBE4,1
0x00000000,0x08072678,ptr,0x0873FC4C,1
0x00000000,0x08072684,ptr,0x0873FBEC,1
0x00000000,0x080728A4,ptr,0x0873FC54,1
0x00000000,0x080728B0,ptr,0x0873FBF0,1
0x00000000,0x08072AF4,ptr,0x0873FC58,1
0x00000000,0x08072B00,ptr,0x0873FBF4,1
0x00000000,0x08072D80,ptr,0x0873FC5C,1
0x00000000,0x08072D8C,ptr,0x0873FBF8,1
0x00000000,0x080731C4,ptr,0x0873FC60,1
0x00000000,0x080731D0,ptr,0x0873FBFC,1
0x00000000,0x0807328C,ptr,0x0873FC64,1
0x00000000,0x08073298,ptr,0x0873FC00,1
0x00000000,0x08073578,ptr,0x0873FC68,1
0x00000000,0x08073584,ptr,0x0873FC08,1
0x00000000,0x080737F8,ptr,0x0873FC70,1
0x00000000,0x08073804,ptr,0x0873FC0C,1
0x00000000,0x0807395C,ptr,0x0873FC74,1
0x00000000,0x08073968,ptr,0x0873FC10,1
0x00000000,0x080739BC,ptr,0x0873FC78,1
0x00000000,0x08073A54,ptr,0x0873FC14,1
0x00000000,0x08073CD4,ptr,0x0873FC7C,1
0x00000000,0x08073CE0,ptr,0x0873FC18,1
0x00000000,0x08073E00,ptr,0x0873FC80,1
0x00000000,0x08073E0C,ptr,0x0873FC1C,1
0x00000000,0x08073E80,ptr,0x0873FC84,1
0x00000000,0x08073F18,ptr,0x0873FC20,1
0x00000000,0x0807409C,ptr,0x0873FC88,1
0x00000000,0x080740BC,ptr,0x0873FC24,1
0x00000000,0x080743C8,ptr,0x0873FC8C,1
0x00000000,0x080743F0,ptr,0x0873FC90,1
0x00000000,0x08074420,ptr,0x0873FBD4,2
0x00000000,0x0807447C,ptr,0x0873FC3C,1
0x00000000,0x0807450C,ptr,0x0873023C,1
0x00000000,0x08074588,ptr,0x0873FCA4,1
0x00000000,0x080745D0,ptr,0x0873FCB0,5
0x00000000,0x080745DC,ptr,0x0873FC94,2
0x00000000,0x08074628,ptr,0x0873FC98,2
0x00000000,0x08074638,ptr,0x0873FCA8,1
0x00000000,0x080746C0,ptr,0x0873FCAC,1
0x00000000,0x0807470C,ptr,0x0873FCB4,1
0x00000000,0x08074784,ptr,0x0873FCBC,1
0x00000000,0x08074794,ptr,0x0873FCC0,1
0x00000000,0x080747DC,ptr,0x0873FCC4,1
0x00000000,0x080747EC,ptr,0x0873FCC8,1
0x00000000,0x08074880,ptr,0x0873FCCC,1
0x00000000,0x080748A8,ptr,0x0873FCD0,1
0x00000000,0x08074904,ptr,0x0873FCD8,1
0x00000000,0x08074974,ptr,0x0873FCDC,1
0x00000000,0x08074988,ptr,0x0873FCE4,1
0x00000000,0x08074AB8,ptr,0x0873FCE8,1
0x00000000,0x08074AC8,ptr,0x0873FCF0,1
0x00000000,0x08074B60,ptr,0x0873FCF4,1
0x00000000,0x08074C0C,ptr,0x0873045C,1
0x00000000,0x08075000,ptr,0x08730244,1
0x00000000,0x080752F4,ptr,0x0873024C,1
0x00000000,0x08076C88,ptr,0x087400B0,1
0x00000000,0x08076CAC,ptr,0x087400C8,1
0x00000000,0x08076CD4,ptr,0x087400B4,1
0x00000000,0x08076D00,ptr,0x087400CC,1
0x00000000,0x08076D0C,ptr,0x087400B8,1
0x00000000,0x08076D38,ptr,0x087400D0,1
0x00000000,0x08076D44,ptr,0x087400BC,1
0x00000000,0x08076D70,ptr,0x087400D4,1
0x00000000,0x08076DAC,ptr,0x087400C0,1
0x00000000,0x08076DDC,ptr,0x087400D8,1
0x00000000,0x08076E30,ptr,0x087400C4,1
0x00000000,0x08076E48,ptr,0x087400DC,1
0x00000000,0x0807705C,ptr,0x0873018C,1
0x00000000,0x08077224,ptr,0x087400E0,1
0x00000000,0x0807728C,ptr,0x08740100,1
0x00000000,0x080772B0,ptr,0x08740110,1
0x00000000,0x08077308,ptr,0x08740104,1
0x00000000,0x080773A8,ptr,0x08740114,1
0x00000000,0x080773D0,ptr,0x08740108,1
0x00000000,0x08077564,ptr,0x08740118,1
0x00000000,0x08077568,ptr,0x0874010C,1
0x00000000,0x08077718,ptr,0x0874011C,1
0x00000000,0x0807771C,ptr,0x08730194,1
0x00000000,0x08077A64,ptr,0x08740120,1
0x00000000,0x08077AE0,ptr,0x087402BC,1
0x00000000,0x08077B24,ptr,0x087402C8,1
0x00000000,0x08077B60,ptr,0x087402C0,1
0x00000000,0x08077BA8,ptr,0x087402CC,1
0x00000000,0x08077BF0,ptr,0x087402C4,1
0x00000000,0x08077C2C,ptr,0x087402D0,1
0x00000000,0x08077C64,ptr,0x0873019C,1
0x00000000,0x08077DD8,ptr,0x087402D4,1
0x00000000,0x08077E4C,ptr,0x087402D8,1
0x00000000,0x08077E74,ptr,0x087402E4,1
0x00000000,0x08077E9C,ptr,0x087402DC,1
0x00000000,0x08077ECC,ptr,0x087402E8,1
0x00000000,0x08077ED0,ptr,0x087402E0,1
0x00000000,0x08077F08,ptr,0x087402EC,1
0x00000000,0x08077F0C,ptr,0x087301A4,1
0x00000000,0x08077F4C,ptr,0x087402F0,1
0x00000000,0x08077F98,ptr,0x087402F4,1
0x00000000,0x08077FF4,ptr,0x087402F8,1
0x00000000,0x08078598,ptr,0x087301AC,1
0x00000000,0x08078670,ptr,0x087402FC,1
0x00000000,0x080786B4,ptr,0x08740310,1
0x00000000,0x080786E8,ptr,0x08740300,1
0x00000000,0x08078734,ptr,0x08740314,1
0x00000000,0x0807876C,ptr,0x08740304,1
0x00000000,0x080787B8,ptr,0x08740318,1
0x00000000,0x080787F0,ptr,0x08740308,1
0x00000000,0x08078874,ptr,0x0874030C,1
0x00000000,0x080788E0,ptr,0x0874031C,1
0x00000000,0x0807893C,ptr,0x0872FF74,1
0x00000000,0x08078984,ptr,0x08740F10,1
0x00000000,0x080789AC,ptr,0x08740E58,1
0x00000000,0x08078A48,ptr,0x08740E54,1
0x00000000,0x08078B08,ptr,0x08740E5C,1
0x00000000,0x08078B38,ptr,0x08740E64,1
0x00000000,0x08078BE0,ptr,0x08740630,1
0x00000000,0x08078C80,ptr,0x08740658,1
0x00000000,0x08078CB8,ptr,0x08740660,1
0x00000000,0x08078CBC,ptr,0x0874065C,1
0x00000000,0x08078CE4,ptr,0x08740664,1
0x00000000,0x08078CE8,ptr,0x08740634,1
0x00000000,0x08078D88,ptr,0x08740670,1
0x00000000,0x08078DD4,ptr,0x08740678,1
0x00000000,0x08078E10,ptr,0x08740674,1
0x00000000,0x08078E38,ptr,0x0874067C,1
0x00000000,0x08078E3C,ptr,0x08740638,1
0x00000000,0x08078EEC,ptr,0x087406C4,1
0x00000000,0x08078F24,ptr,0x087406D0,1
0x00000000,0x08078F8C,ptr,0x087406C8,1
0x00000000,0x0807906C,ptr,0x087406D4,1
0x00000000,0x080790C0,ptr,0x087406CC,1
0x00000000,0x080790E8,ptr,0x087406D8,1
0x00000000,0x080790EC,ptr,0x0874063C,1
0x00000000,0x08079194,ptr,0x087406DC,1
0x00000000,0x080791BC,ptr,0x087406E4,1
0x00000000,0x080791C0,ptr,0x087406E0,1
0x00000000,0x0807921C,ptr,0x087406E8,1
0x00000000,0x08079238,ptr,0x08740640,1
0x00000000,0x080792DC,ptr,0x08740700,1
0x00000000,0x080792F4,ptr,0x08740704,1
0x00000000,0x080792F8,ptr,0x08740644,1
0x00000000,0x080793A8,ptr,0x08740708,1
0x00000000,0x080793C4,ptr,0x08740710,1
0x00000000,0x080793D0,ptr,0x0874070C,1
0x00000000,0x08079424,ptr,0x08740714,1
0x00000000,0x08079440,ptr,0x0872FF94,1
0x00000000,0x08079480,ptr,0x08740E74,1
0x00000000,0x080794A0,ptr,0x08740E70,1
0x00000000,0x080794C0,ptr,0x08740E78,1
0x00000000,0x080794DC,ptr,0x08740718,1
0x00000000,0x080795B4,ptr,0x08740758,1
0x00000000,0x080795D8,ptr,0x08740768,1
0x00000000,0x08079710,ptr,0x0874075C,1
0x00000000,0x080797B4,ptr,0x0874076C,1
0x00000000,0x080797EC,ptr,0x08740760,1
0x00000000,0x080798B8,ptr,0x08740770,1
0x00000000,0x080798E8,ptr,0x08740764,1
0x00000000,0x08079914,ptr,0x08740774,1
0x00000000,0x08079918,ptr,0x0874071C,1
0x00000000,0x080799BC,ptr,0x08740778,1
0x00000000,0x080799DC,ptr,0x0874077C,1
0x00000000,0x080799E0,ptr,0x0872FFE4,1
0x00000000,0x08079A20,ptr,0x08740E90,1
0x00000000,0x08079A40,ptr,0x08740E8C,1
0x00000000,0x08079A60,ptr,0x08740E94,1
0x00000000,0x08079A70,ptr,0x08740EA0,1
0x00000000,0x08079A90,ptr,0x08740E9C,1
0x00000000,0x08079A9C,ptr,0x08740780,1
0x00000000,0x08079B40,ptr,0x08740788,1
0x00000000,0x08079BAC,ptr,0x0874078C,1
0x00000000,0x08079BE0,ptr,0x0874079C,1
0x00000000,0x08079BE4,ptr,0x08740790,1
0x00000000,0x08079C84,ptr,0x087407A0,1
0x00000000,0x08079CAC,ptr,0x08740794,1
0x00000000,0x08079D2C,ptr,0x087407A4,1
0x00000000,0x08079D30,ptr,0x08740784,1
0x00000000,0x08079DD4,ptr,0x087407A8,1
0x00000000,0x08079E20,ptr,0x087407AC,1
0x00000000,0x08079E24,ptr,0x08730004,1
0x00000000,0x08079E70,ptr,0x08740CAC,1
0x00000000,0x08079FD0,ptr,0x08740EAC,1
0x00000000,0x0807A008,ptr,0x08740EA8,1
0x00000000,0x0807A040,ptr,0x08740EB0,1
0x00000000,0x0807A050,ptr,0x08740EB8,1
0x00000000,0x0807A06C,ptr,0x087407B0,1
0x00000000,0x0807A128,ptr,0x087407EC,1
0x00000000,0x0807A1BC,ptr,0x087407FC,1
0x00000000,0x0807A1C0,ptr,0x087407E4,1
0x00000000,0x0807A380,ptr,0x087407F4,1
0x00000000,0x0807A3BC,ptr,0x087407E8,1
0x00000000,0x0807A408,ptr,0x087407F8,1
0x00000000,0x0807A424,ptr,0x087407F0,1
0x00000000,0x0807A458,ptr,0x08740800,1
0x00000000,0x0807A45C,ptr,0x087407B4,1
0x00000000,0x0807A500,ptr,0x08740804,1
0x00000000,0x0807A574,ptr,0x08740808,1
0x00000000,0x0807A578,ptr,0x087407B8,1
0x00000000,0x0807A634,ptr,0x08740810,1
0x00000000,0x0807A7F4,ptr,0x08740818,1
0x00000000,0x0807A830,ptr,0x08740814,1
0x00000000,0x0807A87C,ptr,0x0874081C,1
0x00000000,0x0807A898,ptr,0x0873001C,1
0x00000000,0x0807AAB8,ptr,0x08740820,1
0x00000000,0x0807AB54,ptr,0x08740968,1
0x00000000,0x0807AB70,ptr,0x08740980,1
0x00000000,0x0807AB8C,ptr,0x08740960,1
0x00000000,0x0807ABB4,ptr,0x08740978,1
0x00000000,0x0807ABDC,ptr,0x08740964,1
0x00000000,0x0807AC08,ptr,0x0874097C,1
0x00000000,0x0807AC58,ptr,0x0874096C,1
0x00000000,0x0807ADCC,ptr,0x08740984,1
0x00000000,0x0807AE1C,ptr,0x08740970,1
0x00000000,0x0807AE7C,ptr,0x08740988,1
0x00000000,0x0807AECC,ptr,0x08740974,1
0x00000000,0x0807AF3C,ptr,0x0874098C,1
0x00000000,0x0807AF58,ptr,0x08730054,1
0x00000000,0x0807AF98,ptr,0x0873005C,1
0x00000000,0x0807AFD8,ptr,0x08740EC8,1
0x00000000,0x0807B010,ptr,0x08740EC4,1
0x00000000,0x0807B048,ptr,0x08740ECC,1
0x00000000,0x0807B058,ptr,0x08740ED8,1
0x00000000,0x0807B070,ptr,0x08740ED4,1
0x00000000,0x0807B300,ptr,0x08740990,1
0x00000000,0x0807B3F8,ptr,0x087409FC,1
0x00000000,0x0807B430,ptr,0x08740A1C,1
0x00000000,0x0807B49C,ptr,0x08740A00,1
0x00000000,0x0807B4C8,ptr,0x08740A20,1
0x00000000,0x0807B4F0,ptr,0x08740A08,1
0x00000000,0x0807B558,ptr,0x08740A28,1
0x00000000,0x0807B584,ptr,0x08740A04,1
0x00000000,0x0807B5B0,ptr,0x08740A24,1
0x00000000,0x0807B5D8,ptr,0x08740A0C,1
0x00000000,0x0807B640,ptr,0x08740A2C,1
0x00000000,0x0807B66C,ptr,0x08740A10,1
0x00000000,0x0807B6B4,ptr,0x08740A30,1
0x00000000,0x0807B6E8,ptr,0x08740A14,1
0x00000000,0x0807B7A8,ptr,0x08740A34,1
0x00000000,0x0807B7D0,ptr,0x08740A18,1
0x00000000,0x0807B7FC,ptr,0x08740A38,1
0x00000000,0x0807B800,ptr,0x08740994,1
0x00000000,0x0807B8A4,ptr,0x08740A3C,1
0x00000000,0x0807B8D0,ptr,0x08740A40,1
0x00000000,0x0807B8EC,ptr,0x08740998,1
0x00000000,0x0807B9EC,ptr,0x08740A44,1
0x00000000,0x0807BA18,ptr,0x08740A5C,1
0x00000000,0x0807BA7C,ptr,0x08740A48,1
0x00000000,0x0807BAA8,ptr,0x08740A60,1
0x00000000,0x0807BAD0,ptr,0x08740A50,1
0x00000000,0x0807BB38,ptr,0x08740A68,1
0x00000000,0x0807BB60,ptr,0x08740A4C,1
0x00000000,0x0807BB8C,ptr,0x08740A64,1
0x00000000,0x0807BBB4,ptr,0x08740A54,1
0x00000000,0x0807BC1C,ptr,0x08740A6C,1
0x00000000,0x0807BC44,ptr,0x08740A58,1
0x00000000,0x0807BC78,ptr,0x08740A70,1
0x00000000,0x0807BCAC,ptr,0x087300B4,1
0x00000000,0x0807BCEC,ptr,0x08740A74,1
0x00000000,0x0807BD20,ptr,0x08730094,1
0x00000000,0x0807BDB8,ptr,0x08740EE4,1
0x00000000,0x0807BE08,ptr,0x08740EE0,1
0x00000000,0x0807BE9C,ptr,0x08740EE8,1
0x00000000,0x0807BEAC,ptr,0x08740EF0,1
0x00000000,0x0807BED4,ptr,0x08740EF4,1
0x00000000,0x0807C080,ptr,0x08740A78,1
0x00000000,0x0807C118,ptr,0x08740AC8,1
0x00000000,0x0807C138,ptr,0x08740AE0,1
0x00000000,0x0807C1D0,ptr,0x08740ACC,1
0x00000000,0x0807C1F4,ptr,0x08740AE4,1
0x00000000,0x0807C210,ptr,0x08740AD0,1
0x00000000,0x0807C22C,ptr,0x08740AE8,1
0x00000000,0x0807C248,ptr,0x08740AD4,1
0x00000000,0x0807C264,ptr,0x08740AEC,1
0x00000000,0x0807C280,ptr,0x08740AD8,1
0x00000000,0x0807C29C,ptr,0x08740AF0,1
0x00000000,0x0807C2B8,ptr,0x08740ADC,1
0x00000000,0x0807C2E0,ptr,0x08740AF4,1
0x00000000,0x0807C350,ptr,0x08740A7C,1
0x00000000,0x0807C3F4,ptr,0x08740AF8,1
0x00000000,0x0807C440,ptr,0x08740AFC,1
0x00000000,0x0807C444,ptr,0x0873009C,1
0x00000000,0x0807C484,ptr,0x08740DB4,1
0x00000000,0x0807C684,ptr,0x08740B00,1
0x00000000,0x0807C710,ptr,0x08740B84,1
0x00000000,0x0807C7D8,ptr,0x08740B94,1
0x00000000,0x0807C80C,ptr,0x08740B88,1
0x00000000,0x0807C828,ptr,0x08740B98,1
0x00000000,0x0807C8B0,ptr,0x08740B8C,1
0x00000000,0x0807C8D0,ptr,0x08740B9C,1
0x00000000,0x0807C9B4,ptr,0x08740B90,1
0x00000000,0x0807CA18,ptr,0x08740BA0,1
0x00000000,0x0807CA50,ptr,0x08740B04,1
0x00000000,0x0807CAF8,ptr,0x08740BA4,1
0x00000000,0x0807CBB0,ptr,0x08740BA8,1
0x00000000,0x0807CBB4,ptr,0x087300A4,1
0x00000000,0x0807CC68,ptr,0x08740BAC,1
0x00000000,0x0807CD08,ptr,0x08740BBC,1
0x00000000,0x0807CD60,ptr,0x08740BC0,1
0x00000000,0x0807CD64,ptr,0x08740BB0,1
0x00000000,0x0807CE08,ptr,0x08740BC4,1
0x00000000,0x0807CE68,ptr,0x08740BC8,1
0x00000000,0x0807CEDC,ptr,0x08740BB4,1
0x00000000,0x0807CF80,ptr,0x08740BCC,1
0x00000000,0x0807CFCC,ptr,0x08740BD0,1
0x00000000,0x0807CFD0,ptr,0x08740BB8,1
0x00000000,0x0807D008,ptr,0x08730264,1
0x00000000,0x0807D060,ptr,0x08741088,1
0x00000000,0x0807D0F4,ptr,0x0874108C,1
0x00000000,0x0807D178,ptr,0x08741090,1
0x00000000,0x0807D17C,ptr,0x08730364,1
0x00000000,0x0807D1BC,ptr,0x087411B8,1
0x00000000,0x0807D1DC,ptr,0x087411BC,1
0x00000000,0x0807D1FC,ptr,0x087410AC,1
0x00000000,0x0807D2B8,ptr,0x087410B0,1
0x00000000,0x0807D2EC,ptr,0x087410B8,1
0x00000000,0x0807D320,ptr,0x087410B4,1
0x00000000,0x0807D384,ptr,0x087410BC,1
0x00000000,0x0807D388,ptr,0x0873049C,1
0x00000000,0x0807D490,ptr,0x087305F4,1
0x00000000,0x0807D510,ptr,0x087305FC,1
0x00000000,0x0807D684,ptr,0x0872FF7C,1
0x00000000,0x0807D6C4,ptr,0x087411C0,1
0x00000000,0x0807D748,ptr,0x087411CC,1
0x00000000,0x0807D82C,ptr,0x087411E0,1
0x00000000,0x0807D8F8,ptr,0x087411D0,1
0x00000000,0x0807D918,ptr,0x087411E4,1
0x00000000,0x0807D9AC,ptr,0x087411D4,1
0x00000000,0x0807DA08,ptr,0x087411E8,1
0x00000000,0x0807DA30,ptr,0x087411D8,1
0x00000000,0x0807DA5C,ptr,0x087411EC,1
0x00000000,0x0807DA84,ptr,0x087411DC,1
0x00000000,0x0807DAA8,ptr,0x087411F0,1
0x00000000,0x0807DAAC,ptr,0x087411C4,1
0x00000000,0x0807DB30,ptr,0x087411F4,1
0x00000000,0x0807DB44,ptr,0x087411F8,1
0x00000000,0x0807DB48,ptr,0x087411C8,1
0x00000000,0x0807DBCC,ptr,0x087411FC,1
0x00000000,0x0807DC78,ptr,0x08741208,1
0x00000000,0x0807DCA0,ptr,0x08741200,1
0x00000000,0x0807DCC0,ptr,0x0874120C,1
0x00000000,0x0807DCE8,ptr,0x08741204,1
0x00000000,0x0807DD0C,ptr,0x08741210,1
0x00000000,0x0807DD70,ptr,0x08741B64,1
0x00000000,0x0807DDDC,ptr,0x08741B68,1
0x00000000,0x0807DE30,ptr,0x08741B7C,1
0x00000000,0x0807DE64,ptr,0x08741B74,1
0x00000000,0x0807DE88,ptr,0x08741B6C,1
0x00000000,0x0807DE98,ptr,0x0872FFAC,1
0x00000000,0x0807DEE4,ptr,0x08741228,1
0x00000000,0x0807DF14,ptr,0x08741220,1
0x00000000,0x0807DF60,ptr,0x08741234,1
0x00000000,0x0807DF8C,ptr,0x08741240,1
0x00000000,0x0807E014,ptr,0x0874122C,1
0x00000000,0x0807E044,ptr,0x08741224,1
0x00000000,0x0807E090,ptr,0x0874124C,1
0x00000000,0x0807E100,ptr,0x08741258,1
0x00000000,0x0807E188,ptr,0x08741238,2
0x00000000,0x0807E244,ptr,0x08741244,2
0x00000000,0x0807E290,ptr,0x0874123C,2
0x00000000,0x0807E3B0,ptr,0x08741248,2
0x00000000,0x0807E3E4,ptr,0x08741230,1
0x00000000,0x0807E468,ptr,0x08741264,1
0x00000000,0x0807E480,ptr,0x08741268,1
0x00000000,0x0807E4CC,ptr,0x08741B90,2
0x00000000,0x0807E4FC,ptr,0x08741B84,1
0x00000000,0x0807E514,ptr,0x08741B80,1
0x00000000,0x0807E520,ptr,0x08741B88,1
0x00000000,0x0807E530,ptr,0x0872FFB4,1
0x00000000,0x0807E568,ptr,0x0874126C,1
0x00000000,0x0807E640,ptr,0x08741278,1
0x00000000,0x0807E6D0,ptr,0x0874127C,1
0x00000000,0x0807E6D4,ptr,0x08741270,1
0x00000000,0x0807E768,ptr,0x08741280,1
0x00000000,0x0807E810,ptr,0x08741288,1
0x00000000,0x0807E814,ptr,0x08741284,1
0x00000000,0x0807E884,ptr,0x0874128C,1
0x00000000,0x0807E8B8,ptr,0x08741274,1
0x00000000,0x0807E950,ptr,0x08741290,1
0x00000000,0x0807E9B0,ptr,0x08741294,1
0x00000000,0x0807E9C8,ptr,0x08741BA4,1
0x00000000,0x0807E9D8,ptr,0x0872FFC4,1
0x00000000,0x0807EA30,ptr,0x087412BC,1
0x00000000,0x0807EA84,ptr,0x087412CC,1
0x00000000,0x0807EAD4,ptr,0x087412D0,1
0x00000000,0x0807EAF0,ptr,0x087412C0,1
0x00000000,0x0807EB60,ptr,0x087412D4,1
0x00000000,0x0807EBC4,ptr,0x087412D8,1
0x00000000,0x0807EBE0,ptr,0x087412C4,1
0x00000000,0x0807EC4C,ptr,0x087412DC,1
0x00000000,0x0807ECB0,ptr,0x087412E0,1
0x00000000,0x0807ECCC,ptr,0x087412C8,1
0x00000000,0x0807ED20,ptr,0x087412E4,1
0x00000000,0x0807ED98,ptr,0x087412E8,1
0x00000000,0x0807EDB4,ptr,0x0872FFCC,1
0x00000000,0x0807EE14,ptr,0x08741300,1
0x00000000,0x0807EE84,ptr,0x08741308,1
0x00000000,0x0807EEA8,ptr,0x0874130C,1
0x00000000,0x0807EEC4,ptr,0x08741304,1
0x00000000,0x0807EF48,ptr,0x08741310,1
0x00000000,0x0807EF60,ptr,0x08741314,1
0x00000000,0x0807EFFC,ptr,0x0872FFDC,1
0x00000000,0x0807F044,ptr,0x08741380,1
0x00000000,0x0807F0C4,ptr,0x08741390,1
0x00000000,0x0807F1F0,ptr,0x0874139C,1
0x00000000,0x0807F218,ptr,0x08741394,1
0x00000000,0x0807F2B4,ptr,0x087413A0,1
0x00000000,0x0807F2EC,ptr,0x08741398,1
0x00000000,0x0807F348,ptr,0x087413A4,1
0x00000000,0x0807F380,ptr,0x08741384,1
0x00000000,0x0807F42C,ptr,0x087413A8,1
0x00000000,0x0807F488,ptr,0x087413B4,1
0x00000000,0x0807F4DC,ptr,0x087413AC,1
0x00000000,0x0807F634,ptr,0x087413B8,1
0x00000000,0x0807F78C,ptr,0x087413B0,1
0x00000000,0x0807F888,ptr,0x087413BC,1
0x00000000,0x0807F88C,ptr,0x08741388,1
0x00000000,0x0807F920,ptr,0x087413C0,1
0x00000000,0x0807F9A0,ptr,0x087413C8,1
0x00000000,0x0807FA98,ptr,0x087413C4,1
0x00000000,0x0807FAFC,ptr,0x087413CC,1
0x00000000,0x0807FB00,ptr,0x0874138C,1
0x00000000,0x0807FB84,ptr,0x087413D0,1
0x00000000,0x0807FBCC,ptr,0x087413D4,1
0x00000000,0x0807FBD0,ptr,0x08741BC8,1
0x00000000,0x0807FBFC,ptr,0x086FDD28,1
0x00000000,0x0807FC20,ptr,0x08741BBC,1
0x00000000,0x0807FC70,ptr,0x08741BB8,1
0x00000000,0x0807FCAC,ptr,0x08741BC0,1
0x00000000,0x0807FCBC,ptr,0x0873000C,1
0x00000000,0x0807FD34,ptr,0x08741488,1
0x00000000,0x0807FDC8,ptr,0x08741490,1
0x00000000,0x0807FDF4,ptr,0x086D6DA0,1
0x00000000,0x0807FE18,ptr,0x0874149C,1
0x00000000,0x0807FFA0,ptr,0x08741494,1
0x00000000,0x0808003C,ptr,0x087414A0,1
0x00000000,0x080801CC,ptr,0x08741498,1
0x00000000,0x08080278,ptr,0x087414A4,1
0x00000000,0x080802BC,ptr,0x0874148C,1
0x00000000,0x08080340,ptr,0x087414A8,1
0x00000000,0x08080358,ptr,0x087414AC,1
0x00000000,0x08080398,ptr,0x08741BD4,1
0x00000000,0x080803A4,ptr,0x08741BD8,1
0x00000000,0x080803CC,ptr,0x08741BDC,1
0x00000000,0x080803FC,ptr,0x086BFE40,1
0x00000000,0x08080400,ptr,0x08730034,1
0x00000000,0x0808044C,ptr,0x087414B4,1
0x00000000,0x080804F0,ptr,0x087414C0,1
0x00000000,0x0808051C,ptr,0x087414CC,1
0x00000000,0x08080570,ptr,0x087414C4,1
0x00000000,0x080806E8,ptr,0x087414D0,1
0x00000000,0x08080740,ptr,0x087414C8,1
0x00000000,0x08080768,ptr,0x087414D4,1
0x00000000,0x0808076C,ptr,0x087414B8,1
0x00000000,0x080807FC,ptr,0x087414D8,1
0x00000000,0x08080814,ptr,0x087414DC,1
0x00000000,0x08080818,ptr,0x087414BC,1
0x00000000,0x080808BC,ptr,0x087414E0,1
0x00000000,0x080808DC,ptr,0x087414EC,1
0x00000000,0x08080930,ptr,0x087414E4,1
0x00000000,0x08080A0A,ptr,0x0862EEFC,2
0x00000000,0x08080AA8,ptr,0x087414F0,1
0x00000000,0x08080B00,ptr,0x087414E8,1
0x00000000,0x08080B28,ptr,0x087414F4,1
0x00000000,0x08080B70,ptr,0x08741C10,1
0x00000000,0x08080BCC,ptr,0x08741C0C,1
0x00000000,0x08080C2C,ptr,0x08741C1C,1
0x00000000,0x08080C38,ptr,0x08741C14,1
0x00000000,0x08080C48,ptr,0x087304AC,1
0x00000000,0x08080DD0,ptr,0x0873002C,1
0x00000000,0x08080E10,ptr,0x08741544,1
0x00000000,0x08080E32,ptr,0x086BD2D8,1
0x00000000,0x08080EA4,ptr,0x08741554,1
0x00000000,0x08080EDC,ptr,0x0874156C,1
0x00000000,0x08080F34,ptr,0x08741558,1
0x00000000,0x08080FA4,ptr,0x08741570,1
0x00000000,0x08081084,ptr,0x0874155C,1
0x00000000,0x080810C4,ptr,0x08741574,1
0x00000000,0x08081140,ptr,0x08741560,1
0x00000000,0x0808124C,ptr,0x08741578,1
0x00000000,0x08081274,ptr,0x08741568,1
0x00000000,0x080812EC,ptr,0x08741580,1
0x00000000,0x080812F0,ptr,0x08741564,1
0x00000000,0x080813A4,ptr,0x0874157C,1
0x00000000,0x08081408,ptr,0x08741548,1
0x00000000,0x0808148C,ptr,0x08741584,1
0x00000000,0x080814B4,ptr,0x08741590,1
0x00000000,0x08081508,ptr,0x08741588,1
0x00000000,0x08081560,ptr,0x08741594,1
0x00000000,0x0808159C,ptr,0x0874158C,1
0x00000000,0x080815DC,ptr,0x08741598,1
0x00000000,0x08081614,ptr,0x0874154C,1
0x00000000,0x0808168C,ptr,0x0874159C,1
0x00000000,0x080816E8,ptr,0x087415A0,1
0x00000000,0x08081774,ptr,0x08741550,1
0x00000000,0x080817F8,ptr,0x087415A4,1
0x00000000,0x08081810,ptr,0x087415A8,1
0x00000000,0x08081884,ptr,0x08741C04,1
0x00000000,0x080818A8,ptr,0x08741C08,1
0x00000000,0x08081900,ptr,0x08741BF4,1
0x00000000,0x08081984,ptr,0x08741C00,1
0x00000000,0x080819A4,ptr,0x08741BF8,1
0x00000000,0x080819B4,ptr,0x08730064,1
0x00000000,0x080819F4,ptr,0x087415B8,2
0x00000000,0x08081AAC,ptr,0x087415C4,1
0x00000000,0x08081B5C,ptr,0x087415D0,1
0x00000000,0x08081BC4,ptr,0x087415C8,1
0x00000000,0x08081C3C,ptr,0x087415D4,1
0x00000000,0x08081C78,ptr,0x087415CC,1
0x00000000,0x08081CE0,ptr,0x087415D8,1
0x00000000,0x08081D24,ptr,0x087415C0,1
0x00000000,0x08081DB4,ptr,0x087415DC,1
0x00000000,0x08081F38,ptr,0x08741C38,1
0x00000000,0x08081F50,ptr,0x08741C30,1
0x00000000,0x08081F60,ptr,0x0873006C,1
0x00000000,0x08082008,ptr,0x08730074,1
0x00000000,0x080820B8,ptr,0x08741604,1
0x00000000,0x08082270,ptr,0x08741610,1
0x00000000,0x080822A4,ptr,0x08741614,1
0x00000000,0x080822B0,ptr,0x08741608,1
0x00000000,0x08082338,ptr,0x08741618,1
0x00000000,0x0808248C,ptr,0x0874160C,1
0x00000000,0x0808253C,ptr,0x08741620,1
0x00000000,0x08082548,ptr,0x08741624,1
0x00000000,0x08082678,ptr,0x08741C48,1
0x00000000,0x080826A0,ptr,0x08741C44,1
0x00000000,0x080826BC,ptr,0x08741C54,1
0x00000000,0x080826C8,ptr,0x08741C4C,1
0x00000000,0x080826D8,ptr,0x08730084,1
0x00000000,0x08082718,ptr,0x08741640,2
0x00000000,0x0808279C,ptr,0x0874164C,1
0x00000000,0x08082818,ptr,0x08741664,1
0x00000000,0x08082844,ptr,0x08741650,1
0x00000000,0x0808287C,ptr,0x08741668,1
0x00000000,0x080828A8,ptr,0x08741654,1
0x00000000,0x08082908,ptr,0x0874166C,1
0x00000000,0x08082980,ptr,0x08741658,1
0x00000000,0x080829D4,ptr,0x08741670,1
0x00000000,0x08082A08,ptr,0x0874165C,1
0x00000000,0x08082AEC,ptr,0x08741674,1
0x00000000,0x08082B14,ptr,0x08741660,1
0x00000000,0x08082B48,ptr,0x08741678,1
0x00000000,0x08082BB8,ptr,0x08741648,1
0x00000000,0x08082C3C,ptr,0x0874167C,1
0x00000000,0x08082C58,ptr,0x08741680,1
0x00000000,0x08082D14,ptr,0x08741C64,1
0x00000000,0x08082D4C,ptr,0x08741C70,1
0x00000000,0x08082DB0,ptr,0x08741C74,1
0x00000000,0x08082DD4,ptr,0x08741C68,1
0x00000000,0x08082DE4,ptr,0x0873008C,1
0x00000000,0x08082E68,ptr,0x0874176C,2
0x00000000,0x08082F04,ptr,0x08741778,1
0x00000000,0x08082FB4,ptr,0x08741794,1
0x00000000,0x08082FDC,ptr,0x0874177C,1
0x00000000,0x08083020,ptr,0x08741798,1
0x00000000,0x080832D0,ptr,0x08741780,1
0x00000000,0x0808330C,ptr,0x0874179C,1
0x00000000,0x08083370,ptr,0x08741784,1
0x00000000,0x08083400,ptr,0x087417A0,1
0x00000000,0x08083428,ptr,0x08741788,1
0x00000000,0x08083488,ptr,0x087417A4,1
0x00000000,0x08083614,ptr,0x0874178C,1
0x00000000,0x0808379C,ptr,0x087417A8,1
0x00000000,0x080837D0,ptr,0x08741790,1
0x00000000,0x080838BC,ptr,0x087417AC,1
0x00000000,0x0808398C,ptr,0x08741774,1
0x00000000,0x08083A10,ptr,0x087417B0,1
0x00000000,0x08083A44,ptr,0x087417B4,1
0x00000000,0x08083E5C,ptr,0x08741C84,1
0x00000000,0x08083E6C,ptr,0x0873027C,1
0x00000000,0x08083EB4,ptr,0x08741E64,1
0x00000000,0x08083F48,ptr,0x08741E68,1
0x00000000,0x08083FBC,ptr,0x08741E6C,1
0x00000000,0x08084050,ptr,0x08730294,1
0x00000000,0x080840A4,ptr,0x08741E7C,1
0x00000000,0x08084114,ptr,0x08741E84,1
0x00000000,0x08084248,ptr,0x08741E88,1
0x00000000,0x0808424C,ptr,0x08741E80,1
0x00000000,0x08084308,ptr,0x08741E8C,1
0x00000000,0x080843F8,ptr,0x08741E90,1
0x00000000,0x080843FC,ptr,0x087304B4,1
0x00000000,0x08084484,ptr,0x0872FF84,1
0x00000000,0x080844C4,ptr,0x08741F70,1
0x00000000,0x080845B4,ptr,0x08741F78,1
0x00000000,0x080846C4,ptr,0x08741F90,1
0x00000000,0x080846F4,ptr,0x08741F8C,1
0x00000000,0x080847F8,ptr,0x08741FA4,1
0x00000000,0x080847FC,ptr,0x08741F7C,1
0x00000000,0x08084854,ptr,0x08741F94,1
0x00000000,0x0808487C,ptr,0x08741F80,1
0x00000000,0x080848E4,ptr,0x08741F98,1
0x00000000,0x08084960,ptr,0x08741F84,1
0x00000000,0x080849B4,ptr,0x08741F9C,1
0x00000000,0x080849DC,ptr,0x08741F88,1
0x00000000,0x08084A74,ptr,0x08741F74,1
0x00000000,0x08084AFC,ptr,0x08730544,1
0x00000000,0x08084BC0,ptr,0x08742CF0,1
0x00000000,0x08084C0C,ptr,0x08742CF4,1
0x00000000,0x08084C5C,ptr,0x08742CF8,1
0x00000000,0x08084CB8,ptr,0x08742D00,2
0x00000000,0x08084CD4,ptr,0x0872FFA4,1
0x00000000,0x08084D14,ptr,0x08741FB8,1
0x00000000,0x08084DC0,ptr,0x08741FC0,1
0x00000000,0x08084E74,ptr,0x08741FD4,1
0x00000000,0x08084E9C,ptr,0x08741FC4,1
0x00000000,0x08084F50,ptr,0x08741FD8,1
0x00000000,0x08084F78,ptr,0x08741FC8,1
0x00000000,0x08085158,ptr,0x08741FDC,1
0x00000000,0x08085180,ptr,0x08741FCC,1
0x00000000,0x08085274,ptr,0x08741FE0,1
0x00000000,0x0808529C,ptr,0x08741FD0,1
0x00000000,0x080852C8,ptr,0x08741FE4,1
0x00000000,0x080852CC,ptr,0x08741FBC,1
0x00000000,0x08085390,ptr,0x08742D0C,1
0x00000000,0x080853C8,ptr,0x08742D10,1
0x00000000,0x08085404,ptr,0x08742D14,1
0x00000000,0x0808542C,ptr,0x08742D1C,2
0x00000000,0x08085450,ptr,0x0872FFBC,1
0x00000000,0x08085498,ptr,0x08741FE8,1
0x00000000,0x08085530,ptr,0x08741FF8,1
0x00000000,0x08085608,ptr,0x08742004,1
0x00000000,0x08085660,ptr,0x08741FFC,1
0x00000000,0x080856DC,ptr,0x08742008,1
0x00000000,0x080856E0,ptr,0x08742000,1
0x00000000,0x0808582C,ptr,0x0874200C,1
0x00000000,0x08085858,ptr,0x08741FEC,1
0x00000000,0x080858FC,ptr,0x08742030,1
0x00000000,0x08085998,ptr,0x08742040,1
0x00000000,0x08085A04,ptr,0x08742034,1
0x00000000,0x08085A80,ptr,0x08742044,1
0x00000000,0x08085A84,ptr,0x08742038,1
0x00000000,0x08085BB8,ptr,0x08742048,1
0x00000000,0x08085BE4,ptr,0x0874203C,1
0x00000000,0x08085C10,ptr,0x0874204C,1
0x00000000,0x08085C2C,ptr,0x08741FF0,1
0x00000000,0x08085CD8,ptr,0x08741FF4,1
0x00000000,0x08085E74,ptr,0x08742D28,1
0x00000000,0x08085EF0,ptr,0x08742D2C,1
0x00000000,0x08085FA0,ptr,0x08742D30,1
0x00000000,0x08086024,ptr,0x08742D38,1
0x00000000,0x0808606C,ptr,0x08742E34,1
0x00000000,0x08086090,ptr,0x0872FFD4,1
0x00000000,0x080860F8,ptr,0x08742064,1
0x00000000,0x08086170,ptr,0x08742080,1
0x00000000,0x080862CC,ptr,0x08742068,1
0x00000000,0x08086344,ptr,0x087420A0,1
0x00000000,0x08086444,ptr,0x087420A4,1
0x00000000,0x080864EC,ptr,0x0874206C,1
0x00000000,0x080865C0,ptr,0x087420A8,1
0x00000000,0x080867B8,ptr,0x087420BC,1
0x00000000,0x08086824,ptr,0x08742070,1
0x00000000,0x08086984,ptr,0x087420F0,1
0x00000000,0x080869B8,ptr,0x08742100,1
0x00000000,0x080869F0,ptr,0x08742074,1
0x00000000,0x08086A68,ptr,0x08742104,1
0x00000000,0x08086B68,ptr,0x08742108,1
0x00000000,0x08086BC0,ptr,0x08742078,1
0x00000000,0x08086C5C,ptr,0x0874212C,1
0x00000000,0x08086CCC,ptr,0x08742138,1
0x00000000,0x08086D18,ptr,0x08742130,1
0x00000000,0x08086DA4,ptr,0x0874213C,1
0x00000000,0x08086DF0,ptr,0x08742134,1
0x00000000,0x08086EC8,ptr,0x08742140,1
0x00000000,0x08086EFC,ptr,0x0874207C,1
0x00000000,0x08087000,ptr,0x0827C564,1
0x00000000,0x08087006,ptr,0x0827C1AC,1
0x00000000,0x0808705C,ptr,0x0872FFF4,1
0x00000000,0x080870C4,ptr,0x08742570,1
0x00000000,0x0808713C,ptr,0x087425B0,1
0x00000000,0x08087268,ptr,0x08742574,1
0x00000000,0x080872E0,ptr,0x087425D0,1
0x00000000,0x080873B0,ptr,0x087425D4,1
0x00000000,0x08087458,ptr,0x08742578,1
0x00000000,0x0808752C,ptr,0x087425D8,1
0x00000000,0x08087724,ptr,0x087425EC,1
0x00000000,0x08087790,ptr,0x0874257C,1
0x00000000,0x080878F0,ptr,0x087425F8,1
0x00000000,0x08087924,ptr,0x087425FC,1
0x00000000,0x0808795C,ptr,0x08742580,1
0x00000000,0x080879D4,ptr,0x0874260C,1
0x00000000,0x08087A98,ptr,0x08742610,1
0x00000000,0x08087AF0,ptr,0x08742584,1
0x00000000,0x08087B8C,ptr,0x0874263C,1
0x00000000,0x08087BFC,ptr,0x08742648,1
0x00000000,0x08087C48,ptr,0x08742640,1
0x00000000,0x08087CD4,ptr,0x0874264C,1
0x00000000,0x08087D20,ptr,0x08742644,1
0x00000000,0x08087DF8,ptr,0x08742650,1
0x00000000,0x08087E2C,ptr,0x08742588,1
0x00000000,0x08087EB4,ptr,0x08742654,1
0x00000000,0x08087EF0,ptr,0x08742660,1
0x00000000,0x08087F18,ptr,0x08742658,1
0x00000000,0x08087F88,ptr,0x08742664,1
0x00000000,0x08087F8C,ptr,0x0874265C,1
0x00000000,0x08087FC8,ptr,0x08742668,1
0x00000000,0x08087FCC,ptr,0x0874258C,1
0x00000000,0x08088054,ptr,0x0874266C,1
0x00000000,0x080880FC,ptr,0x08742684,1
0x00000000,0x080881A0,ptr,0x08742670,1
0x00000000,0x080881E0,ptr,0x08331678,2
0x00000000,0x080881E4,ptr,0x08742674,1
0x00000000,0x08088208,ptr,0x0874268C,1
0x00000000,0x08088230,ptr,0x08742678,1
0x00000000,0x08088254,ptr,0x08742690,1
0x00000000,0x0808827C,ptr,0x0874267C,1
0x00000000,0x080882F0,ptr,0x08742694,1
0x00000000,0x08088320,ptr,0x08742680,1
0x00000000,0x0808835C,ptr,0x08742698,1
0x00000000,0x08088360,ptr,0x08742590,1
0x00000000,0x080883DC,ptr,0x087426AC,1
0x00000000,0x08088478,ptr,0x087426B0,1
0x00000000,0x08088498,ptr,0x08742594,1
0x00000000,0x080884E4,ptr,0x08742D44,1
0x00000000,0x08088540,ptr,0x08742D48,1
0x00000000,0x08088590,ptr,0x08742D54,1
0x00000000,0x080885C0,ptr,0x08742D5C,1
0x00000000,0x08088610,ptr,0x08730014,1
0x00000000,0x08088658,ptr,0x087426B4,1
0x00000000,0x08088708,ptr,0x087426C4,1
0x00000000,0x080887A0,ptr,0x087426D8,1
0x00000000,0x0808880C,ptr,0x087426C8,1
0x00000000,0x080888A0,ptr,0x087426DC,1
0x00000000,0x080888C8,ptr,0x087426CC,1
0x00000000,0x08088920,ptr,0x087426E0,1
0x00000000,0x08088948,ptr,0x087426D0,1
0x00000000,0x080889C8,ptr,0x087426E4,1
0x00000000,0x080889CC,ptr,0x087426D4,1
0x00000000,0x08088A3C,ptr,0x087426E8,1
0x00000000,0x08088A64,ptr,0x087426B8,1
0x00000000,0x08088B58,ptr,0x08742704,1
0x00000000,0x08088B98,ptr,0x08742710,1
0x00000000,0x08088BD8,ptr,0x08742708,1
0x00000000,0x08088CA0,ptr,0x08742714,1
0x00000000,0x08088CA4,ptr,0x0874270C,1
0x00000000,0x08088CE4,ptr,0x08742718,1
0x00000000,0x08088CE8,ptr,0x087426BC,1
0x00000000,0x08088DAC,ptr,0x0874271C,1
0x00000000,0x08088E78,ptr,0x08742728,1
0x00000000,0x08088EA4,ptr,0x08742724,1
0x00000000,0x08088ED4,ptr,0x08742730,1
0x00000000,0x08088EFC,ptr,0x08742720,1
0x00000000,0x08088F24,ptr,0x0874272C,1
0x00000000,0x08088F4C,ptr,0x087426C0,1
0x00000000,0x08088FC0,ptr,0x08742D60,1
0x00000000,0x08089024,ptr,0x08742D64,1
0x00000000,0x08089064,ptr,0x08742D68,1
0x00000000,0x080890D4,ptr,0x08742D6C,1
0x00000000,0x08089120,ptr,0x08742D70,1
0x00000000,0x0808913C,ptr,0x08742D78,1
0x00000000,0x08089180,ptr,0x08730024,1
0x00000000,0x080891C0,ptr,0x0874273C,1
0x00000000,0x0808924C,ptr,0x08742744,1
0x00000000,0x08089330,ptr,0x08742758,1
0x00000000,0x08089334,ptr,0x08742748,1
0x00000000,0x0808945C,ptr,0x0874275C,1
0x00000000,0x08089460,ptr,0x0874274C,1
0x00000000,0x08089544,ptr,0x08742750,1
0x00000000,0x080895C4,ptr,0x08742764,1
0x00000000,0x080895EC,ptr,0x08742754,1
0x00000000,0x0808967C,ptr,0x08742768,1
0x00000000,0x08089680,ptr,0x08742740,1
0x00000000,0x080896EC,ptr,0x08742D7C,1
0x00000000,0x0808972C,ptr,0x08742D80,1
0x00000000,0x0808976C,ptr,0x08742D84,1
0x00000000,0x0808978C,ptr,0x08742D8C,1
0x00000000,0x080897D0,ptr,0x08742D94,1
0x00000000,0x08089848,ptr,0x0873003C,1
0x00000000,0x08089888,ptr,0x08742798,1
0x00000000,0x0808990C,ptr,0x087427A0,1
0x00000000,0x080899D4,ptr,0x087427A8,1
0x00000000,0x080899FC,ptr,0x087427A4,1
0x00000000,0x08089AAC,ptr,0x087427AC,1
0x00000000,0x08089AD4,ptr,0x0873060C,1
0x00000000,0x08089B44,ptr,0x0874279C,1
0x00000000,0x08089BF0,ptr,0x08742D98,1
0x00000000,0x08089C30,ptr,0x08742DA0,1
0x00000000,0x08089C58,ptr,0x08730044,1
0x00000000,0x08089C98,ptr,0x087427B4,1
0x00000000,0x08089DA8,ptr,0x087427BC,1
0x00000000,0x08089EA0,ptr,0x087427E8,1
0x00000000,0x08089EC8,ptr,0x087427C0,1
0x00000000,0x0808A020,ptr,0x087427EC,1
0x00000000,0x0808A048,ptr,0x087427C4,1
0x00000000,0x0808A0A8,ptr,0x087427F0,1
0x00000000,0x0808A0AC,ptr,0x087427C8,1
0x00000000,0x0808A10C,ptr,0x087427F4,1
0x00000000,0x0808A110,ptr,0x087427CC,1
0x00000000,0x0808A1D0,ptr,0x087427F8,1
0x00000000,0x0808A204,ptr,0x087427D0,1
0x00000000,0x0808A270,ptr,0x087427FC,1
0x00000000,0x0808A298,ptr,0x087427D4,1
0x00000000,0x0808A36C,ptr,0x08742800,1
0x00000000,0x0808A3C4,ptr,0x087427D8,1
0x00000000,0x0808A478,ptr,0x08742804,1
0x00000000,0x0808A4D0,ptr,0x087427DC,1
0x00000000,0x0808A5B8,ptr,0x08742808,1
0x00000000,0x0808A610,ptr,0x087427E0,1
0x00000000,0x0808A710,ptr,0x0874280C,1
0x00000000,0x0808A768,ptr,0x087427E4,1
0x00000000,0x0808A7A4,ptr,0x08742810,1
0x00000000,0x0808A7A8,ptr,0x087427B8,1
0x00000000,0x0808A8D4,ptr,0x08742DB4,1
0x00000000,0x0808A964,ptr,0x08742DB8,1
0x00000000,0x0808A9A8,ptr,0x08742DBC,1
0x00000000,0x0808A9D8,ptr,0x08742DC4,1
0x00000000,0x0808AA68,ptr,0x0873004C,1
0x00000000,0x0808AAD8,ptr,0x087428C0,1
0x00000000,0x0808AB70,ptr,0x087428D8,1
0x00000000,0x0808ABF4,ptr,0x087428E0,1
0x00000000,0x0808ACDC,ptr,0x087428DC,1
0x00000000,0x0808AD20,ptr,0x087428E4,1
0x00000000,0x0808ADEC,ptr,0x087428C4,1
0x00000000,0x0808AE80,ptr,0x08742908,1
0x00000000,0x0808AEEC,ptr,0x0874290C,1
0x00000000,0x0808AF34,ptr,0x087428C8,1
0x00000000,0x0808B008,ptr,0x08742910,1
0x00000000,0x0808B094,ptr,0x08742918,1
0x00000000,0x0808B120,ptr,0x08742914,1
0x00000000,0x0808B1A8,ptr,0x0874291C,1
0x00000000,0x0808B1D0,ptr,0x087428CC,2
0x00000000,0x0808B28C,ptr,0x08742920,1
0x00000000,0x0808B2FC,ptr,0x08742928,1
0x00000000,0x0808B368,ptr,0x08742924,1
0x00000000,0x0808B468,ptr,0x0874292C,1
0x00000000,0x0808B9D0,ptr,0x08730604,1
0x00000000,0x0808BB24,ptr,0x087428D4,1
0x00000000,0x0808BB70,ptr,0x08742DD0,1
0x00000000,0x0808BC18,ptr,0x08742DD4,1
0x00000000,0x0808BC60,ptr,0x08742DE0,1
0x00000000,0x0808BD04,ptr,0x08742DE8,1
0x00000000,0x0808BDB4,ptr,0x087300AC,1
0x00000000,0x0808BDF4,ptr,0x08742940,1
0x00000000,0x0808BEA0,ptr,0x08742948,3
0x00000000,0x0808BF1C,ptr,0x08742978,1
0x00000000,0x0808BFC4,ptr,0x08742954,1
0x00000000,0x0808C004,ptr,0x0874297C,1
0x00000000,0x0808C02C,ptr,0x08742958,1
0x00000000,0x0808C0FC,ptr,0x08742960,1
0x00000000,0x0808C1D0,ptr,0x08742980,1
0x00000000,0x0808C260,ptr,0x0874295C,1
0x00000000,0x0808C32C,ptr,0x08742964,1
0x00000000,0x0808C3E8,ptr,0x08742984,1
0x00000000,0x0808C478,ptr,0x08742968,1
0x00000000,0x0808C4BC,ptr,0x08742988,1
0x00000000,0x0808C4E4,ptr,0x0874296C,1
0x00000000,0x0808C538,ptr,0x0874298C,1
0x00000000,0x0808C53C,ptr,0x08742970,1
0x00000000,0x0808C5E8,ptr,0x08742990,1
0x00000000,0x0808C610,ptr,0x08742974,1
0x00000000,0x0808C684,ptr,0x08742994,1
0x00000000,0x0808C6AC,ptr,0x08742944,1
0x00000000,0x0808C71C,ptr,0x08742DEC,1
0x00000000,0x0808C74C,ptr,0x08742DF0,1
0x00000000,0x0808C77C,ptr,0x08742DF4,1
0x00000000,0x0808C79C,ptr,0x08742DFC,1
0x00000000,0x0808C7EC,ptr,0x08742E04,1
0x00000000,0x0808CB70,ptr,0x08730274,1
0x00000000,0x0808CCE8,ptr,0x087305EC,1
0x00000000,0x0808D014,ptr,0x08730284,1
0x00000000,0x0808D130,ptr,0x087430EC,3
0x00000000,0x0808D148,ptr,0x0873028C,1
0x00000000,0x0808D200,ptr,0x08743120,1
0x00000000,0x0808D218,ptr,0x0873037C,1
0x00000000,0x0808D2B8,ptr,0x087434C8,1
0x00000000,0x0808D304,ptr,0x087434C4,1
0x00000000,0x0808D354,ptr,0x087434CC,1
0x00000000,0x0808D4E8,ptr,0x0872FF8C,1
0x00000000,0x0808D558,ptr,0x08743188,1
0x00000000,0x0808D640,ptr,0x08743194,1
0x00000000,0x0808D764,ptr,0x087431A0,1
0x00000000,0x0808D790,ptr,0x08743198,1
0x00000000,0x0808D938,ptr,0x087431A4,1
0x00000000,0x0808D964,ptr,0x0874319C,1
0x00000000,0x0808D9FC,ptr,0x087431A8,1
0x00000000,0x0808DA00,ptr,0x0874318C,1
0x00000000,0x0808DAE8,ptr,0x087431AC,1
0x00000000,0x0808DC68,ptr,0x087431B8,1
0x00000000,0x0808DC94,ptr,0x087431B0,1
0x00000000,0x0808DE90,ptr,0x087431BC,1
0x00000000,0x0808DEBC,ptr,0x087431B4,1
0x00000000,0x0808DF54,ptr,0x087431C0,1
0x00000000,0x0808DF58,ptr,0x08743190,1
0x00000000,0x0808DFC4,ptr,0x087431C4,1
0x00000000,0x0808E050,ptr,0x087431C8,1
0x00000000,0x0808E054,ptr,0x08743360,1
0x00000000,0x0808E3A8,ptr,0x0872FF9C,1
0x00000000,0x0808E404,ptr,0x087431E4,1
0x00000000,0x0808E480,ptr,0x087431EC,1
0x00000000,0x0808E510,ptr,0x087431FC,1
0x00000000,0x0808E54C,ptr,0x087431F4,1
0x00000000,0x0808E5CC,ptr,0x08743204,1
0x00000000,0x0808E610,ptr,0x087431F0,1
0x00000000,0x0808E704,ptr,0x08743200,1
0x00000000,0x0808E730,ptr,0x087431F8,1
0x00000000,0x0808E800,ptr,0x08743208,1
0x00000000,0x0808E804,ptr,0x087431E8,1
0x00000000,0x0808E870,ptr,0x0874320C,1
0x00000000,0x0808E8A0,ptr,0x08743210,1
0x00000000,0x0808E8A4,ptr,0x087434E0,1
0x00000000,0x0808E8C4,ptr,0x087434E8,1
0x00000000,0x0808E8D4,ptr,0x0872FFEC,1
0x00000000,0x0808E914,ptr,0x08743224,2
0x00000000,0x0808E9B0,ptr,0x08743230,1
0x00000000,0x0808E9D4,ptr,0x0874323C,1
0x00000000,0x0808EA00,ptr,0x08743234,1
0x00000000,0x0808EB10,ptr,0x08743238,1
0x00000000,0x0808EB24,ptr,0x0874322C,1
0x00000000,0x0808EB94,ptr,0x08743240,1
0x00000000,0x0808EBDC,ptr,0x08743244,1
0x00000000,0x0808EBE0,ptr,0x08743500,1
0x00000000,0x0808EC34,ptr,0x087434FC,1
0x00000000,0x0808EC90,ptr,0x0874350C,1
0x00000000,0x0808ECB4,ptr,0x08743504,1
0x00000000,0x0808ECE0,ptr,0x08743584,1
0x00000000,0x0808F224,ptr,0x0872FFFC,1
0x00000000,0x0808F26C,ptr,0x08743284,1
0x00000000,0x0808F2C4,ptr,0x08743288,3
0x00000000,0x0808F320,ptr,0x08743294,1
0x00000000,0x0808F3D4,ptr,0x0874329C,1
0x00000000,0x0808F400,ptr,0x0858C79C,2
0x00000000,0x0808F41C,ptr,0x087432A4,1
0x00000000,0x0808F4B4,ptr,0x087432B0,1
0x00000000,0x0808F4F8,ptr,0x087432A0,1
0x00000000,0x0808F51C,ptr,0x087432AC,1
0x00000000,0x0808F528,ptr,0x087432B4,1
0x00000000,0x0808F578,ptr,0x087432C0,1
0x00000000,0x0808F5CC,ptr,0x087432BC,1
0x00000000,0x0808F678,ptr,0x087432C8,1
0x00000000,0x0808F6C0,ptr,0x087432B8,1
0x00000000,0x0808F71C,ptr,0x087432C4,1
0x00000000,0x0808F728,ptr,0x087432CC,1
0x00000000,0x0808F75C,ptr,0x087432D8,1
0x00000000,0x0808F7AC,ptr,0x087432D0,1
0x00000000,0x0808F844,ptr,0x087432DC,1
0x00000000,0x0808F888,ptr,0x087432D4,1
0x00000000,0x0808F8DC,ptr,0x087432E0,1
0x00000000,0x0808F8E8,ptr,0x08743298,1
0x00000000,0x0808F954,ptr,0x087432E4,1
0x00000000,0x0808F974,ptr,0x087432E8,1
0x00000000,0x0808F978,ptr,0x0874351C,1
0x00000000,0x0808F9B8,ptr,0x08743518,1
0x00000000,0x0808F9D8,ptr,0x08743520,1
0x00000000,0x0808F9F8,ptr,0x08743528,1
0x00000000,0x0808FA10,ptr,0x0873007C,1
0x00000000,0x0808FA50,ptr,0x087432F4,1
0x00000000,0x0808FAB4,ptr,0x087432FC,1
0x00000000,0x0808FB50,ptr,0x08743300,1
0x00000000,0x0808FB80,ptr,0x08743304,1
0x00000000,0x0808FBAC,ptr,0x087432F8,1
0x00000000,0x0808FC00,ptr,0x08743308,1
0x00000000,0x0808FC40,ptr,0x0873026C,1
0x00000000,0x0808FC90,ptr,0x08743600,1
0x00000000,0x0808FCEE,ptr,0x08673250,1
0x00000000,0x0808FD38,ptr,0x08743608,1
0x00000000,0x0808FD5C,ptr,0x08743610,1
0x00000000,0x0808FD60,ptr,0x08743604,1
0x00000000,0x0808FDB4,ptr,0x0874360C,1
0x00000000,0x0808FDB8,ptr,0x0873029C,1
0x00000000,0x0808FDF8,ptr,0x0874362C,4
0x00000000,0x0808FE88,ptr,0x0874363C,1
0x00000000,0x0808FFE0,ptr,0x08743640,1
0x00000000,0x0809000C,ptr,0x087300BC,1
0x00000000,0x08090090,ptr,0x08743848,1
0x00000000,0x080901E0,ptr,0x0874384C,1
0x00000000,0x08090270,ptr,0x08743878,1
0x00000000,0x08090298,ptr,0x08743850,1
0x00000000,0x080903C8,ptr,0x0874387C,1
0x00000000,0x080903F0,ptr,0x08743854,1
0x00000000,0x080904AC,ptr,0x08743880,1
0x00000000,0x080904D4,ptr,0x08743858,1
0x00000000,0x080905B0,ptr,0x08743884,1
0x00000000,0x080905D8,ptr,0x0874385C,1
0x00000000,0x08090724,ptr,0x08743888,1
0x00000000,0x0809074C,ptr,0x08743860,1
0x00000000,0x080908EC,ptr,0x0874388C,1
0x00000000,0x08090904,ptr,0x086C5964,1
0x00000000,0x08090914,ptr,0x08743864,1
0x00000000,0x080909AC,ptr,0x08743890,1
0x00000000,0x080909D4,ptr,0x08743868,1
0x00000000,0x08090B18,ptr,0x08743894,1
0x00000000,0x08090B40,ptr,0x0874386C,1
0x00000000,0x08090BF0,ptr,0x08743898,1
0x00000000,0x08090C18,ptr,0x08743870,1
0x00000000,0x08090CA8,ptr,0x0874389C,1
0x00000000,0x08090CD0,ptr,0x08743874,1
0x00000000,0x08090DE4,ptr,0x087438A0,1
0x00000000,0x08090EF0,ptr,0x087440D4,2
0x00000000,0x08090F14,ptr,0x087440D8,1
0x00000000,0x08090F4C,ptr,0x0874408C,1
0x00000000,0x08090FC0,ptr,0x087304BC,1
0x00000000,0x080910C0,ptr,0x087300C4,1
0x00000000,0x0809113C,ptr,0x08743984,1
0x00000000,0x0809128C,ptr,0x08743988,1
0x00000000,0x080912F8,ptr,0x087439A4,1
0x00000000,0x08091320,ptr,0x0874398C,1
0x00000000,0x08091368,ptr,0x087439A8,1
0x00000000,0x08091390,ptr,0x08743990,1
0x00000000,0x08091558,ptr,0x087439AC,1
0x00000000,0x080915A4,ptr,0x08743994,1
0x00000000,0x080915D0,ptr,0x087439B0,1
0x00000000,0x080915F8,ptr,0x08743998,1
0x00000000,0x080916C4,ptr,0x087439B4,1
0x00000000,0x080916EC,ptr,0x0874399C,1
0x00000000,0x080917FC,ptr,0x087439B8,1
0x00000000,0x08091824,ptr,0x087439A0,1
0x00000000,0x0809191C,ptr,0x087439BC,1
0x00000000,0x08091B00,ptr,0x087440EC,2
0x00000000,0x08091B24,ptr,0x087440F0,1
0x00000000,0x08091B60,ptr,0x087440A8,1
0x00000000,0x08091B6C,ptr,0x087304D4,1
0x00000000,0x08091DDC,ptr,0x087304CC,1
0x00000000,0x08091F08,ptr,0x087300E4,1
0x00000000,0x08091F9C,ptr,0x08743ADC,1
0x00000000,0x08092198,ptr,0x08743AE0,1
0x00000000,0x08092228,ptr,0x08743B14,1
0x00000000,0x08092250,ptr,0x08743AE4,1
0x00000000,0x08092590,ptr,0x08743B18,1
0x00000000,0x080925B8,ptr,0x08743AE8,1
0x00000000,0x080926D4,ptr,0x08743B1C,1
0x00000000,0x080926FC,ptr,0x08743AEC,1
0x00000000,0x080929EC,ptr,0x08743B20,1
0x00000000,0x08092A14,ptr,0x08743AF0,1
0x00000000,0x08092B30,ptr,0x08743B24,1
0x00000000,0x08092B58,ptr,0x08743AF4,1
0x00000000,0x08092BD8,ptr,0x08743B28,1
0x00000000,0x08092C00,ptr,0x08743AF8,1
0x00000000,0x08092CB4,ptr,0x08743B2C,1
0x00000000,0x08092CDC,ptr,0x08743AFC,1
0x00000000,0x08092E40,ptr,0x08743B30,1
0x00000000,0x08092E68,ptr,0x08743B00,1
0x00000000,0x08092F04,ptr,0x08743B34,1
0x00000000,0x08092F2C,ptr,0x08743B04,1
0x00000000,0x08092FF4,ptr,0x08743B38,1
0x00000000,0x0809301C,ptr,0x08743B0C,1
0x00000000,0x08093084,ptr,0x08743B40,1
0x00000000,0x080930AC,ptr,0x08743B08,1
0x00000000,0x08093354,ptr,0x08743B3C,1
0x00000000,0x08093380,ptr,0x08743B10,1
0x00000000,0x08093488,ptr,0x08743B44,1
0x00000000,0x080937D0,ptr,0x087440C4,1
0x00000000,0x08093868,ptr,0x08744104,2
0x00000000,0x0809388C,ptr,0x08744108,1
0x00000000,0x080938E4,ptr,0x08730574,1
0x00000000,0x08093A24,ptr,0x087302A4,1
0x00000000,0x08093A64,ptr,0x08744170,1
0x00000000,0x08093AC8,ptr,0x08744174,1
0x00000000,0x08093B80,ptr,0x08744178,1
0x00000000,0x08093BB0,ptr,0x087442D8,1
0x00000000,0x08093BD4,ptr,0x087302AC,1
0x00000000,0x08093C30,ptr,0x087441A4,2
0x00000000,0x08093CCC,ptr,0x087441AC,1
0x00000000,0x08093CF8,ptr,0x087441B4,1
0x00000000,0x08093DCC,ptr,0x087441B0,1
0x00000000,0x08093E54,ptr,0x087441B8,1
0x00000000,0x08093E58,ptr,0x087304DC,1
0x00000000,0x08093EDC,ptr,0x087442F4,1
0x00000000,0x08093F00,ptr,0x087442E4,1
0x00000000,0x08093F64,ptr,0x0873035C,1
0x00000000,0x08093FE0,ptr,0x087441CC,1
0x00000000,0x08094040,ptr,0x087441D0,1
0x00000000,0x080941AC,ptr,0x087300CC,1
0x00000000,0x08094220,ptr,0x08744440,1
0x00000000,0x080945FC,ptr,0x08744444,1
0x00000000,0x08094640,ptr,0x08744470,1
0x00000000,0x0809465C,ptr,0x08744448,1
0x00000000,0x0809467C,ptr,0x08744474,1
0x00000000,0x080946B0,ptr,0x0874444C,1
0x00000000,0x08094758,ptr,0x08744478,1
0x00000000,0x08094844,ptr,0x08744450,1
0x00000000,0x080948D4,ptr,0x0874447C,1
0x00000000,0x08094930,ptr,0x08744454,1
0x00000000,0x080949E0,ptr,0x08744480,1
0x00000000,0x08094DA4,ptr,0x08744458,1
0x00000000,0x08094DEC,ptr,0x08744484,1
0x00000000,0x08094F28,ptr,0x0874445C,1
0x00000000,0x08094F68,ptr,0x08744488,1
0x00000000,0x08094FB0,ptr,0x08744460,1
0x00000000,0x080950B4,ptr,0x0874448C,1
0x00000000,0x0809513C,ptr,0x08744464,1
0x00000000,0x08095220,ptr,0x08744490,1
0x00000000,0x08095254,ptr,0x08744468,1
0x00000000,0x0809532C,ptr,0x08744494,1
0x00000000,0x08095360,ptr,0x0874446C,1
0x00000000,0x08095484,ptr,0x08744498,1
0x00000000,0x080954F0,ptr,0x087453BC,1
0x00000000,0x080955A8,ptr,0x087453CC,1
0x00000000,0x08095674,ptr,0x08745414,2
0x00000000,0x08095694,ptr,0x08745418,1
0x00000000,0x080957BC,ptr,0x087300EC,1
0x00000000,0x0809595C,ptr,0x087444E4,1
0x00000000,0x080959E8,ptr,0x08744564,1
0x00000000,0x080959EC,ptr,0x087444E8,1
0x00000000,0x08095A54,ptr,0x087444EC,1
0x00000000,0x08095AD0,ptr,0x08744568,1
0x00000000,0x08095AEC,ptr,0x087444F0,2
0x00000000,0x08095BE4,ptr,0x0874456C,1
0x00000000,0x08095BE8,ptr,0x087444F8,2
0x00000000,0x08095D20,ptr,0x08744570,1
0x00000000,0x08095EAC,ptr,0x08744500,1
0x00000000,0x08096058,ptr,0x08744574,1
0x00000000,0x080960BC,ptr,0x08744508,1
0x00000000,0x0809616C,ptr,0x08744584,1
0x00000000,0x08096278,ptr,0x0874457C,1
0x00000000,0x080962AC,ptr,0x08744580,1
0x00000000,0x080963DC,ptr,0x08744504,1
0x00000000,0x08096640,ptr,0x08744578,1
0x00000000,0x08096920,ptr,0x0874458C,1
0x00000000,0x08096A28,ptr,0x08744594,1
0x00000000,0x08096B7C,ptr,0x0874450C,1
0x00000000,0x08096D20,ptr,0x08744590,1
0x00000000,0x08096D64,ptr,0x087453D8,1
0x00000000,0x08096DF4,ptr,0x087453E8,1
0x00000000,0x08096E0C,ptr,0x0874542C,2
0x00000000,0x08096E24,ptr,0x08745430,1
0x00000000,0x080970C4,ptr,0x087305E4,1
0x00000000,0x080974F8,ptr,0x087300F4,1
0x00000000,0x08097694,ptr,0x0874489C,1
0x00000000,0x08097714,ptr,0x087448C0,1
0x00000000,0x0809773C,ptr,0x087448A0,1
0x00000000,0x08097A54,ptr,0x087448C4,1
0x00000000,0x08097A7C,ptr,0x087448A4,1
0x00000000,0x08097B4C,ptr,0x087448C8,1
0x00000000,0x08097B74,ptr,0x087448A8,1
0x00000000,0x08097C44,ptr,0x087448CC,1
0x00000000,0x08097C78,ptr,0x087448AC,1
0x00000000,0x08097D7C,ptr,0x087448D0,1
0x00000000,0x08097DA4,ptr,0x087448B0,1
0x00000000,0x08097E68,ptr,0x087448D4,1
0x00000000,0x08097E90,ptr,0x087448B4,1
0x00000000,0x0809816C,ptr,0x087448D8,1
0x00000000,0x08098194,ptr,0x087448B8,1
0x00000000,0x08098268,ptr,0x087448DC,1
0x00000000,0x0809829C,ptr,0x087448BC,1
0x00000000,0x080983A0,ptr,0x087448E0,1
0x00000000,0x08098528,ptr,0x087453F4,1
0x00000000,0x08098540,ptr,0x08745404,1
0x00000000,0x0809857C,ptr,0x08745444,2
0x00000000,0x08098594,ptr,0x08745448,1
0x00000000,0x080985E0,ptr,0x087302C4,1
0x00000000,0x080986EC,ptr,0x087455C8,2
0x00000000,0x08098718,ptr,0x087455D0,1
0x00000000,0x08098728,ptr,0x087455D8,1
0x00000000,0x0809876C,ptr,0x08730384,1
0x00000000,0x080988B4,ptr,0x087455F4,1
0x00000000,0x080988C4,ptr,0x08745A40,1
0x00000000,0x080988F8,ptr,0x08745A3C,1
0x00000000,0x08098A04,ptr,0x08745A4C,1
0x00000000,0x08098AA0,ptr,0x08745A7C,1
0x00000000,0x08098AD8,ptr,0x08745A78,2
0x00000000,0x08098E64,ptr,0x087300D4,1
0x00000000,0x08098ED4,ptr,0x08745630,1
0x00000000,0x08098FD0,ptr,0x08745634,1
0x00000000,0x08099004,ptr,0x08745680,1
0x00000000,0x08099020,ptr,0x08745638,1
0x00000000,0x08099080,ptr,0x08745684,1
0x00000000,0x080990D4,ptr,0x0874563C,1
0x00000000,0x08099180,ptr,0x08745688,1
0x00000000,0x080991AC,ptr,0x08745640,1
0x00000000,0x08099238,ptr,0x0874568C,1
0x00000000,0x08099244,ptr,0x08745644,1
0x00000000,0x080992A8,ptr,0x08745690,1
0x00000000,0x080992AC,ptr,0x08745648,1
0x00000000,0x0809931C,ptr,0x08745694,1
0x00000000,0x08099350,ptr,0x0874564C,1
0x00000000,0x08099394,ptr,0x08745698,1
0x00000000,0x080993DC,ptr,0x08745650,1
0x00000000,0x08099448,ptr,0x0874569C,1
0x00000000,0x08099474,ptr,0x08745654,1
0x00000000,0x08099508,ptr,0x087456A0,1
0x00000000,0x08099524,ptr,0x08745658,1
0x00000000,0x080995B8,ptr,0x087456A4,1
0x00000000,0x080995F4,ptr,0x0874565C,1
0x00000000,0x08099690,ptr,0x087456A8,1
0x00000000,0x080996D0,ptr,0x08745660,1
0x00000000,0x08099734,ptr,0x087456AC,1
0x00000000,0x08099770,ptr,0x08745664,1
0x00000000,0x080997E4,ptr,0x087456B0,1
0x00000000,0x08099818,ptr,0x08745668,1
0x00000000,0x08099890,ptr,0x087456B4,1
0x00000000,0x080998A4,ptr,0x0874566C,1
0x00000000,0x08099908,ptr,0x087456B8,1
0x00000000,0x08099944,ptr,0x08745670,1
0x00000000,0x0809998C,ptr,0x087456BC,1
0x00000000,0x080999C4,ptr,0x08745674,1
0x00000000,0x08099A0C,ptr,0x087456C0,1
0x00000000,0x08099A10,ptr,0x08745678,1
0x00000000,0x08099A54,ptr,0x087456C4,1
0x00000000,0x08099A7C,ptr,0x0874567C,1
0x00000000,0x08099AEC,ptr,0x08745A5C,1
0x00000000,0x08099B20,ptr,0x08745A58,1
0x00000000,0x08099C4C,ptr,0x08745A68,1
0x00000000,0x08099D40,ptr,0x08745A90,2
0x00000000,0x08099D64,ptr,0x08745A94,1
0x00000000,0x0809A0A8,ptr,0x087300DC,1
0x00000000,0x0809A118,ptr,0x0874574C,1
0x00000000,0x0809A214,ptr,0x08745750,1
0x00000000,0x0809A270,ptr,0x087457B0,1
0x00000000,0x0809A2A0,ptr,0x08745754,1
0x00000000,0x0809A2C0,ptr,0x087457B4,1
0x00000000,0x0809A2E8,ptr,0x08745758,1
0x00000000,0x0809A32C,ptr,0x087457B8,1
0x00000000,0x0809A36C,ptr,0x0874575C,1
0x00000000,0x0809A434,ptr,0x087457BC,1
0x00000000,0x0809A464,ptr,0x08745760,1
0x00000000,0x0809A4F0,ptr,0x087457C0,1
0x00000000,0x0809A528,ptr,0x08745764,1
0x00000000,0x0809A624,ptr,0x087457C4,1
0x00000000,0x0809A654,ptr,0x08745768,1
0x00000000,0x0809A744,ptr,0x087457C8,1
0x00000000,0x0809A798,ptr,0x0874576C,1
0x00000000,0x0809A7D8,ptr,0x087457CC,1
0x00000000,0x0809A7DC,ptr,0x08745770,1
0x00000000,0x0809A82C,ptr,0x087457D0,1
0x00000000,0x0809A868,ptr,0x08745774,1
0x00000000,0x0809A8B4,ptr,0x087457D4,1
0x00000000,0x0809A8B8,ptr,0x08745778,1
0x00000000,0x0809A918,ptr,0x087457D8,1
0x00000000,0x0809A91C,ptr,0x0874577C,1
0x00000000,0x0809A974,ptr,0x087457DC,1
0x00000000,0x0809AA24,ptr,0x08745780,1
0x00000000,0x0809AAF0,ptr,0x087457E0,1
0x00000000,0x0809AB70,ptr,0x08745784,1
0x00000000,0x0809AC54,ptr,0x087457E4,1
0x00000000,0x0809ACBC,ptr,0x08745788,1
0x00000000,0x0809AD6C,ptr,0x087457E8,1
0x00000000,0x0809ADF4,ptr,0x0874578C,1
0x00000000,0x0809AE3C,ptr,0x087457EC,1
0x00000000,0x0809AE40,ptr,0x08745790,1
0x00000000,0x0809AEFC,ptr,0x087457F0,1
0x00000000,0x0809AF4C,ptr,0x08745794,1
0x00000000,0x0809B09C,ptr,0x087457F4,1
0x00000000,0x0809B104,ptr,0x08745798,1
0x00000000,0x0809B210,ptr,0x087457F8,1
0x00000000,0x0809B214,ptr,0x0874579C,1
0x00000000,0x0809B298,ptr,0x087457FC,1
0x00000000,0x0809B2AC,ptr,0x087457A0,1
0x00000000,0x0809B310,ptr,0x08745800,1
0x00000000,0x0809B34C,ptr,0x087457A4,1
0x00000000,0x0809B394,ptr,0x08745804,1
0x00000000,0x0809B3D4,ptr,0x087457A8,1
0x00000000,0x0809B404,ptr,0x08745808,1
0x00000000,0x0809B408,ptr,0x087457AC,1
0x00000000,0x0809B454,ptr,0x08745C90,1
0x00000000,0x0809B4D8,ptr,0x08745C94,1
0x00000000,0x0809B4DC,ptr,0x08745CA0,1
0x00000000,0x0809B528,ptr,0x087302CC,1
0x00000000,0x0809B57C,ptr,0x08745AE4,1
0x00000000,0x0809B608,ptr,0x08745AE8,1
0x00000000,0x0809B6AC,ptr,0x08745AF4,1
0x00000000,0x0809B6F8,ptr,0x08745AEC,1
0x00000000,0x0809B790,ptr,0x08745AF8,1
0x00000000,0x0809B794,ptr,0x08745AF0,1
0x00000000,0x0809B7EC,ptr,0x08745AFC,1
0x00000000,0x0809B7F0,ptr,0x087302E4,1
0x00000000,0x0809B830,ptr,0x08745B00,1
0x00000000,0x0809B8C8,ptr,0x08745B04,1
0x00000000,0x0809B964,ptr,0x08745B08,1
0x00000000,0x0809B9C0,ptr,0x08745CAC,1
0x00000000,0x0809B9E0,ptr,0x08745CBC,1
0x00000000,0x0809BA00,ptr,0x087302EC,1
0x00000000,0x0809BA44,ptr,0x08745B1C,1
0x00000000,0x0809BB08,ptr,0x08745B20,1
0x00000000,0x0809BB68,ptr,0x08745B28,1
0x00000000,0x0809BB6C,ptr,0x08745B24,1
0x00000000,0x0809BBD4,ptr,0x08745B2C,1
0x00000000,0x0809BBD8,ptr,0x087300FC,1
0x00000000,0x0809C404,ptr,0x08730104,1
0x00000000,0x0809C4D0,ptr,0x08747AA4,1
0x00000000,0x0809C570,ptr,0x08747AB4,1
0x00000000,0x0809C638,ptr,0x08747AC8,1
0x00000000,0x0809C74C,ptr,0x08747AB8,1
0x00000000,0x0809C840,ptr,0x08747ACC,1
0x00000000,0x0809C880,ptr,0x08747ABC,1
0x00000000,0x0809C8F8,ptr,0x08747AD0,1
0x00000000,0x0809C984,ptr,0x08747AC0,1
0x00000000,0x0809CA0C,ptr,0x08747AD4,1
0x00000000,0x0809CA10,ptr,0x08747AC4,1
0x00000000,0x0809CAAC,ptr,0x08747AD8,1
0x00000000,0x0809CAB0,ptr,0x08747AA8,1
0x00000000,0x0809CC24,ptr,0x08747AAC,1
0x00000000,0x0809CD8C,ptr,0x08747AB0,1
0x00000000,0x0809CF60,ptr,0x0873033C,1
0x00000000,0x0809D0A0,ptr,0x087481A0,1
0x00000000,0x0809D0DC,ptr,0x087481B0,2
0x00000000,0x0809D18C,ptr,0x08747ADC,1
0x00000000,0x0809D25C,ptr,0x08747AE4,1
0x00000000,0x0809D280,ptr,0x08747AE8,1
0x00000000,0x0809D308,ptr,0x08747AFC,1
0x00000000,0x0809D30C,ptr,0x08747AEC,1
0x00000000,0x0809D42C,ptr,0x08747B00,1
0x00000000,0x0809D4A0,ptr,0x08747AF0,1
0x00000000,0x0809D568,ptr,0x08747B04,1
0x00000000,0x0809D56C,ptr,0x08747AF4,1
0x00000000,0x0809D608,ptr,0x08747B08,1
0x00000000,0x0809D638,ptr,0x08747AF8,1
0x00000000,0x0809D6B4,ptr,0x08747B0C,1
0x00000000,0x0809D7A4,ptr,0x08747AE0,1
0x00000000,0x0809DA1C,ptr,0x08730354,1
0x00000000,0x0809DB48,ptr,0x087481F4,1
0x00000000,0x0809DBC4,ptr,0x08748204,2
0x00000000,0x0809DC3C,ptr,0x0874820C,1
0x00000000,0x0809DCBC,ptr,0x08747BCC,1
0x00000000,0x0809DD7C,ptr,0x08747BD0,1
0x00000000,0x0809DE54,ptr,0x08747BD8,1
0x00000000,0x0809DEE0,ptr,0x08747BE0,1
0x00000000,0x0809DF08,ptr,0x08747BDC,1
0x00000000,0x0809DF2C,ptr,0x08747BE4,1
0x00000000,0x0809DF54,ptr,0x08747BD4,1
0x00000000,0x0809E284,ptr,0x08730344,1
0x00000000,0x0809E320,ptr,0x08747BE8,2
0x00000000,0x0809E670,ptr,0x08747BF0,1
0x00000000,0x0809E7C8,ptr,0x087481BC,1
0x00000000,0x0809E7E8,ptr,0x087481CC,2
0x00000000,0x0809E874,ptr,0x08747BF4,1
0x00000000,0x0809E914,ptr,0x08747C04,1
0x00000000,0x0809EA08,ptr,0x08747C14,1
0x00000000,0x0809EAB8,ptr,0x08747C08,1
0x00000000,0x0809EB10,ptr,0x08747C18,1
0x00000000,0x0809EB14,ptr,0x08747C0C,1
0x00000000,0x0809EB50,ptr,0x08747C1C,1
0x00000000,0x0809EB7C,ptr,0x08747C10,1
0x00000000,0x0809EBBC,ptr,0x08747C20,1
0x00000000,0x0809EC80,ptr,0x08747C24,1
0x00000000,0x0809EDDC,ptr,0x08747BF8,1
0x00000000,0x0809EFC8,ptr,0x08747BFC,1
0x00000000,0x0809F120,ptr,0x08747C00,1
0x00000000,0x0809F37C,ptr,0x0873034C,1
0x00000000,0x0809F478,ptr,0x08747C6C,1
0x00000000,0x0809F49C,ptr,0x08747C70,1
0x00000000,0x0809F4C0,ptr,0x08747C74,1
0x00000000,0x0809F4E4,ptr,0x08747C78,1
0x00000000,0x0809F508,ptr,0x08747C7C,1
0x00000000,0x0809F52C,ptr,0x087481D8,1
0x00000000,0x0809F588,ptr,0x087481E8,2
0x00000000,0x0809F808,ptr,0x08747D84,4
0x00000000,0x0809FC44,ptr,0x0873010C,1
0x00000000,0x0809FD64,ptr,0x08748970,2
0x00000000,0x0809FE10,ptr,0x0874896C,2
0x00000000,0x080A02FC,ptr,0x086FDD40,1
0x00000000,0x080A0538,ptr,0x08748930,1
0x00000000,0x080A0598,ptr,0x08748948,1
0x00000000,0x080A0A0C,ptr,0x08748264,1
0x00000000,0x080A0B30,ptr,0x0874844C,1
0x00000000,0x080A0B74,ptr,0x08748478,1
0x00000000,0x080A0BB4,ptr,0x08748450,1
0x00000000,0x080A0BDC,ptr,0x0874847C,1
0x00000000,0x080A0C08,ptr,0x0857C8B4,2
0x00000000,0x080A0C28,ptr,0x08748480,1
0x00000000,0x080A0CCC,ptr,0x08748458,1
0x00000000,0x080A0DBC,ptr,0x08748484,1
0x00000000,0x080A0E08,ptr,0x0874845C,1
0x00000000,0x080A0EC8,ptr,0x08748488,1
0x00000000,0x080A0F7C,ptr,0x08748460,1
0x00000000,0x080A1030,ptr,0x0874848C,1
0x00000000,0x080A1058,ptr,0x08748464,1
0x00000000,0x080A1140,ptr,0x08748490,1
0x00000000,0x080A1168,ptr,0x08748468,1
0x00000000,0x080A11A0,ptr,0x08748494,1
0x00000000,0x080A11E0,ptr,0x0874846C,1
0x00000000,0x080A12E0,ptr,0x08748498,1
0x00000000,0x080A13D4,ptr,0x08748470,1
0x00000000,0x080A1400,ptr,0x0874849C,1
0x00000000,0x080A146C,ptr,0x08748474,1
0x00000000,0x080A14E4,ptr,0x087484A0,1
0x00000000,0x080A150C,ptr,0x0873E758,1
0x00000000,0x080A1590,ptr,0x087484C4,1
0x00000000,0x080A15F0,ptr,0x087484CC,1
0x00000000,0x080A1618,ptr,0x0873E734,1
0x00000000,0x080A18D4,ptr,0x087484C8,1
0x00000000,0x080A1980,ptr,0x087484D0,1
0x00000000,0x080A19CC,ptr,0x0873012C,1
0x00000000,0x080A1DF8,ptr,0x0874894C,1
0x00000000,0x080A1E4C,ptr,0x0874895C,1
0x00000000,0x080A1EC4,ptr,0x08748988,2
0x00000000,0x080A1FC8,ptr,0x08748984,2
0x00000000,0x080A3114,ptr,0x087484D4,1
0x00000000,0x080A3184,ptr,0x08748624,1
0x00000000,0x080A31A4,ptr,0x08748634,1
0x00000000,0x080A31D0,ptr,0x08748628,1
0x00000000,0x080A31F0,ptr,0x08748638,1
0x00000000,0x080A3238,ptr,0x0874862C,1
0x00000000,0x080A3250,ptr,0x0874863C,1
0x00000000,0x080A3268,ptr,0x08748630,1
0x00000000,0x080A3280,ptr,0x08748640,1
0x00000000,0x080A3298,ptr,0x087484D8,1
0x00000000,0x080A3348,ptr,0x08748644,1
0x00000000,0x080A33A4,ptr,0x0874868C,1
0x00000000,0x080A33DC,ptr,0x08748648,1
0x00000000,0x080A3424,ptr,0x08748690,1
0x00000000,0x080A346C,ptr,0x0874864C,1
0x00000000,0x080A348C,ptr,0x08748694,1
0x00000000,0x080A349C,ptr,0x08748650,1
0x00000000,0x080A34B8,ptr,0x08748698,1
0x00000000,0x080A34C8,ptr,0x08748654,1
0x00000000,0x080A34F0,ptr,0x0874869C,1
0x00000000,0x080A352C,ptr,0x08748658,1
0x00000000,0x080A3548,ptr,0x087486A0,1
0x00000000,0x080A3588,ptr,0x0874865C,1
0x00000000,0x080A35A8,ptr,0x087486A4,1
0x00000000,0x080A35B8,ptr,0x08748660,1
0x00000000,0x080A35D8,ptr,0x087486A8,1
0x00000000,0x080A35E8,ptr,0x08748664,1
0x00000000,0x080A361C,ptr,0x087486AC,1
0x00000000,0x080A3628,ptr,0x08748668,1
0x00000000,0x080A368C,ptr,0x087486B0,1
0x00000000,0x080A36C8,ptr,0x0874866C,1
0x00000000,0x080A3768,ptr,0x087486B4,1
0x00000000,0x080A37AC,ptr,0x08748670,1
0x00000000,0x080A3840,ptr,0x087486B8,1
0x00000000,0x080A387C,ptr,0x08748674,1
0x00000000,0x080A38EC,ptr,0x087486BC,1
0x00000000,0x080A3954,ptr,0x08748678,1
0x00000000,0x080A3A10,ptr,0x087486C0,1
0x00000000,0x080A3A40,ptr,0x0874867C,1
0x00000000,0x080A3B10,ptr,0x087486C4,1
0x00000000,0x080A3B4C,ptr,0x08748680,1
0x00000000,0x080A3B78,ptr,0x087486C8,1
0x00000000,0x080A3B7C,ptr,0x08748684,1
0x00000000,0x080A3BA0,ptr,0x087486CC,1
0x00000000,0x080A3BC0,ptr,0x08748688,1
0x00000000,0x080A3C08,ptr,0x087486D0,1
0x00000000,0x080A3C28,ptr,0x087484DC,1
0x00000000,0x080A3CD8,ptr,0x087486D4,1
0x00000000,0x080A3D3C,ptr,0x0874871C,1
0x00000000,0x080A3D84,ptr,0x087486D8,1
0x00000000,0x080A3DD0,ptr,0x08748720,1
0x00000000,0x080A3E10,ptr,0x087486DC,1
0x00000000,0x080A3E3C,ptr,0x08748724,1
0x00000000,0x080A3E60,ptr,0x087486E0,1
0x00000000,0x080A3E7C,ptr,0x08748728,1
0x00000000,0x080A3EA0,ptr,0x087486E4,1
0x00000000,0x080A3EDC,ptr,0x0874872C,1
0x00000000,0x080A3F24,ptr,0x087486E8,1
0x00000000,0x080A3F54,ptr,0x08748730,1
0x00000000,0x080A3FB8,ptr,0x087486EC,1
0x00000000,0x080A3FD4,ptr,0x08748734,1
0x00000000,0x080A3FF8,ptr,0x087486F0,1
0x00000000,0x080A4018,ptr,0x08748738,1
0x00000000,0x080A403C,ptr,0x087486F4,1
0x00000000,0x080A406C,ptr,0x0874873C,1
0x00000000,0x080A408C,ptr,0x087486F8,1
0x00000000,0x080A412C,ptr,0x08748740,1
0x00000000,0x080A4180,ptr,0x087486FC,1
0x00000000,0x080A4200,ptr,0x08748744,1
0x00000000,0x080A4260,ptr,0x08748700,1
0x00000000,0x080A42F8,ptr,0x08748748,1
0x00000000,0x080A4350,ptr,0x08748704,1
0x00000000,0x080A43D8,ptr,0x0874874C,1
0x00000000,0x080A4430,ptr,0x08748708,1
0x00000000,0x080A44C4,ptr,0x08748750,1
0x00000000,0x080A4508,ptr,0x0874870C,1
0x00000000,0x080A45BC,ptr,0x08748754,1
0x00000000,0x080A4604,ptr,0x08748710,1
0x00000000,0x080A4630,ptr,0x08748758,1
0x00000000,0x080A4634,ptr,0x08748714,1
0x00000000,0x080A4658,ptr,0x0874875C,1
0x00000000,0x080A4678,ptr,0x08748718,1
0x00000000,0x080A46C0,ptr,0x08748760,1
0x00000000,0x080A46E0,ptr,0x0873E744,1
0x00000000,0x080A4708,ptr,0x0873E768,1
0x00000000,0x080A472C,ptr,0x087484E0,1
0x00000000,0x080A498C,ptr,0x087302B4,1
0x00000000,0x080A4A1C,ptr,0x087489B4,1
0x00000000,0x080A4AC4,ptr,0x087489B8,1
0x00000000,0x080A4B1C,ptr,0x087489BC,1
0x00000000,0x080A4B68,ptr,0x087302BC,1
0x00000000,0x080A4BA8,ptr,0x087489D4,1
0x00000000,0x080A4C3C,ptr,0x087489D8,1
0x00000000,0x080A4C80,ptr,0x087489DC,1
0x00000000,0x080A4C84,ptr,0x0873032C,1
0x00000000,0x080A4CC4,ptr,0x087489E0,1
0x00000000,0x080A4D88,ptr,0x087489F0,1
0x00000000,0x080A4DD8,ptr,0x087489F8,1
0x00000000,0x080A4DF4,ptr,0x087489F4,1
0x00000000,0x080A4E10,ptr,0x087489FC,1
0x00000000,0x080A4E9C,ptr,0x087489E8,1
0x00000000,0x080A4F40,ptr,0x08748A28,1
0x00000000,0x080A5008,ptr,0x08748A30,1
0x00000000,0x080A5020,ptr,0x08748A2C,1
0x00000000,0x080A503C,ptr,0x08748A34,1
0x00000000,0x080A5040,ptr,0x087489E4,1
0x00000000,0x080A510C,ptr,0x08748A54,1
0x00000000,0x080A5164,ptr,0x08748A5C,1
0x00000000,0x080A5168,ptr,0x08748A58,1
0x00000000,0x080A5184,ptr,0x08748A60,1
0x00000000,0x080A5188,ptr,0x087489EC,1
0x00000000,0x080A528C,ptr,0x08748A64,1
0x00000000,0x080A52C8,ptr,0x08748A6C,1
0x00000000,0x080A5304,ptr,0x08748A68,1
0x00000000,0x080A5320,ptr,0x08748A70,1
0x00000000,0x080A5324,ptr,0x087304C4,1
0x00000000,0x080A5388,ptr,0x087304E4,1
0x00000000,0x080A5484,ptr,0x087304EC,1
0x00000000,0x080A54E4,ptr,0x0873053C,1
0x00000000,0x080A5524,ptr,0x08748A74,1
0x00000000,0x080A556C,ptr,0x08748A78,1
0x00000000,0x080A55AC,ptr,0x08748A7C,1
0x00000000,0x080A55EC,ptr,0x0873011C,1
0x00000000,0x080A5644,ptr,0x08748EB8,1
0x00000000,0x080A57D4,ptr,0x08748EBC,1
0x00000000,0x080A5A78,ptr,0x08748F1C,1
0x00000000,0x080A5AA0,ptr,0x08748EC0,1
0x00000000,0x080A5AF4,ptr,0x08748F20,1
0x00000000,0x080A5DD0,ptr,0x08748EC4,1
0x00000000,0x080A5E30,ptr,0x08748F24,1
0x00000000,0x080A5E60,ptr,0x08748EC8,1
0x00000000,0x080A5E9C,ptr,0x08748F28,1
0x00000000,0x080A5ECC,ptr,0x08748ECC,1
0x00000000,0x080A5EF0,ptr,0x08748F2C,1
0x00000000,0x080A5F20,ptr,0x08748ED0,1
0x00000000,0x080A5F7C,ptr,0x08748F30,1
0x00000000,0x080A5FAC,ptr,0x08748ED4,1
0x00000000,0x080A6020,ptr,0x08748F34,1
0x00000000,0x080A60D8,ptr,0x08748ED8,1
0x00000000,0x080A6130,ptr,0x08748F38,1
0x00000000,0x080A61B4,ptr,0x08748EE0,1
0x00000000,0x080A6264,ptr,0x08748F40,1
0x00000000,0x080A6280,ptr,0x08748EDC,1
0x00000000,0x080A6330,ptr,0x08748F3C,1
0x00000000,0x080A634C,ptr,0x08748EE4,1
0x00000000,0x080A638C,ptr,0x08748F44,1
0x00000000,0x080A63A4,ptr,0x08748EE8,1
0x00000000,0x080A63D8,ptr,0x08748F48,1
0x00000000,0x080A63F0,ptr,0x08748EEC,1
0x00000000,0x080A6420,ptr,0x08748F4C,1
0x00000000,0x080A6438,ptr,0x08748EF0,1
0x00000000,0x080A650C,ptr,0x08748F50,1
0x00000000,0x080A6544,ptr,0x08748EFC,1
0x00000000,0x080A6574,ptr,0x08748F5C,1
0x00000000,0x080A658C,ptr,0x08748EF8,1
0x00000000,0x080A6628,ptr,0x08748F58,1
0x00000000,0x080A6650,ptr,0x08748EF4,1
0x00000000,0x080A6680,ptr,0x08748F54,1
0x00000000,0x080A6698,ptr,0x08748F00,1
0x00000000,0x080A66C8,ptr,0x08748F60,1
0x00000000,0x080A6710,ptr,0x08748F04,1
0x00000000,0x080A6734,ptr,0x08748F64,1
0x00000000,0x080A6754,ptr,0x08748F08,1
0x00000000,0x080A680C,ptr,0x08748F68,1
0x00000000,0x080A6868,ptr,0x08748F0C,1
0x00000000,0x080A6988,ptr,0x08748F6C,1
0x00000000,0x080A69E4,ptr,0x08748F10,1
0x00000000,0x080A6AAC,ptr,0x08748F70,1
0x00000000,0x080A6B3C,ptr,0x08748F14,1
0x00000000,0x080A6C3C,ptr,0x08748F74,1
0x00000000,0x080A6D08,ptr,0x08748F18,1
0x00000000,0x080A6D60,ptr,0x08748F78,1
0x00000000,0x080A7260,ptr,0x08749B28,1
0x00000000,0x080A72FC,ptr,0x08749B2C,1
0x00000000,0x080A7334,ptr,0x08749B18,1
0x00000000,0x080A73B4,ptr,0x0873E760,1
0x00000000,0x080A7438,ptr,0x08748F7C,1
0x00000000,0x080A75A0,ptr,0x08748F84,1
0x00000000,0x080A75C8,ptr,0x08748F80,1
0x00000000,0x080A787C,ptr,0x08748F88,1
0x00000000,0x080A7880,ptr,0x087304F4,1
0x00000000,0x080A7998,ptr,0x087304FC,1
0x00000000,0x080A7AE4,ptr,0x08730504,1
0x00000000,0x080A7B88,ptr,0x0873050C,1
0x00000000,0x080A7C9C,ptr,0x08730514,1
0x00000000,0x080A7D20,ptr,0x0873E73C,1
0x00000000,0x080A7D2C,ptr,0x0873013C,1
0x00000000,0x080A7D98,ptr,0x08749150,1
0x00000000,0x080A7E44,ptr,0x08749158,1
0x00000000,0x080A8038,ptr,0x08749160,1
0x00000000,0x080A85E4,ptr,0x0874915C,1
0x00000000,0x080A860C,ptr,0x08749164,1
0x00000000,0x080A87C8,ptr,0x08749154,1
0x00000000,0x080A8878,ptr,0x08749168,1
0x00000000,0x080A8948,ptr,0x08749184,1
0x00000000,0x080A8970,ptr,0x0874916C,1
0x00000000,0x080A8B44,ptr,0x08749188,1
0x00000000,0x080A8B6C,ptr,0x08749170,1
0x00000000,0x080A8BCC,ptr,0x0874918C,1
0x00000000,0x080A8BF4,ptr,0x08749174,1
0x00000000,0x080A8C84,ptr,0x08749190,1
0x00000000,0x080A8D1C,ptr,0x08749178,1
0x00000000,0x080A8F18,ptr,0x08749194,1
0x00000000,0x080A8F40,ptr,0x08749180,1
0x00000000,0x080A8FB4,ptr,0x0874919C,1
0x00000000,0x080A8FDC,ptr,0x0874917C,1
0x00000000,0x080A9304,ptr,0x08749198,1
0x00000000,0x080A9760,ptr,0x08749B40,1
0x00000000,0x080A97D8,ptr,0x08749B44,1
0x00000000,0x080A9814,ptr,0x0873E770,1
0x00000000,0x080A983C,ptr,0x0873054C,1
0x00000000,0x080A99A0,ptr,0x08730554,1
0x00000000,0x080A9C28,ptr,0x0873055C,1
0x00000000,0x080A9CF0,ptr,0x08730564,1
0x00000000,0x080A9DA4,ptr,0x0873056C,1
0x00000000,0x080A9EA4,ptr,0x0873E74C,1
0x00000000,0x080AA288,ptr,0x0873014C,1
0x00000000,0x080AA338,ptr,0x087493F4,1
0x00000000,0x080AA47C,ptr,0x087493F8,1
0x00000000,0x080AA52C,ptr,0x08749428,1
0x00000000,0x080AA560,ptr,0x087493FC,1
0x00000000,0x080AA62C,ptr,0x0874942C,1
0x00000000,0x080AA67C,ptr,0x08749400,1
0x00000000,0x080AA6A8,ptr,0x08749430,1
0x00000000,0x080AA6D0,ptr,0x08749404,1
0x00000000,0x080AA71C,ptr,0x08749434,1
0x00000000,0x080AA744,ptr,0x08749408,1
0x00000000,0x080AA970,ptr,0x08749438,1
0x00000000,0x080AA998,ptr,0x08749414,1
0x00000000,0x080AAB4C,ptr,0x08749444,1
0x00000000,0x080AAB80,ptr,0x08749410,1
0x00000000,0x080AAD64,ptr,0x08749440,1
0x00000000,0x080AAD98,ptr,0x0874940C,1
0x00000000,0x080AAF38,ptr,0x0874943C,1
0x00000000,0x080AAF6C,ptr,0x08749418,1
0x00000000,0x080AB158,ptr,0x08749448,1
0x00000000,0x080AB1A8,ptr,0x0874941C,1
0x00000000,0x080AB394,ptr,0x0874944C,1
0x00000000,0x080AB3C8,ptr,0x08749420,1
0x00000000,0x080AB418,ptr,0x08749450,1
0x00000000,0x080AB440,ptr,0x08749424,1
0x00000000,0x080AB46C,ptr,0x08749454,1
0x00000000,0x080AB854,ptr,0x08749B58,1
0x00000000,0x080AB8A8,ptr,0x08749B5C,1
0x00000000,0x080AB93C,ptr,0x0873E778,1
0x00000000,0x080ABD04,ptr,0x087305BC,1
0x00000000,0x080ABE38,ptr,0x0873057C,1
0x00000000,0x080ABF10,ptr,0x08730584,1
0x00000000,0x080AC020,ptr,0x0873058C,1
0x00000000,0x080AC124,ptr,0x08730594,1
0x00000000,0x080AC27C,ptr,0x0873059C,1
0x00000000,0x080AC3A4,ptr,0x087305AC,1
0x00000000,0x080AC410,ptr,0x087305A4,1
0x00000000,0x080AC510,ptr,0x087305B4,1
0x00000000,0x080AC678,ptr,0x0873E754,1
0x00000000,0x080AC684,ptr,0x087302F4,1
0x00000000,0x080AC868,ptr,0x08749B8C,1
0x00000000,0x080AC94C,ptr,0x08749B98,1
0x00000000,0x080AC950,ptr,0x08749B90,1
0x00000000,0x080ACA38,ptr,0x08749B9C,1
0x00000000,0x080ACA3C,ptr,0x08749B94,1
0x00000000,0x080ACA60,ptr,0x08749BA0,1
0x00000000,0x080ACA90,ptr,0x08730334,1
0x00000000,0x080ACB20,ptr,0x08749BA4,1
0x00000000,0x080ACC18,ptr,0x08749BA8,1
0x00000000,0x080ACC9C,ptr,0x08730374,1
0x00000000,0x080ACD38,ptr,0x08749BE4,1
0x00000000,0x080ACE60,ptr,0x08749BE8,1
0x00000000,0x080ACEA8,ptr,0x08730114,2
0x00000000,0x080ACF68,ptr,0x08749D14,1
0x00000000,0x080ACFFC,ptr,0x08749D18,1
0x00000000,0x080AD128,ptr,0x0874B4E4,1
0x00000000,0x080AD13C,ptr,0x0874B4E8,1
0x00000000,0x080AD160,ptr,0x0873E75C,1
0x00000000,0x080AD4B8,ptr,0x08730124,1
0x00000000,0x080ADB58,ptr,0x0874B4FC,1
0x00000000,0x080ADBF0,ptr,0x0874B500,1
0x00000000,0x080ADC44,ptr,0x0873E764,1
0x00000000,0x080ADCA4,ptr,0x0873051C,1
0x00000000,0x080ADEFC,ptr,0x08730524,1
0x00000000,0x080AE038,ptr,0x0873052C,1
0x00000000,0x080AE1F0,ptr,0x08730534,1
0x00000000,0x080AE3BC,ptr,0x08730144,1
0x00000000,0x080AF114,ptr,0x0874AD34,1
0x00000000,0x080AF144,ptr,0x0874AD38,1
0x00000000,0x080AF188,ptr,0x0874AD3C,1
0x00000000,0x080AF1B8,ptr,0x0874B074,1
0x00000000,0x080AF1C8,ptr,0x0874AD40,1
0x00000000,0x080AF278,ptr,0x0874B518,1
0x00000000,0x080AF308,ptr,0x0873E774,1
0x00000000,0x080AF30C,ptr,0x0873036C,1
0x00000000,0x080AF38C,ptr,0x0874B1DC,1
0x00000000,0x080AF4A4,ptr,0x0874B1E0,1
0x00000000,0x080AF5BC,ptr,0x0874B1E4,1
0x00000000,0x080AF6C8,ptr,0x0874B1E8,1
0x00000000,0x080AF844,ptr,0x0874B1EC,1
0x00000000,0x080AF938,ptr,0x0874B1F0,1
0x00000000,0x080AF9E4,ptr,0x0874B1F4,1
0x00000000,0x080AFAA4,ptr,0x0874B1F8,1
0x00000000,0x080AFB50,ptr,0x0874B1FC,1
0x00000000,0x080AFC10,ptr,0x0874B200,1
0x00000000,0x080AFCD4,ptr,0x0874B204,1
0x00000000,0x080AFD9C,ptr,0x0874B208,1
0x00000000,0x080AFDF0,ptr,0x087305C4,1
0x00000000,0x080AFF40,ptr,0x087305CC,1
0x00000000,0x080B0144,ptr,0x087305D4,1
0x00000000,0x080B0338,ptr,0x087305DC,1
0x00000000,0x080B0840,ptr,0x087301B4,1
0x00000000,0x080B08E4,ptr,0x08515CFC,2
0x00000000,0x080B0CC8,ptr,0x087302D4,1
0x00000000,0x080B0DE4,ptr,0x0874B540,1
0x00000000,0x080B0E80,ptr,0x0874B544,1
0x00000000,0x080B0F04,ptr,0x0874B548,1
0x00000000,0x080B0F98,ptr,0x0874B54C,1
0x00000000,0x080B102C,ptr,0x0874B550,1
0x00000000,0x080B10C8,ptr,0x0874B554,1
0x00000000,0x080B1264,ptr,0x0874B558,1
0x00000000,0x080B13BC,ptr,0x087302DC,1
0x00000000,0x080B14AC,ptr,0x0874B55C,1
0x00000000,0x080B1588,ptr,0x0874BF58,1
0x00000000,0x080B1594,ptr,0x0874BF5C,1
0x00000000,0x080B15B4,ptr,0x0874BF68,1
0x00000000,0x080B1710,ptr,0x087302FC,1
0x00000000,0x080B1770,ptr,0x08730304,1
0x00000000,0x080B1A1C,ptr,0x0874B5E4,1
0x00000000,0x080B1B2C,ptr,0x0874B5FC,1
0x00000000,0x080B1C04,ptr,0x0874B5E8,1
0x00000000,0x080B1D2C,ptr,0x0874B600,1
0x00000000,0x080B1D98,ptr,0x0874B5EC,1
0x00000000,0x080B1E20,ptr,0x0874B604,1
0x00000000,0x080B1EF8,ptr,0x0874B5F0,1
0x00000000,0x080B1F80,ptr,0x0874B608,1
0x00000000,0x080B20D4,ptr,0x0874B5F8,1
0x00000000,0x080B214C,ptr,0x0874B610,1
0x00000000,0x080B21A0,ptr,0x0874B5F4,1
0x00000000,0x080B2228,ptr,0x0874B60C,1
0x00000000,0x080B22F8,ptr,0x0873030C,1
0x00000000,0x080B2418,ptr,0x08730314,1
0x00000000,0x080B2550,ptr,0x0874C20C,2
0x00000000,0x080B2574,ptr,0x0874C208,2
0x00000000,0x080B2884,ptr,0x0873E748,1
0x00000000,0x080B2A00,ptr,0x08730134,1
0x00000000,0x080B2A74,ptr,0x0874C12C,1
0x00000000,0x080B2AE4,ptr,0x0874C130,1
0x00000000,0x080B2B28,ptr,0x0874C140,1
0x00000000,0x080B2B40,ptr,0x0874C134,1
0x00000000,0x080B2BF0,ptr,0x0874C144,1
0x00000000,0x080B2C18,ptr,0x0874C138,1
0x00000000,0x080B2CC8,ptr,0x0874C148,1
0x00000000,0x080B2CF0,ptr,0x0874C13C,1
0x00000000,0x080B2D80,ptr,0x0874C14C,1
0x00000000,0x080B2DD4,ptr,0x0873E76C,1
0x00000000,0x080B2E58,ptr,0x0874C150,1
0x00000000,0x080B2F34,ptr,0x0874C154,1
0x00000000,0x080B2F38,ptr,0x0874C418,1
0x00000000,0x080B3050,ptr,0x0873031C,1
0x00000000,0x080B3090,ptr,0x0874C21C,1
0x00000000,0x080B312C,ptr,0x0874C220,1
0x00000000,0x080B319C,ptr,0x0874C230,1
0x00000000,0x080B31A0,ptr,0x0874C224,1
0x00000000,0x080B31E0,ptr,0x0874C234,1
0x00000000,0x080B3214,ptr,0x0874C228,1
0x00000000,0x080B3258,ptr,0x0874C238,1
0x00000000,0x080B328C,ptr,0x0874C22C,1
0x00000000,0x080B32D0,ptr,0x0874C23C,1
0x00000000,0x080B3318,ptr,0x08730324,1
0x00000000,0x080B3368,ptr,0x0874C254,1
0x00000000,0x080B33D8,ptr,0x0874C258,1
0x00000000,0x080B3758,ptr,0x0874C25C,1
0x00000000,0x080B3C68,ptr,0x08730484,1
0x00000000,0x080B3E54,ptr,0x0873015C,1
0x00000000,0x080B3E94,ptr,0x08730164,1
0x00000000,0x080B3ED4,ptr,0x0873016C,1
0x00000000,0x080B3F14,ptr,0x08730174,1
0x00000000,0x080B404C,ptr,0x0873F61C,1
0x00000000,0x080B406C,ptr,0x0873F618,1
0x00000000,0x080B40A4,ptr,0x0875607C,2
0x00000000,0x080B4174,ptr,0x087560A0,1
0x00000000,0x080B4190,ptr,0x087560AC,1
0x00000000,0x080B4194,ptr,0x087560A4,1
0x00000000,0x080B41C8,ptr,0x087560B0,1
0x00000000,0x080B41CC,ptr,0x087560A8,1
0x00000000,0x080B4200,ptr,0x087560B4,1
0x00000000,0x080B429C,ptr,0x087560B8,1
0x00000000,0x080B42F8,ptr,0x087560BC,1
0x00000000,0x080B4390,ptr,0x0873F5FC,1
0x00000000,0x080B43D4,ptr,0x0873F604,1
0x00000000,0x080B43F4,ptr,0x0873F60C,1
0x00000000,0x080B442C,ptr,0x0873F614,1
0x00000000,0x080B469C,ptr,0x08730154,1
0x00000000,0x080B4770,ptr,0x087560D0,1
0x00000000,0x080B4788,ptr,0x087560D8,1
0x00000000,0x080B4794,ptr,0x087560D4,1
0x00000000,0x080B47C0,ptr,0x087560DC,1
0x00000000,0x080B47CC,ptr,0x0873017C,1
0x00000000,0x080B4A5C,ptr,0x087560E0,1
0x00000000,0x080B4B18,ptr,0x08756150,1
0x00000000,0x080B4B94,ptr,0x08756158,1
0x00000000,0x080B4BB0,ptr,0x08756154,1
0x00000000,0x080B4BD8,ptr,0x0875615C,1
0x00000000,0x080B4BE4,ptr,0x087560E4,1
0x00000000,0x080B4CA0,ptr,0x08756160,1
0x00000000,0x080B4D1C,ptr,0x0875616C,1
0x00000000,0x080B4D50,ptr,0x08756164,1
0x00000000,0x080B4DB4,ptr,0x08756170,1
0x00000000,0x080B4DD0,ptr,0x08756168,1
0x00000000,0x080B4DF8,ptr,0x08756174,1
0x00000000,0x080B4E04,ptr,0x087560E8,1
0x00000000,0x080B6154,ptr,0x08756198,1
0x00000000,0x080B6290,ptr,0x0875619C,1
0x00000000,0x080B63A4,ptr,0x087561A0,1
0x00000000,0x080B6474,ptr,0x087561A4,1
0x00000000,0x080B6570,ptr,0x087561A8,2
0x00000000,0x080B67DC,ptr,0x087561B0,2
0x00000000,0x080B6B08,ptr,0x087561B8,1
0x00000000,0x080B6C40,ptr,0x087561BC,1
0x00000000,0x080B6D04,ptr,0x087561C0,1
0x00000000,0x080B9674,ptr,0x08756270,1
0x00000000,0x080B9690,ptr,0x0875628C,1
0x00000000,0x080B96A0,ptr,0x08756274,1
0x00000000,0x080B96BC,ptr,0x08756290,1
0x00000000,0x080B9710,ptr,0x08756278,1
0x00000000,0x080B9730,ptr,0x08756294,1
0x00000000,0x080B9740,ptr,0x0875627C,1
0x00000000,0x080B9764,ptr,0x08756298,1
0x00000000,0x080B9770,ptr,0x08756280,1
0x00000000,0x080B9798,ptr,0x0875629C,1
0x00000000,0x080B97A4,ptr,0x08756284,1
0x00000000,0x080B97D0,ptr,0x087562A0,1
0x00000000,0x080B97DC,ptr,0x08756288,1
0x00000000,0x080B97F8,ptr,0x087562A4,1
0x00000000,0x080BA404,ptr,0x0873021C,1
0x00000000,0x080BA454,ptr,0x087562CC,1
0x00000000,0x080BA4E0,ptr,0x087562D8,1
0x00000000,0x080BAB08,ptr,0x087562E8,1
0x00000000,0x080BAD00,ptr,0x087562FC,1
0x00000000,0x080BAD44,ptr,0x08756318,1
0x00000000,0x080BAD80,ptr,0x08756300,1
0x00000000,0x080BAD9C,ptr,0x0875631C,1
0x00000000,0x080BADE4,ptr,0x08756304,1
0x00000000,0x080BAE0C,ptr,0x08756320,1
0x00000000,0x080BAE34,ptr,0x08756308,1
0x00000000,0x080BAE5C,ptr,0x08756324,1
0x00000000,0x080BAE84,ptr,0x0875630C,1
0x00000000,0x080BAEB0,ptr,0x08756328,1
0x00000000,0x080BAEF0,ptr,0x08756310,1
0x00000000,0x080BAF18,ptr,0x0875632C,1
0x00000000,0x080BAF40,ptr,0x08756314,1
0x00000000,0x080BAF9C,ptr,0x08756330,1
0x00000000,0x080BB258,ptr,0x08756334,1
0x00000000,0x080BB29C,ptr,0x08756350,1
0x00000000,0x080BB2D8,ptr,0x08756338,1
0x00000000,0x080BB2F4,ptr,0x08756354,1
0x00000000,0x080BB328,ptr,0x0875633C,1
0x00000000,0x080BB358,ptr,0x08756358,1
0x00000000,0x080BB380,ptr,0x08756340,1
0x00000000,0x080BB3A8,ptr,0x0875635C,1
0x00000000,0x080BB3E8,ptr,0x08756344,1
0x00000000,0x080BB42C,ptr,0x08756348,1
0x00000000,0x080BB454,ptr,0x08756364,1
0x00000000,0x080BB47C,ptr,0x0875634C,1
0x00000000,0x080BB4FC,ptr,0x08756368,1
0x00000000,0x080BBD9C,ptr,0x087562EC,1
0x00000000,0x080BBE20,ptr,0x08756378,1
0x00000000,0x080BBE58,ptr,0x08756394,1
0x00000000,0x080BBE80,ptr,0x0875637C,1
0x00000000,0x080BBEDC,ptr,0x08756398,1
0x00000000,0x080BBF04,ptr,0x08756380,1
0x00000000,0x080BBF44,ptr,0x0875639C,1
0x00000000,0x080BBF6C,ptr,0x08756384,1
0x00000000,0x080BBF9C,ptr,0x087563A0,1
0x00000000,0x080BBFC4,ptr,0x08756388,1
0x00000000,0x080BC008,ptr,0x087563A4,1
0x00000000,0x080BC03C,ptr,0x0875638C,1
0x00000000,0x080BC06C,ptr,0x087563A8,1
0x00000000,0x080BC0A0,ptr,0x08756390,1
0x00000000,0x080BC0B8,ptr,0x087563AC,1
0x00000000,0x080BC0CC,ptr,0x08730224,1
0x00000000,0x080BC850,ptr,0x087563B0,1
0x00000000,0x080BC8E0,ptr,0x08756468,1
0x00000000,0x080BC948,ptr,0x08756480,1
0x00000000,0x080BC988,ptr,0x0875646C,1
0x00000000,0x080BC9C0,ptr,0x08756484,1
0x00000000,0x080BC9C4,ptr,0x08756470,1
0x00000000,0x080BCA68,ptr,0x08756488,1
0x00000000,0x080BCA6C,ptr,0x08756474,1
0x00000000,0x080BCAAC,ptr,0x0875648C,1
0x00000000,0x080BCADC,ptr,0x08756478,1
0x00000000,0x080BCBBC,ptr,0x08756490,1
0x00000000,0x080BCBC0,ptr,0x0875647C,1
0x00000000,0x080BCBF8,ptr,0x08756494,1
0x00000000,0x080BCDAC,ptr,0x087563B4,1
0x00000000,0x080BCF60,ptr,0x087563B8,1
0x00000000,0x080BCFA4,ptr,0x087563BC,1
0x00000000,0x080BD06C,ptr,0x087563C0,1
0x00000000,0x080BD110,ptr,0x087563C8,1
0x00000000,0x080BD4BC,ptr,0x087563C4,1
0x00000000,0x080BD544,ptr,0x087564E4,1
0x00000000,0x080BD594,ptr,0x087564FC,1
0x00000000,0x080BD5D4,ptr,0x087564E8,1
0x00000000,0x080BD60C,ptr,0x08756500,1
0x00000000,0x080BD610,ptr,0x087564EC,1
0x00000000,0x080BD62C,ptr,0x08756504,1
0x00000000,0x080BD630,ptr,0x087564F0,1
0x00000000,0x080BD664,ptr,0x08756508,1
0x00000000,0x080BD694,ptr,0x087564F4,1
0x00000000,0x080BD6B0,ptr,0x0875650C,1
0x00000000,0x080BD6B4,ptr,0x087564F8,1
0x00000000,0x080BD7EC,ptr,0x08756510,1
0x00000000,0x080BD7F0,ptr,0x087563CC,1
0x00000000,0x080BD8AC,ptr,0x087563D0,1
0x00000000,0x080BD9B0,ptr,0x087563D4,1
0x00000000,0x080BDA0C,ptr,0x087562DC,1
0x00000000,0x080BDA2C,ptr,0x08756568,1
0x00000000,0x080BDAB4,ptr,0x08756668,1
0x00000000,0x080BDC18,ptr,0x08756670,1
0x00000000,0x080BDC40,ptr,0x0875666C,1
0x00000000,0x080BDD00,ptr,0x08756674,1
0x00000000,0x080BE164,ptr,0x0875656C,1
0x00000000,0x080BE1EC,ptr,0x08756678,1
0x00000000,0x080BE2F0,ptr,0x08756680,1
0x00000000,0x080BE318,ptr,0x0875667C,1
0x00000000,0x080BE4A0,ptr,0x08756684,1
0x00000000,0x080BE7DC,ptr,0x0873022C,1
0x00000000,0x080BE7FC,ptr,0x08756688,1
0x00000000,0x080BE8C4,ptr,0x087566A4,1
0x00000000,0x080BEAE0,ptr,0x087566D8,1
0x00000000,0x080BEB08,ptr,0x087566A8,1
0x00000000,0x080BEB54,ptr,0x087566DC,1
0x00000000,0x080BEBD4,ptr,0x087566AC,1
0x00000000,0x080BECC0,ptr,0x087566E0,1
0x00000000,0x080BED08,ptr,0x087566B0,1
0x00000000,0x080BEF1C,ptr,0x087566E4,1
0x00000000,0x080BEF64,ptr,0x087566B4,1
0x00000000,0x080BF048,ptr,0x087566E8,1
0x00000000,0x080BF1CC,ptr,0x087566B8,1
0x00000000,0x080BF214,ptr,0x087566EC,1
0x00000000,0x080BF2AC,ptr,0x087566BC,1
0x00000000,0x080BF32C,ptr,0x087566F0,1
0x00000000,0x080BF394,ptr,0x087566C0,1
0x00000000,0x080BF67C,ptr,0x087566F4,1
0x00000000,0x080BF6A4,ptr,0x087566C4,1
0x00000000,0x080BF788,ptr,0x087566F8,1
0x00000000,0x080BF7F0,ptr,0x087566C8,1
0x00000000,0x080BF934,ptr,0x087566FC,1
0x00000000,0x080BF994,ptr,0x087566CC,1
0x00000000,0x080BFB24,ptr,0x08756700,1
0x00000000,0x080BFB4C,ptr,0x087566D0,1
0x00000000,0x080BFB94,ptr,0x08756704,1
0x00000000,0x080BFBF4,ptr,0x087566D4,1
0x00000000,0x080BFD58,ptr,0x08756708,1
0x00000000,0x080BFD80,ptr,0x0875668C,1
0x00000000,0x080BFDE8,ptr,0x08756780,1
0x00000000,0x080BFE64,ptr,0x0875678C,1
0x00000000,0x080BFF28,ptr,0x08756784,1
0x00000000,0x080C0074,ptr,0x08756790,1
0x00000000,0x080C0388,ptr,0x08756788,1
0x00000000,0x080C0540,ptr,0x08756794,1
0x00000000,0x080C0AFC,ptr,0x087D2CB8,1
0x00000000,0x080C0C58,ptr,0x08756690,1
0x00000000,0x080C0D30,ptr,0x08756694,1
0x00000000,0x080C0DE8,ptr,0x087571F8,1
0x00000000,0x080C0E88,ptr,0x08757208,1
0x00000000,0x080C0F54,ptr,0x0875720C,1
0x00000000,0x080C0FE4,ptr,0x08757210,1
0x00000000,0x080C1068,ptr,0x08757214,1
0x00000000,0x080C1114,ptr,0x0867A4E8,4
0x00000000,0x080C11CC,ptr,0x08757218,1
0x00000000,0x080C1260,ptr,0x0875721C,1
0x00000000,0x080C1300,ptr,0x08757220,1
0x00000000,0x080C1390,ptr,0x08757224,1
0x00000000,0x080C1424,ptr,0x08757200,1
0x00000000,0x080C14B8,ptr,0x08757228,1
0x00000000,0x080C1558,ptr,0x0875722C,1
0x00000000,0x080C1608,ptr,0x08757230,1
0x00000000,0x080C168C,ptr,0x08757234,1
0x00000000,0x080C173C,ptr,0x08756698,1
0x00000000,0x080C17B0,ptr,0x0875669C,1
0x00000000,0x080C183C,ptr,0x08757238,1
0x00000000,0x080C18C4,ptr,0x08757244,1
0x00000000,0x080C18C8,ptr,0x08757240,1
0x00000000,0x080C1950,ptr,0x0875724C,1
0x00000000,0x080C1AB8,ptr,0x0875723C,1
0x00000000,0x080C1B2C,ptr,0x08757248,1
0x00000000,0x080C1B30,ptr,0x087566A0,1
0x00000000,0x080C1B94,ptr,0x08757270,1
0x00000000,0x080C1BE8,ptr,0x08757278,1
0x00000000,0x080C1CEC,ptr,0x08757274,1
0x00000000,0x080C1D84,ptr,0x0875727C,1
0x00000000,0x080C1F18,ptr,0x087D3F04,1
0x00000000,0x080C1F9C,ptr,0x087562D4,1
0x00000000,0x080C1FDC,ptr,0x087562E0,1
0x00000000,0x080C21B0,ptr,0x087572CC,1
0x00000000,0x080C243C,ptr,0x087572D0,1
0x00000000,0x080C2FF8,ptr,0x08730234,1
0x00000000,0x080C3018,ptr,0x087572D4,1
0x00000000,0x080C3F44,ptr,0x087572DC,1
0x00000000,0x080C46EC,ptr,0x087572D8,1
0x00000000,0x080C501E,ptr,0x08302440,1
0x00000000,0x080C51FE,ptr,0x0824C41C,2
0x00000000,0x080C6C64,ptr,0x08730254,1
0x00000000,0x080C6D84,ptr,0x08757334,1
0x00000000,0x080C7810,ptr,0x08757338,1
0x00000000,0x080C7CC0,ptr,0x0875733C,1
0x00000000,0x080C7E4C,ptr,0x08757340,1
0x00000000,0x080C8498,ptr,0x08757344,1
0x00000000,0x080C85D8,ptr,0x08757348,1
0x00000000,0x080C88F0,ptr,0x0875734C,1
0x00000000,0x080C8958,ptr,0x08757350,1
0x00000000,0x080C8CD4,ptr,0x08757354,1
0x00000000,0x080C8EA8,ptr,0x08757358,1
0x00000000,0x080C9004,ptr,0x082D8498,3
0x00000000,0x080C9114,ptr,0x087573F8,1
0x00000000,0x080C94CC,ptr,0x08757400,1
0x00000000,0x080C9884,ptr,0x08757404,1
0x00000000,0x080C98D8,ptr,0x08757408,1
0x00000000,0x080C9A28,ptr,0x08757420,1
0x00000000,0x080C9D10,ptr,0x087573FC,1
0x00000000,0x080C9E8C,ptr,0x08757418,1
0x00000000,0x080CA344,ptr,0x0875741C,1
0x00000000,0x080CA71C,ptr,0x0875740C,1
0x00000000,0x080CA830,ptr,0x08757410,1
0x00000000,0x080CA8F0,ptr,0x08757414,1
0x00000000,0x080CB354,ptr,0x08730754,1
0x00000000,0x080CB3A8,ptr,0x0873075C,1
0x00000000,0x080CB418,ptr,0x08730764,1
0x00000000,0x080CB4F4,ptr,0x0873076C,1
0x00000000,0x080CB588,ptr,0x08730774,1
0x00000000,0x080CB5C4,ptr,0x08758294,1
0x00000000,0x080CB64C,ptr,0x087582AC,1
0x00000000,0x080CB70C,ptr,0x087582B0,1
0x00000000,0x080CBABC,ptr,0x087582BC,1
0x00000000,0x080CBAC0,ptr,0x087582B4,1
0x00000000,0x080CBEA4,ptr,0x087582C0,1
0x00000000,0x080CBED4,ptr,0x08758298,1
0x00000000,0x080CBFE4,ptr,0x087582C4,1
0x00000000,0x080CC024,ptr,0x087582DC,1
0x00000000,0x080CC0A4,ptr,0x087582C8,1
0x00000000,0x080CC14C,ptr,0x087582E0,1
0x00000000,0x080CC180,ptr,0x087582CC,1
0x00000000,0x080CC2B8,ptr,0x087582E4,1
0x00000000,0x080CC2E0,ptr,0x087582D0,1
0x00000000,0x080CC5D4,ptr,0x087582E8,1
0x00000000,0x080CC608,ptr,0x087582D4,1
0x00000000,0x080CC740,ptr,0x087582EC,1
0x00000000,0x080CC768,ptr,0x087582D8,1
0x00000000,0x080CCD10,ptr,0x087582F0,1
0x00000000,0x080CCD4C,ptr,0x0875829C,1
0x00000000,0x080CCEC8,ptr,0x087582A0,1
0x00000000,0x080CCF2C,ptr,0x08758324,1
0x00000000,0x080CD0C8,ptr,0x0875832C,1
0x00000000,0x080CD0CC,ptr,0x08758328,1
0x00000000,0x080CD248,ptr,0x08758330,1
0x00000000,0x080CD24C,ptr,0x087582A4,1
0x00000000,0x080CD2F8,ptr,0x087582A8,1
0x00000000,0x080CDCEC,ptr,0x0860A1C8,1
0x00000000,0x080CDD0C,ptr,0x0860A140,11
0x00000000,0x080CDD7C,ptr,0x0860A144,1
0x00000000,0x080CDDCC,ptr,0x0860A150,1
0x00000000,0x080CE1B4,ptr,0x0860A1BC,1
0x00000000,0x080CEA54,ptr,0x0860A1B8,1
0x00000000,0x080CEE38,ptr,0x0860A1C0,1
0x00000000,0x080CEF00,ptr,0x0860A1C4,1
0x00000000,0x080CF94C,ptr,0x0860A3E8,2
0x00000000,0x080CF960,ptr,0x0860A3EC,1
0x00000000,0x080CFA9C,ptr,0x0872EA04,1
0x00000000,0x080CFAC0,ptr,0x0872EA08,1
0x00000000,0x080CFB64,ptr,0x0872EA0C,1
0x00000000,0x080CFB94,ptr,0x0872EA10,1
0x00000000,0x080CFCFC,ptr,0x086DA494,1
0x08000700,0x08000108,ptr,0x08000730,1
0x08000700,0x08001B08,ptr,0x08000878,1
0x08001488,0x08001518,ptr,0x080014B8,1
0x080014E8,0x08001518,ptr,0x08001508,1
0x08003888,0x08004068,ptr,0x08003958,1
0x08003964,0x08004068,ptr,0x080039EC,1
0x080044B8,0x08001518,ptr,0x0800455C,2
0x080044B8,0x080045E8,ptr,0x08004560,1
0x080044B8,0x0800469C,ptr,0x080045D4,1
0x0800663C,0x08006D18,ptr,0x08006704,1
0x0800663C,0x08006D28,ptr,0x08006700,1
0x080071DC,0x08006D18,ptr,0x08007240,1
0x080071DC,0x08006D28,ptr,0x0800723C,1
0x08008348,0x08008394,ptr,0x08008374,1
0x08009640,0x080059D8,ptr,0x08009678,1
0x08009640,0x08005CA0,ptr,0x0800967C,1
0x080099FC,0x080059D8,ptr,0x08009A80,1
0x080099FC,0x08005CA0,ptr,0x08009A84,1
0x0800DAF8,0x080059D8,ptr,0x0800DB54,1
0x0800DAF8,0x08005CA0,ptr,0x0800DB58,1
0x0800DB64,0x080059D8,ptr,0x0800DBC8,1
0x0800DB64,0x08005CA0,ptr,0x0800DBCC,1
0x0800DB64,0x0800DBDC,ptr,0x0800DBD0,1
0x0800DCD8,0x080059D8,ptr,0x0800DD38,1
0x0800DCD8,0x08005CA0,ptr,0x0800DD3C,1
0x0800DCD8,0x0800DDA0,ptr,0x0800DD40,1
0x0800DE6C,0x0800DFDC,ptr,0x0800DECC,1
0x0800E0C0,0x080059D8,ptr,0x0800E0F0,1
0x0800E0C0,0x0800E148,ptr,0x0800E0F4,1
0x0800E314,0x080059D8,ptr,0x0800E37C,1
0x0800E314,0x08005CA0,ptr,0x0800E380,1
0x0800E314,0x0800E390,ptr,0x0800E384,1
0x0800E46C,0x080059D8,ptr,0x0800E4C8,1
0x0800E46C,0x08005CA0,ptr,0x0800E4CC,1
0x0800E46C,0x0800E518,ptr,0x0800E4D0,1
0x0800E5B0,0x080059D8,ptr,0x0800E648,1
0x0800E5B0,0x0800E674,ptr,0x0800E64C,1
0x0800E81C,0x080059D8,ptr,0x0800E89C,1
0x0800E81C,0x08005CA0,ptr,0x0800E8A0,1
0x0800E81C,0x0800E8C0,ptr,0x0800E8A4,1
0x0800E9A4,0x080059D8,ptr,0x0800E9D4,1
0x0800E9A4,0x0800EA0C,ptr,0x0800E9D8,1
0x0800EAE4,0x080059D8,ptr,0x0800EBF8,1
0x0800EAE4,0x0800EC08,ptr,0x0800EBFC,1
0x0800EC70,0x0800ECB8,ptr,0x0800ECB0,1
0x0800F180,0x080059D8,ptr,0x0800F260,1
0x0800F180,0x08005CA0,ptr,0x0800F264,1
0x0800F180,0x0800F2B4,ptr,0x0800F268,1
0x0800F390,0x080059D8,ptr,0x0800F3F4,1
0x0800F390,0x08005CA0,ptr,0x0800F3F8,1
0x0800F390,0x0800F408,ptr,0x0800F3FC,1
0x0800F5EC,0x080059D8,ptr,0x0800F638,1
0x0800F5EC,0x08005CA0,ptr,0x0800F63C,1
0x0800F5EC,0x0800F698,ptr,0x0800F640,1
0x0800F7B0,0x080059D8,ptr,0x0800F800,1
0x0800F7B0,0x08005CA0,ptr,0x0800F804,1
0x0800F7B0,0x0800F840,ptr,0x0800F808,1
0x080103F0,0x08010480,ptr,0x08010474,1
0x08010528,0x080059D8,ptr,0x0801080C,1
0x08010528,0x08005CA0,ptr,0x08010810,1
0x08010834,0x080059D8,ptr,0x080109B0,1
0x08010834,0x080109C8,ptr,0x080109B8,1
0x08010834,0x08010B38,ptr,0x080109B4,1
0x08010BAC,0x080059D8,ptr,0x08010CA4,1
0x08010BAC,0x08005CA0,ptr,0x08010CA8,1
0x08010CB4,0x080059FC,ptr,0x08010CF4,1
0x08010CB4,0x08005CA0,ptr,0x08010CF8,1
0x08010EB8,0x080059D8,ptr,0x08011140,1
0x08010EB8,0x08005CA0,ptr,0x08011144,1
0x080111A8,0x080059D8,ptr,0x080113AC,1
0x080111A8,0x08005CA0,ptr,0x080113B0,1
0x080113CC,0x080059D8,ptr,0x0801144C,1
0x080113CC,0x08005CA0,ptr,0x08011450,1
0x08011458,0x080059D8,ptr,0x08011584,1
0x08011458,0x08005CA0,ptr,0x08011588,1
0x080115A0,0x080059D8,ptr,0x080116EC,1
0x080115A0,0x08005CA0,ptr,0x080116F0,1
0x0801170C,0x080059D8,ptr,0x08011860,1
0x0801170C,0x08005CA0,ptr,0x08011864,1
0x08011880,0x080059D8,ptr,0x08011998,1
0x08011880,0x08005CA0,ptr,0x0801199C,1
0x080119B4,0x080059D8,ptr,0x08011B40,1
0x080119B4,0x08005CA0,ptr,0x08011B44,1
0x08011B60,0x080059D8,ptr,0x08011BE0,1
0x08011B60,0x08005CA0,ptr,0x08011BE4,1
0x08011BFC,0x080059D8,ptr,0x08011FD0,1
0x08011BFC,0x08005CA0,ptr,0x08011FD4,1
0x0801201C,0x080059D8,ptr,0x08012418,1
0x0801201C,0x08005CA0,ptr,0x0801241C,1
0x08012628,0x080059D8,ptr,0x080129C4,1
0x08012628,0x08005CA0,ptr,0x080129C8,1
0x080129F8,0x080059FC,ptr,0x08012B6C,1
0x080129F8,0x08005CA0,ptr,0x08012B70,1
0x08012B94,0x080059D8,ptr,0x08012DCC,1
0x08012B94,0x08005CA0,ptr,0x08012DD0,1
0x08012DF8,0x080059FC,ptr,0x08012E58,1
0x08012DF8,0x08005CA0,ptr,0x08012E5C,1
0x08012E6C,0x08005CA0,ptr,0x08012FCC,1
0x08012E6C,0x08012FE0,ptr,0x08012FC8,1
0x08013058,0x080059FC,ptr,0x08013330,1
0x08013058,0x08005CA0,ptr,0x08013334,1
0x08013348,0x080059D8,ptr,0x08013418,1
0x08013348,0x08005CA0,ptr,0x0801341C,1
0x0801347C,0x080059D8,ptr,0x08013878,1
0x0801347C,0x08005CA0,ptr,0x0801387C,1
0x08013AF8,0x080059D8,ptr,0x08013BC8,1
0x08013AF8,0x08005CA0,ptr,0x08013BCC,1
0x08013BE4,0x080059D8,ptr,0x08013E1C,1
0x08013BE4,0x08005CA0,ptr,0x08013E20,1
0x08013E38,0x080059D8,ptr,0x08014070,1
0x08013E38,0x08005CA0,ptr,0x08014074,1
0x0801408C,0x080059D8,ptr,0x08014168,1
0x0801408C,0x08005CA0,ptr,0x0801416C,1
0x08014184,0x080059D8,ptr,0x0801427C,1
0x08014184,0x08005CA0,ptr,0x08014280,1
0x080142A0,0x080059D8,ptr,0x08014390,1
0x080142A0,0x08005CA0,ptr,0x08014394,1
0x080143B4,0x080059D8,ptr,0x0801447C,1
0x080143B4,0x08005CA0,ptr,0x08014480,1
0x080144B0,0x080059D8,ptr,0x080148A8,1
0x080144B0,0x08005CA0,ptr,0x080148AC,1
0x08014994,0x080059D8,ptr,0x08014BF0,1
0x08014994,0x08005CA0,ptr,0x08014BF4,1
0x08014C08,0x080059FC,ptr,0x08014CF4,1
0x08014C08,0x08005CA0,ptr,0x08014CF8,1
0x08014D08,0x080059D8,ptr,0x08014E4C,1
0x08014D08,0x08005CA0,ptr,0x08014E50,1
0x08014EA0,0x080059D8,ptr,0x08015228,1
0x08014EA0,0x08005CA0,ptr,0x0801522C,1
0x080153A2,0x080059D8,ptr,0x080153E4,1
0x080153A2,0x08005CA0,ptr,0x080153E8,1
0x08015400,0x080059D8,ptr,0x08015504,1
0x08015400,0x08005CA0,ptr,0x08015508,1
0x08015524,0x080059D8,ptr,0x08015658,1
0x08015524,0x08005CA0,ptr,0x0801565C,1
0x08015680,0x080059D8,ptr,0x080156F8,1
0x08015680,0x08005CA0,ptr,0x080156FC,1
0x08015758,0x080059D8,ptr,0x08015B54,1
0x08015758,0x08005CA0,ptr,0x08015B58,1
0x0801625A,0x080059D8,ptr,0x08016288,1
0x0801625A,0x08005CA0,ptr,0x0801628C,1
0x080162A0,0x080059D8,ptr,0x08016508,1
0x08016514,0x080059D8,ptr,0x080167AC,1
0x08016514,0x08005CA0,ptr,0x080167B0,1
0x080167DC,0x080059D8,ptr,0x08016A98,1
0x080167DC,0x08005CA0,ptr,0x08016A9C,1
0x08016AC4,0x080059D8,ptr,0x08016D9C,1
0x08016AC4,0x08005CA0,ptr,0x08016DA0,1
0x08016DD4,0x080059D8,ptr,0x080170B4,1
0x08016DD4,0x08005CA0,ptr,0x080170B8,1
0x080170E4,0x080059D8,ptr,0x080173C8,1
0x080170E4,0x08005CA0,ptr,0x080173CC,1
0x080173F4,0x080059D8,ptr,0x0801755C,1
0x080173F4,0x08005CA0,ptr,0x08017560,1
0x0801757C,0x080059D8,ptr,0x0801760C,1
0x0801757C,0x08005CA0,ptr,0x08017610,1
0x08017668,0x080059D8,ptr,0x08017A60,1
0x08017668,0x08018464,ptr,0x08017A6C,1
0x08017668,0x0801A1EC,ptr,0x08017A64,1
0x08018498,0x080059D8,ptr,0x0801887C,1
0x08018498,0x08018B84,ptr,0x08018888,1
0x08018498,0x0801A310,ptr,0x08018880,1
0x08018BB8,0x080059D8,ptr,0x08018D50,1
0x08018BB8,0x08005CA0,ptr,0x08018D54,1
0x08018D7C,0x080059D8,ptr,0x08018E00,1
0x08018D7C,0x08005CA0,ptr,0x08018E04,1
0x08019000,0x080059D8,ptr,0x080193EC,1
0x08019000,0x08005CA0,ptr,0x080193F0,1
0x08019000,0x08019590,ptr,0x080193F8,1
0x080195EC,0x080059D8,ptr,0x080199E4,1
0x080195EC,0x0801A310,ptr,0x080199E8,1
0x08019B30,0x080059D8,ptr,0x08019C28,1
0x08019B30,0x0801A3E4,ptr,0x08019C2C,1
0x08019C44,0x080059D8,ptr,0x08019D14,1
0x08019C44,0x0801A3E4,ptr,0x08019D18,1
0x08019D30,0x080059D8,ptr,0x08019E2C,1
0x08019D30,0x0801A3E4,ptr,0x08019E30,1
0x08019E48,0x080059D8,ptr,0x08019EBC,1
0x08019E48,0x08019ECC,ptr,0x08019EC0,1
0x08019EEC,0x080059D8,ptr,0x0801A058,1
0x0801A07C,0x080059FC,ptr,0x0801A1DC,1
0x0801A07C,0x08005CA0,ptr,0x0801A1E0,1
0x0801A41A,0x080059D8,ptr,0x0801A7A4,1
0x0801A41A,0x0803DDC0,ptr,0x0801A7A8,1
0x08023634,0x080236D4,ptr,0x0802365C,1
0x08023634,0x080236E4,ptr,0x08023660,1
0x08023634,0x08023748,ptr,0x0802368C,1
0x08023634,0x080237A4,ptr,0x080236B0,1
0x08023634,0x080237FC,ptr,0x08023698,1
0x08023634,0x0802385C,ptr,0x080236BC,1
0x08023634,0x080238A4,ptr,0x080236D0,1
0x08023634,0x080238EC,ptr,0x080236A4,1
0x08023E34,0x080236D4,ptr,0x08023E58,1
0x08023E34,0x08023EA0,ptr,0x08023E5C,1
0x08023E34,0x08023F18,ptr,0x08023E74,1
0x08023E34,0x08023F5C,ptr,0x08023E64,1
0x08023E78,0x08023EFC,ptr,0x08023E98,1
0x08023E78,0x08023FA0,ptr,0x08023E9C,1
0x080242D0,0x080236D4,ptr,0x080242F4,1
0x080242D0,0x0802457C,ptr,0x080242F8,1
0x080242D0,0x080245D0,ptr,0x080242FC,1
0x08024540,0x0802457C,ptr,0x08024560,1
0x08024540,0x08024598,ptr,0x08024578,1
0x08024540,0x080245D0,ptr,0x08024568,1
0x08024904,0x08023748,ptr,0x08024978,1
0x08024904,0x080237FC,ptr,0x08024958,1
0x08024904,0x0802385C,ptr,0x08024964,1
0x08024904,0x0802457C,ptr,0x0802492C,1
0x08024DA4,0x080236E4,ptr,0x08024DCC,1
0x08024DA4,0x08023748,ptr,0x08024DF8,1
0x08024DA4,0x080237A4,ptr,0x08024E1C,1
0x08024DA4,0x080237FC,ptr,0x08024E04,1
0x08024DA4,0x0802385C,ptr,0x08024E28,1
0x08024DA4,0x080238A4,ptr,0x08024E3C,1
0x08024DA4,0x080238EC,ptr,0x08024E10,1
0x08026584,0x0802F1DC,ptr,0x080266F4,1
0x08026584,0x0802F2FC,ptr,0x080266A0,1
0x08026584,0x0802F400,ptr,0x080266B0,1
0x08026584,0x0802F6C0,ptr,0x08026618,1
0x08026584,0x0802F6F4,ptr,0x08026648,1
0x08029B30,0x08023F18,ptr,0x08029BAC,1
0x0802D96C,0x0802DA8C,ptr,0x0802DA70,1
0x0802EB28,0x0802EBA4,ptr,0x0802EBA0,1
0x0802EB28,0x0802FEA4,ptr,0x0802EB98,1
0x0802EC7C,0x0802ED20,ptr,0x0802ED1C,1
0x0802EC7C,0x0802F718,ptr,0x0802ED10,1
0x0802EDE4,0x08005D9C,ptr,0x0802EE7C,1
0x0802EDE4,0x0802EE88,ptr,0x0802EE84,1
0x0802EFF8,0x08005D9C,ptr,0x0802F054,1
0x0802F110,0x0802FEA4,ptr,0x0802F1D8,1
0x0802F1DC,0x0802FF70,ptr,0x0802F1F8,1
0x0802F2B0,0x0802FEA4,ptr,0x0802F2F8,1
0x0802F2FC,0x0802FF70,ptr,0x0802F318,1
0x0802F3D0,0x0802FEA4,ptr,0x0802F3FC,1
0x0802F400,0x0802FF70,ptr,0x0802F41C,1
0x0802F480,0x0802FEA4,ptr,0x0802F4C0,1
0x0802F62C,0x0802F718,ptr,0x0802F664,1
0x0802F84C,0x0802F8C8,ptr,0x0802F8C4,1
0x0802F84C,0x0802F93C,ptr,0x0802F8BC,1
0x0802FAA8,0x080059D8,ptr,0x0802FD7C,1
0x0802FAA8,0x0802FD98,ptr,0x0802FD80,1
0x0802FE64,0x0802FEA4,ptr,0x0802FE9C,1
0x08030034,0x08005D9C,ptr,0x0803006C,1
0x080300C0,0x08005D9C,ptr,0x080300F8,1
0x080301A4,0x08005D9C,ptr,0x080301DC,1
0x08030254,0x08005D9C,ptr,0x080302C4,1
0x080302CC,0x080059D8,ptr,0x080303F8,1
0x080302CC,0x08005D9C,ptr,0x080303FC,1
0x08030404,0x080059D8,ptr,0x080304DC,1
0x08030404,0x08005D9C,ptr,0x080304E0,1
0x080304EC,0x080059D8,ptr,0x08030570,1
0x080304EC,0x08005D9C,ptr,0x08030574,1
0x08030580,0x08005D9C,ptr,0x080305FC,1
0x08030604,0x08005D9C,ptr,0x080306AC,1
0x08030758,0x080318B4,ptr,0x08030780,1
0x08030758,0x08031DE4,ptr,0x08030790,1
0x08030758,0x08032428,ptr,0x080307A0,1
0x080307B0,0x080318B4,ptr,0x080307C4,1
0x080307CC,0x08031DE4,ptr,0x080307E0,1
0x080307E8,0x08032428,ptr,0x080307FC,1
0x08032688,0x08032D48,ptr,0x08032764,1
0x08032688,0x0803332C,ptr,0x08032768,1
0x08032688,0x0803D494,ptr,0x0803275C,1
0x08032688,0x0803DDC0,ptr,0x08032760,1
0x0803332C,0x08032BD0,ptr,0x080333DC,1
0x08033414,0x08032BD0,ptr,0x08033704,1
0x08033A2C,0x0803380C,ptr,0x08033CB0,1
0x08033A2C,0x08041438,ptr,0x08033CC0,1
0x08034278,0x08033D0C,ptr,0x08034380,1
0x0803469C,0x080343C0,ptr,0x08034838,1
0x08034BEC,0x08034A88,ptr,0x08034D08,1
0x08034E60,0x08034A88,ptr,0x08034F30,1
0x08035458,0x08034F8C,ptr,0x08035570,1
0x08035848,0x08034F8C,ptr,0x08035994,1
0x08035848,0x080355D8,ptr,0x08035938,1
0x08036280,0x080359F8,ptr,0x08036458,2
0x08036888,0x080366C4,ptr,0x08036968,1
0x08036888,0x08041E8C,ptr,0x080369A0,1
0x08036B9C,0x080369B0,ptr,0x08036C24,1
0x080371F0,0x08036C94,ptr,0x08037240,3
0x08037914,0x080375E0,ptr,0x080379D0,1
0x08038FE8,0x08037ED8,ptr,0x08039158,2
0x0803919C,0x080396A4,ptr,0x080392F4,1
0x080396A4,0x080B9610,ptr,0x08039704,1
0x0803AFCC,0x0803AA64,ptr,0x0803B1B0,3
0x0803BBF0,0x0803B9A0,ptr,0x0803BC40,2
0x08041A2C,0x08041940,ptr,0x08041B60,1
0x08041C30,0x08041BF0,ptr,0x08041CD0,1
0x08041DC8,0x08041D14,ptr,0x08041E48,1
0x08042328,0x08042128,ptr,0x08042444,2
0x08042980,0x08042580,ptr,0x080429F4,1
0x080429FC,0x08042C50,ptr,0x08042B98,1
0x0804335C,0x08043014,ptr,0x080435BC,1
0x08044470,0x08044288,ptr,0x080444BC,1
0x08044800,0x0804462C,ptr,0x0804485C,1
0x080449C8,0x08044878,ptr,0x08044A2C,1
0x08044C7C,0x08044B94,ptr,0x08044CBC,1
0x08045A50,0x080455C8,ptr,0x08045BE4,1
0x0804676C,0x08046330,ptr,0x080469DC,4
0x08047E74,0x08047C30,ptr,0x08047F28,1
0x08049D1C,0x08049B48,ptr,0x08049D78,1
0x08049EDC,0x08049D94,ptr,0x08049F38,1
0x0804A258,0x08049F98,ptr,0x0804A348,2
0x0804C4AC,0x0804B858,ptr,0x0804C600,1
0x0804CA84,0x0804C64C,ptr,0x0804CBF8,1
0x0804D6D0,0x0804CC7C,ptr,0x0804DC00,1
0x0804DF00,0x0804DC08,ptr,0x0804DF44,1
0x0804E3A0,0x0804E0E0,ptr,0x0804E4DC,1
0x0804E8F4,0x0804E600,ptr,0x0804E974,1
0x0804EA7C,0x0804E600,ptr,0x0804EB20,1
0x0804EB60,0x0804E600,ptr,0x0804EC48,2
0x0804ECEC,0x0804E600,ptr,0x0804EDFC,1
0x0804EF00,0x0804E600,ptr,0x0804EFE4,1
0x0804F124,0x0804E600,ptr,0x0804F224,1
0x0804F258,0x0804E600,ptr,0x0804F304,1
0x0804F3E4,0x0804E600,ptr,0x0804F448,1
0x0804FAB0,0x0804F948,ptr,0x0804FB00,1
0x0804FFDC,0x080502F0,ptr,0x08050280,1
0x080502F0,0x08032D48,ptr,0x0805032C,1
0x080502F0,0x0803332C,ptr,0x08050330,1
0x080502F0,0x0804FEE8,ptr,0x08050334,1
0x080504D4,0x0804FE68,ptr,0x08050500,1
0x08050630,0x0804FEE8,ptr,0x0805065C,1
0x08050664,0x0804FEE8,ptr,0x080506D4,1
0x08050814,0x08005CA0,ptr,0x08050910,1
0x08050814,0x08005F30,ptr,0x08050838,1
0x0805091C,0x080059D8,ptr,0x08050968,1
0x0805091C,0x08005F30,ptr,0x0805096C,1
0x080509EC,0x080059D8,ptr,0x08050A2C,1
0x080509EC,0x08005F30,ptr,0x08050A30,1
0x080509EC,0x08050C48,ptr,0x08050A64,1
0x08050C48,0x080509EC,ptr,0x08050CF4,1
0x08050D00,0x080059D8,ptr,0x08050D54,1
0x08050D00,0x08005F30,ptr,0x08050D58,1
0x08050D00,0x08050E84,ptr,0x08050D5C,1
0x08050D00,0x08050F80,ptr,0x08050E0C,1
0x08050E84,0x08050814,ptr,0x08050F6C,1
0x08051124,0x080059D8,ptr,0x0805116C,1
0x08051124,0x08005F30,ptr,0x08051170,1
0x08051124,0x080512F8,ptr,0x08051174,1
0x08051124,0x080513D4,ptr,0x08051178,1
0x080512F8,0x08050814,ptr,0x08051360,1
0x080514F8,0x080059FC,ptr,0x080515B8,1
0x080514F8,0x0803DFC8,ptr,0x080515BC,1
0x080514F8,0x0805176C,ptr,0x080515C0,1
0x0805181C,0x080059D8,ptr,0x0805184C,1
0x0805181C,0x08005D9C,ptr,0x08051A60,1
0x0805181C,0x0803DFC8,ptr,0x080519F4,1
0x0805181C,0x08051B0C,ptr,0x08051850,1
0x08051C1C,0x080059D8,ptr,0x08051C80,1
0x08051C1C,0x08005EA8,ptr,0x08051C84,1
0x08051C1C,0x08051D84,ptr,0x08051C88,1
0x08051D84,0x08005F30,ptr,0x08051EC0,1
0x08051D84,0x08050814,ptr,0x08051EE0,1
0x08051D84,0x08051C1C,ptr,0x08051E28,1
0x08051F4C,0x080059D8,ptr,0x08051FAC,1
0x08051F4C,0x08005F30,ptr,0x08051FB0,1
0x08051F4C,0x080520DC,ptr,0x080520D8,1
0x080520DC,0x0805091C,ptr,0x08052294,1
0x080520DC,0x08051F4C,ptr,0x080521BC,1
0x080520DC,0x08052F6C,ptr,0x080521D0,1
0x0805239C,0x080059D8,ptr,0x080523CC,1
0x0805239C,0x08005D9C,ptr,0x080525E0,1
0x0805239C,0x0803DFC8,ptr,0x08052574,1
0x0805239C,0x0805268C,ptr,0x080523D0,1
0x080527A4,0x080059FC,ptr,0x08052800,1
0x080527A4,0x08005D9C,ptr,0x08052804,1
0x080527A4,0x08052B08,ptr,0x08052808,1
0x08052B88,0x080059D8,ptr,0x08052BB0,1
0x08052B88,0x08005CA0,ptr,0x08052BB4,1
0x08052B88,0x08005D9C,ptr,0x08052F10,1
0x08052F6C,0x080059D8,ptr,0x080531B4,2
0x08052F6C,0x080059FC,ptr,0x0805307C,1
0x08052F6C,0x08005D9C,ptr,0x08053080,1
0x08052F6C,0x08005F30,ptr,0x080531B8,2
0x08052F6C,0x080520DC,ptr,0x08053278,1
0x08052F6C,0x08052B08,ptr,0x08053084,1
0x08052F6C,0x08053380,ptr,0x08053308,1
0x08052F6C,0x080534D0,ptr,0x0805330C,1
0x08053380,0x08050814,ptr,0x080533A8,2
0x080535B0,0x080059D8,ptr,0x08053604,1
0x080535B0,0x08005F30,ptr,0x08053608,1
0x080535B0,0x08050F80,ptr,0x080536D8,1
0x080535B0,0x080536DC,ptr,0x0805360C,1
0x080536DC,0x08050814,ptr,0x08053714,2
0x080537DC,0x080059D8,ptr,0x08053824,1
0x080537DC,0x08005D18,ptr,0x08053828,1
0x080537DC,0x08050F80,ptr,0x080538C8,1
0x080537DC,0x080538CC,ptr,0x0805382C,1
0x080538CC,0x08050814,ptr,0x080538F8,1
0x08053B40,0x080059FC,ptr,0x08053BCC,1
0x08053B40,0x08053BE0,ptr,0x08053BD4,1
0x08053B40,0x08053C1C,ptr,0x08053BD0,1
0x08053C48,0x080059D8,ptr,0x08053C78,1
0x08053C48,0x08005D9C,ptr,0x08053C7C,1
0x08053D08,0x080059D8,ptr,0x08053D38,1
0x08053D08,0x08005D9C,ptr,0x08053D3C,1
0x08053DB8,0x080059FC,ptr,0x08053E24,1
0x08053DB8,0x08005D9C,ptr,0x08053E28,1
0x08053DB8,0x08053E34,ptr,0x08053E20,1
0x08053E38,0x080059D8,ptr,0x08053F60,1
0x08053E38,0x08005D9C,ptr,0x08053F64,1
0x08053F70,0x080059D8,ptr,0x08053F98,1
0x08053F70,0x08005CA0,ptr,0x08053F9C,1
0x08053F70,0x08005D9C,ptr,0x080540C4,1
0x080540D0,0x080059D8,ptr,0x08054108,1
0x080540D0,0x08005D9C,ptr,0x0805410C,1
0x080540D0,0x08054298,ptr,0x0805414C,1
0x08054330,0x080059D8,ptr,0x08054360,1
0x08054330,0x08005D9C,ptr,0x08054364,1
0x08054538,0x080059D8,ptr,0x08054568,1
0x08054538,0x08005D9C,ptr,0x0805456C,1
0x08054538,0x08054838,ptr,0x08054598,1
0x0805485C,0x080059D8,ptr,0x080548E4,1
0x0805485C,0x08005D9C,ptr,0x080548E8,1
0x080548F0,0x080059D8,ptr,0x08054998,1
0x080548F0,0x08005D9C,ptr,0x0805499C,1
0x080549A4,0x080059D8,ptr,0x08054A24,1
0x080549A4,0x08005F30,ptr,0x08054A28,1
0x080549A4,0x08054A44,ptr,0x08054A2C,1
0x08054A80,0x08054B98,ptr,0x08054B8C,1
0x08054D94,0x080059D8,ptr,0x08054DD8,1
0x08054D94,0x08005D9C,ptr,0x08054DDC,1
0x08054DE8,0x080059FC,ptr,0x08054E20,1
0x08054DE8,0x08005D9C,ptr,0x08054E24,1
0x08054FE4,0x080059D8,ptr,0x08055030,1
0x08054FE4,0x080552FC,ptr,0x08055034,1
0x08054FE4,0x080553D4,ptr,0x08055038,1
0x08055460,0x08005D9C,ptr,0x08055518,1
0x08055520,0x08005D9C,ptr,0x08055694,1
0x0805569C,0x08005D9C,ptr,0x08055744,1
0x0805574C,0x080557D4,ptr,0x080557D0,1
0x0805587C,0x080059D8,ptr,0x080558B0,1
0x0805587C,0x08005D9C,ptr,0x080558B4,1
0x08055A40,0x080059FC,ptr,0x08055AA4,1
0x08055A40,0x08005D9C,ptr,0x08055AA8,1
0x08055A40,0x08055ABC,ptr,0x08055AAC,1
0x08055B24,0x080059D8,ptr,0x08055C3C,1
0x08055B24,0x08005D9C,ptr,0x08055C40,1
0x08055D74,0x080059D8,ptr,0x08056004,1
0x08055D74,0x08005D9C,ptr,0x08056008,1
0x0805614C,0x080059D8,ptr,0x080562E0,1
0x0805614C,0x08005D9C,ptr,0x080562E4,1
0x08056320,0x080059D8,ptr,0x08056360,1
0x08056320,0x08005D9C,ptr,0x08056364,1
0x08056448,0x080059D8,ptr,0x080564A0,1
0x08056448,0x08005D9C,ptr,0x080564A4,1
0x080564AC,0x080059D8,ptr,0x080564E0,1
0x080564AC,0x08005D9C,ptr,0x080564E4,1
0x08056770,0x080059D8,ptr,0x080567A8,1
0x08056770,0x080059FC,ptr,0x08056974,2
0x08056770,0x08005D9C,ptr,0x080567AC,1
0x08056DD4,0x080059D8,ptr,0x08056E30,1
0x08056DD4,0x08005D9C,ptr,0x08056E34,1
0x08056DD4,0x0805707C,ptr,0x08056E38,1
0x0805710C,0x080059FC,ptr,0x08057160,1
0x0805710C,0x08005FC8,ptr,0x0805716C,1
0x0805710C,0x080573A4,ptr,0x08057164,1
0x080572F6,0x08006040,ptr,0x0805739C,1
0x08057430,0x080059FC,ptr,0x08057488,1
0x08057430,0x08005D9C,ptr,0x0805748C,1
0x08057494,0x080059D8,ptr,0x08057544,1
0x08057494,0x08005D9C,ptr,0x080574D4,1
0x08057494,0x08057A10,ptr,0x0805754C,1
0x080575B6,0x080059D8,ptr,0x080576D8,4
0x080575B6,0x080059FC,ptr,0x08057A04,1
0x080575B6,0x08057A10,ptr,0x08057864,2
0x08057A48,0x080059D8,ptr,0x08057AC0,1
0x08057A48,0x08005D9C,ptr,0x08057AC4,1
0x08057AD4,0x080059D8,ptr,0x08057AF4,1
0x08057AD4,0x08005F30,ptr,0x08057C08,1
0x08057AD4,0x08057C98,ptr,0x08057BC8,1
0x08057AD4,0x0805AF80,ptr,0x08057BC4,1
0x08057CE0,0x080059D8,ptr,0x08057D34,1
0x08057CE0,0x08005D9C,ptr,0x08057D38,1
0x08057E90,0x080059D8,ptr,0x08057EE4,1
0x08057E90,0x08005D9C,ptr,0x08057EE8,1
0x08057F90,0x08058410,ptr,0x080580E4,1
0x08058460,0x080059FC,ptr,0x080584D0,2
0x08058460,0x08005D9C,ptr,0x080584D4,1
0x08058460,0x0803DFC8,ptr,0x080586EC,1
0x08058460,0x080586FC,ptr,0x08058488,1
0x08058720,0x080059D8,ptr,0x08058758,1
0x08058720,0x08005D9C,ptr,0x0805875C,1
0x08058810,0x080059FC,ptr,0x08058868,1
0x08058810,0x08005D9C,ptr,0x0805886C,1
0x08058810,0x08058E80,ptr,0x08058870,1
0x08058F10,0x080059D8,ptr,0x08058F70,1
0x08058F10,0x08005D9C,ptr,0x08058F74,1
0x08058F10,0x080594E0,ptr,0x08058F78,1
0x08059570,0x080059D8,ptr,0x0805959C,1
0x08059570,0x08005D9C,ptr,0x080595A0,1
0x0805980E,0x080059D8,ptr,0x08059A9C,1
0x0805980E,0x08005D9C,ptr,0x08059A90,1
0x0805980E,0x08059AAC,ptr,0x08059A88,1
0x0805980E,0x08059B18,ptr,0x08059AA0,1
0x08059C28,0x080059D8,ptr,0x08059CC0,1
0x08059C28,0x08006040,ptr,0x08059CFC,3
0x08059C28,0x0803DFC8,ptr,0x08059CE0,1
0x08059D7C,0x080059D8,ptr,0x0805A2F0,1
0x08059D7C,0x080059FC,ptr,0x08059E78,1
0x08059D7C,0x08005D9C,ptr,0x08059EBC,4
0x08059D7C,0x0803DFC8,ptr,0x08059E7C,1
0x08059D7C,0x0805A320,ptr,0x08059E80,4
0x0805A366,0x080059FC,ptr,0x0805A390,1
0x0805A366,0x08005D9C,ptr,0x0805A394,1
0x0805A366,0x0805A508,ptr,0x0805A398,1
0x0805A52C,0x080059FC,ptr,0x0805A620,1
0x0805A52C,0x08005EA8,ptr,0x0805A624,1
0x0805A52C,0x0805AB04,ptr,0x0805A8D4,1
0x0805A52C,0x0805AC50,ptr,0x0805A8D0,1
0x0805ACEC,0x080059D8,ptr,0x0805AD60,1
0x0805ACEC,0x08005D9C,ptr,0x0805AD64,1
0x0805ACEC,0x0805AE00,ptr,0x0805AD68,2
0x0805AE94,0x080059FC,ptr,0x0805AF30,1
0x0805AE94,0x0805AF44,ptr,0x0805AF38,1
0x0805AE94,0x0805AF80,ptr,0x0805AF34,1
0x0805B278,0x0805B4BC,ptr,0x0805B344,1
0x0805B534,0x0805B354,ptr,0x0805B584,2
0x0805B688,0x0805B354,ptr,0x0805B6B8,1
0x0805B9C0,0x0805B354,ptr,0x0805BA00,1
0x0805BA08,0x0805BB90,ptr,0x0805BB80,1
0x0805BB90,0x0805B354,ptr,0x0805BBD8,2
0x0805BB90,0x0805B4BC,ptr,0x0805BBD4,2
0x0805BC1C,0x0805BC5C,ptr,0x0805BC4C,1
0x0805BC5C,0x0805B354,ptr,0x0805BC9C,1
0x0805BD34,0x0805B4BC,ptr,0x0805BD5C,1
0x0805BEB0,0x080059D8,ptr,0x0805C094,1
0x0805BEB0,0x0805C114,ptr,0x0805C09C,1
0x0805BEB0,0x0805C150,ptr,0x0805C098,1
0x0805C114,0x0805C0A8,ptr,0x0805C148,1
0x0805C204,0x08005D9C,ptr,0x0805C3FC,1
0x0805C204,0x080656B4,ptr,0x0805C3F8,1
0x0805C410,0x08005D9C,ptr,0x0805C570,1
0x0805C410,0x080656B4,ptr,0x0805C56C,1
0x0805C5FC,0x080059D8,ptr,0x0805C798,1
0x0805C5FC,0x0805C990,ptr,0x0805C79C,1
0x0805C990,0x0805C814,ptr,0x0805CA94,2
0x0805CB30,0x080059D8,ptr,0x0805CB5C,1
0x0805CB30,0x08005D9C,ptr,0x0805CB60,1
0x0805CBEC,0x08005D9C,ptr,0x0805CC24,1
0x0805CBEC,0x0805CC54,ptr,0x0805CC2C,1
0x0805CCA0,0x080059D8,ptr,0x0805CE20,1
0x0805CCA0,0x08005D9C,ptr,0x0805CE24,1
0x0805CCA0,0x0805CEEC,ptr,0x0805CE3C,1
0x0805CF3C,0x0805D420,ptr,0x0805CF7C,1
0x0805D564,0x080059D8,ptr,0x0805D5E8,1
0x0805D564,0x0805D5FC,ptr,0x0805D5EC,1
0x0805D668,0x080059D8,ptr,0x0805D6A8,1
0x0805D668,0x08005D9C,ptr,0x0805D6AC,1
0x0805D994,0x080059D8,ptr,0x0805DA20,1
0x0805D994,0x0805DA2C,ptr,0x0805DA24,1
0x0805DBA0,0x080059D8,ptr,0x0805DBE8,1
0x0805DC18,0x0805DD4C,ptr,0x0805DC50,1
0x0805DD88,0x0805DD4C,ptr,0x0805DDAC,1
0x0805DEAC,0x0805E15C,ptr,0x0805DF94,1
0x0805DF9C,0x0805DBA0,ptr,0x0805DFE0,1
0x0805E110,0x08033D0C,ptr,0x0805E154,1
0x0805E110,0x0805DFE8,ptr,0x0805E158,1
0x0806619C,0x080662D8,ptr,0x0806620C,1
0x080664E0,0x08066754,ptr,0x0806653C,1
0x08066658,0x08066754,ptr,0x0806669C,1
0x080667C0,0x08065350,ptr,0x0806683C,1
0x080667C0,0x080653EC,ptr,0x080667F4,1
0x080667C0,0x08065438,ptr,0x080667F0,1
0x08066988,0x0806A344,ptr,0x08066A08,1
0x08066B34,0x08066C74,ptr,0x08066B6C,1
0x08066C08,0x0806523C,ptr,0x08066C38,1
0x08066E88,0x0806523C,ptr,0x08066F48,1
0x080671F8,0x0806523C,ptr,0x08067204,1
0x080671F8,0x080656B4,ptr,0x08067200,1
0x080671F8,0x08067214,ptr,0x0806720C,1
0x0806737C,0x080059FC,ptr,0x080673DC,1
0x0806737C,0x08067408,ptr,0x080673D8,1
0x080674F8,0x0803D494,ptr,0x0806751C,1
0x080676C0,0x0803D494,ptr,0x0806772C,1
0x08067B24,0x0803D494,ptr,0x08067BA0,1
0x08067EA4,0x0803D494,ptr,0x08067F80,1
0x08068028,0x080682A8,ptr,0x08068074,2
0x080680AC,0x0803D494,ptr,0x0806817C,1
0x08068224,0x080682A8,ptr,0x08068270,2
0x080682A8,0x0803D494,ptr,0x08068308,1
0x080685EC,0x0806737C,ptr,0x08068658,1
0x08068920,0x080673EC,ptr,0x0806894C,1
0x08068B88,0x08032BD0,ptr,0x08068CAC,1
0x08068B88,0x08032D48,ptr,0x08068C10,1
0x08068B88,0x0803332C,ptr,0x08068C14,1
0x08068B88,0x0803D494,ptr,0x08068C0C,1
0x08069DC4,0x08069FB0,ptr,0x08069E44,1
0x0806A0F0,0x0806B26C,ptr,0x0806A150,1
0x0806A158,0x080B4240,ptr,0x0806A248,1
0x0806A25C,0x0806A344,ptr,0x0806A2D4,1
0x0806A344,0x080656B4,ptr,0x0806A3A0,1
0x0806A500,0x0806A524,ptr,0x0806A520,1
0x0806A530,0x0806A55C,ptr,0x0806A558,1
0x0806A568,0x0806A594,ptr,0x0806A590,1
0x0806A638,0x0806523C,ptr,0x0806A698,1
0x0806A6A0,0x0806A8D8,ptr,0x0806A6D8,1
0x0806A6E0,0x0806A8D8,ptr,0x0806A798,1
0x0806A7A0,0x0806A7F4,ptr,0x0806A7EC,1
0x0806A7F4,0x0806A8D8,ptr,0x0806A840,1
0x0806A958,0x0806A8D8,ptr,0x0806A978,1
0x0806AB34,0x0806ABA4,ptr,0x0806AB9C,1
0x0806ABEC,0x0806AC48,ptr,0x0806AC40,1
0x0806AC6C,0x0806ACC4,ptr,0x0806ACBC,1
0x0806AEC0,0x0806523C,ptr,0x0806AF6C,1
0x0806B24C,0x0806B2E4,ptr,0x0806B264,1
0x0806B26C,0x0806523C,ptr,0x0806B2A0,1
0x0806B26C,0x080656B4,ptr,0x0806B29C,1
0x0806B26C,0x0806B2AC,ptr,0x0806B2A4,1
0x0806B368,0x0806B2E4,ptr,0x0806B388,1
0x0806B410,0x0806BF38,ptr,0x0806B5B0,1
0x0806B670,0x0806BF38,ptr,0x0806B744,1
0x0806B8BC,0x080059D8,ptr,0x0806B92C,1
0x0806B8BC,0x0806523C,ptr,0x0806B928,1
0x0806B8BC,0x0806A344,ptr,0x0806B930,1
0x0806B95C,0x0806523C,ptr,0x0806B9D4,1
0x0806B95C,0x08065640,ptr,0x0806B9D0,1
0x0806BB7C,0x0806BEFC,ptr,0x0806BBE0,1
0x0806BF54,0x080059FC,ptr,0x0806BF88,1
0x0806BF54,0x0806BFD8,ptr,0x0806BF8C,1
0x0806C05C,0x080059FC,ptr,0x0806C0B0,1
0x0806C05C,0x0806C0C0,ptr,0x0806C0B4,1
0x0806C05C,0x0806C148,ptr,0x0806C0B8,1
0x0806C158,0x080656B4,ptr,0x0806C1BC,1
0x0806C158,0x0806C1D0,ptr,0x0806C1C0,1
0x0806C1D0,0x0806BF38,ptr,0x0806C23C,1
0x0806C2A4,0x080656B4,ptr,0x0806C304,1
0x0806C2A4,0x0806C30C,ptr,0x0806C308,1
0x0806C324,0x080059FC,ptr,0x0806C350,1
0x0806C324,0x0806C384,ptr,0x0806C354,1
0x0806C384,0x0806BF38,ptr,0x0806C3BC,1
0x0806C3C4,0x080059FC,ptr,0x0806C408,1
0x0806C3C4,0x0806C418,ptr,0x0806C40C,1
0x0806C3C4,0x0806C490,ptr,0x0806C410,1
0x0806C4A0,0x080656B4,ptr,0x0806C5A4,1
0x0806C4A0,0x0806C5D4,ptr,0x0806C5A8,1
0x0806C4A0,0x0806C770,ptr,0x0806C5AC,1
0x0806C5D4,0x0806BF38,ptr,0x0806C690,1
0x0806C930,0x080656B4,ptr,0x0806C970,1
0x0806C930,0x0806C9E8,ptr,0x0806C974,1
0x0806CA00,0x0806523C,ptr,0x0806CA98,1
0x0806CA00,0x080656B4,ptr,0x0806CA94,1
0x0806CB10,0x0806523C,ptr,0x0806CB5C,1
0x0806CB10,0x080656B4,ptr,0x0806CB58,1
0x0806CB64,0x0806523C,ptr,0x0806CBC8,1
0x0806CB64,0x0806CBD4,ptr,0x0806CBD0,1
0x0806CD40,0x0806523C,ptr,0x0806CE98,1
0x0806CD40,0x080656B4,ptr,0x0806CE94,1
0x0806CEB8,0x0806523C,ptr,0x0806CF60,1
0x0806CEB8,0x080656B4,ptr,0x0806CF5C,1
0x0806CF70,0x0806523C,ptr,0x0806CFE8,1
0x0806CF70,0x080656B4,ptr,0x0806CFE4,1
0x0806D148,0x0806523C,ptr,0x0806D1D4,1
0x0806D148,0x080656B4,ptr,0x0806D1D0,1
0x0806D22C,0x0806523C,ptr,0x0806D474,1
0x0806D22C,0x080656B4,ptr,0x0806D470,1
0x0806D22C,0x0806D49C,ptr,0x0806D47C,1
0x0806D584,0x080059FC,ptr,0x0806D59C,1
0x0806D584,0x0806D5E0,ptr,0x0806D5A0,1
0x0806D5E0,0x080656B4,ptr,0x0806D618,1
0x0806D65C,0x080651B4,ptr,0x0806D6D0,1
0x0806D6E4,0x080651B4,ptr,0x0806D724,1
0x0806D730,0x080651B4,ptr,0x0806D770,1
0x0806D77C,0x080651B4,ptr,0x0806D7E4,1
0x0806D7EC,0x080059D8,ptr,0x0806D910,1
0x0806D7EC,0x080651B4,ptr,0x0806D914,1
0x0806D95C,0x0806523C,ptr,0x0806D9C0,1
0x0806D95C,0x080656B4,ptr,0x0806D9BC,1
0x0806D95C,0x0806D9D4,ptr,0x0806D9C8,1
0x0806DAEC,0x080651B4,ptr,0x0806DB30,1
0x0806DAEC,0x080656B4,ptr,0x0806DB2C,1
0x0806DD90,0x080656B4,ptr,0x0806DE04,1
0x0806DD90,0x0806DCA0,ptr,0x0806DE08,1
0x0806DD90,0x0806DE18,ptr,0x0806DE10,1
0x0806DE60,0x080651B4,ptr,0x0806DED0,1
0x0806DF98,0x080059FC,ptr,0x0806E0CC,1
0x0806DF98,0x080651B4,ptr,0x0806E0D0,1
0x0806DF98,0x0806E0F0,ptr,0x0806E0D8,1
0x0806E138,0x080059FC,ptr,0x0806E1F0,1
0x0806E138,0x080651B4,ptr,0x0806E1F4,1
0x0806E138,0x0806E210,ptr,0x0806E1FC,1
0x0806E258,0x080059FC,ptr,0x0806E3C4,1
0x0806E258,0x080651B4,ptr,0x0806E3C8,1
0x0806E258,0x0806E3DC,ptr,0x0806E3D0,1
0x0806E424,0x080059FC,ptr,0x0806E448,1
0x0806E424,0x08005CA0,ptr,0x0806E5E0,1
0x0806E424,0x080651B4,ptr,0x0806E450,1
0x0806E424,0x0806E5F0,ptr,0x0806E5E8,1
0x0806E638,0x080059FC,ptr,0x0806E6A0,1
0x0806E638,0x080651B4,ptr,0x0806E6A4,1
0x0806E638,0x0806E6B0,ptr,0x0806E6AC,1
0x0806E73C,0x080059FC,ptr,0x0806E7A8,1
0x0806E73C,0x080651B4,ptr,0x0806E7AC,1
0x0806E73C,0x0806E7C0,ptr,0x0806E7B4,1
0x0806E84C,0x080059FC,ptr,0x0806E958,1
0x0806E84C,0x080651B4,ptr,0x0806E95C,1
0x0806E84C,0x0806E96C,ptr,0x0806E964,1
0x0806E9FC,0x080059D8,ptr,0x0806EA60,1
0x0806E9FC,0x080651B4,ptr,0x0806EA64,1
0x0806EC40,0x080059FC,ptr,0x0806EC78,1
0x0806EC40,0x0806523C,ptr,0x0806EC7C,1
0x0806EC40,0x0806EC88,ptr,0x0806EC84,1
0x0806ED9C,0x080651B4,ptr,0x0806EE14,1
0x0806EE30,0x0806EF1C,ptr,0x0806EECC,1
0x0806EE30,0x0806FF7C,ptr,0x0806EEC8,1
0x0806EF38,0x080059D8,ptr,0x0806EF54,1
0x0806EFEC,0x0803DDC0,ptr,0x0806F04C,1
0x0806F1E0,0x0803DDC0,ptr,0x0806F244,1
0x0806F3D8,0x0803DDC0,ptr,0x0806F440,1
0x0806F638,0x0803DDC0,ptr,0x0806F694,1
0x0806FB0C,0x0803DDC0,ptr,0x0806FB70,1
0x0806FD04,0x0803DDC0,ptr,0x0806FD68,1
0x08070174,0x0803DDC0,ptr,0x08070198,1
0x08070498,0x0806EE30,ptr,0x08070610,1
0x080706A8,0x0807073C,ptr,0x080706E4,1
0x080706A8,0x08070EC0,ptr,0x080706E0,1
0x08070758,0x080059D8,ptr,0x08070774,1
0x0807079C,0x0803DDC0,ptr,0x080708AC,1
0x08070930,0x0803DDC0,ptr,0x08070A44,1
0x08070AC8,0x0803DDC0,ptr,0x08070BE0,1
0x08070C54,0x0803DDC0,ptr,0x08070D24,1
0x08070D90,0x0803DDC0,ptr,0x08070E58,1
0x08071030,0x080651B4,ptr,0x08071088,1
0x08071030,0x080656B4,ptr,0x0807104C,1
0x08071030,0x0806572C,ptr,0x08071084,1
0x08071030,0x08071098,ptr,0x08071090,1
0x080711F6,0x080710E0,ptr,0x0807135C,1
0x0807156C,0x080710E0,ptr,0x080715C4,1
0x08071640,0x08071778,ptr,0x08071690,1
0x08071778,0x08071830,ptr,0x080717D4,1
0x08071778,0x080719A0,ptr,0x080717CC,1
0x08071BB0,0x0806EF38,ptr,0x08071C34,1
0x08071C38,0x08070758,ptr,0x08071CBC,1
0x08071CC0,0x08071778,ptr,0x08071D20,1
0x08071D60,0x0806572C,ptr,0x08071E5C,1
0x08071E80,0x080059D8,ptr,0x08071EB4,1
0x08071F54,0x0806572C,ptr,0x080720BC,1
0x080720E8,0x0806572C,ptr,0x08072360,1
0x08072388,0x0806572C,ptr,0x08072648,1
0x08072684,0x0806572C,ptr,0x08072880,1
0x080728B0,0x0806572C,ptr,0x08072AD0,1
0x08072B00,0x0806572C,ptr,0x08072D2C,1
0x08072D8C,0x0806572C,ptr,0x08073170,1
0x080731D0,0x0806572C,ptr,0x08073260,1
0x08073298,0x0806572C,ptr,0x08073540,1
0x08073584,0x0806572C,ptr,0x080737CC,1
0x08073804,0x0806572C,ptr,0x08073938,1
0x08073968,0x080059D8,ptr,0x080739B4,1
0x08073A54,0x0806572C,ptr,0x08073CB4,1
0x08073CE0,0x0806572C,ptr,0x08073DF0,1
0x08073E0C,0x0806572C,ptr,0x08073E74,1
0x080740BC,0x0806572C,ptr,0x08074384,1
0x08074420,0x080059D8,ptr,0x08074470,1
0x0807450C,0x080059D8,ptr,0x08074558,1
0x0807450C,0x08074568,ptr,0x0807455C,1
0x08074C0C,0x080059D8,ptr,0x08074C58,1
0x08074C0C,0x0806523C,ptr,0x08074C5C,1
0x08075000,0x080059D8,ptr,0x0807525C,1
0x08075000,0x080652C8,ptr,0x08075260,1
0x080752F4,0x080059D8,ptr,0x0807534C,1
0x080752F4,0x08076074,ptr,0x08075350,1
0x08076318,0x080059D8,ptr,0x0807636C,1
0x08076318,0x0807637C,ptr,0x08076368,1
0x080763C4,0x080059D8,ptr,0x080763E0,1
0x08076C00,0x080763C4,ptr,0x08076C70,1
0x08076C88,0x080059FC,ptr,0x08076CA8,1
0x08076E88,0x08076318,ptr,0x08076EC4,1
0x08076FE4,0x080763C4,ptr,0x08077058,1
0x0807705C,0x080651B4,ptr,0x08077094,1
0x0807705C,0x080656B4,ptr,0x08077090,1
0x080771D8,0x08077270,ptr,0x0807721C,1
0x08077224,0x08077254,ptr,0x0807724C,1
0x080773A8,0x08077270,ptr,0x080773C8,1
0x0807771C,0x080651B4,ptr,0x08077750,1
0x0807771C,0x080656B4,ptr,0x0807774C,1
0x08077A64,0x08077AA8,ptr,0x08077AA0,1
0x08077B24,0x08077AC4,ptr,0x08077B58,1
0x08077BA8,0x08077AC4,ptr,0x08077BE8,1
0x08077C2C,0x08077AC4,ptr,0x08077C5C,1
0x08077C64,0x080651B4,ptr,0x08077C98,1
0x08077C64,0x080656B4,ptr,0x08077C94,1
0x08077CF4,0x08077E30,ptr,0x08077D34,1
0x08077D38,0x08077E30,ptr,0x08077D50,1
0x08077DD8,0x08077E08,ptr,0x08077E00,1
0x08077F0C,0x080651B4,ptr,0x08077F40,1
0x08077F0C,0x080656B4,ptr,0x08077F3C,1
0x08077F4C,0x08077F7C,ptr,0x08077F74,1
0x08078598,0x08077FF8,ptr,0x080785E0,1
0x08078598,0x0807802C,ptr,0x080785F4,3
0x08078598,0x080780C4,ptr,0x0807862C,1
0x08078670,0x080786B4,ptr,0x080786AC,1
0x080786E8,0x08078734,ptr,0x0807872C,1
0x0807876C,0x080787B8,ptr,0x080787B0,1
0x080787F0,0x0807883C,ptr,0x08078834,1
0x08078874,0x080788E0,ptr,0x080788D8,1
0x0807893C,0x0806523C,ptr,0x08078978,1
0x0807893C,0x080656B4,ptr,0x08078974,1
0x08078984,0x0806A344,ptr,0x080789A4,1
0x080789AC,0x08078C64,ptr,0x080789F4,1
0x080789AC,0x08078D6C,ptr,0x08078A04,1
0x080789AC,0x08078E80,ptr,0x08078A14,1
0x080789AC,0x08079178,ptr,0x08078A24,1
0x080789AC,0x0807938C,ptr,0x08078A40,1
0x08078A48,0x08078C64,ptr,0x08078A90,1
0x08078A48,0x08078D6C,ptr,0x08078AA0,1
0x08078A48,0x08078E80,ptr,0x08078AC8,1
0x08078A48,0x08079178,ptr,0x08078AE0,1
0x08078A48,0x0807938C,ptr,0x08078B00,1
0x08078BE0,0x08078C14,ptr,0x08078C0C,1
0x08078CE8,0x08078D1C,ptr,0x08078D14,1
0x08078E3C,0x08078E9C,ptr,0x08078E74,1
0x08078F24,0x08078E80,ptr,0x08078F60,2
0x0807906C,0x08078E80,ptr,0x080790B8,1
0x080790EC,0x08079128,ptr,0x0807911C,1
0x08079238,0x08079298,ptr,0x08079270,1
0x080792F8,0x0807933C,ptr,0x08079330,1
0x08079440,0x0806523C,ptr,0x08079474,1
0x08079440,0x080656B4,ptr,0x08079470,1
0x08079480,0x0807955C,ptr,0x08079498,1
0x080794A0,0x0807955C,ptr,0x080794B8,1
0x080794DC,0x0807950C,ptr,0x08079504,1
0x0807964C,0x0807955C,ptr,0x08079664,1
0x0807966C,0x0807955C,ptr,0x08079684,1
0x080797B4,0x0807955C,ptr,0x080797E4,1
0x080798B8,0x0807955C,ptr,0x080798E0,1
0x08079918,0x0807995C,ptr,0x08079950,1
0x080799E0,0x0806523C,ptr,0x08079A14,1
0x080799E0,0x080656B4,ptr,0x08079A10,1
0x08079A20,0x08079B24,ptr,0x08079A38,1
0x08079A40,0x08079B24,ptr,0x08079A58,1
0x08079A70,0x08079B24,ptr,0x08079A88,1
0x08079A9C,0x08079AD4,ptr,0x08079ACC,1
0x08079C84,0x08078C64,ptr,0x08079CA4,1
0x08079D30,0x08079D74,ptr,0x08079D68,1
0x08079E24,0x0806523C,ptr,0x08079E64,1
0x08079E24,0x080656B4,ptr,0x08079E60,1
0x08079F54,0x0807A10C,ptr,0x08079F88,1
0x08079F54,0x0807A618,ptr,0x08079FA0,1
0x08079FD0,0x0807A10C,ptr,0x08079FF8,1
0x0807A008,0x0807A10C,ptr,0x0807A030,1
0x0807A06C,0x0807A09C,ptr,0x0807A094,1
0x0807A45C,0x0807A4A0,ptr,0x0807A494,1
0x0807A578,0x0807A5A8,ptr,0x0807A5A0,1
0x0807A898,0x0806523C,ptr,0x0807A8C8,1
0x0807A898,0x080656B4,ptr,0x0807A8C4,1
0x0807AA0C,0x0807AB38,ptr,0x0807AA54,1
0x0807AAB8,0x0807AAE4,ptr,0x0807AADC,1
0x0807ABB4,0x0807AB38,ptr,0x0807ABD4,1
0x0807AC08,0x0807AB38,ptr,0x0807AC50,1
0x0807ADCC,0x0807AB38,ptr,0x0807ADE8,1
0x0807AE7C,0x0807AB38,ptr,0x0807AEAC,1
0x0807AF58,0x0806523C,ptr,0x0807AF8C,1
0x0807AF58,0x080656B4,ptr,0x0807AF88,1
0x0807AF98,0x0806523C,ptr,0x0807AFCC,1
0x0807AF98,0x080656B4,ptr,0x0807AFC8,1
0x0807AFD8,0x0807B3DC,ptr,0x0807B000,1
0x0807B010,0x0807B3DC,ptr,0x0807B038,1
0x0807B200,0x0807B3DC,ptr,0x0807B28C,1
0x0807B300,0x0807B32C,ptr,0x0807B324,1
0x0807B430,0x0807B3DC,ptr,0x0807B458,1
0x0807B4C8,0x0807B3DC,ptr,0x0807B4E8,1
0x0807B558,0x0807B3DC,ptr,0x0807B574,1
0x0807B5B0,0x0807B3DC,ptr,0x0807B5D0,1
0x0807B640,0x0807B3DC,ptr,0x0807B65C,1
0x0807B6B4,0x0807B3DC,ptr,0x0807B6E0,1
0x0807B7A8,0x0807B3DC,ptr,0x0807B7C8,1
0x0807B800,0x0807B844,ptr,0x0807B838,1
0x0807B8EC,0x0807B918,ptr,0x0807B910,1
0x0807BA18,0x0807B9C8,ptr,0x0807BA74,1
0x0807BAA8,0x0807B9C8,ptr,0x0807BAC8,1
0x0807BB38,0x0807B9C8,ptr,0x0807BB58,1
0x0807BB8C,0x0807B9C8,ptr,0x0807BBAC,1
0x0807BC1C,0x0807B9C8,ptr,0x0807BC3C,1
0x0807BC78,0x0807B9C8,ptr,0x0807BCA4,1
0x0807BCAC,0x0806523C,ptr,0x0807BCE0,1
0x0807BCAC,0x080656B4,ptr,0x0807BCDC,1
0x0807BCEC,0x0807BD14,ptr,0x0807BD10,1
0x0807BD20,0x0806523C,ptr,0x0807BD54,1
0x0807BD20,0x080656B4,ptr,0x0807BD50,1
0x0807BD20,0x0807C0FC,ptr,0x0807BD74,1
0x0807BDB8,0x0807C0FC,ptr,0x0807BE00,1
0x0807BE08,0x0807C0FC,ptr,0x0807BE94,1
0x0807C080,0x0807C0AC,ptr,0x0807C0A4,1
0x0807C138,0x0807C0FC,ptr,0x0807C19C,1
0x0807C2E0,0x0807C0FC,ptr,0x0807C318,1
0x0807C350,0x0807C394,ptr,0x0807C388,1
0x0807C444,0x0806523C,ptr,0x0807C478,1
0x0807C444,0x080656B4,ptr,0x0807C474,1
0x0807C684,0x0807C6B0,ptr,0x0807C6A8,1
0x0807C7D8,0x0807C6F4,ptr,0x0807C804,1
0x0807C828,0x0807C6F4,ptr,0x0807C8A8,1
0x0807C8D0,0x0807C6F4,ptr,0x0807C910,2
0x0807CA18,0x0807C6F4,ptr,0x0807CA48,1
0x0807CA50,0x0807CA98,ptr,0x0807CA8C,1
0x0807CBB4,0x0806523C,ptr,0x0807CBE8,1
0x0807CBB4,0x080656B4,ptr,0x0807CBE4,1
0x0807CC68,0x0807CC9C,ptr,0x0807CC94,1
0x0807CD64,0x0807CD9C,ptr,0x0807CD94,1
0x0807CE68,0x0806A344,ptr,0x0807CED4,1
0x0807CEDC,0x0807CF20,ptr,0x0807CF14,1
0x0807CFD0,0x0807CFF0,ptr,0x0807CFEC,1
0x0807CFF0,0x0806A344,ptr,0x0807D000,1
0x0807D008,0x0806523C,ptr,0x0807D050,1
0x0807D008,0x080656B4,ptr,0x0807D04C,1
0x0807D060,0x0807D094,ptr,0x0807D08C,1
0x0807D17C,0x080059D8,ptr,0x0807D1AC,1
0x0807D17C,0x0806523C,ptr,0x0807D1B0,1
0x0807D1BC,0x0807D29C,ptr,0x0807D1D4,1
0x0807D1DC,0x0807D29C,ptr,0x0807D1F4,1
0x0807D1FC,0x0807D230,ptr,0x0807D228,1
0x0807D230,0x0807D29C,ptr,0x0807D250,1
0x0807D2EC,0x0807D29C,ptr,0x0807D318,1
0x0807D388,0x0807D3B0,ptr,0x0807D3AC,1
0x0807D490,0x080059D8,ptr,0x0807D4F8,1
0x0807D490,0x080651B4,ptr,0x0807D4FC,1
0x0807D510,0x080059D8,ptr,0x0807D664,1
0x0807D510,0x080651B4,ptr,0x0807D668,1
0x0807D684,0x0806523C,ptr,0x0807D6B8,1
0x0807D684,0x080656B4,ptr,0x0807D6B4,1
0x0807D6C4,0x0807D718,ptr,0x0807D6F4,1
0x0807D82C,0x0807D6FC,ptr,0x0807D8F0,1
0x0807D918,0x0807D6FC,ptr,0x0807D9A4,1
0x0807DA08,0x0807D6FC,ptr,0x0807DA28,1
0x0807DA5C,0x0807D6FC,ptr,0x0807DA7C,1
0x0807DAAC,0x0807DB0C,ptr,0x0807DAE4,1
0x0807DB48,0x0807DB9C,ptr,0x0807DB78,1
0x0807DC78,0x0807DB80,ptr,0x0807DC98,1
0x0807DCC0,0x0807DB80,ptr,0x0807DCE0,1
0x0807DD70,0x0807D6FC,ptr,0x0807DDB4,1
0x0807DD70,0x0807DB80,ptr,0x0807DDD4,1
0x0807DDDC,0x0807D6FC,ptr,0x0807DE0C,1
0x0807DDDC,0x0807DB80,ptr,0x0807DE28,1
0x0807DE30,0x0807D6FC,ptr,0x0807DE5C,1
0x0807DE98,0x0806523C,ptr,0x0807DED8,1
0x0807DE98,0x080656B4,ptr,0x0807DED4,1
0x0807DEE4,0x0807DF30,ptr,0x0807DF0C,1
0x0807DF8C,0x0807DF14,ptr,0x0807E00C,1
0x0807E014,0x0807E060,ptr,0x0807E03C,1
0x0807E100,0x0807E044,ptr,0x0807E180,1
0x0807E3E4,0x0807E444,ptr,0x0807E41C,1
0x0807E530,0x0806523C,ptr,0x0807E560,1
0x0807E530,0x080656B4,ptr,0x0807E55C,1
0x0807E568,0x0807E5BC,ptr,0x0807E594,1
0x0807E6D4,0x0807E730,ptr,0x0807E704,1
0x0807E884,0x0807E714,ptr,0x0807E8B0,1
0x0807E8B8,0x0807E920,ptr,0x0807E8F4,1
0x0807E9D8,0x0806523C,ptr,0x0807EA20,1
0x0807E9D8,0x080656B4,ptr,0x0807EA1C,1
0x0807EA30,0x0807EA60,ptr,0x0807EA58,1
0x0807EAF0,0x0807EB20,ptr,0x0807EB18,1
0x0807EBE0,0x0807EC10,ptr,0x0807EC08,1
0x0807ECCC,0x0807ECFC,ptr,0x0807ECF4,1
0x0807EDB4,0x0806523C,ptr,0x0807EE04,1
0x0807EDB4,0x080656B4,ptr,0x0807EE00,1
0x0807EE14,0x0807EE60,ptr,0x0807EE3C,1
0x0807EEC4,0x0807EF24,ptr,0x0807EEFC,1
0x0807EFFC,0x0806523C,ptr,0x0807F038,1
0x0807EFFC,0x080656B4,ptr,0x0807F034,1
0x0807F044,0x0807F094,ptr,0x0807F070,1
0x0807F1F0,0x0807F078,ptr,0x0807F210,1
0x0807F2B4,0x0807F078,ptr,0x0807F2E4,1
0x0807F348,0x0807F078,ptr,0x0807F378,1
0x0807F380,0x0807F3D4,ptr,0x0807F3AC,1
0x0807F488,0x0807F3B8,ptr,0x0807F4D4,1
0x0807F634,0x0807F3B8,ptr,0x0807F6A0,1
0x0807F88C,0x0807F8D8,ptr,0x0807F8B4,1
0x0807F9A0,0x0807F8BC,ptr,0x0807FA90,1
0x0807FB00,0x0807FB60,ptr,0x0807FB38,1
0x0807FBFC,0x0806A344,ptr,0x0807FC18,1
0x0807FC20,0x0807F078,ptr,0x0807FC50,1
0x0807FCBC,0x0806523C,ptr,0x0807FD04,1
0x0807FCBC,0x080656B4,ptr,0x0807FD00,1
0x0807FD34,0x0807FD80,ptr,0x0807FD5C,1
0x0807FE18,0x0807FD64,ptr,0x0807FF98,1
0x0808003C,0x0807FD64,ptr,0x0808008C,1
0x08080278,0x0807FD64,ptr,0x080802B4,1
0x080802BC,0x0808031C,ptr,0x080802F4,1
0x08080400,0x0806523C,ptr,0x08080440,1
0x08080400,0x080656B4,ptr,0x0808043C,1
0x0808044C,0x080804C0,ptr,0x0808047C,1
0x0808051C,0x080804A4,ptr,0x08080558,1
0x080806E8,0x080804A4,ptr,0x08080738,1
0x0808076C,0x080807D8,ptr,0x080807B0,1
0x08080818,0x0808088C,ptr,0x08080848,1
0x080808DC,0x08080870,ptr,0x08080918,1
0x08080AA8,0x08080870,ptr,0x08080AF8,1
0x08080B70,0x080804A4,ptr,0x08080BA4,1
0x08080B70,0x08080870,ptr,0x08080BC4,1
0x08080BCC,0x080804A4,ptr,0x08080C04,1
0x08080BCC,0x08080870,ptr,0x08080C24,1
0x08080C48,0x0806523C,ptr,0x08080D38,1
0x08080C48,0x080656B4,ptr,0x08080D34,1
0x08080C48,0x08080D58,ptr,0x08080D3C,1
0x08080DD0,0x0806523C,ptr,0x08080E04,1
0x08080DD0,0x080656B4,ptr,0x08080E00,1
0x08080E32,0x08080E5C,ptr,0x08080E38,1
0x08080EDC,0x08080E40,ptr,0x08080F2C,1
0x08080FA4,0x08080E40,ptr,0x08080FF4,1
0x080810C4,0x08080E40,ptr,0x080810EC,1
0x0808124C,0x08080E40,ptr,0x0808126C,1
0x080813A4,0x08080E40,ptr,0x08081400,1
0x08081408,0x0808145C,ptr,0x08081438,1
0x080814B4,0x08081440,ptr,0x080814DC,1
0x08081560,0x08081440,ptr,0x08081594,1
0x080815DC,0x08081440,ptr,0x0808160C,1
0x08081614,0x08081668,ptr,0x08081644,1
0x08081774,0x080817D4,ptr,0x080817AC,1
0x080818A8,0x08080E40,ptr,0x080818D8,1
0x080818A8,0x08081440,ptr,0x080818F8,1
0x08081900,0x08080E40,ptr,0x08081934,1
0x08081900,0x08081440,ptr,0x08081958,1
0x080819B4,0x0806523C,ptr,0x080819E8,1
0x080819B4,0x080656B4,ptr,0x080819E4,1
0x080819F4,0x08081A74,ptr,0x08081A28,1
0x08081B5C,0x08081A58,ptr,0x08081BBC,1
0x08081C3C,0x08081A58,ptr,0x08081C70,1
0x08081CE0,0x08081A58,ptr,0x08081D1C,1
0x08081D24,0x08081D84,ptr,0x08081D5C,1
0x08081F60,0x0806523C,ptr,0x08081FF0,1
0x08081F60,0x08065640,ptr,0x08081FA4,1
0x08081F60,0x080656B4,ptr,0x08081F8C,1
0x08082008,0x0806523C,ptr,0x080820A0,1
0x08082008,0x08065640,ptr,0x08082054,1
0x08082008,0x080656B4,ptr,0x08082034,1
0x080820B8,0x08082108,ptr,0x080820E4,1
0x08082108,0x0806523C,ptr,0x08082184,1
0x080822B0,0x08082300,ptr,0x080822DC,1
0x0808248C,0x080824EC,ptr,0x080824C4,1
0x080824EC,0x0806523C,ptr,0x08082538,1
0x080826D8,0x0806523C,ptr,0x0808270C,1
0x080826D8,0x080656B4,ptr,0x08082708,1
0x08082718,0x0808276C,ptr,0x08082748,1
0x08082818,0x08082750,ptr,0x0808283C,1
0x0808287C,0x08082750,ptr,0x080828A0,1
0x08082908,0x08082750,ptr,0x08082978,1
0x080829D4,0x08082750,ptr,0x08082A00,1
0x08082AEC,0x08082750,ptr,0x08082B0C,1
0x08082B48,0x08082750,ptr,0x08082BB0,1
0x08082BB8,0x08082C18,ptr,0x08082BF0,1
0x08082D14,0x08082750,ptr,0x08082D44,1
0x08082D4C,0x08082750,ptr,0x08082D80,1
0x08082DE4,0x0806523C,ptr,0x08082E1C,1
0x08082DE4,0x080656B4,ptr,0x08082E18,1
0x08082E68,0x08082EB4,ptr,0x08082E90,1
0x08082FB4,0x08082E98,ptr,0x08082FD4,1
0x08083020,0x08082E98,ptr,0x080832C8,1
0x0808330C,0x08082E98,ptr,0x08083368,1
0x08083400,0x08082E98,ptr,0x08083420,1
0x08083488,0x08082E98,ptr,0x080835CC,1
0x0808379C,0x08082E98,ptr,0x080837C8,1
0x080838BC,0x08082E98,ptr,0x08083984,1
0x0808398C,0x080839EC,ptr,0x080839C4,1
0x08083E6C,0x0806523C,ptr,0x08083EA8,1
0x08083E6C,0x080656B4,ptr,0x08083EA4,1
0x08083EB4,0x08083F04,ptr,0x08083EE0,1
0x08084050,0x0806523C,ptr,0x08084098,1
0x08084050,0x080656B4,ptr,0x08084094,1
0x080840A4,0x080840F0,ptr,0x080840CC,1
0x0808424C,0x080842B8,ptr,0x0808428C,1
0x080842B8,0x0806A344,ptr,0x080842DC,1
0x080843FC,0x0806523C,ptr,0x08084474,1
0x080843FC,0x080656B4,ptr,0x08084470,1
0x08084484,0x0806523C,ptr,0x080844B8,1
0x08084484,0x080656B4,ptr,0x080844B4,1
0x080844C4,0x0808451C,ptr,0x080844F0,1
0x080844F8,0x0808451C,ptr,0x08084514,1
0x080846C4,0x080844F8,ptr,0x080846EC,1
0x08084854,0x080844F8,ptr,0x08084874,1
0x080848E4,0x080844F8,ptr,0x08084954,1
0x080849B4,0x080844F8,ptr,0x080849D4,1
0x08084A74,0x08084AE8,ptr,0x08084AE0,1
0x08084AFC,0x080059D8,ptr,0x08084B60,1
0x08084AFC,0x08005D9C,ptr,0x08084B64,1
0x08084AFC,0x08084B7C,ptr,0x08084B6C,1
0x08084BC0,0x080844F8,ptr,0x08084BF8,1
0x08084C0C,0x080844F8,ptr,0x08084C4C,1
0x08084CD4,0x0806523C,ptr,0x08084D08,1
0x08084CD4,0x080656B4,ptr,0x08084D04,1
0x08084D14,0x08084D90,ptr,0x08084D38,1
0x08084D6C,0x08084D90,ptr,0x08084D88,1
0x08084E74,0x08084D6C,ptr,0x08084E94,1
0x08084F50,0x08084D6C,ptr,0x08084F70,1
0x08085158,0x08084D6C,ptr,0x08085178,1
0x08085274,0x08084D6C,ptr,0x08085294,1
0x080852CC,0x0808537C,ptr,0x08085374,1
0x08085390,0x08084D6C,ptr,0x080853B8,1
0x080853C8,0x08084D6C,ptr,0x080853F4,1
0x08085450,0x0806523C,ptr,0x0808548C,1
0x08085450,0x080656B4,ptr,0x08085488,1
0x08085498,0x08085500,ptr,0x080854C8,1
0x080854D0,0x08085500,ptr,0x080854F8,1
0x08085608,0x080854D0,ptr,0x08085658,1
0x0808582C,0x080854D0,ptr,0x08085850,1
0x08085858,0x080858CC,ptr,0x08085890,1
0x0808589C,0x080858CC,ptr,0x080858C4,1
0x08085998,0x0808589C,ptr,0x080859FC,1
0x08085BB8,0x0808589C,ptr,0x08085BDC,1
0x08085C2C,0x08085CC4,ptr,0x08085CBC,1
0x08085CD8,0x08085E60,ptr,0x08085E40,1
0x08085E74,0x080854D0,ptr,0x08085EB8,1
0x08085E74,0x0808589C,ptr,0x08085EE8,1
0x08085EF0,0x080854D0,ptr,0x08085F3C,1
0x08085EF0,0x0808589C,ptr,0x08085F78,1
0x08085EF0,0x08085BE4,ptr,0x08085F98,1
0x0808606C,0x0806A344,ptr,0x08086088,1
0x08086090,0x0806523C,ptr,0x080860CC,1
0x08086090,0x080656B4,ptr,0x080860C8,1
0x080860F8,0x0808614C,ptr,0x08086120,2
0x080862CC,0x08086320,ptr,0x080862F4,2
0x080864EC,0x0808659C,ptr,0x08086524,1
0x080867B8,0x080860D8,ptr,0x080867DC,1
0x08086824,0x080868DC,ptr,0x080868A4,2
0x080869F0,0x08086A44,ptr,0x08086A18,2
0x08086BC0,0x08086C14,ptr,0x08086BE8,1
0x08086BF0,0x08086C14,ptr,0x08086C0C,1
0x08086CCC,0x08086BF0,ptr,0x08086CE8,1
0x08086DA4,0x08086BF0,ptr,0x08086DC0,1
0x08086EFC,0x08086F40,ptr,0x08086F38,1
0x0808705C,0x0806523C,ptr,0x08087098,1
0x0808705C,0x080656B4,ptr,0x08087094,1
0x080870C4,0x08087118,ptr,0x080870EC,2
0x08087268,0x080872BC,ptr,0x08087290,2
0x08087458,0x08087508,ptr,0x08087490,1
0x08087724,0x080870A4,ptr,0x08087748,1
0x08087790,0x08087848,ptr,0x08087810,2
0x0808795C,0x080879B0,ptr,0x08087984,2
0x08087AF0,0x08087B44,ptr,0x08087B18,1
0x08087B20,0x08087B44,ptr,0x08087B3C,1
0x08087BFC,0x08087B20,ptr,0x08087C18,1
0x08087CD4,0x08087B20,ptr,0x08087CF0,1
0x08087E2C,0x08087E84,ptr,0x08087E58,1
0x08087E60,0x08087E84,ptr,0x08087E7C,1
0x08087EF0,0x08087E60,ptr,0x08087F10,1
0x08087FCC,0x08088024,ptr,0x08087FF8,1
0x08088000,0x08088024,ptr,0x0808801C,1
0x080880FC,0x08088000,ptr,0x08088138,2
0x08088208,0x08088000,ptr,0x08088228,1
0x08088254,0x08088000,ptr,0x08088274,1
0x080882F0,0x0808705C,ptr,0x08088318,1
0x08088360,0x080883B8,ptr,0x0808838C,2
0x08088498,0x080884D0,ptr,0x080884C8,1
0x080884E4,0x08087E60,ptr,0x08088518,1
0x080884E4,0x08088000,ptr,0x08088538,1
0x08088540,0x08088000,ptr,0x0808857C,1
0x080885C0,0x0808705C,ptr,0x08088600,1
0x08088610,0x0806523C,ptr,0x0808864C,1
0x08088610,0x080656B4,ptr,0x08088648,1
0x08088658,0x080886D8,ptr,0x080886AC,1
0x080886B4,0x080886D8,ptr,0x080886D0,1
0x080887A0,0x080886B4,ptr,0x080887E8,2
0x080888A0,0x080886B4,ptr,0x080888C0,1
0x08088920,0x080886B4,ptr,0x08088940,1
0x08088A3C,0x080886B4,ptr,0x08088A5C,1
0x08088A64,0x08088B10,ptr,0x08088AA0,1
0x08088AEC,0x08088B10,ptr,0x08088B08,1
0x08088B98,0x08088AEC,ptr,0x08088BD0,1
0x08088CE8,0x080886D8,ptr,0x08088D4C,1
0x08088CE8,0x08088D7C,ptr,0x08088D48,1
0x08088D58,0x08088D7C,ptr,0x08088D74,1
0x08088E78,0x08088D58,ptr,0x08088E9C,1
0x08088ED4,0x08088610,ptr,0x08088EF4,1
0x08088F24,0x08088D58,ptr,0x08088F44,1
0x08088F4C,0x08088FAC,ptr,0x08088FA4,1
0x08088FC0,0x08088AEC,ptr,0x08088FFC,1
0x08088FC0,0x08088D58,ptr,0x08089014,1
0x08089024,0x080886B4,ptr,0x0808905C,1
0x08089064,0x080886B4,ptr,0x080890A8,2
0x080890D4,0x080886B4,ptr,0x08089118,1
0x0808913C,0x08088D58,ptr,0x08089178,1
0x08089180,0x0806523C,ptr,0x080891B4,1
0x08089180,0x080656B4,ptr,0x080891B0,1
0x080891C0,0x0808921C,ptr,0x080891F0,1
0x080891F8,0x0808921C,ptr,0x08089214,1
0x08089334,0x080656B4,ptr,0x08089404,1
0x08089460,0x080656B4,ptr,0x080894E4,1
0x08089544,0x080656B4,ptr,0x080895BC,1
0x080895C4,0x080891F8,ptr,0x080895E4,1
0x080895EC,0x080656B4,ptr,0x08089630,1
0x08089680,0x080896DC,ptr,0x080896D4,1
0x080896EC,0x080891F8,ptr,0x08089724,1
0x0808972C,0x080891F8,ptr,0x08089764,1
0x0808978C,0x080891F8,ptr,0x080897C0,1
0x080897D0,0x080891F8,ptr,0x08089800,1
0x08089848,0x0806523C,ptr,0x0808987C,1
0x08089848,0x080656B4,ptr,0x08089878,1
0x08089888,0x080898DC,ptr,0x080898B0,1
0x080898B8,0x080898DC,ptr,0x080898D4,1
0x080899D4,0x080898B8,ptr,0x080899F4,1
0x08089AAC,0x080898B8,ptr,0x08089ACC,1
0x08089AD4,0x080059D8,ptr,0x08089B34,1
0x08089AD4,0x08005D9C,ptr,0x08089B38,1
0x08089B44,0x08089BDC,ptr,0x08089BD4,1
0x08089C58,0x0806523C,ptr,0x08089C8C,1
0x08089C58,0x080656B4,ptr,0x08089C88,1
0x08089C98,0x08089D44,ptr,0x08089CD8,1
0x08089D20,0x08089D44,ptr,0x08089D3C,1
0x08089EA0,0x08089D20,ptr,0x08089EC0,1
0x0808A020,0x08089D20,ptr,0x0808A040,1
0x0808A270,0x08089D20,ptr,0x0808A290,1
0x0808A36C,0x08089D20,ptr,0x0808A3BC,1
0x0808A478,0x08089D20,ptr,0x0808A4C8,1
0x0808A5B8,0x08089D20,ptr,0x0808A608,1
0x0808A710,0x08089D20,ptr,0x0808A760,1
0x0808A7A8,0x0808A7E0,ptr,0x0808A7D8,1
0x0808A8D4,0x08089D20,ptr,0x0808A954,1
0x0808A964,0x08089D20,ptr,0x0808A998,1
0x0808A9A8,0x08089D20,ptr,0x0808A9D0,1
0x0808AA68,0x0806523C,ptr,0x0808AACC,1
0x0808AA68,0x080656B4,ptr,0x0808AAC8,1
0x0808AAD8,0x0808AB38,ptr,0x0808AB0C,1
0x0808AB14,0x0808AB38,ptr,0x0808AB30,1
0x0808ABF4,0x0808AB14,ptr,0x0808AC14,1
0x0808ADEC,0x0808AE48,ptr,0x0808AE1C,1
0x0808AE24,0x0808AE48,ptr,0x0808AE40,1
0x0808AF34,0x0808AFD0,ptr,0x0808AF80,1
0x0808AFAC,0x0808AFD0,ptr,0x0808AFC8,1
0x0808B094,0x0808AFAC,ptr,0x0808B0EC,1
0x0808B1A8,0x0808AFAC,ptr,0x0808B1C8,1
0x0808B1D0,0x0808B234,ptr,0x0808B208,1
0x0808B210,0x0808B234,ptr,0x0808B22C,1
0x0808B2FC,0x0808AE24,ptr,0x0808B354,1
0x0808B468,0x0808B210,ptr,0x0808B4C8,1
0x0808B4D0,0x0808B210,ptr,0x0808B518,2
0x0808B5B4,0x0808B8C4,ptr,0x0808B620,1
0x0808B8C4,0x0808AAD8,ptr,0x0808B92C,1
0x0808B8C4,0x0808ADEC,ptr,0x0808B938,1
0x0808B8C4,0x0808AF34,ptr,0x0808B94C,1
0x0808B8C4,0x0808B234,ptr,0x0808B990,1
0x0808B8C4,0x0808B28C,ptr,0x0808B994,1
0x0808B9D0,0x080059D8,ptr,0x0808BA10,1
0x0808B9D0,0x08005D9C,ptr,0x0808BA14,1
0x0808BB24,0x0808BB5C,ptr,0x0808BB54,1
0x0808BB70,0x0808AFAC,ptr,0x0808BBFC,1
0x0808BB70,0x0808B5B4,ptr,0x0808BBA4,1
0x0808BC18,0x0808B5B4,ptr,0x0808BC58,1
0x0808BD04,0x0808ADEC,ptr,0x0808BDAC,1
0x0808BD04,0x0808AFAC,ptr,0x0808BD90,1
0x0808BDB4,0x0806523C,ptr,0x0808BDE8,1
0x0808BDB4,0x080656B4,ptr,0x0808BDE4,1
0x0808BDF4,0x0808BE58,ptr,0x0808BE18,1
0x0808BF1C,0x0808BE3C,ptr,0x0808BF44,1
0x0808C004,0x0808BE3C,ptr,0x0808C024,1
0x0808C1D0,0x0808BE3C,ptr,0x0808C224,2
0x0808C3E8,0x0808BE3C,ptr,0x0808C43C,2
0x0808C4BC,0x0808BE3C,ptr,0x0808C4DC,1
0x0808C5E8,0x0808BE3C,ptr,0x0808C608,1
0x0808C684,0x0808BE3C,ptr,0x0808C6A4,1
0x0808C6AC,0x0808C708,ptr,0x0808C700,1
0x0808C71C,0x0808BE3C,ptr,0x0808C744,1
0x0808C74C,0x0808BE3C,ptr,0x0808C774,1
0x0808C79C,0x0808BE3C,ptr,0x0808C7DC,1
0x0808C7EC,0x0808BE3C,ptr,0x0808C824,1
0x0808CB70,0x080059D8,ptr,0x0808CC00,1
0x0808CB70,0x0806523C,ptr,0x0808CC04,1
0x0808CB70,0x0808CC14,ptr,0x0808CC10,1
0x0808CC14,0x0806A344,ptr,0x0808CC74,1
0x0808CCE8,0x080059D8,ptr,0x0808CD1C,1
0x0808CCE8,0x08005D9C,ptr,0x0808CD20,1
0x0808D014,0x080059D8,ptr,0x0808D0DC,1
0x0808D014,0x0806523C,ptr,0x0808D0E0,1
0x0808D014,0x0808D100,ptr,0x0808D0E8,1
0x0808D100,0x0806A344,ptr,0x0808D11C,1
0x0808D130,0x0806A344,ptr,0x0808D140,1
0x0808D148,0x080059D8,ptr,0x0808D1C0,1
0x0808D148,0x0806523C,ptr,0x0808D1C4,1
0x0808D148,0x0808D1D0,ptr,0x0808D1BC,1
0x0808D1D0,0x0806A344,ptr,0x0808D1EC,1
0x0808D200,0x0806A344,ptr,0x0808D210,1
0x0808D218,0x0806523C,ptr,0x0808D294,1
0x0808D218,0x080656B4,ptr,0x0808D290,1
0x0808D218,0x0808D2A8,ptr,0x0808D29C,1
0x0808D2B8,0x0808D624,ptr,0x0808D2E0,1
0x0808D2B8,0x0808DACC,ptr,0x0808D2FC,1
0x0808D304,0x0808D624,ptr,0x0808D330,1
0x0808D304,0x0808DACC,ptr,0x0808D34C,1
0x0808D4E8,0x080059D8,ptr,0x0808D548,1
0x0808D4E8,0x08065640,ptr,0x0808D54C,1
0x0808D558,0x0808D58C,ptr,0x0808D584,1
0x0808D764,0x0808D624,ptr,0x0808D788,1
0x0808D938,0x0808D624,ptr,0x0808D95C,1
0x0808DA00,0x0808DA34,ptr,0x0808DA2C,1
0x0808DC68,0x0808DACC,ptr,0x0808DC8C,1
0x0808DE90,0x0808DACC,ptr,0x0808DEB4,1
0x0808DF58,0x0808DF9C,ptr,0x0808DF90,1
0x0808E2B4,0x0808E464,ptr,0x0808E334,1
0x0808E3A8,0x080059D8,ptr,0x0808E3F4,1
0x0808E3A8,0x0806523C,ptr,0x0808E3F8,1
0x0808E404,0x0808E440,ptr,0x0808E438,1
0x0808E5CC,0x0808E464,ptr,0x0808E608,1
0x0808E704,0x0808E464,ptr,0x0808E728,1
0x0808E804,0x0808E848,ptr,0x0808E83C,1
0x0808E8A4,0x0808E994,ptr,0x0808E8BC,1
0x0808E8D4,0x080059D8,ptr,0x0808E904,1
0x0808E8D4,0x0806523C,ptr,0x0808E908,1
0x0808E914,0x0808E964,ptr,0x0808E934,1
0x0808E9D4,0x0808E994,ptr,0x0808E9F8,1
0x0808EB24,0x0808EB64,ptr,0x0808EB58,1
0x0808EBE0,0x0808F380,ptr,0x0808EC10,1
0x0808EBE0,0x0808F39C,ptr,0x0808EC00,1
0x0808EBE0,0x0808F3B8,ptr,0x0808EC2C,1
0x0808EC34,0x0808F380,ptr,0x0808EC64,1
0x0808EC34,0x0808F39C,ptr,0x0808EC54,1
0x0808EC34,0x0808F3B8,ptr,0x0808EC88,1
0x0808ECE0,0x0808F3B8,ptr,0x0808ED04,2
0x0808F224,0x080059D8,ptr,0x0808F25C,1
0x0808F224,0x0806523C,ptr,0x0808F260,1
0x0808F26C,0x0808F2A0,ptr,0x0808F298,1
0x0808F2C4,0x0808F2FC,ptr,0x0808F2F4,1
0x0808F320,0x0808F35C,ptr,0x0808F350,1
0x0808F400,0x0808F380,ptr,0x0808F418,1
0x0808F4B4,0x0808F380,ptr,0x0808F4F0,1
0x0808F578,0x0808F39C,ptr,0x0808F5C4,1
0x0808F678,0x0808F39C,ptr,0x0808F6B8,1
0x0808F75E,0x0808F3B8,ptr,0x0808F78C,2
0x0808F844,0x0808F3B8,ptr,0x0808F880,1
0x0808F8E8,0x0808F930,ptr,0x0808F924,1
0x0808F978,0x0808FA98,ptr,0x0808F9B0,1
0x0808F9B8,0x0808FA98,ptr,0x0808F9D0,1
0x0808F9D8,0x0808FA98,ptr,0x0808F9F0,1
0x0808FA10,0x080059D8,ptr,0x0808FA40,1
0x0808FA10,0x0806523C,ptr,0x0808FA44,1
0x0808FA50,0x0808FA84,ptr,0x0808FA7C,1
0x0808FBAC,0x0808FBF0,ptr,0x0808FBE4,1
0x0808FC40,0x080059D8,ptr,0x0808FC80,1
0x0808FC40,0x0806523C,ptr,0x0808FC84,1
0x0808FC90,0x0808FCD4,ptr,0x0808FCC8,1
0x0808FCEE,0x0808FD1C,ptr,0x0808FD14,1
0x0808FDB8,0x080059D8,ptr,0x0808FDE8,1
0x0808FDB8,0x0806523C,ptr,0x0808FDEC,1
0x0808FDF8,0x0808FE28,ptr,0x0808FE20,1
0x0808FE28,0x0806A344,ptr,0x0808FE64,1
0x0808FFE0,0x0806A344,ptr,0x08090004,1
0x0809000C,0x08065438,ptr,0x0809005C,1
0x0809000C,0x080656B4,ptr,0x08090058,1
0x08090090,0x080900F4,ptr,0x080900CC,1
0x08090270,0x080900D8,ptr,0x08090290,1
0x080903C8,0x080900D8,ptr,0x080903E8,1
0x080904AC,0x080900D8,ptr,0x080904CC,1
0x080905B0,0x080900D8,ptr,0x080905D0,1
0x08090724,0x080900D8,ptr,0x08090744,1
0x08090904,0x080900D8,ptr,0x0809090C,1
0x080909AC,0x080900D8,ptr,0x080909CC,1
0x08090B18,0x080900D8,ptr,0x08090B38,1
0x08090BF0,0x080900D8,ptr,0x08090C10,1
0x08090CA8,0x080900D8,ptr,0x08090CC8,1
0x08090DE4,0x0806A344,ptr,0x08090E10,1
0x08090F14,0x080900D8,ptr,0x08090F44,1
0x08090FC0,0x08090FE0,ptr,0x08090FDC,1
0x080910C0,0x08065350,ptr,0x08091104,1
0x080910C0,0x080656B4,ptr,0x08091100,1
0x0809113C,0x080911A8,ptr,0x08091180,1
0x080912F8,0x0809118C,ptr,0x08091318,1
0x08091368,0x0809118C,ptr,0x08091388,1
0x08091558,0x0809118C,ptr,0x0809159C,1
0x080915D0,0x0809118C,ptr,0x080915F0,1
0x080916C4,0x0809118C,ptr,0x080916E4,1
0x080917FC,0x0809118C,ptr,0x0809181C,1
0x0809191C,0x0806A344,ptr,0x0809194C,1
0x08091B24,0x0809118C,ptr,0x08091B58,1
0x08091B6C,0x080651B4,ptr,0x08091C2C,1
0x08091B6C,0x08091D24,ptr,0x08091C34,1
0x08091DDC,0x080651B4,ptr,0x08091E0C,1
0x08091DDC,0x08091E18,ptr,0x08091E14,1
0x08091F08,0x080653EC,ptr,0x08091F68,1
0x08091F08,0x080656B4,ptr,0x08091F64,1
0x08091F9C,0x08091FFC,ptr,0x08091FD4,1
0x08091FFC,0x08091FE0,ptr,0x08092194,1
0x08092228,0x08091FE0,ptr,0x08092248,1
0x08092590,0x08091FE0,ptr,0x080925B0,1
0x080926D4,0x08091FE0,ptr,0x080926F4,1
0x080929EC,0x08091FE0,ptr,0x08092A0C,1
0x08092B30,0x08091FE0,ptr,0x08092B50,1
0x08092BD8,0x08091FE0,ptr,0x08092BF8,1
0x08092CB4,0x08091FE0,ptr,0x08092CD4,1
0x08092E40,0x08091FE0,ptr,0x08092E60,1
0x08092F04,0x08091FE0,ptr,0x08092F24,1
0x08092FF4,0x08091FE0,ptr,0x08093014,1
0x08093084,0x08091FE0,ptr,0x080930A4,1
0x08093354,0x08091FE0,ptr,0x08093378,1
0x08093488,0x0806A344,ptr,0x080934B0,1
0x080937D0,0x08091FE0,ptr,0x08093844,1
0x0809388C,0x08091FE0,ptr,0x080938DC,1
0x080938E4,0x080059D8,ptr,0x08093920,1
0x080938E4,0x080651B4,ptr,0x08093924,1
0x080938E4,0x0809397C,ptr,0x0809392C,1
0x08093A24,0x0806523C,ptr,0x08093A58,1
0x08093A24,0x080656B4,ptr,0x08093A54,1
0x08093A64,0x08093A98,ptr,0x08093A90,1
0x08093B80,0x0806A344,ptr,0x08093BA8,1
0x08093BB0,0x0806A344,ptr,0x08093BCC,1
0x08093BD4,0x0806523C,ptr,0x08093C20,1
0x08093BD4,0x080656B4,ptr,0x08093C1C,1
0x08093C30,0x08093C7C,ptr,0x08093C58,1
0x08093CF8,0x08093C60,ptr,0x08093D84,1
0x08093E58,0x0806523C,ptr,0x08093ECC,1
0x08093E58,0x080656B4,ptr,0x08093EC8,1
0x08093EDC,0x0806A344,ptr,0x08093EF8,1
0x08093F00,0x0806A344,ptr,0x08093F30,1
0x08093F64,0x0806523C,ptr,0x08093FD0,1
0x08093F64,0x080656B4,ptr,0x08093FCC,1
0x08093FE0,0x08094010,ptr,0x08094008,1
0x080941AC,0x08065438,ptr,0x0809420C,1
0x080941AC,0x080656B4,ptr,0x08094208,1
0x08094220,0x080942B4,ptr,0x08094254,1
0x08094220,0x080942DC,ptr,0x08094288,1
0x08094290,0x080942DC,ptr,0x080942AC,1
0x080945FC,0x080942DC,ptr,0x0809463C,1
0x0809467C,0x08094290,ptr,0x08094698,1
0x08094758,0x08094290,ptr,0x080947A4,2
0x080948D4,0x08094290,ptr,0x08094900,1
0x080949E0,0x08094290,ptr,0x08094A8C,2
0x08094DEC,0x08094290,ptr,0x08094E60,2
0x08094F68,0x08094290,ptr,0x08094FA8,1
0x080950B4,0x08094290,ptr,0x08095134,1
0x08095220,0x08094290,ptr,0x0809524C,1
0x0809532C,0x08094290,ptr,0x08095358,1
0x08095484,0x0806A344,ptr,0x080954E8,1
0x080954F0,0x08094290,ptr,0x08095548,1
0x080954F0,0x08094894,ptr,0x0809558C,1
0x080955A8,0x08094290,ptr,0x08095664,1
0x08095694,0x08094290,ptr,0x080956C0,1
0x080957BC,0x08065438,ptr,0x0809580C,1
0x080957BC,0x080656B4,ptr,0x08095808,1
0x080957BC,0x0809699C,ptr,0x0809581C,1
0x080957BC,0x080969C8,ptr,0x08095830,1
0x0809595C,0x080969C8,ptr,0x080959E0,1
0x0809616C,0x080962D0,ptr,0x08096194,1
0x08096278,0x08096320,ptr,0x080962A4,1
0x08096A28,0x08095940,ptr,0x08096A38,1
0x08096A40,0x08096680,ptr,0x08096B78,1
0x08096E24,0x08095940,ptr,0x08096E68,1
0x080970C4,0x080059D8,ptr,0x08097118,1
0x080970C4,0x08005D9C,ptr,0x0809711C,1
0x080970C4,0x080974C8,ptr,0x08097178,1
0x080974F8,0x08065438,ptr,0x0809754C,1
0x080974F8,0x080656B4,ptr,0x08097548,1
0x080974F8,0x080975C8,ptr,0x0809755C,1
0x080974F8,0x080975FC,ptr,0x0809757C,1
0x08097694,0x080975FC,ptr,0x0809770C,1
0x08097714,0x080975AC,ptr,0x08097734,1
0x08097A54,0x080975AC,ptr,0x08097A74,1
0x08097B4C,0x080975AC,ptr,0x08097B6C,1
0x08097C44,0x080975AC,ptr,0x08097C60,1
0x08097D7C,0x080975AC,ptr,0x08097D9C,1
0x08097E68,0x080975AC,ptr,0x08097E88,1
0x0809816C,0x080975AC,ptr,0x0809818C,1
0x08098268,0x080975AC,ptr,0x08098284,1
0x080984B4,0x080975AC,ptr,0x08098524,1
0x08098594,0x080975AC,ptr,0x080985D8,1
0x080985E0,0x0806523C,ptr,0x08098654,1
0x080985E0,0x080656B4,ptr,0x08098650,1
0x080985E0,0x0809869C,ptr,0x0809864C,1
0x0809876C,0x0806523C,ptr,0x08098820,1
0x0809876C,0x080656B4,ptr,0x0809881C,1
0x0809876C,0x0809887C,ptr,0x08098828,1
0x080988C4,0x08098FB0,ptr,0x080988F0,1
0x080988F8,0x08098FB0,ptr,0x080989F4,1
0x08098A04,0x08098FB0,ptr,0x08098A90,1
0x08098AA0,0x08098FB0,ptr,0x08098AD0,1
0x08098B60,0x08098FB0,ptr,0x08098C4C,1
0x08098C54,0x08098FB0,ptr,0x08098CB4,2
0x08098CF4,0x08098FB0,ptr,0x08098D50,1
0x08098DA4,0x08098FB0,ptr,0x08098DDC,1
0x08098E64,0x08065438,ptr,0x08098EC0,1
0x08098E64,0x080656B4,ptr,0x08098EBC,1
0x08098ED4,0x08098F38,ptr,0x08098F08,1
0x08099080,0x08098FB0,ptr,0x080990B0,2
0x08099180,0x08098FB0,ptr,0x080991A4,1
0x0809931C,0x08098FB0,ptr,0x08099348,1
0x08099394,0x08098FB0,ptr,0x080993D4,1
0x08099448,0x08098FB0,ptr,0x0809946C,1
0x080995B8,0x08098FB0,ptr,0x080995EC,1
0x08099690,0x08098FB0,ptr,0x080996C8,1
0x08099734,0x08098FB0,ptr,0x08099768,1
0x080997E4,0x08098FB0,ptr,0x08099810,1
0x08099908,0x08098FB0,ptr,0x0809993C,1
0x0809998C,0x0806A344,ptr,0x080999BC,1
0x08099A54,0x08098FB0,ptr,0x08099A74,1
0x08099AEC,0x0809A1F4,ptr,0x08099B18,1
0x08099B20,0x0809A1F4,ptr,0x08099C3C,1
0x08099C4C,0x0809A1F4,ptr,0x08099D30,1
0x08099D64,0x0809A1F4,ptr,0x08099DA8,1
0x08099DB0,0x0809A1F4,ptr,0x08099DE4,1
0x08099DEC,0x0809A1F4,ptr,0x08099E94,1
0x0809A0A8,0x08065438,ptr,0x0809A104,1
0x0809A0A8,0x080656B4,ptr,0x0809A100,1
0x0809A118,0x0809A17C,ptr,0x0809A144,1
0x0809A270,0x0809A1F4,ptr,0x0809A298,1
0x0809A32C,0x0809A1F4,ptr,0x0809A364,1
0x0809A434,0x0809A1F4,ptr,0x0809A45C,1
0x0809A4F0,0x0809A1F4,ptr,0x0809A520,1
0x0809A624,0x0809A1F4,ptr,0x0809A64C,1
0x0809A744,0x0809A1F4,ptr,0x0809A774,2
0x0809A82C,0x0809A1F4,ptr,0x0809A860,1
0x0809A974,0x0809A1F4,ptr,0x0809AA1C,1
0x0809AAF0,0x0809A1F4,ptr,0x0809AB3C,2
0x0809AC54,0x0809A1F4,ptr,0x0809ACB4,1
0x0809AD6C,0x0809A1F4,ptr,0x0809ADCC,2
0x0809AEFC,0x0809A1F4,ptr,0x0809AF44,1
0x0809B09C,0x0809A1F4,ptr,0x0809B0FC,1
0x0809B310,0x0809A1F4,ptr,0x0809B344,1
0x0809B394,0x0806A344,ptr,0x0809B3CC,1
0x0809B454,0x0809B5EC,ptr,0x0809B478,1
0x0809B4DC,0x0809B5EC,ptr,0x0809B4F4,1
0x0809B528,0x0806523C,ptr,0x0809B570,1
0x0809B528,0x080656B4,ptr,0x0809B56C,1
0x0809B57C,0x0809B5B4,ptr,0x0809B5AC,1
0x0809B6AC,0x0809B5EC,ptr,0x0809B6F0,1
0x0809B7F0,0x0806523C,ptr,0x0809B824,1
0x0809B7F0,0x080656B4,ptr,0x0809B820,1
0x0809B830,0x0809B868,ptr,0x0809B860,1
0x0809B9C0,0x0809BAEC,ptr,0x0809B9D8,1
0x0809B9E0,0x0809BAEC,ptr,0x0809B9F8,1
0x0809BA00,0x0806523C,ptr,0x0809BA38,1
0x0809BA00,0x080656B4,ptr,0x0809BA34,1
0x0809BA44,0x0809BA94,ptr,0x0809BA88,1
0x0809BA94,0x0809BAEC,ptr,0x0809BAE0,1
0x0809BBD8,0x0809BC1C,ptr,0x0809BC14,1
0x0809BBD8,0x0809BF2C,ptr,0x0809BC18,1
0x0809C0A8,0x080059D8,ptr,0x0809C3D8,1
0x0809C0A8,0x0806523C,ptr,0x0809C3DC,1
0x0809C404,0x080059D8,ptr,0x0809C448,1
0x0809C490,0x0806523C,ptr,0x0809C4C0,1
0x0809C4D0,0x0809C528,ptr,0x0809C508,1
0x0809C638,0x0809C50C,ptr,0x0809C724,2
0x0809C638,0x0809C880,ptr,0x0809C6FC,1
0x0809C840,0x0809C50C,ptr,0x0809C874,1
0x0809C8F8,0x0809C50C,ptr,0x0809C92C,1
0x0809C8F8,0x0809C938,ptr,0x0809C934,1
0x0809CAB0,0x0809CB90,ptr,0x0809CB88,1
0x0809CC24,0x0809C528,ptr,0x0809CD48,1
0x0809CC24,0x0809CD4C,ptr,0x0809CD40,1
0x0809CD8C,0x0809C528,ptr,0x0809CEC0,1
0x0809CD8C,0x0809CEC4,ptr,0x0809CEB8,1
0x0809CF60,0x080059D8,ptr,0x0809CFCC,1
0x0809CF60,0x0806523C,ptr,0x0809CFD0,1
0x0809CF60,0x0809CFE0,ptr,0x0809CFD8,1
0x0809D0A0,0x0809C50C,ptr,0x0809D0D4,1
0x0809D13C,0x0809D17C,ptr,0x0809D16C,1
0x0809D18C,0x0809D1DC,ptr,0x0809D1BC,1
0x0809D42C,0x0809D1C0,ptr,0x0809D46C,1
0x0809D6B4,0x0809D1C0,ptr,0x0809D6D4,1
0x0809D71C,0x0809D1C0,ptr,0x0809D77C,2
0x0809D7A4,0x0809D83C,ptr,0x0809D834,1
0x0809DA1C,0x080059D8,ptr,0x0809DA60,1
0x0809DA1C,0x0806523C,ptr,0x0809DA64,1
0x0809DA1C,0x0809DA9C,ptr,0x0809DA6C,1
0x0809DB48,0x0809D1C0,ptr,0x0809DBA4,1
0x0809DC7C,0x0806523C,ptr,0x0809DCAC,1
0x0809DCBC,0x0809DD08,ptr,0x0809DD04,1
0x0809DD7C,0x0809DDBC,ptr,0x0809DD9C,1
0x0809DEE0,0x0809DDA0,ptr,0x0809DF00,1
0x0809DF2C,0x0809DDA0,ptr,0x0809DF4C,1
0x0809DF54,0x0809DFC8,ptr,0x0809DFC0,1
0x0809E284,0x0806523C,ptr,0x0809E2B8,1
0x0809E284,0x0809E2C4,ptr,0x0809E2B4,1
0x0809E320,0x0809E630,ptr,0x0809E4E8,1
0x0809E670,0x0809E780,ptr,0x0809E76C,1
0x0809E824,0x0809E864,ptr,0x0809E854,1
0x0809E874,0x0809E8CC,ptr,0x0809E8AC,1
0x0809EA08,0x0809E8B0,ptr,0x0809EA38,2
0x0809EB50,0x0809E8B0,ptr,0x0809EB74,1
0x0809EC84,0x0809E8B0,ptr,0x0809ECE4,2
0x0809ED08,0x0809E8B0,ptr,0x0809ED50,2
0x0809ED74,0x0809E8B0,ptr,0x0809EDD4,1
0x0809EDDC,0x0809EF98,ptr,0x0809EF8C,1
0x0809EFC8,0x0809E8CC,ptr,0x0809F0EC,1
0x0809EFC8,0x0809F0F0,ptr,0x0809F0E4,1
0x0809F120,0x0809E8CC,ptr,0x0809F268,1
0x0809F120,0x0809F26C,ptr,0x0809F260,1
0x0809F37C,0x0806523C,ptr,0x0809F3D0,1
0x0809F37C,0x080656B4,ptr,0x0809F3CC,1
0x0809F37C,0x0809F3E0,ptr,0x0809F3D8,1
0x0809F52C,0x0809E8B0,ptr,0x0809F580,1
0x0809F61C,0x080059D8,ptr,0x0809F7D8,1
0x0809F61C,0x0806523C,ptr,0x0809F7DC,1
0x0809FC44,0x080059D8,ptr,0x0809FC94,1
0x0809FC44,0x08065438,ptr,0x0809FC98,1
0x0809FCB4,0x080A0A84,ptr,0x0809FD18,1
0x0809FD64,0x0806A344,ptr,0x0809FE08,1
0x0809FE10,0x080A0B10,ptr,0x0809FF6C,2
0x080A06F0,0x080A0B10,ptr,0x080A0720,2
0x080A0A0C,0x080A0A38,ptr,0x080A0A30,1
0x080A0B74,0x080A0B10,ptr,0x080A0BAC,1
0x080A0C28,0x080A0B10,ptr,0x080A0CC4,1
0x080A0DBC,0x080A0B10,ptr,0x080A0E00,1
0x080A0EC8,0x080A0B10,ptr,0x080A0EF4,1
0x080A1030,0x080A0B10,ptr,0x080A1050,1
0x080A1140,0x080A0B10,ptr,0x080A1160,1
0x080A11A0,0x080A0B10,ptr,0x080A11D8,1
0x080A12E0,0x080A0B10,ptr,0x080A139C,2
0x080A1400,0x080A0B10,ptr,0x080A1464,1
0x080A14E4,0x080A0B10,ptr,0x080A1504,1
0x080A150C,0x08065438,ptr,0x080A1540,1
0x080A150C,0x080A1550,ptr,0x080A1544,1
0x080A15F0,0x080A1570,ptr,0x080A1610,1
0x080A1BD8,0x080A332C,ptr,0x080A1C14,1
0x080A1BD8,0x080A3CBC,ptr,0x080A1C18,1
0x080A1C90,0x080A3168,ptr,0x080A1D18,1
0x080A1D2C,0x080A3168,ptr,0x080A1D78,1
0x080A1D84,0x0806A344,ptr,0x080A1DB4,1
0x080A1DF8,0x080A332C,ptr,0x080A1E3C,1
0x080A1DF8,0x080A3CBC,ptr,0x080A1E24,1
0x080A1E4C,0x080A332C,ptr,0x080A1EBC,1
0x080A1E4C,0x080A3CBC,ptr,0x080A1EA0,1
0x080A1EC4,0x080A332C,ptr,0x080A1F88,1
0x080A1EC4,0x080A3CBC,ptr,0x080A1F68,1
0x080A1FC8,0x080A1F90,ptr,0x080A1FEC,2
0x080A27B8,0x080651B4,ptr,0x080A280C,1
0x080A27B8,0x080656B4,ptr,0x080A2808,1
0x080A2A44,0x080651B4,ptr,0x080A2A8C,1
0x080A2A44,0x080656B4,ptr,0x080A2A88,1
0x080A3114,0x080A314C,ptr,0x080A3144,1
0x080A31A4,0x080A3168,ptr,0x080A31C8,1
0x080A31D0,0x080A31F4,ptr,0x080A31EC,1
0x080A3298,0x080A32C4,ptr,0x080A32BC,1
0x080A33A4,0x080A332C,ptr,0x080A33D4,1
0x080A3424,0x080A332C,ptr,0x080A3464,1
0x080A348C,0x080A332C,ptr,0x080A3498,1
0x080A34B8,0x080A332C,ptr,0x080A34C4,1
0x080A34F0,0x080A332C,ptr,0x080A3520,1
0x080A3548,0x080A332C,ptr,0x080A3574,1
0x080A35A8,0x080A332C,ptr,0x080A35B4,1
0x080A35D8,0x080A332C,ptr,0x080A35E4,1
0x080A368C,0x080A332C,ptr,0x080A36A8,1
0x080A3768,0x080A332C,ptr,0x080A3784,1
0x080A3840,0x080A332C,ptr,0x080A385C,1
0x080A38EC,0x080A332C,ptr,0x080A3934,1
0x080A3A10,0x080A332C,ptr,0x080A3A38,1
0x080A3B10,0x080A332C,ptr,0x080A3B2C,1
0x080A3B7C,0x080A3BA0,ptr,0x080A3B9C,1
0x080A3BC0,0x080A3C08,ptr,0x080A3C04,1
0x080A3C28,0x080A3C54,ptr,0x080A3C4C,1
0x080A3D3C,0x080A3CBC,ptr,0x080A3D7C,1
0x080A3DD0,0x080A3CBC,ptr,0x080A3E08,1
0x080A3E3C,0x080A3CBC,ptr,0x080A3E5C,1
0x080A3E7C,0x080A3CBC,ptr,0x080A3E9C,1
0x080A3EDC,0x080A3CBC,ptr,0x080A3F1C,1
0x080A3F54,0x080A3CBC,ptr,0x080A3FA4,1
0x080A3FD4,0x080A3CBC,ptr,0x080A3FF4,1
0x080A4018,0x080A3CBC,ptr,0x080A4038,1
0x080A412C,0x080A3CBC,ptr,0x080A4164,1
0x080A4200,0x080A3CBC,ptr,0x080A4238,1
0x080A42F8,0x080A3CBC,ptr,0x080A4330,1
0x080A43D8,0x080A3CBC,ptr,0x080A4428,1
0x080A44C4,0x080A3CBC,ptr,0x080A4500,1
0x080A45BC,0x080A3CBC,ptr,0x080A45E4,1
0x080A4634,0x080A4658,ptr,0x080A4654,1
0x080A4678,0x080A46C0,ptr,0x080A46BC,1
0x080A472C,0x080059FC,ptr,0x080A47F8,1
0x080A472C,0x080A4808,ptr,0x080A4800,1
0x080A472C,0x080A488C,ptr,0x080A47FC,1
0x080A498C,0x080059D8,ptr,0x080A49BC,1
0x080A498C,0x0806523C,ptr,0x080A49C0,1
0x080A4A1C,0x080651B4,ptr,0x080A4A50,1
0x080A4A1C,0x080A4A60,ptr,0x080A4A54,1
0x080A4B68,0x080059D8,ptr,0x080A4B98,1
0x080A4B68,0x0806523C,ptr,0x080A4B9C,1
0x080A4BA8,0x080A4BDC,ptr,0x080A4BD4,1
0x080A4C84,0x0806523C,ptr,0x080A4CBC,1
0x080A4C84,0x080656B4,ptr,0x080A4CB8,1
0x080A4CC4,0x080A4D00,ptr,0x080A4CF4,1
0x080A4D00,0x080A4D6C,ptr,0x080A4D20,1
0x080A4E9C,0x080A4EE0,ptr,0x080A4ED0,1
0x080A5040,0x080A5084,ptr,0x080A5074,1
0x080A5084,0x080A50F0,ptr,0x080A50A4,1
0x080A5188,0x080059FC,ptr,0x080A51C8,1
0x080A5188,0x080A51DC,ptr,0x080A51CC,1
0x080A5324,0x0806523C,ptr,0x080A5378,1
0x080A5324,0x080656B4,ptr,0x080A5374,1
0x080A5388,0x080A53A8,ptr,0x080A53A4,1
0x080A5484,0x080A54A4,ptr,0x080A54A0,1
0x080A54E4,0x080059FC,ptr,0x080A5514,1
0x080A54E4,0x0806523C,ptr,0x080A5518,1
0x080A55EC,0x080653EC,ptr,0x080A5634,1
0x080A55EC,0x080656B4,ptr,0x080A5630,1
0x080A5644,0x080A56B0,ptr,0x080A5688,1
0x080A5A78,0x080A5694,ptr,0x080A5A98,1
0x080A5E30,0x080A5694,ptr,0x080A5E58,1
0x080A5E9C,0x080A5694,ptr,0x080A5EC4,1
0x080A5EF0,0x080A5694,ptr,0x080A5F18,1
0x080A5F7C,0x080A5694,ptr,0x080A5FA4,1
0x080A6C3C,0x080A5694,ptr,0x080A6C84,1
0x080A6D60,0x080A5694,ptr,0x080A6E08,1
0x080A7168,0x080A5694,ptr,0x080A7188,1
0x080A7260,0x080A72B0,ptr,0x080A72A8,1
0x080A72FC,0x0806A344,ptr,0x080A732C,1
0x080A73B4,0x080653EC,ptr,0x080A73EC,1
0x080A73B4,0x080A73FC,ptr,0x080A73F0,1
0x080A75A0,0x080A741C,ptr,0x080A75C0,1
0x080A7880,0x080A78A0,ptr,0x080A789C,1
0x080A7998,0x080059D8,ptr,0x080A7ACC,1
0x080A7998,0x080651B4,ptr,0x080A7AD0,1
0x080A7AE4,0x080059D8,ptr,0x080A7B70,1
0x080A7AE4,0x080651B4,ptr,0x080A7B74,1
0x080A7B88,0x080059D8,ptr,0x080A7C18,1
0x080A7B88,0x080651B4,ptr,0x080A7C1C,1
0x080A7C9C,0x080059D8,ptr,0x080A7D14,1
0x080A7C9C,0x080651B4,ptr,0x080A7D18,1
0x080A7D2C,0x080651B4,ptr,0x080A7D88,1
0x080A7D2C,0x080656B4,ptr,0x080A7D84,1
0x080A7D98,0x080A7E10,ptr,0x080A7DE4,1
0x080A8038,0x080A7DF4,ptr,0x080A806C,1
0x080A860C,0x080A87C8,ptr,0x080A87C0,1
0x080A87C8,0x080A8850,ptr,0x080A87FC,1
0x080A8948,0x080A8834,ptr,0x080A8968,1
0x080A8B44,0x080A8834,ptr,0x080A8B64,1
0x080A8BCC,0x080A8834,ptr,0x080A8BEC,1
0x080A8C84,0x080A8834,ptr,0x080A8D14,1
0x080A8F18,0x080A8834,ptr,0x080A8F38,1
0x080A8FB4,0x080A8834,ptr,0x080A8FD4,1
0x080A9304,0x080A8834,ptr,0x080A9324,1
0x080A9760,0x080A9794,ptr,0x080A9788,1
0x080A97D8,0x0806A344,ptr,0x080A980C,1
0x080A983C,0x080651B4,ptr,0x080A98F4,1
0x080A983C,0x080A9910,ptr,0x080A98FC,1
0x080A9910,0x080A99A0,ptr,0x080A9998,1
0x080A99A0,0x080651B4,ptr,0x080A9B88,1
0x080A99A0,0x080A9BA0,ptr,0x080A9B90,1
0x080A9C28,0x080651B4,ptr,0x080A9CD4,1
0x080A9C28,0x080656B4,ptr,0x080A9CD0,1
0x080A9C28,0x080A9E14,ptr,0x080A9CDC,1
0x080A9CF0,0x080651B4,ptr,0x080A9D8C,1
0x080A9CF0,0x080656B4,ptr,0x080A9D88,1
0x080A9CF0,0x080A9E14,ptr,0x080A9D94,1
0x080A9DA4,0x080651B4,ptr,0x080A9E04,1
0x080A9DA4,0x080656B4,ptr,0x080A9E00,1
0x080A9DA4,0x080A9E14,ptr,0x080A9E0C,1
0x080AA288,0x080656B4,ptr,0x080AA320,1
0x080AA288,0x080A9ED8,ptr,0x080AA324,1
0x080AA338,0x080AA3A8,ptr,0x080AA380,1
0x080AA52C,0x080AA38C,ptr,0x080AA558,1
0x080AA62C,0x080AA38C,ptr,0x080AA674,1
0x080AA6A8,0x080AA38C,ptr,0x080AA6C8,1
0x080AA71C,0x080AA38C,ptr,0x080AA73C,1
0x080AA970,0x080AA38C,ptr,0x080AA990,1
0x080AAB4C,0x080AA38C,ptr,0x080AAB78,1
0x080AAD64,0x080AA38C,ptr,0x080AAD90,1
0x080AAF38,0x080AA38C,ptr,0x080AAF64,1
0x080AB158,0x080AA38C,ptr,0x080AB1A0,1
0x080AB394,0x080AA38C,ptr,0x080AB3C0,1
0x080AB418,0x080AA38C,ptr,0x080AB438,1
0x080AB46C,0x080AA38C,ptr,0x080AB498,1
0x080AB670,0x08065438,ptr,0x080AB720,1
0x080AB670,0x080A9ED8,ptr,0x080AB724,1
0x080AB728,0x08065438,ptr,0x080AB7C0,1
0x080AB854,0x080AA38C,ptr,0x080AB8A0,1
0x080AB8A8,0x0806A344,ptr,0x080AB934,1
0x080AB93C,0x08065438,ptr,0x080ABC8C,1
0x080AB93C,0x080A9ED8,ptr,0x080ABC80,1
0x080AB93C,0x080ABCB4,ptr,0x080ABC84,1
0x080ABD04,0x080651B4,ptr,0x080ABE2C,1
0x080ABD04,0x080656B4,ptr,0x080ABE28,1
0x080ABE38,0x080059D8,ptr,0x080ABE6C,1
0x080ABE38,0x080651B4,ptr,0x080ABE70,1
0x080ABE38,0x080ABE7C,ptr,0x080ABE78,1
0x080ABF10,0x080AA16C,ptr,0x080ABF44,1
0x080ABF10,0x080ABF94,ptr,0x080ABF4C,1
0x080AC020,0x080059D8,ptr,0x080AC078,1
0x080AC020,0x080651B4,ptr,0x080AC07C,1
0x080AC020,0x080AC08C,ptr,0x080AC084,1
0x080AC124,0x080AA16C,ptr,0x080AC158,1
0x080AC124,0x080AC1F0,ptr,0x080AC160,1
0x080AC27C,0x080651B4,ptr,0x080AC300,1
0x080AC27C,0x080AC30C,ptr,0x080AC308,1
0x080AC3A4,0x080651B4,ptr,0x080AC404,1
0x080AC3A4,0x080AC30C,ptr,0x080AC40C,1
0x080AC410,0x080AA16C,ptr,0x080AC470,1
0x080AC410,0x080AC47C,ptr,0x080AC478,1
0x080AC510,0x080AC530,ptr,0x080AC52C,1
0x080AC684,0x0806523C,ptr,0x080AC6B8,1
0x080AC684,0x080656B4,ptr,0x080AC6B4,1
0x080AC684,0x080AC72C,ptr,0x080AC6DC,1
0x080AC684,0x080AC82C,ptr,0x080AC6F4,1
0x080AC684,0x080AC84C,ptr,0x080AC720,1
0x080ACA90,0x0806523C,ptr,0x080ACADC,1
0x080ACA90,0x080656B4,ptr,0x080ACAD8,1
0x080ACA90,0x080ACAF0,ptr,0x080ACAE8,1
0x080ACC18,0x0806A344,ptr,0x080ACC6C,2
0x080ACC9C,0x0806523C,ptr,0x080ACCE0,1
0x080ACC9C,0x080656B4,ptr,0x080ACCDC,1
0x080ACC9C,0x080ACCF0,ptr,0x080ACCE8,1
0x080ACCF0,0x0806A344,ptr,0x080ACD0C,1
0x080ACE60,0x0806A344,ptr,0x080ACEA0,1
0x080ACEA8,0x080059D8,ptr,0x080ACF1C,1
0x080ACEA8,0x08065438,ptr,0x080ACF20,1
0x080ACEA8,0x080ACF3C,ptr,0x080ACF34,1
0x080ACF68,0x080AD0F8,ptr,0x080ACFF4,1
0x080AD0F8,0x080ACF48,ptr,0x080AD120,1
0x080AD13C,0x0806A344,ptr,0x080AD158,1
0x080AD458,0x080AD47C,ptr,0x080AD474,1
0x080AD47C,0x080ACF48,ptr,0x080AD4B0,1
0x080AD4B8,0x08005D9C,ptr,0x080AD610,1
0x080AD4B8,0x080AD650,ptr,0x080AD60C,1
0x080AD4B8,0x080AD710,ptr,0x080AD62C,1
0x080ADB58,0x080ADB90,ptr,0x080ADB84,1
0x080ADBF0,0x0806A344,ptr,0x080ADC3C,1
0x080ADCA4,0x080059D8,ptr,0x080ADD34,1
0x080ADCA4,0x08005D9C,ptr,0x080ADD38,1
0x080ADCA4,0x080ADD48,ptr,0x080ADD40,1
0x080ADD48,0x080ADE98,ptr,0x080ADDC0,1
0x080ADE98,0x080ADEBC,ptr,0x080ADEB8,1
0x080ADEBC,0x08005D9C,ptr,0x080ADEF8,1
0x080ADEFC,0x080059D8,ptr,0x080ADF40,1
0x080ADEFC,0x08005D9C,ptr,0x080ADF44,1
0x080ADEFC,0x080ADF50,ptr,0x080ADF4C,1
0x080ADF50,0x080ADFD4,ptr,0x080ADFCC,1
0x080ADFD4,0x080ADFF8,ptr,0x080ADFF4,1
0x080ADFF8,0x08005D9C,ptr,0x080AE034,1
0x080AE038,0x08005D9C,ptr,0x080AE07C,1
0x080AE038,0x080AE0B4,ptr,0x080AE084,1
0x080AE0B4,0x080AE174,ptr,0x080AE134,1
0x080AE174,0x080AE198,ptr,0x080AE194,1
0x080AE198,0x08005D9C,ptr,0x080AE1EC,1
0x080AE1F0,0x080059D8,ptr,0x080AE288,1
0x080AE1F0,0x08005D9C,ptr,0x080AE28C,1
0x080AE1F0,0x080AE37C,ptr,0x080AE294,1
0x080AE3BC,0x08005D9C,ptr,0x080AE464,1
0x080AE3BC,0x0806572C,ptr,0x080AE460,1
0x080AE3BC,0x080AE470,ptr,0x080AE46C,1
0x080AEF30,0x080AEF50,ptr,0x080AEF4C,1
0x080AF278,0x080AF294,ptr,0x080AF28C,1
0x080AF294,0x080AEF50,ptr,0x080AF304,1
0x080AF30C,0x0806523C,ptr,0x080AF34C,1
0x080AF30C,0x0806572C,ptr,0x080AF348,1
0x080AF38C,0x080AF358,ptr,0x080AF480,1
0x080AF4A4,0x080AF358,ptr,0x080AF598,1
0x080AF5BC,0x080AF358,ptr,0x080AF6B4,1
0x080AF6C8,0x080AF358,ptr,0x080AF7C0,1
0x080AF938,0x080AF358,ptr,0x080AF9D4,1
0x080AF9E4,0x080AF358,ptr,0x080AFA90,1
0x080AFAA4,0x080AF358,ptr,0x080AFB40,1
0x080AFB50,0x080AF358,ptr,0x080AFBFC,1
0x080AFC10,0x080AF358,ptr,0x080AFCC0,1
0x080AFCD4,0x080AF358,ptr,0x080AFD88,1
0x080AFD9C,0x080AF358,ptr,0x080AFDE0,1
0x080AFDF0,0x08005D9C,ptr,0x080AFECC,1
0x080AFDF0,0x0806572C,ptr,0x080AFEC8,1
0x080AFF40,0x08005D9C,ptr,0x080B0030,1
0x080AFF40,0x0806572C,ptr,0x080B002C,1
0x080B0144,0x08005D9C,ptr,0x080B0238,1
0x080B0144,0x0806572C,ptr,0x080B0234,1
0x080B0338,0x08005D9C,ptr,0x080B0414,1
0x080B0338,0x0806572C,ptr,0x080B0410,1
0x080B05E8,0x080B07D8,ptr,0x080B07A8,1
0x080B0840,0x080B08A0,ptr,0x080B089C,1
0x080B08E4,0x080059D8,ptr,0x080B099C,1
0x080B08E4,0x08005D9C,ptr,0x080B09A0,1
0x080B09AC,0x080B0B50,ptr,0x080B0ADC,1
0x080B0CC8,0x0806523C,ptr,0x080B0DD4,1
0x080B0CC8,0x080656B4,ptr,0x080B0DD0,1
0x080B0DE4,0x080B1564,ptr,0x080B0E68,1
0x080B0E80,0x080B1564,ptr,0x080B0EFC,1
0x080B0F04,0x080B1564,ptr,0x080B0F90,1
0x080B0F98,0x080B1564,ptr,0x080B1024,1
0x080B102C,0x080B1578,ptr,0x080B10BC,1
0x080B10C8,0x080B123C,ptr,0x080B118C,1
0x080B1264,0x080B1398,ptr,0x080B137C,1
0x080B13BC,0x0806523C,ptr,0x080B1418,1
0x080B13BC,0x080656B4,ptr,0x080B1414,1
0x080B13BC,0x080B1564,ptr,0x080B1428,1
0x080B14AC,0x080B14FC,ptr,0x080B14F4,1
0x080B1710,0x08005D9C,ptr,0x080B175C,1
0x080B1710,0x080B1910,ptr,0x080B1764,1
0x080B1770,0x080B1890,ptr,0x080B17BC,1
0x080B1770,0x080B1910,ptr,0x080B17C4,1
0x080B1910,0x080B2294,ptr,0x080B1960,1
0x080B1B2C,0x080B1A00,ptr,0x080B1BFC,1
0x080B1D2C,0x080B1A00,ptr,0x080B1D80,1
0x080B1E20,0x080B1A00,ptr,0x080B1E40,1
0x080B1F80,0x080B1A00,ptr,0x080B1FA0,1
0x080B214C,0x080B1A00,ptr,0x080B2184,1
0x080B2228,0x080B1A00,ptr,0x080B2258,1
0x080B2294,0x080B22B8,ptr,0x080B22B4,1
0x080B22B8,0x08005D9C,ptr,0x080B22F4,1
0x080B22F8,0x080059D8,ptr,0x080B2404,1
0x080B22F8,0x0806523C,ptr,0x080B2408,1
0x080B22F8,0x080B2538,ptr,0x080B2410,1
0x080B2418,0x080059D8,ptr,0x080B2524,1
0x080B2418,0x0806523C,ptr,0x080B2528,1
0x080B2418,0x080B2538,ptr,0x080B2530,1
0x080B2550,0x0806A344,ptr,0x080B256C,1
0x080B2574,0x080B25E8,ptr,0x080B25A0,1
0x080B2664,0x080B2AC8,ptr,0x080B2718,2
0x080B2A00,0x080656B4,ptr,0x080B2A60,1
0x080B2A00,0x080B2890,ptr,0x080B2A64,1
0x080B2A74,0x080B2AA4,ptr,0x080B2A9C,1
0x080B2BF0,0x080B2AC8,ptr,0x080B2C10,1
0x080B2CC8,0x080B2AC8,ptr,0x080B2CE8,1
0x080B2D80,0x080B2AC8,ptr,0x080B2DCC,1
0x080B2DD4,0x080656B4,ptr,0x080B2E14,1
0x080B2DD4,0x080B2E20,ptr,0x080B2E10,1
0x080B2F38,0x080B3110,ptr,0x080B2F70,1
0x080B3050,0x0806523C,ptr,0x080B3084,1
0x080B3050,0x080656B4,ptr,0x080B3080,1
0x080B3090,0x080B30C8,ptr,0x080B30C0,1
0x080B31E0,0x080B3110,ptr,0x080B320C,1
0x080B3258,0x080B3110,ptr,0x080B3284,1
0x080B3318,0x0806523C,ptr,0x080B335C,1
0x080B3318,0x080656B4,ptr,0x080B3358,1
0x080B3368,0x080B3398,ptr,0x080B3390,1
0x080B3C68,0x080656B4,ptr,0x080B3E10,1
0x080B3C68,0x080B3A64,ptr,0x080B3E14,1
0x080B3C68,0x080B3E30,ptr,0x080B3E1C,1
0x080B3E54,0x080059D8,ptr,0x080B3E84,1
0x080B3E54,0x08065640,ptr,0x080B3E88,1
0x080B3E94,0x080059D8,ptr,0x080B3EC4,1
0x080B3E94,0x08065640,ptr,0x080B3EC8,1
0x080B3ED4,0x080059D8,ptr,0x080B3F04,1
0x080B3ED4,0x08065640,ptr,0x080B3F08,1
0x080B3F14,0x080059D8,ptr,0x080B3F44,1
0x080B3F14,0x08065640,ptr,0x080B3F48,1
0x080B404C,0x080B4158,ptr,0x080B4064,1
0x080B406C,0x080B4158,ptr,0x080B4084,1
0x080B40A4,0x080B4100,ptr,0x080B40D4,1
0x080B4390,0x0806A344,ptr,0x080B43B0,1
0x080B43D4,0x080B4754,ptr,0x080B43EC,1
0x080B43F4,0x0806A344,ptr,0x080B4414,1
0x080B442C,0x0806A344,ptr,0x080B444C,1
0x080B4524,0x0806A344,ptr,0x080B45B8,1
0x080B45C0,0x0806A344,ptr,0x080B4604,1
0x080B4648,0x0806A344,ptr,0x080B467C,1
0x080B469C,0x080059D8,ptr,0x080B46E0,1
0x080B469C,0x080651B4,ptr,0x080B46E4,1
0x080B469C,0x080B4714,ptr,0x080B46EC,1
0x080B47CC,0x080651B4,ptr,0x080B4800,1
0x080B47CC,0x080656B4,ptr,0x080B47FC,1
0x080B480C,0x0806A344,ptr,0x080B4874,1
0x080B4A5C,0x080B4A8C,ptr,0x080B4A84,1
0x080B4A8C,0x080B4AFC,ptr,0x080B4AF4,1
0x080B4BE4,0x080B4C14,ptr,0x080B4C0C,1
0x080B4C14,0x080B4C84,ptr,0x080B4C7C,1
0x080B4D1C,0x080B4C84,ptr,0x080B4D48,1
0x080B60E8,0x080B603C,ptr,0x080B6148,1
0x080B6A90,0x080B603C,ptr,0x080B6AF8,1
0x080B6E6C,0x080B60E8,ptr,0x080B6E98,1
0x080B6EA0,0x080B6A90,ptr,0x080B6ECC,1
0x080B6F04,0x080B6A90,ptr,0x080B6F1C,1
0x080B9198,0x080B9658,ptr,0x080B91F4,1
0x080B938C,0x080B9658,ptr,0x080B93D0,1
0x080B93D8,0x080B9658,ptr,0x080B941C,1
0x080B95AC,0x080B9658,ptr,0x080B95E4,1
0x080B9610,0x080B963C,ptr,0x080B9634,1
0x080B96BC,0x080B9658,ptr,0x080B9708,1
0x080B9F34,0x080BA404,ptr,0x080BA110,1
0x080BA404,0x080BA42C,ptr,0x080BA428,1
0x080BAB08,0x080BAB68,ptr,0x080BAB38,1
0x080BAD44,0x080BACE4,ptr,0x080BAD78,1
0x080BAD9C,0x080BACE4,ptr,0x080BADDC,1
0x080BAE0C,0x080BACE4,ptr,0x080BAE2C,1
0x080BAE5C,0x080BACE4,ptr,0x080BAE7C,1
0x080BAEB0,0x080BACE4,ptr,0x080BAEE8,1
0x080BAF18,0x080BACE4,ptr,0x080BAF38,1
0x080BAF9C,0x080BACE4,ptr,0x080BAFC0,1
0x080BB29C,0x080BB23C,ptr,0x080BB2D0,1
0x080BB2F4,0x080BB23C,ptr,0x080BB320,1
0x080BB358,0x080BB23C,ptr,0x080BB378,1
0x080BB3A8,0x080BB23C,ptr,0x080BB3E0,1
0x080BB454,0x080BB23C,ptr,0x080BB474,1
0x080BB4FC,0x080BB23C,ptr,0x080BB520,1
0x080BBD9C,0x080BBDE4,ptr,0x080BBDDC,1
0x080BBE58,0x080BBE04,ptr,0x080BBE78,1
0x080BBEDC,0x080BBE04,ptr,0x080BBEFC,1
0x080BBF44,0x080BBE04,ptr,0x080BBF64,1
0x080BBF9C,0x080BBE04,ptr,0x080BBFBC,1
0x080BBFC4,0x08005CA0,ptr,0x080BC004,1
0x080BC008,0x080BBE04,ptr,0x080BC034,1
0x080BC06C,0x080BBE04,ptr,0x080BC098,1
0x080BC740,0x080BC8C4,ptr,0x080BC798,1
0x080BC850,0x08005CA0,ptr,0x080BC880,1
0x080BC850,0x080BC8A8,ptr,0x080BC884,1
0x080BC948,0x080BC8C4,ptr,0x080BC980,1
0x080BCA6C,0x080059D8,ptr,0x080BCAA8,1
0x080BCDAC,0x080BCBFC,ptr,0x080BCDD0,1
0x080BCF60,0x080BCE74,ptr,0x080BCF84,1
0x080BCF60,0x080BCF8C,ptr,0x080BCF88,1
0x080BCFA4,0x080059D8,ptr,0x080BD05C,1
0x080BCFA4,0x08005CA0,ptr,0x080BD058,1
0x080BD06C,0x08005CA0,ptr,0x080BD104,1
0x080BD110,0x080059D8,ptr,0x080BD17C,1
0x080BD110,0x08005CA0,ptr,0x080BD178,1
0x080BD1D0,0x080BD524,ptr,0x080BD20C,1
0x080BD4BC,0x08005CA0,ptr,0x080BD4FC,1
0x080BD4BC,0x080BD508,ptr,0x080BD500,1
0x080BD594,0x080BD524,ptr,0x080BD5CC,1
0x080BD630,0x080059D8,ptr,0x080BD65C,1
0x080BD7F0,0x08005CA0,ptr,0x080BD820,1
0x080BD8AC,0x08005CA0,ptr,0x080BD8D4,1
0x080BD9B0,0x080BD938,ptr,0x080BD9E0,1
0x080BDA2C,0x080BDA78,ptr,0x080BDA6C,1
0x080BDC18,0x080BDA98,ptr,0x080BDC38,1
0x080BDD00,0x080BDA98,ptr,0x080BDD20,1
0x080BE164,0x080BE1B0,ptr,0x080BE1A0,1
0x080BE2F0,0x080BE1D0,ptr,0x080BE310,1
0x080BE7FC,0x080060C0,ptr,0x080BE820,1
0x080BE7FC,0x080BE850,ptr,0x080BE824,1
0x080BE850,0x080BE8A8,ptr,0x080BE8A0,1
0x080BE8C4,0x08005A90,ptr,0x080BE918,1
0x080BEAE0,0x080BE8A8,ptr,0x080BEB00,1
0x080BEB54,0x080BE8A8,ptr,0x080BEBA8,2
0x080BECC0,0x080BE8A8,ptr,0x080BED00,1
0x080BEF1C,0x080BE8A8,ptr,0x080BEF5C,1
0x080BF048,0x080BE8A8,ptr,0x080BF0A4,1
0x080BF214,0x080BE8A8,ptr,0x080BF28C,1
0x080BF32C,0x080BE8A8,ptr,0x080BF38C,1
0x080BF67C,0x080BE8A8,ptr,0x080BF69C,1
0x080BF788,0x080BE8A8,ptr,0x080BF7E8,1
0x080BF934,0x080BE8A8,ptr,0x080BF98C,1
0x080BF994,0x08005A90,ptr,0x080BF9E0,1
0x080BFB24,0x080BE8A8,ptr,0x080BFB44,1
0x080BFB94,0x080BE8A8,ptr,0x080BFBEC,1
0x080BFD58,0x080BE8A8,ptr,0x080BFD78,1
0x080BFD80,0x080BFDB0,ptr,0x080BFDA8,1
0x080BFDE8,0x08005A90,ptr,0x080BFE60,1
0x080BFE64,0x080BFDCC,ptr,0x080BFF20,1
0x080BFF28,0x08005A90,ptr,0x080C0034,1
0x080C0074,0x080BFDCC,ptr,0x080C00BC,1
0x080C0388,0x08005CA0,ptr,0x080C0424,1
0x080C0540,0x080BFDCC,ptr,0x080C05E8,1
0x080C0C58,0x080059D8,ptr,0x080C0C9C,1
0x080C0C58,0x080C0CA4,ptr,0x080C0CA0,1
0x080C0D30,0x08005A90,ptr,0x080C0D60,1
0x080C0D30,0x08005CA0,ptr,0x080C0D5C,1
0x080C173C,0x080059D8,ptr,0x080C1798,1
0x080C173C,0x08005CA0,ptr,0x080C179C,1
0x080C173C,0x080C17AC,ptr,0x080C17A0,1
0x080C17B0,0x080059D8,ptr,0x080C17D8,1
0x080C17B0,0x08005CA0,ptr,0x080C17DC,1
0x080C17B0,0x080C1804,ptr,0x080C17E0,1
0x080C1B30,0x080059D8,ptr,0x080C1B68,1
0x080C1B30,0x08005CA0,ptr,0x080C1B6C,1
0x080C1B30,0x080C1B78,ptr,0x080C1B70,1
0x080C20B4,0x080C2D38,ptr,0x080C21A0,1
0x080C20B4,0x080C2FB8,ptr,0x080C21A8,1
0x080C21B0,0x08005CA0,ptr,0x080C2210,1
0x080C21B0,0x080C241C,ptr,0x080C2220,1
0x080C243C,0x080C25C4,ptr,0x080C24A0,1
0x080C243C,0x080C2B8C,ptr,0x080C2498,1
0x080C3018,0x080C34AC,ptr,0x080C3128,1
0x080C3018,0x080C3EFC,ptr,0x080C330C,1
0x080C3018,0x080C3F20,ptr,0x080C312C,2
0x080C3018,0x080C4D08,ptr,0x080C310C,1
0x080C3018,0x080C4EA8,ptr,0x080C3110,1
0x080C3F44,0x080059D8,ptr,0x080C4100,3
0x080C3F44,0x08005CA0,ptr,0x080C4278,1
0x080C3F44,0x080C4364,ptr,0x080C4108,1
0x080C3F44,0x080C43E8,ptr,0x080C4210,1
0x080C3F44,0x080C44BC,ptr,0x080C3FC4,1
0x080C3F44,0x080C44F0,ptr,0x080C4000,1
0x080C3F44,0x080C4568,ptr,0x080C404C,1
0x080C3F44,0x080C45D4,ptr,0x080C4288,1
0x080C3F44,0x080C45FC,ptr,0x080C42D4,1
0x080C3F44,0x080C4E10,ptr,0x080C3FBC,6
0x080C46EC,0x08005CA0,ptr,0x080C4774,1
0x080C46EC,0x080C4790,ptr,0x080C4788,1
0x080C6D84,0x080059D8,ptr,0x080C717C,1
0x080C6D84,0x080C769C,ptr,0x080C7180,1
0x080C7810,0x080059FC,ptr,0x080C7868,1
0x080C7810,0x08005CA0,ptr,0x080C786C,1
0x080C7CC0,0x080059D8,ptr,0x080C7D48,1
0x080C7CC0,0x08005CA0,ptr,0x080C7D4C,1
0x080C7E4C,0x080059D8,ptr,0x080C8238,1
0x080C7E4C,0x080C8298,ptr,0x080C823C,1
0x080C8498,0x080059D8,ptr,0x080C85C0,1
0x080C8498,0x08005D18,ptr,0x080C85C4,1
0x080C85D8,0x080059D8,ptr,0x080C8740,1
0x080C85D8,0x080C8778,ptr,0x080C8744,1
0x080C8958,0x080059D8,ptr,0x080C89F8,1
0x080C8958,0x08005CA0,ptr,0x080C89FC,1
0x080C8CD4,0x080059D8,ptr,0x080C8E68,1
0x080C8CD4,0x080C8E88,ptr,0x080C8E6C,1
0x080C9114,0x080059D8,ptr,0x080C93E4,1
0x080C9114,0x08005D9C,ptr,0x080C93E8,1
0x080C9114,0x080C9418,ptr,0x080C93FC,1
0x080C94CC,0x080059D8,ptr,0x080C96E0,1
0x080C94CC,0x080C972C,ptr,0x080C96F0,1
0x080C94CC,0x080C97A0,ptr,0x080C96E4,1
0x080C9884,0x080059D8,ptr,0x080C98CC,1
0x080C9884,0x08005D9C,ptr,0x080C98D0,1
0x080C98D8,0x080C9974,ptr,0x080C9964,1
0x080C9A28,0x080059D8,ptr,0x080C9C98,1
0x080C9A28,0x080C9CF0,ptr,0x080C9C9C,1
0x080C9D10,0x080059D8,ptr,0x080C9E78,1
0x080C9D10,0x08005D9C,ptr,0x080C9E7C,1
0x080C9E8C,0x080059D8,ptr,0x080C9ED0,1
0x080C9E8C,0x08005CA0,ptr,0x080C9ED4,1
0x080CA344,0x080059D8,ptr,0x080CA384,1
0x080CA344,0x08005CA0,ptr,0x080CA388,1
0x080CA71C,0x080059D8,ptr,0x080CA81C,1
0x080CA71C,0x0801A3E4,ptr,0x080CA820,1
0x080CA830,0x080059D8,ptr,0x080CA8DC,1
0x080CA830,0x0801A3E4,ptr,0x080CA8E0,1
0x080CA8F0,0x080059D8,ptr,0x080CAA28,1
0x080CA8F0,0x0801A3E4,ptr,0x080CAA2C,1
0x080CB354,0x080059D8,ptr,0x080CB394,1
0x080CB354,0x08005CA0,ptr,0x080CB398,1
0x080CB3A8,0x080059D8,ptr,0x080CB3DC,1
0x080CB3A8,0x08005CA0,ptr,0x080CB3E0,1
0x080CB588,0x080059D8,ptr,0x080CB5B8,1
0x080CB588,0x08005CA0,ptr,0x080CB5BC,1
0x080CB5C4,0x080CB610,ptr,0x080CB604,1
0x080CBEA4,0x080CB62C,ptr,0x080CBECC,1
0x080CBED4,0x080CBF18,ptr,0x080CBF0C,1
0x080CBF68,0x080CB62C,ptr,0x080CBFA8,1
0x080CC024,0x080CBFC8,ptr,0x080CC09C,1
0x080CC14C,0x080CBFC8,ptr,0x080CC174,1
0x080CC2B8,0x080CBFC8,ptr,0x080CC2D8,1
0x080CC5D4,0x080CBFC8,ptr,0x080CC600,1
0x080CC740,0x080CBFC8,ptr,0x080CC760,1
0x080CCD10,0x080CBFC8,ptr,0x080CCD44,1
0x080CCD4C,0x080CCE98,ptr,0x080CCE84,1
0x080CCEC8,0x080CCF10,ptr,0x080CCEEC,1
0x080CE818,0x080CE1B4,ptr,0x080CE910,1
0x080CE818,0x080CEA54,ptr,0x080CE90C,1
0x080CE818,0x080CEE38,ptr,0x080CE914,1
0x080CE818,0x080CEF00,ptr,0x080CE918,1
0x080CE818,0x080CEFB4,ptr,0x080CE924,1
0x080CE818,0x080CF05C,ptr,0x080CE920,1
0x080CE818,0x080CF114,ptr,0x080CE91C,1
0x080CE818,0x080CF7D4,ptr,0x080CE8F8,1
0x080CE818,0x080CF92C,ptr,0x080CE904,1
0x080CE95C,0x080CE228,ptr,0x080CEA44,1
0x080CE95C,0x080CFA4C,ptr,0x080CEA48,1
0x080CFAC0,0x080CFA9C,ptr,0x080CFAF4,1
0x080CFAC0,0x080CFAC0,ptr,0x080CFAF8,1
0x080CFB94,0x080CFB64,ptr,0x080CFBC8,1
0x080CFB94,0x080CFB94,ptr,0x080CFBCC,1
