constant,value,header,evidence,issue
TASK_BOOT_LOGO,0,include/constants/tasks.h,"slot: gTaskTypes[0] = Task_BootLogo, task class 0 (src/data/task_types.c; TaskCreate copies the entry into gTaskResumeAddrs)",155
TASK_TITLE_PALETTE,1,include/constants/tasks.h,"slot: gTaskTypes[1] = Task_TitlePalette, task class 0 (src/data/task_types.c; TaskCreate copies the entry into gTaskResumeAddrs)",155
TASK_TITLE_SPRITES,2,include/constants/tasks.h,"slot: gTaskTypes[2] = Task_TitleSprites, task class 0 (src/data/task_types.c; TaskCreate copies the entry into gTaskResumeAddrs)",155
TASK_ROOM,3,include/constants/tasks.h,"slot: gTaskTypes[3] = Task_Room, task class 4 (src/data/task_types.c; TaskCreate copies the entry into gTaskResumeAddrs)",155
TASK_MAP_EVENT,4,include/constants/tasks.h,"slot: gTaskTypes[4] = Task_MapEvent, task class 4 (src/data/task_types.c; TaskCreate copies the entry into gTaskResumeAddrs)",155
TASK_PLAYER,5,include/constants/tasks.h,"slot: gTaskTypes[5] = Task_Player, task class 1 (src/data/task_types.c; TaskCreate copies the entry into gTaskResumeAddrs)",155
TASK_PLAYER_OBJECT,6,include/constants/tasks.h,"slot: gTaskTypes[6] = Task_PlayerObject, task class 1 (src/data/task_types.c; TaskCreate copies the entry into gTaskResumeAddrs)",155
TASK_PLAYER_EFFECT,7,include/constants/tasks.h,"slot: gTaskTypes[7] = Task_PlayerEffect, task class 1 (src/data/task_types.c; TaskCreate copies the entry into gTaskResumeAddrs)",155
TASK_WADDLE_DEE,8,include/constants/tasks.h,"slot: gTaskTypes[8] = Task_WaddleDee, task class 3 (src/data/task_types.c; TaskCreate copies the entry into gTaskResumeAddrs)",155
TASK_ROCKY,9,include/constants/tasks.h,"slot: gTaskTypes[9] = Task_Rocky, task class 3 (src/data/task_types.c; TaskCreate copies the entry into gTaskResumeAddrs)",155
TASK_NODDY,10,include/constants/tasks.h,"slot: gTaskTypes[10] = Task_Noddy, task class 3 (src/data/task_types.c; TaskCreate copies the entry into gTaskResumeAddrs)",155
TASK_BROOM_HATTER,11,include/constants/tasks.h,"slot: gTaskTypes[11] = Task_BroomHatter, task class 3 (src/data/task_types.c; TaskCreate copies the entry into gTaskResumeAddrs)",155
TASK_PENGY,12,include/constants/tasks.h,"slot: gTaskTypes[12] = Task_Pengy, task class 3 (src/data/task_types.c; TaskCreate copies the entry into gTaskResumeAddrs)",155
TASK_LASER_BALL,13,include/constants/tasks.h,"slot: gTaskTypes[13] = Task_LaserBall, task class 3 (src/data/task_types.c; TaskCreate copies the entry into gTaskResumeAddrs)",155
TASK_CHILLY,14,include/constants/tasks.h,"slot: gTaskTypes[14] = Task_Chilly, task class 3 (src/data/task_types.c; TaskCreate copies the entry into gTaskResumeAddrs)",155
TASK_SIR_KIBBLE,15,include/constants/tasks.h,"slot: gTaskTypes[15] = Task_SirKibble, task class 3 (src/data/task_types.c; TaskCreate copies the entry into gTaskResumeAddrs)",155
TASK_CAPPY,16,include/constants/tasks.h,"slot: gTaskTypes[16] = Task_Cappy, task class 3 (src/data/task_types.c; TaskCreate copies the entry into gTaskResumeAddrs)",155
TASK_WADDLE_DOO,17,include/constants/tasks.h,"slot: gTaskTypes[17] = Task_WaddleDoo, task class 3 (src/data/task_types.c; TaskCreate copies the entry into gTaskResumeAddrs)",155
TASK_GORDO,18,include/constants/tasks.h,"slot: gTaskTypes[18] = Task_Gordo, task class 3 (src/data/task_types.c; TaskCreate copies the entry into gTaskResumeAddrs)",155
TASK_COOL_SPOOK,19,include/constants/tasks.h,"slot: gTaskTypes[19] = Task_CoolSpook, task class 3 (src/data/task_types.c; TaskCreate copies the entry into gTaskResumeAddrs)",155
TASK_BRONTO_BURT,20,include/constants/tasks.h,"slot: gTaskTypes[20] = Task_BrontoBurt, task class 3 (src/data/task_types.c; TaskCreate copies the entry into gTaskResumeAddrs)",155
TASK_KABU,21,include/constants/tasks.h,"slot: gTaskTypes[21] = Task_Kabu, task class 3 (src/data/task_types.c; TaskCreate copies the entry into gTaskResumeAddrs)",155
TASK_BOMBER,22,include/constants/tasks.h,"slot: gTaskTypes[22] = Task_Bomber, task class 3 (src/data/task_types.c; TaskCreate copies the entry into gTaskResumeAddrs)",155
TASK_COCONUT,23,include/constants/tasks.h,"slot: gTaskTypes[23] = Task_Coconut, task class 3 (src/data/task_types.c; TaskCreate copies the entry into gTaskResumeAddrs)",155
TASK_TWIZZY,24,include/constants/tasks.h,"slot: gTaskTypes[24] = Task_Twizzy, task class 3 (src/data/task_types.c; TaskCreate copies the entry into gTaskResumeAddrs)",155
TASK_SHOTZO,25,include/constants/tasks.h,"slot: gTaskTypes[25] = Task_Shotzo, task class 3 (src/data/task_types.c; TaskCreate copies the entry into gTaskResumeAddrs)",155
TASK_SPARKY,26,include/constants/tasks.h,"slot: gTaskTypes[26] = Task_Sparky, task class 3 (src/data/task_types.c; TaskCreate copies the entry into gTaskResumeAddrs)",155
TASK_TWISTER,27,include/constants/tasks.h,"slot: gTaskTypes[27] = Task_Twister, task class 3 (src/data/task_types.c; TaskCreate copies the entry into gTaskResumeAddrs)",155
TASK_SQUISHY,28,include/constants/tasks.h,"slot: gTaskTypes[28] = Task_Squishy, task class 3 (src/data/task_types.c; TaskCreate copies the entry into gTaskResumeAddrs)",155
TASK_SCARFY,29,include/constants/tasks.h,"slot: gTaskTypes[29] = Task_Scarfy, task class 3 (src/data/task_types.c; TaskCreate copies the entry into gTaskResumeAddrs)",155
TASK_BUBBLES,30,include/constants/tasks.h,"slot: gTaskTypes[30] = Task_Bubbles, task class 3 (src/data/task_types.c; TaskCreate copies the entry into gTaskResumeAddrs)",155
TASK_STARMAN,31,include/constants/tasks.h,"slot: gTaskTypes[31] = Task_Starman, task class 3 (src/data/task_types.c; TaskCreate copies the entry into gTaskResumeAddrs)",155
TASK_HOT_HEAD,32,include/constants/tasks.h,"slot: gTaskTypes[32] = Task_HotHead, task class 3 (src/data/task_types.c; TaskCreate copies the entry into gTaskResumeAddrs)",155
TASK_GLUNK,33,include/constants/tasks.h,"slot: gTaskTypes[33] = Task_Glunk, task class 3 (src/data/task_types.c; TaskCreate copies the entry into gTaskResumeAddrs)",155
TASK_SLIPPY,34,include/constants/tasks.h,"slot: gTaskTypes[34] = Task_Slippy, task class 3 (src/data/task_types.c; TaskCreate copies the entry into gTaskResumeAddrs)",155
TASK_BLIPPER,35,include/constants/tasks.h,"slot: gTaskTypes[35] = Task_Blipper, task class 3 (src/data/task_types.c; TaskCreate copies the entry into gTaskResumeAddrs)",155
TASK_SWORD_KNIGHT,36,include/constants/tasks.h,"slot: gTaskTypes[36] = Task_SwordKnight, task class 3 (src/data/task_types.c; TaskCreate copies the entry into gTaskResumeAddrs)",155
TASK_BLADE_KNIGHT,37,include/constants/tasks.h,"slot: gTaskTypes[37] = Task_BladeKnight, task class 3 (src/data/task_types.c; TaskCreate copies the entry into gTaskResumeAddrs)",155
TASK_POPPY_BROS_JR,38,include/constants/tasks.h,"slot: gTaskTypes[38] = Task_PoppyBrosJr, task class 3 (src/data/task_types.c; TaskCreate copies the entry into gTaskResumeAddrs)",155
TASK_POPPY_BROS_JR_ON_APPLE,39,include/constants/tasks.h,"slot: gTaskTypes[39] = Task_PoppyBrosJrOnApple, task class 3 (src/data/task_types.c; TaskCreate copies the entry into gTaskResumeAddrs)",155
TASK_POPPY_BROS_JR_ON_MAXIM_TOMATO,40,include/constants/tasks.h,"slot: gTaskTypes[40] = Task_PoppyBrosJrOnMaximTomato, task class 3 (src/data/task_types.c; TaskCreate copies the entry into gTaskResumeAddrs)",155
TASK_CONER,41,include/constants/tasks.h,"slot: gTaskTypes[41] = Task_Coner, task class 3 (src/data/task_types.c; TaskCreate copies the entry into gTaskResumeAddrs)",155
TASK_WHEELIE,42,include/constants/tasks.h,"slot: gTaskTypes[42] = Task_Wheelie, task class 3 (src/data/task_types.c; TaskCreate copies the entry into gTaskResumeAddrs)",155
TASK_FLAMER,43,include/constants/tasks.h,"slot: gTaskTypes[43] = Task_Flamer, task class 3 (src/data/task_types.c; TaskCreate copies the entry into gTaskResumeAddrs)",155
TASK_NEEDLOUS,44,include/constants/tasks.h,"slot: gTaskTypes[44] = Task_Needlous, task class 3 (src/data/task_types.c; TaskCreate copies the entry into gTaskResumeAddrs)",155
TASK_UFO,45,include/constants/tasks.h,"slot: gTaskTypes[45] = Task_UFO, task class 3 (src/data/task_types.c; TaskCreate copies the entry into gTaskResumeAddrs)",155
TASK_PARASOL,46,include/constants/tasks.h,"slot: gTaskTypes[46] = Task_Parasol, task class 3 (src/data/task_types.c; TaskCreate copies the entry into gTaskResumeAddrs)",155
TASK_GIP,47,include/constants/tasks.h,"slot: gTaskTypes[47] = Task_Gip, task class 3 (src/data/task_types.c; TaskCreate copies the entry into gTaskResumeAddrs)",155
TASK_BLOCK_STAR,48,include/constants/tasks.h,"slot: gTaskTypes[48] = Task_BlockStar, task class 3 (src/data/task_types.c; TaskCreate copies the entry into gTaskResumeAddrs)",155
TASK_BONKERS,49,include/constants/tasks.h,"slot: gTaskTypes[49] = Task_Bonkers, task class 3 (src/data/task_types.c; TaskCreate copies the entry into gTaskResumeAddrs)",155
TASK_POPPY_BROS_SR,50,include/constants/tasks.h,"slot: gTaskTypes[50] = Task_PoppyBrosSr, task class 3 (src/data/task_types.c; TaskCreate copies the entry into gTaskResumeAddrs)",155
TASK_GRAND_WHEELIE,51,include/constants/tasks.h,"slot: gTaskTypes[51] = Task_GrandWheelie, task class 3 (src/data/task_types.c; TaskCreate copies the entry into gTaskResumeAddrs)",155
TASK_MR_FROSTY,52,include/constants/tasks.h,"slot: gTaskTypes[52] = Task_MrFrosty, task class 3 (src/data/task_types.c; TaskCreate copies the entry into gTaskResumeAddrs)",155
TASK_MR_TICK_TOCK,53,include/constants/tasks.h,"slot: gTaskTypes[53] = Task_MrTickTock, task class 3 (src/data/task_types.c; TaskCreate copies the entry into gTaskResumeAddrs)",155
TASK_BUGZZY,54,include/constants/tasks.h,"slot: gTaskTypes[54] = Task_Bugzzy, task class 3 (src/data/task_types.c; TaskCreate copies the entry into gTaskResumeAddrs)",155
TASK_FIRE_LION,55,include/constants/tasks.h,"slot: gTaskTypes[55] = Task_FireLion, task class 3 (src/data/task_types.c; TaskCreate copies the entry into gTaskResumeAddrs)",155
TASK_PHAN_PHAN,56,include/constants/tasks.h,"slot: gTaskTypes[56] = Task_PhanPhan, task class 3 (src/data/task_types.c; TaskCreate copies the entry into gTaskResumeAddrs)",155
TASK_META_KNIGHTS,57,include/constants/tasks.h,"slot: gTaskTypes[57] = Task_MetaKnights, task class 3 (src/data/task_types.c; TaskCreate copies the entry into gTaskResumeAddrs)",155
TASK_META_KNIGHTS_KNIGHT,58,include/constants/tasks.h,"slot: gTaskTypes[58] = Task_MetaKnightsKnight, task class 3 (src/data/task_types.c; TaskCreate copies the entry into gTaskResumeAddrs)",155
TASK_KING_DEDEDE,59,include/constants/tasks.h,"slot: gTaskTypes[59] = Task_KingDedede, task class 3 (src/data/task_types.c; TaskCreate copies the entry into gTaskResumeAddrs)",155
TASK_PAINT_ROLLER,60,include/constants/tasks.h,"slot: gTaskTypes[60] = Task_PaintRoller, task class 3 (src/data/task_types.c; TaskCreate copies the entry into gTaskResumeAddrs)",155
TASK_META_KNIGHT,61,include/constants/tasks.h,"slot: gTaskTypes[61] = Task_MetaKnight, task class 3 (src/data/task_types.c; TaskCreate copies the entry into gTaskResumeAddrs)",155
TASK_HEAVY_MOLE,62,include/constants/tasks.h,"slot: gTaskTypes[62] = Task_HeavyMole, task class 3 (src/data/task_types.c; TaskCreate copies the entry into gTaskResumeAddrs)",155
TASK_MR_SHINE_AND_MR_BRIGHT,63,include/constants/tasks.h,"slot: gTaskTypes[63] = Task_MrShineAndMrBright, task class 3 (src/data/task_types.c; TaskCreate copies the entry into gTaskResumeAddrs)",155
TASK_WHISPY_WOODS,64,include/constants/tasks.h,"slot: gTaskTypes[64] = Task_WhispyWoods, task class 3 (src/data/task_types.c; TaskCreate copies the entry into gTaskResumeAddrs)",155
TASK_KRACKO,65,include/constants/tasks.h,"slot: gTaskTypes[65] = Task_Kracko, task class 3 (src/data/task_types.c; TaskCreate copies the entry into gTaskResumeAddrs)",155
TASK_NIGHTMARE_POWER_ORB,66,include/constants/tasks.h,"slot: gTaskTypes[66] = Task_NightmarePowerOrb, task class 3 (src/data/task_types.c; TaskCreate copies the entry into gTaskResumeAddrs)",155
TASK_NIGHTMARE_WIZARD,67,include/constants/tasks.h,"slot: gTaskTypes[67] = Task_NightmareWizard, task class 3 (src/data/task_types.c; TaskCreate copies the entry into gTaskResumeAddrs)",155
TASK_ABILITY_STAR,68,include/constants/tasks.h,"slot: gTaskTypes[68] = Task_AbilityStar, task class 4 (src/data/task_types.c; TaskCreate copies the entry into gTaskResumeAddrs)",155
TASK_ONE_UP,69,include/constants/tasks.h,"slot: gTaskTypes[69] = Task_OneUp, task class 4 (src/data/task_types.c; TaskCreate copies the entry into gTaskResumeAddrs)",155
TASK_MAXIM_TOMATO,70,include/constants/tasks.h,"slot: gTaskTypes[70] = Task_MaximTomato, task class 4 (src/data/task_types.c; TaskCreate copies the entry into gTaskResumeAddrs)",155
TASK_INVINCIBLE_CANDY,71,include/constants/tasks.h,"slot: gTaskTypes[71] = Task_InvincibleCandy, task class 4 (src/data/task_types.c; TaskCreate copies the entry into gTaskResumeAddrs)",155
TASK_ENERGY_DRINK,72,include/constants/tasks.h,"slot: gTaskTypes[72] = Task_EnergyDrink, task class 4 (src/data/task_types.c; TaskCreate copies the entry into gTaskResumeAddrs)",155
TASK_STAR_ROD_PIECE,73,include/constants/tasks.h,"slot: gTaskTypes[73] = Task_StarRodPiece, task class 3 (src/data/task_types.c; TaskCreate copies the entry into gTaskResumeAddrs)",155
TASK_WARP_STAR,74,include/constants/tasks.h,"slot: gTaskTypes[74] = Task_WarpStar, task class 3 (src/data/task_types.c; TaskCreate copies the entry into gTaskResumeAddrs)",155
TASK_CANNON,75,include/constants/tasks.h,"slot: gTaskTypes[75] = Task_Cannon, task class 3 (src/data/task_types.c; TaskCreate copies the entry into gTaskResumeAddrs)",155
TASK_CANNON_FUSE,76,include/constants/tasks.h,"slot: gTaskTypes[76] = Task_CannonFuse, task class 3 (src/data/task_types.c; TaskCreate copies the entry into gTaskResumeAddrs)",155
TASK_BIG_SWITCH,77,include/constants/tasks.h,"slot: gTaskTypes[77] = Task_BigSwitch, task class 3 (src/data/task_types.c; TaskCreate copies the entry into gTaskResumeAddrs)",155
TASK_STAKE,78,include/constants/tasks.h,"slot: gTaskTypes[78] = Task_Stake, task class 3 (src/data/task_types.c; TaskCreate copies the entry into gTaskResumeAddrs)",155
TASK_ROOM_PARTICLES,79,include/constants/tasks.h,"slot: gTaskTypes[79] = Task_RoomParticles, task class 3 (src/data/task_types.c; TaskCreate copies the entry into gTaskResumeAddrs)",155
TASK_NIGHTMARE_POWER_ORB_INTRO_SCROLL,80,include/constants/tasks.h,"slot: gTaskTypes[80] = Task_NightmarePowerOrbIntroScroll, task class 3 (src/data/task_types.c; TaskCreate copies the entry into gTaskResumeAddrs)",155
TASK_GOAL_GAME_LAUNCH_STARS,81,include/constants/tasks.h,"slot: gTaskTypes[81] = Task_GoalGameLaunchStars, task class 3 (src/data/task_types.c; TaskCreate copies the entry into gTaskResumeAddrs)",155
TASK_GOAL_GAME_BIG_TRAIL_STAR,82,include/constants/tasks.h,"slot: gTaskTypes[82] = Task_GoalGameBigTrailStar, task class 3 (src/data/task_types.c; TaskCreate copies the entry into gTaskResumeAddrs)",155
TASK_GOAL_GAME_SMALL_TRAIL_STAR,83,include/constants/tasks.h,"slot: gTaskTypes[83] = Task_GoalGameSmallTrailStar, task class 3 (src/data/task_types.c; TaskCreate copies the entry into gTaskResumeAddrs)",155
TASK_GOAL_GAME_SPRING,84,include/constants/tasks.h,"slot: gTaskTypes[84] = Task_GoalGameSpring, task class 3 (src/data/task_types.c; TaskCreate copies the entry into gTaskResumeAddrs)",155
TASK_GOAL_GAME_SIGN,85,include/constants/tasks.h,"slot: gTaskTypes[85] = Task_GoalGameSign, task class 4 (src/data/task_types.c; TaskCreate copies the entry into gTaskResumeAddrs)",155
TASK_GOAL_GAME_HELPER_KIRBY,86,include/constants/tasks.h,"slot: gTaskTypes[86] = Task_GoalGameHelperKirby, task class 3 (src/data/task_types.c; TaskCreate copies the entry into gTaskResumeAddrs)",155
TASK_GOAL_GAME_PLAYER_MARKER,87,include/constants/tasks.h,"slot: gTaskTypes[87] = Task_GoalGamePlayerMarker, task class 3 (src/data/task_types.c; TaskCreate copies the entry into gTaskResumeAddrs)",155
TASK_88,88,include/constants/tasks.h,"slot: gTaskTypes[88] = sub_0805d564, task class 3 (src/data/task_types.c; TaskCreate copies the entry into gTaskResumeAddrs)",155
TASK_GOAL_GAME_ONE_UP,89,include/constants/tasks.h,"slot: gTaskTypes[89] = Task_GoalGameOneUp, task class 3 (src/data/task_types.c; TaskCreate copies the entry into gTaskResumeAddrs)",155
TASK_GOAL_GAME_CAMERA,90,include/constants/tasks.h,"slot: gTaskTypes[90] = Task_GoalGameCamera, task class 4 (src/data/task_types.c; TaskCreate copies the entry into gTaskResumeAddrs)",155
TASK_CUTSCENE_DIRECTOR,91,include/constants/tasks.h,"slot: gTaskTypes[91] = Task_CutsceneDirector, task class 1 (src/data/task_types.c; TaskCreate copies the entry into gTaskResumeAddrs)",155
TASK_CUTSCENE_ACTOR,92,include/constants/tasks.h,"slot: gTaskTypes[92] = Task_CutsceneActor, task class 2 (src/data/task_types.c; TaskCreate copies the entry into gTaskResumeAddrs)",155
TASK_SUB_GAME,93,include/constants/tasks.h,"slot: gTaskTypes[93] = Task_SubGame, task class 3 (src/data/task_types.c; TaskCreate copies the entry into gTaskResumeAddrs)",155
TASK_QUICK_DRAW_OBJECT,94,include/constants/tasks.h,"slot: gTaskTypes[94] = Task_QuickDrawObject, task class 3 (src/data/task_types.c; TaskCreate copies the entry into gTaskResumeAddrs)",155
TASK_BOMB_RALLY_OBJECT,95,include/constants/tasks.h,"slot: gTaskTypes[95] = Task_BombRallyObject, task class 4 (src/data/task_types.c; TaskCreate copies the entry into gTaskResumeAddrs)",155
TASK_AIR_GRIND_OBJECT,96,include/constants/tasks.h,"slot: gTaskTypes[96] = Task_AirGrindObject, task class 3 (src/data/task_types.c; TaskCreate copies the entry into gTaskResumeAddrs)",155
TASK_WARP_STAR_CAMERA,97,include/constants/tasks.h,"slot: gTaskTypes[97] = Task_WarpStarCamera, task class 3 (src/data/task_types.c; TaskCreate copies the entry into gTaskResumeAddrs)",155
TASK_NIGHTMARE_POWER_ORB_ESCAPE,98,include/constants/tasks.h,"slot: gTaskTypes[98] = Task_NightmarePowerOrbEscape, task class 3 (src/data/task_types.c; TaskCreate copies the entry into gTaskResumeAddrs)",155
TASK_NIGHTMARE_POWER_ORB_ESCAPE_STAR,99,include/constants/tasks.h,"slot: gTaskTypes[99] = Task_NightmarePowerOrbEscapeStar, task class 3 (src/data/task_types.c; TaskCreate copies the entry into gTaskResumeAddrs)",155
TASK_ENDING_EPILOGUE,100,include/constants/tasks.h,"slot: gTaskTypes[100] = Task_EndingEpilogue, task class 3 (src/data/task_types.c; TaskCreate copies the entry into gTaskResumeAddrs)",155
TASK_ENDING_STAR_ROD_RETURN,101,include/constants/tasks.h,"slot: gTaskTypes[101] = Task_EndingStarRodReturn, task class 3 (src/data/task_types.c; TaskCreate copies the entry into gTaskResumeAddrs)",155
TASK_PENGY_ICE_BREATH,102,include/constants/tasks.h,"slot: gTaskTypes[102] = Task_PengyIceBreath, task class 2 (src/data/task_types.c; TaskCreate copies the entry into gTaskResumeAddrs)",155
TASK_LASER_BALL_LASER,103,include/constants/tasks.h,"slot: gTaskTypes[103] = Task_LaserBallLaser, task class 2 (src/data/task_types.c; TaskCreate copies the entry into gTaskResumeAddrs)",155
TASK_CHILLY_FREEZE,104,include/constants/tasks.h,"slot: gTaskTypes[104] = Task_ChillyFreeze, task class 2 (src/data/task_types.c; TaskCreate copies the entry into gTaskResumeAddrs)",155
TASK_SIR_KIBBLE_CUTTER,105,include/constants/tasks.h,"slot: gTaskTypes[105] = Task_SirKibbleCutter, task class 2 (src/data/task_types.c; TaskCreate copies the entry into gTaskResumeAddrs)",155
TASK_WADDLE_DOO_BEAM,106,include/constants/tasks.h,"slot: gTaskTypes[106] = Task_WaddleDooBeam, task class 2 (src/data/task_types.c; TaskCreate copies the entry into gTaskResumeAddrs)",155
TASK_GLUNK_SHOT,107,include/constants/tasks.h,"slot: gTaskTypes[107] = Task_GlunkShot, task class 2 (src/data/task_types.c; TaskCreate copies the entry into gTaskResumeAddrs)",155
TASK_HOT_HEAD_FIRE,108,include/constants/tasks.h,"slot: gTaskTypes[108] = Task_HotHeadFire, task class 2 (src/data/task_types.c; TaskCreate copies the entry into gTaskResumeAddrs)",155
TASK_SHOTZO_CANNONBALL,109,include/constants/tasks.h,"slot: gTaskTypes[109] = Task_ShotzoCannonball, task class 2 (src/data/task_types.c; TaskCreate copies the entry into gTaskResumeAddrs)",155
TASK_BONKERS_NUT,110,include/constants/tasks.h,"slot: gTaskTypes[110] = Task_BonkersNut, task class 2 (src/data/task_types.c; TaskCreate copies the entry into gTaskResumeAddrs)",155
TASK_POPPY_BROS_SR_BOMB,111,include/constants/tasks.h,"slot: gTaskTypes[111] = Task_PoppyBrosSrBomb, task class 2 (src/data/task_types.c; TaskCreate copies the entry into gTaskResumeAddrs)",155
TASK_KING_DEDEDE_STAR,112,include/constants/tasks.h,"slot: gTaskTypes[112] = Task_KingDededeStar, task class 2 (src/data/task_types.c; TaskCreate copies the entry into gTaskResumeAddrs)",155
TASK_KING_DEDEDE_AIR_PUFF,113,include/constants/tasks.h,"slot: gTaskTypes[113] = Task_KingDededeAirPuff, task class 2 (src/data/task_types.c; TaskCreate copies the entry into gTaskResumeAddrs)",155
TASK_GRAND_WHEELIE_MINI_WHEELIE,114,include/constants/tasks.h,"slot: gTaskTypes[114] = Task_GrandWheelieMiniWheelie, task class 2 (src/data/task_types.c; TaskCreate copies the entry into gTaskResumeAddrs)",155
TASK_MR_FROSTY_ICE_CUBE,115,include/constants/tasks.h,"slot: gTaskTypes[115] = Task_MrFrostyIceCube, task class 2 (src/data/task_types.c; TaskCreate copies the entry into gTaskResumeAddrs)",155
TASK_PAINT_ROLLER_PAINTING,116,include/constants/tasks.h,"slot: gTaskTypes[116] = Task_PaintRollerPainting, task class 2 (src/data/task_types.c; TaskCreate copies the entry into gTaskResumeAddrs)",155
TASK_PAINT_ROLLER_LIGHTNING,117,include/constants/tasks.h,"slot: gTaskTypes[117] = Task_PaintRollerLightning, task class 2 (src/data/task_types.c; TaskCreate copies the entry into gTaskResumeAddrs)",155
TASK_MR_TICK_TOCK_RING,118,include/constants/tasks.h,"slot: gTaskTypes[118] = Task_MrTickTockRing, task class 2 (src/data/task_types.c; TaskCreate copies the entry into gTaskResumeAddrs)",155
TASK_MR_TICK_TOCK_NOTE,119,include/constants/tasks.h,"slot: gTaskTypes[119] = Task_MrTickTockNote, task class 2 (src/data/task_types.c; TaskCreate copies the entry into gTaskResumeAddrs)",155
TASK_META_KNIGHT_SWORD,120,include/constants/tasks.h,"slot: gTaskTypes[120] = Task_MetaKnightSword, task class 2 (src/data/task_types.c; TaskCreate copies the entry into gTaskResumeAddrs)",155
TASK_HEAVY_MOLE_UPPER_ARM,121,include/constants/tasks.h,"slot: gTaskTypes[121] = Task_HeavyMoleUpperArm, task class 4 (src/data/task_types.c; TaskCreate copies the entry into gTaskResumeAddrs)",155
TASK_HEAVY_MOLE_LOWER_ARM,122,include/constants/tasks.h,"slot: gTaskTypes[122] = Task_HeavyMoleLowerArm, task class 4 (src/data/task_types.c; TaskCreate copies the entry into gTaskResumeAddrs)",155
TASK_HEAVY_MOLE_YELLOW_MISSILE,123,include/constants/tasks.h,"slot: gTaskTypes[123] = Task_HeavyMoleYellowMissile, task class 2 (src/data/task_types.c; TaskCreate copies the entry into gTaskResumeAddrs)",155
TASK_HEAVY_MOLE_RED_MISSILE,124,include/constants/tasks.h,"slot: gTaskTypes[124] = Task_HeavyMoleRedMissile, task class 2 (src/data/task_types.c; TaskCreate copies the entry into gTaskResumeAddrs)",155
TASK_WHISPY_WOODS_APPLE,125,include/constants/tasks.h,"slot: gTaskTypes[125] = Task_WhispyWoodsApple, task class 2 (src/data/task_types.c; TaskCreate copies the entry into gTaskResumeAddrs)",155
TASK_WHISPY_WOODS_AIR_PUFF,126,include/constants/tasks.h,"slot: gTaskTypes[126] = Task_WhispyWoodsAirPuff, task class 2 (src/data/task_types.c; TaskCreate copies the entry into gTaskResumeAddrs)",155
TASK_MR_SHINE_AND_MR_BRIGHT_ATTACK,127,include/constants/tasks.h,"slot: gTaskTypes[127] = Task_MrShineAndMrBrightAttack, task class 4 (src/data/task_types.c; TaskCreate copies the entry into gTaskResumeAddrs)",155
TASK_KRACKO_STARMAN,128,include/constants/tasks.h,"slot: gTaskTypes[128] = Task_KrackoStarman, task class 2 (src/data/task_types.c; TaskCreate copies the entry into gTaskResumeAddrs)",155
TASK_AXE_KNIGHT_AXE,129,include/constants/tasks.h,"slot: gTaskTypes[129] = Task_AxeKnightAxe, task class 2 (src/data/task_types.c; TaskCreate copies the entry into gTaskResumeAddrs)",155
TASK_MACE_KNIGHT_MACE,130,include/constants/tasks.h,"slot: gTaskTypes[130] = Task_MaceKnightMace, task class 4 (src/data/task_types.c; TaskCreate copies the entry into gTaskResumeAddrs)",155
TASK_TRIDENT_KNIGHT_TRIDENT,131,include/constants/tasks.h,"slot: gTaskTypes[131] = Task_TridentKnightTrident, task class 2 (src/data/task_types.c; TaskCreate copies the entry into gTaskResumeAddrs)",155
TASK_JAVELIN_KNIGHT_JAVELIN,132,include/constants/tasks.h,"slot: gTaskTypes[132] = Task_JavelinKnightJavelin, task class 2 (src/data/task_types.c; TaskCreate copies the entry into gTaskResumeAddrs)",155
TASK_BUGZZY_LADYBUG,133,include/constants/tasks.h,"slot: gTaskTypes[133] = Task_BugzzyLadybug, task class 2 (src/data/task_types.c; TaskCreate copies the entry into gTaskResumeAddrs)",155
TASK_UFO_LASER,134,include/constants/tasks.h,"slot: gTaskTypes[134] = Task_UFOLaser, task class 2 (src/data/task_types.c; TaskCreate copies the entry into gTaskResumeAddrs)",155
TASK_NIGHTMARE_POWER_ORB_STAR,135,include/constants/tasks.h,"slot: gTaskTypes[135] = Task_NightmarePowerOrbStar, task class 2 (src/data/task_types.c; TaskCreate copies the entry into gTaskResumeAddrs)",155
TASK_NIGHTMARE_WIZARD_STAR,136,include/constants/tasks.h,"slot: gTaskTypes[136] = Task_NightmareWizardStar, task class 2 (src/data/task_types.c; TaskCreate copies the entry into gTaskResumeAddrs)",155
TASK_GIP_STAR,137,include/constants/tasks.h,"slot: gTaskTypes[137] = Task_GipStar, task class 2 (src/data/task_types.c; TaskCreate copies the entry into gTaskResumeAddrs)",155
TASK_PHAN_PHAN_APPLE,138,include/constants/tasks.h,"slot: gTaskTypes[138] = Task_PhanPhanApple, task class 2 (src/data/task_types.c; TaskCreate copies the entry into gTaskResumeAddrs)",155
TASK_INHALABLE_STAR,139,include/constants/tasks.h,"slot: gTaskTypes[139] = Task_InhalableStar, task class 2 (src/data/task_types.c; TaskCreate copies the entry into gTaskResumeAddrs)",155
TASK_ACTOR_SPLASH,140,include/constants/tasks.h,"slot: gTaskTypes[140] = Task_ActorSplash, task class 1 (src/data/task_types.c; TaskCreate copies the entry into gTaskResumeAddrs)",155
TASK_STAR_FLASH,141,include/constants/tasks.h,"slot: gTaskTypes[141] = Task_StarFlash, task class 1 (src/data/task_types.c; TaskCreate copies the entry into gTaskResumeAddrs)",155
TASK_STAR_FLASH_ON_PARENT,142,include/constants/tasks.h,"slot: gTaskTypes[142] = Task_StarFlashOnParent, task class 1 (src/data/task_types.c; TaskCreate copies the entry into gTaskResumeAddrs)",155
TASK_DUST_TRAIL,143,include/constants/tasks.h,"slot: gTaskTypes[143] = Task_DustTrail, task class 1 (src/data/task_types.c; TaskCreate copies the entry into gTaskResumeAddrs)",155
TASK_DUST_PUFF,144,include/constants/tasks.h,"slot: gTaskTypes[144] = Task_DustPuff, task class 1 (src/data/task_types.c; TaskCreate copies the entry into gTaskResumeAddrs)",155
TASK_BACKWARD_DUST_PUFF,145,include/constants/tasks.h,"slot: gTaskTypes[145] = Task_BackwardDustPuff, task class 1 (src/data/task_types.c; TaskCreate copies the entry into gTaskResumeAddrs)",155
TASK_LANDING_DUST,146,include/constants/tasks.h,"slot: gTaskTypes[146] = Task_LandingDust, task class 1 (src/data/task_types.c; TaskCreate copies the entry into gTaskResumeAddrs)",155
TASK_DUST_BURST,147,include/constants/tasks.h,"slot: gTaskTypes[147] = Task_DustBurst, task class 3 (src/data/task_types.c; TaskCreate copies the entry into gTaskResumeAddrs)",155
TASK_STAR_SCATTER,148,include/constants/tasks.h,"slot: gTaskTypes[148] = Task_StarScatter, task class 1 (src/data/task_types.c; TaskCreate copies the entry into gTaskResumeAddrs)",155
TASK_RAY_BURST,149,include/constants/tasks.h,"slot: gTaskTypes[149] = Task_RayBurst, task class 1 (src/data/task_types.c; TaskCreate copies the entry into gTaskResumeAddrs)",155
TASK_SMALL_BLAST,150,include/constants/tasks.h,"slot: gTaskTypes[150] = Task_SmallBlast, task class 1 (src/data/task_types.c; TaskCreate copies the entry into gTaskResumeAddrs)",155
TASK_STAR_SCATTER_ON_PARENT,151,include/constants/tasks.h,"slot: gTaskTypes[151] = Task_StarScatterOnParent, task class 1 (src/data/task_types.c; TaskCreate copies the entry into gTaskResumeAddrs)",155
TASK_RAY_BURST_ON_PARENT,152,include/constants/tasks.h,"slot: gTaskTypes[152] = Task_RayBurstOnParent, task class 1 (src/data/task_types.c; TaskCreate copies the entry into gTaskResumeAddrs)",155
TASK_SMALL_BLAST_ON_PARENT,153,include/constants/tasks.h,"slot: gTaskTypes[153] = Task_SmallBlastOnParent, task class 1 (src/data/task_types.c; TaskCreate copies the entry into gTaskResumeAddrs)",155
TASK_IMPACT_STAR,154,include/constants/tasks.h,"slot: gTaskTypes[154] = Task_ImpactStar, task class 1 (src/data/task_types.c; TaskCreate copies the entry into gTaskResumeAddrs)",155
TASK_RING_STAR,155,include/constants/tasks.h,"slot: gTaskTypes[155] = Task_RingStar, task class 1 (src/data/task_types.c; TaskCreate copies the entry into gTaskResumeAddrs)",155
TASK_CANNON_SMOKE,156,include/constants/tasks.h,"slot: gTaskTypes[156] = Task_CannonSmoke, task class 1 (src/data/task_types.c; TaskCreate copies the entry into gTaskResumeAddrs)",155
TASK_CANNON_FUSE_SPARK,157,include/constants/tasks.h,"slot: gTaskTypes[157] = Task_CannonFuseSpark, task class 1 (src/data/task_types.c; TaskCreate copies the entry into gTaskResumeAddrs)",155
TASK_TRAIL_FLASH,158,include/constants/tasks.h,"slot: gTaskTypes[158] = Task_TrailFlash, task class 4 (src/data/task_types.c; TaskCreate copies the entry into gTaskResumeAddrs)",155
TASK_HIT_FROST,159,include/constants/tasks.h,"slot: gTaskTypes[159] = Task_HitFrost, task class 4 (src/data/task_types.c; TaskCreate copies the entry into gTaskResumeAddrs)",155
TASK_HIT_FLAMES,160,include/constants/tasks.h,"slot: gTaskTypes[160] = Task_HitFlames, task class 4 (src/data/task_types.c; TaskCreate copies the entry into gTaskResumeAddrs)",155
TASK_HIT_SPARKS,161,include/constants/tasks.h,"slot: gTaskTypes[161] = Task_HitSparks, task class 4 (src/data/task_types.c; TaskCreate copies the entry into gTaskResumeAddrs)",155
TASK_BOSS_SCREEN_FLASH,162,include/constants/tasks.h,"slot: gTaskTypes[162] = Task_BossScreenFlash, task class 1 (src/data/task_types.c; TaskCreate copies the entry into gTaskResumeAddrs)",155
TASK_EXPLOSION_SCREEN_FLASH,163,include/constants/tasks.h,"slot: gTaskTypes[163] = Task_ExplosionScreenFlash, task class 1 (src/data/task_types.c; TaskCreate copies the entry into gTaskResumeAddrs)",155
TASK_WARP_STAR_SPARKLE,164,include/constants/tasks.h,"slot: gTaskTypes[164] = Task_WarpStarSparkle, task class 3 (src/data/task_types.c; TaskCreate copies the entry into gTaskResumeAddrs)",155
TASK_WARP_STAR_TRAIL_STAR,165,include/constants/tasks.h,"slot: gTaskTypes[165] = Task_WarpStarTrailStar, task class 3 (src/data/task_types.c; TaskCreate copies the entry into gTaskResumeAddrs)",155
TASK_ABILITY_RELEASE_FLASH,166,include/constants/tasks.h,"slot: gTaskTypes[166] = Task_AbilityReleaseFlash, task class 3 (src/data/task_types.c; TaskCreate copies the entry into gTaskResumeAddrs)",155
TASK_DASH_FLAME,167,include/constants/tasks.h,"slot: gTaskTypes[167] = Task_DashFlame, task class 3 (src/data/task_types.c; TaskCreate copies the entry into gTaskResumeAddrs)",155
TASK_DASH_FIRE_TRAIL,168,include/constants/tasks.h,"slot: gTaskTypes[168] = Task_DashFireTrail, task class 3 (src/data/task_types.c; TaskCreate copies the entry into gTaskResumeAddrs)",155
TASK_LANDING_IMPACT,169,include/constants/tasks.h,"slot: gTaskTypes[169] = Task_LandingImpact, task class 3 (src/data/task_types.c; TaskCreate copies the entry into gTaskResumeAddrs)",155
TASK_WHISPY_WOODS_LEAVES,170,include/constants/tasks.h,"slot: gTaskTypes[170] = Task_WhispyWoodsLeaves, task class 3 (src/data/task_types.c; TaskCreate copies the entry into gTaskResumeAddrs)",155
TASK_ICE_BLOCK,171,include/constants/tasks.h,"slot: gTaskTypes[171] = Task_IceBlock, task class 4 (src/data/task_types.c; TaskCreate copies the entry into gTaskResumeAddrs)",155
TASK_SMOKE_RING,172,include/constants/tasks.h,"slot: gTaskTypes[172] = Task_SmokeRing, task class 3 (src/data/task_types.c; TaskCreate copies the entry into gTaskResumeAddrs)",155
TASK_SWORD_AND_BLADE_KNIGHT_SLASH,173,include/constants/tasks.h,"slot: gTaskTypes[173] = Task_SwordAndBladeKnightSlash, task class 4 (src/data/task_types.c; TaskCreate copies the entry into gTaskResumeAddrs)",155
TASK_PALETTE_ANIM,174,include/constants/tasks.h,"slot: gTaskTypes[174] = Task_PaletteAnim, task class 4 (src/data/task_types.c; TaskCreate copies the entry into gTaskResumeAddrs)",155
TASK_HOT_HEAD_FLAME,175,include/constants/tasks.h,"slot: gTaskTypes[175] = Task_HotHeadFlame, task class 4 (src/data/task_types.c; TaskCreate copies the entry into gTaskResumeAddrs)",155
TASK_FLAMER_FLAME,176,include/constants/tasks.h,"slot: gTaskTypes[176] = Task_FlamerFlame, task class 2 (src/data/task_types.c; TaskCreate copies the entry into gTaskResumeAddrs)",155
TASK_BONKERS_HAMMER_HIT_BOX,177,include/constants/tasks.h,"slot: gTaskTypes[177] = Task_BonkersHammerHitBox, task class 3 (src/data/task_types.c; TaskCreate copies the entry into gTaskResumeAddrs)",155
TASK_KING_DEDEDE_LANDING_STAR,178,include/constants/tasks.h,"slot: gTaskTypes[178] = Task_KingDededeLandingStar, task class 1 (src/data/task_types.c; TaskCreate copies the entry into gTaskResumeAddrs)",155
TASK_POPPY_BROS_SR_HEAD,179,include/constants/tasks.h,"slot: gTaskTypes[179] = Task_PoppyBrosSrHead, task class 4 (src/data/task_types.c; TaskCreate copies the entry into gTaskResumeAddrs)",155
TASK_POPPY_BROS_SR_HAND,180,include/constants/tasks.h,"slot: gTaskTypes[180] = Task_PoppyBrosSrHand, task class 4 (src/data/task_types.c; TaskCreate copies the entry into gTaskResumeAddrs)",155
TASK_POPPY_BROS_SR_BOMB_SPARK,181,include/constants/tasks.h,"slot: gTaskTypes[181] = Task_PoppyBrosSrBombSpark, task class 2 (src/data/task_types.c; TaskCreate copies the entry into gTaskResumeAddrs)",155
TASK_KING_DEDEDE_HAMMER_HIT_BOX,182,include/constants/tasks.h,"slot: gTaskTypes[182] = Task_KingDededeHammerHitBox, task class 3 (src/data/task_types.c; TaskCreate copies the entry into gTaskResumeAddrs)",155
TASK_KING_DEDEDE_INHALE_HIT_BOX,183,include/constants/tasks.h,"slot: gTaskTypes[183] = Task_KingDededeInhaleHitBox, task class 3 (src/data/task_types.c; TaskCreate copies the entry into gTaskResumeAddrs)",155
TASK_META_KNIGHT_SWORD_HIT_BOX,184,include/constants/tasks.h,"slot: gTaskTypes[184] = Task_MetaKnightSwordHitBox, task class 3 (src/data/task_types.c; TaskCreate copies the entry into gTaskResumeAddrs)",155
TASK_META_KNIGHT_CAPE,185,include/constants/tasks.h,"slot: gTaskTypes[185] = Task_MetaKnightCape, task class 4 (src/data/task_types.c; TaskCreate copies the entry into gTaskResumeAddrs)",155
TASK_META_KNIGHT_MASK,186,include/constants/tasks.h,"slot: gTaskTypes[186] = Task_MetaKnightMask, task class 4 (src/data/task_types.c; TaskCreate copies the entry into gTaskResumeAddrs)",155
TASK_META_KNIGHT_MASK_HALF,187,include/constants/tasks.h,"slot: gTaskTypes[187] = Task_MetaKnightMaskHalf, task class 4 (src/data/task_types.c; TaskCreate copies the entry into gTaskResumeAddrs)",155
TASK_META_KNIGHT_SPARKLE,188,include/constants/tasks.h,"slot: gTaskTypes[188] = Task_MetaKnightSparkle, task class 2 (src/data/task_types.c; TaskCreate copies the entry into gTaskResumeAddrs)",155
TASK_HEAVY_MOLE_MISSILE_HATCH,189,include/constants/tasks.h,"slot: gTaskTypes[189] = Task_HeavyMoleMissileHatch, task class 4 (src/data/task_types.c; TaskCreate copies the entry into gTaskResumeAddrs)",155
TASK_HEAVY_MOLE_TURBINES,190,include/constants/tasks.h,"slot: gTaskTypes[190] = Task_HeavyMoleTurbines, task class 4 (src/data/task_types.c; TaskCreate copies the entry into gTaskResumeAddrs)",155
TASK_HEAVY_MOLE_EYE,191,include/constants/tasks.h,"slot: gTaskTypes[191] = Task_HeavyMoleEye, task class 4 (src/data/task_types.c; TaskCreate copies the entry into gTaskResumeAddrs)",155
TASK_HEAVY_MOLE_SMOKE,192,include/constants/tasks.h,"slot: gTaskTypes[192] = Task_HeavyMoleSmoke, task class 4 (src/data/task_types.c; TaskCreate copies the entry into gTaskResumeAddrs)",155
TASK_MR_BRIGHT_BEAM_EFFECT,193,include/constants/tasks.h,"slot: gTaskTypes[193] = Task_MrBrightBeamEffect, task class 4 (src/data/task_types.c; TaskCreate copies the entry into gTaskResumeAddrs)",155
TASK_NODDY_BUBBLE,194,include/constants/tasks.h,"slot: gTaskTypes[194] = Task_NoddyBubble, task class 4 (src/data/task_types.c; TaskCreate copies the entry into gTaskResumeAddrs)",155
TASK_KRACKO_JR_ORBS,195,include/constants/tasks.h,"slot: gTaskTypes[195] = Task_KrackoJrOrbs, task class 4 (src/data/task_types.c; TaskCreate copies the entry into gTaskResumeAddrs)",155
TASK_KRACKO_CLOUD,196,include/constants/tasks.h,"slot: gTaskTypes[196] = Task_KrackoCloud, task class 4 (src/data/task_types.c; TaskCreate copies the entry into gTaskResumeAddrs)",155
TASK_KRACKO_LIGHTNING_TOP,197,include/constants/tasks.h,"slot: gTaskTypes[197] = Task_KrackoLightningTop, task class 4 (src/data/task_types.c; TaskCreate copies the entry into gTaskResumeAddrs)",155
TASK_KRACKO_LIGHTNING_MIDDLE,198,include/constants/tasks.h,"slot: gTaskTypes[198] = Task_KrackoLightningMiddle, task class 4 (src/data/task_types.c; TaskCreate copies the entry into gTaskResumeAddrs)",155
TASK_KRACKO_LIGHTNING_BOTTOM,199,include/constants/tasks.h,"slot: gTaskTypes[199] = Task_KrackoLightningBottom, task class 4 (src/data/task_types.c; TaskCreate copies the entry into gTaskResumeAddrs)",155
TASK_BUGZZY_AFTERIMAGE,200,include/constants/tasks.h,"slot: gTaskTypes[200] = Task_BugzzyAfterimage, task class 4 (src/data/task_types.c; TaskCreate copies the entry into gTaskResumeAddrs)",155
TASK_NIGHTMARE_WIZARD_PALM,201,include/constants/tasks.h,"slot: gTaskTypes[201] = Task_NightmareWizardPalm, task class 3 (src/data/task_types.c; TaskCreate copies the entry into gTaskResumeAddrs)",155
TASK_NIGHTMARE_WIZARD_PALM_TORNADO,202,include/constants/tasks.h,"slot: gTaskTypes[202] = Task_NightmareWizardPalmTornado, task class 3 (src/data/task_types.c; TaskCreate copies the entry into gTaskResumeAddrs)",155
TASK_NIGHTMARE_WIZARD_POINTING_HAND,203,include/constants/tasks.h,"slot: gTaskTypes[203] = Task_NightmareWizardPointingHand, task class 3 (src/data/task_types.c; TaskCreate copies the entry into gTaskResumeAddrs)",155
TASK_NIGHTMARE_WIZARD_POINT_TORNADO,204,include/constants/tasks.h,"slot: gTaskTypes[204] = Task_NightmareWizardPointTornado, task class 3 (src/data/task_types.c; TaskCreate copies the entry into gTaskResumeAddrs)",155
TASK_NIGHTMARE_WIZARD_CLOAK_HANDS,205,include/constants/tasks.h,"slot: gTaskTypes[205] = Task_NightmareWizardCloakHands, task class 3 (src/data/task_types.c; TaskCreate copies the entry into gTaskResumeAddrs)",155
TASK_NIGHTMARE_WIZARD_CLOAK_TORNADO,206,include/constants/tasks.h,"slot: gTaskTypes[206] = Task_NightmareWizardCloakTornado, task class 3 (src/data/task_types.c; TaskCreate copies the entry into gTaskResumeAddrs)",155
TASK_NIGHTMARE_WIZARD_PENDANT,207,include/constants/tasks.h,"slot: gTaskTypes[207] = Task_NightmareWizardPendant, task class 3 (src/data/task_types.c; TaskCreate copies the entry into gTaskResumeAddrs)",155
TASK_NIGHTMARE_WIZARD_HIT_BOX,208,include/constants/tasks.h,"slot: gTaskTypes[208] = Task_NightmareWizardHitBox, task class 3 (src/data/task_types.c; TaskCreate copies the entry into gTaskResumeAddrs)",155
TASK_NIGHTMARE_WIZARD_DEFEAT_FLASH,209,include/constants/tasks.h,"slot: gTaskTypes[209] = Task_NightmareWizardDefeatFlash, task class 3 (src/data/task_types.c; TaskCreate copies the entry into gTaskResumeAddrs)",155
TASK_NIGHTMARE_POWER_ORB_STAR_TRAIL,210,include/constants/tasks.h,"slot: gTaskTypes[210] = Task_NightmarePowerOrbStarTrail, task class 3 (src/data/task_types.c; TaskCreate copies the entry into gTaskResumeAddrs)",155
TASK_NIGHTMARE_POWER_ORB_STAR_TRAIL_UP,211,include/constants/tasks.h,"slot: gTaskTypes[211] = Task_NightmarePowerOrbStarTrailUp, task class 3 (src/data/task_types.c; TaskCreate copies the entry into gTaskResumeAddrs)",155
TASK_NIGHTMARE_POWER_ORB_STAR_TRAIL_DOWN,212,include/constants/tasks.h,"slot: gTaskTypes[212] = Task_NightmarePowerOrbStarTrailDown, task class 3 (src/data/task_types.c; TaskCreate copies the entry into gTaskResumeAddrs)",155
TASK_NIGHTMARE_POWER_ORB_STAR_AFTERIMAGE,213,include/constants/tasks.h,"slot: gTaskTypes[213] = Task_NightmarePowerOrbStarAfterimage, task class 3 (src/data/task_types.c; TaskCreate copies the entry into gTaskResumeAddrs)",155
TASK_FIRE_LION_FLAME,214,include/constants/tasks.h,"slot: gTaskTypes[214] = Task_FireLionFlame, task class 3 (src/data/task_types.c; TaskCreate copies the entry into gTaskResumeAddrs)",155
TASK_CHILLY_FREEZE_SPARKLE,215,include/constants/tasks.h,"slot: gTaskTypes[215] = Task_ChillyFreezeSparkle, task class 3 (src/data/task_types.c; TaskCreate copies the entry into gTaskResumeAddrs)",155
TASK_PENGY_ICE_BREATH_PUFF,216,include/constants/tasks.h,"slot: gTaskTypes[216] = Task_PengyIceBreathPuff, task class 3 (src/data/task_types.c; TaskCreate copies the entry into gTaskResumeAddrs)",155
TASK_PENGY_ICE_BREATH_SPARKLE,217,include/constants/tasks.h,"slot: gTaskTypes[217] = Task_PengyIceBreathSparkle, task class 3 (src/data/task_types.c; TaskCreate copies the entry into gTaskResumeAddrs)",155
TASK_BLIPPER_DROPLET,218,include/constants/tasks.h,"slot: gTaskTypes[218] = Task_BlipperDroplet, task class 3 (src/data/task_types.c; TaskCreate copies the entry into gTaskResumeAddrs)",155
TASK_GLUNK_SHOT_SPRAY,219,include/constants/tasks.h,"slot: gTaskTypes[219] = Task_GlunkShotSpray, task class 3 (src/data/task_types.c; TaskCreate copies the entry into gTaskResumeAddrs)",155
TASK_NIGHTMARE_POWER_ORB_STREAK,220,include/constants/tasks.h,"slot: gTaskTypes[220] = Task_NightmarePowerOrbStreak, task class 3 (src/data/task_types.c; TaskCreate copies the entry into gTaskResumeAddrs)",155
TASK_ARENA_DOOR_SIGN,221,include/constants/tasks.h,"slot: gTaskTypes[221] = Task_ArenaDoorSign, task class 3 (src/data/task_types.c; TaskCreate copies the entry into gTaskResumeAddrs)",155
TASK_BOSS_DOOR_SIGN,222,include/constants/tasks.h,"slot: gTaskTypes[222] = Task_BossDoorSign, task class 3 (src/data/task_types.c; TaskCreate copies the entry into gTaskResumeAddrs)",155
TASK_DOOR_OPENING,223,include/constants/tasks.h,"slot: gTaskTypes[223] = Task_DoorOpening, task class 3 (src/data/task_types.c; TaskCreate copies the entry into gTaskResumeAddrs)",155
TASK_STAGE_CLEAR_FLAG,224,include/constants/tasks.h,"slot: gTaskTypes[224] = Task_StageClearFlag, task class 3 (src/data/task_types.c; TaskCreate copies the entry into gTaskResumeAddrs)",155
TASK_QUICK_DRAW_DOOR_SIGN,225,include/constants/tasks.h,"slot: gTaskTypes[225] = Task_QuickDrawDoorSign, task class 3 (src/data/task_types.c; TaskCreate copies the entry into gTaskResumeAddrs)",155
TASK_BOMB_RALLY_DOOR_SIGN,226,include/constants/tasks.h,"slot: gTaskTypes[226] = Task_BombRallyDoorSign, task class 3 (src/data/task_types.c; TaskCreate copies the entry into gTaskResumeAddrs)",155
TASK_AIR_GRIND_DOOR_SIGN,227,include/constants/tasks.h,"slot: gTaskTypes[227] = Task_AirGrindDoorSign, task class 3 (src/data/task_types.c; TaskCreate copies the entry into gTaskResumeAddrs)",155
TASK_MUSEUM_DOOR_SIGN,228,include/constants/tasks.h,"slot: gTaskTypes[228] = Task_MuseumDoorSign, task class 3 (src/data/task_types.c; TaskCreate copies the entry into gTaskResumeAddrs)",155
TASK_STAGE_DOOR_SIGN,229,include/constants/tasks.h,"slot: gTaskTypes[229] = Task_StageDoorSign, task class 3 (src/data/task_types.c; TaskCreate copies the entry into gTaskResumeAddrs)",155
TASK_WARP_STAR_STATION_DOOR_SIGN,230,include/constants/tasks.h,"slot: gTaskTypes[230] = Task_WarpStarStationDoorSign, task class 3 (src/data/task_types.c; TaskCreate copies the entry into gTaskResumeAddrs)",155
TASK_WARP_STAR_STATION_DOOR_SPARKLE,231,include/constants/tasks.h,"slot: gTaskTypes[231] = Task_WarpStarStationDoorSparkle, task class 3 (src/data/task_types.c; TaskCreate copies the entry into gTaskResumeAddrs)",155
TASK_LEVEL_DOOR_SIGN,232,include/constants/tasks.h,"slot: gTaskTypes[232] = Task_LevelDoorSign, task class 3 (src/data/task_types.c; TaskCreate copies the entry into gTaskResumeAddrs)",155
TASK_WARP_STAR_STATION_NUMBER,233,include/constants/tasks.h,"slot: gTaskTypes[233] = Task_WarpStarStationNumber, task class 3 (src/data/task_types.c; TaskCreate copies the entry into gTaskResumeAddrs)",155
TASK_WARP_STAR_STATION_LEVEL_SIGN,234,include/constants/tasks.h,"slot: gTaskTypes[234] = Task_WarpStarStationLevelSign, task class 3 (src/data/task_types.c; TaskCreate copies the entry into gTaskResumeAddrs)",155
TASK_MUSEUM_ABILITY_SIGN,235,include/constants/tasks.h,"slot: gTaskTypes[235] = Task_MuseumAbilitySign, task class 3 (src/data/task_types.c; TaskCreate copies the entry into gTaskResumeAddrs)",155
TASK_STAGE_EFFECT,236,include/constants/tasks.h,"slot: gTaskTypes[236] = Task_StageEffect, task class 4 (src/data/task_types.c; TaskCreate copies the entry into gTaskResumeAddrs)",155
TASK_INTRO_STORY_PICTURE,237,include/constants/tasks.h,"slot: gTaskTypes[237] = Task_IntroStoryPicture, task class 4 (src/data/task_types.c; TaskCreate copies the entry into gTaskResumeAddrs)",155
TASK_FILE_SELECT_SLOT_LABEL,238,include/constants/tasks.h,"slot: gTaskTypes[238] = Task_FileSelectSlotLabel, task class 4 (src/data/task_types.c; TaskCreate copies the entry into gTaskResumeAddrs)",155
TASK_FILE_SELECT_SLOT,239,include/constants/tasks.h,"slot: gTaskTypes[239] = Task_FileSelectSlot, task class 4 (src/data/task_types.c; TaskCreate copies the entry into gTaskResumeAddrs)",155
TASK_FILE_SELECT_CURSOR,240,include/constants/tasks.h,"slot: gTaskTypes[240] = Task_FileSelectCursor, task class 4 (src/data/task_types.c; TaskCreate copies the entry into gTaskResumeAddrs)",155
TASK_FILE_MENU_SLOT,241,include/constants/tasks.h,"slot: gTaskTypes[241] = Task_FileMenuSlot, task class 4 (src/data/task_types.c; TaskCreate copies the entry into gTaskResumeAddrs)",155
TASK_FILE_MENU_HIGHLIGHT,242,include/constants/tasks.h,"slot: gTaskTypes[242] = Task_FileMenuHighlight, task class 4 (src/data/task_types.c; TaskCreate copies the entry into gTaskResumeAddrs)",155
TASK_ERASE_CONFIRM_DIALOG,243,include/constants/tasks.h,"slot: gTaskTypes[243] = Task_EraseConfirmDialog, task class 4 (src/data/task_types.c; TaskCreate copies the entry into gTaskResumeAddrs)",155
TASK_ERASE_FILE_WIPE,244,include/constants/tasks.h,"slot: gTaskTypes[244] = Task_EraseFileWipe, task class 4 (src/data/task_types.c; TaskCreate copies the entry into gTaskResumeAddrs)",155
TASK_NORMAL_EXTRA_PANEL,245,include/constants/tasks.h,"slot: gTaskTypes[245] = Task_NormalExtraPanel, task class 4 (src/data/task_types.c; TaskCreate copies the entry into gTaskResumeAddrs)",155
TASK_PLAYER_COUNT_PANEL,246,include/constants/tasks.h,"slot: gTaskTypes[246] = Task_PlayerCountPanel, task class 4 (src/data/task_types.c; TaskCreate copies the entry into gTaskResumeAddrs)",155
TASK_MODE_LIST_CURSOR,247,include/constants/tasks.h,"slot: gTaskTypes[247] = Task_ModeListCursor, task class 4 (src/data/task_types.c; TaskCreate copies the entry into gTaskResumeAddrs)",155
TASK_MODE_PLAYER_COUNT_PANEL,248,include/constants/tasks.h,"slot: gTaskTypes[248] = Task_ModePlayerCountPanel, task class 4 (src/data/task_types.c; TaskCreate copies the entry into gTaskResumeAddrs)",155
TASK_LINK_PLAY_PALETTE_PULSE,249,include/constants/tasks.h,"slot: gTaskTypes[249] = Task_LinkPlayPalettePulse, task class 4 (src/data/task_types.c; TaskCreate copies the entry into gTaskResumeAddrs)",155
TASK_LINK_PLAY_COLOR_CYCLE,250,include/constants/tasks.h,"slot: gTaskTypes[250] = Task_LinkPlayColorCycle, task class 4 (src/data/task_types.c; TaskCreate copies the entry into gTaskResumeAddrs)",155
TASK_LINK_PLAY_PLAYER_LIST,251,include/constants/tasks.h,"slot: gTaskTypes[251] = Task_LinkPlayPlayerList, task class 4 (src/data/task_types.c; TaskCreate copies the entry into gTaskResumeAddrs)",155
TASK_LINK_PLAY_CONSOLE,252,include/constants/tasks.h,"slot: gTaskTypes[252] = Task_LinkPlayConsole, task class 4 (src/data/task_types.c; TaskCreate copies the entry into gTaskResumeAddrs)",155
TASK_LINK_PLAY_CABLE,253,include/constants/tasks.h,"slot: gTaskTypes[253] = Task_LinkPlayCable, task class 4 (src/data/task_types.c; TaskCreate copies the entry into gTaskResumeAddrs)",155
TASK_SOUND_TEST_CURSORS,254,include/constants/tasks.h,"slot: gTaskTypes[254] = Task_SoundTestCursors, task class 4 (src/data/task_types.c; TaskCreate copies the entry into gTaskResumeAddrs)",155
TASK_SOUND_TEST_PULSE,255,include/constants/tasks.h,"slot: gTaskTypes[255] = Task_SoundTestPulse, task class 4 (src/data/task_types.c; TaskCreate copies the entry into gTaskResumeAddrs)",155
TASK_MENU_SCREEN_TITLE,256,include/constants/tasks.h,"slot: gTaskTypes[256] = Task_MenuScreenTitle, task class 4 (src/data/task_types.c; TaskCreate copies the entry into gTaskResumeAddrs)",155
TASK_BG_SCROLL,257,include/constants/tasks.h,"slot: gTaskTypes[257] = Task_BgScroll, task class 4 (src/data/task_types.c; TaskCreate copies the entry into gTaskResumeAddrs)",155
TASK_MENU_BACKGROUND,258,include/constants/tasks.h,"slot: gTaskTypes[258] = Task_MenuBackground, task class 4 (src/data/task_types.c; TaskCreate copies the entry into gTaskResumeAddrs)",155
TASK_MENU_BG_PALETTE_CYCLE,259,include/constants/tasks.h,"slot: gTaskTypes[259] = Task_MenuBgPaletteCycle, task class 4 (src/data/task_types.c; TaskCreate copies the entry into gTaskResumeAddrs)",155
TASK_GAME_OVER_SPRITE,260,include/constants/tasks.h,"slot: gTaskTypes[260] = Task_GameOverSprite, task class 4 (src/data/task_types.c; TaskCreate copies the entry into gTaskResumeAddrs)",155
TASK_GAME_OVER_CURSOR,261,include/constants/tasks.h,"slot: gTaskTypes[261] = Task_GameOverCursor, task class 4 (src/data/task_types.c; TaskCreate copies the entry into gTaskResumeAddrs)",155
TASK_GAME_OVER_PALETTE,262,include/constants/tasks.h,"slot: gTaskTypes[262] = Task_GameOverPalette, task class 4 (src/data/task_types.c; TaskCreate copies the entry into gTaskResumeAddrs)",155
TASK_HALVE_SCORE,263,include/constants/tasks.h,"slot: gTaskTypes[263] = Task_HalveScore, task class 4 (src/data/task_types.c; TaskCreate copies the entry into gTaskResumeAddrs)",155
TASK_GAME_OVER_OBJECT,264,include/constants/tasks.h,"slot: gTaskTypes[264] = Task_GameOverObject, task class 4 (src/data/task_types.c; TaskCreate copies the entry into gTaskResumeAddrs)",155
TASK_EXTRA_MODE_TITLE_SPRITE,265,include/constants/tasks.h,"slot: gTaskTypes[265] = Task_ExtraModeTitleSprite, task class 4 (src/data/task_types.c; TaskCreate copies the entry into gTaskResumeAddrs)",155
ABILITY_NORMAL,0,include/constants/abilities.h,"visual: gAbilityPictures[0]'s HUD banner reads NORMAL (run 2 of #155, local render, not committed; docs/naming.md 2.3); code: SetPlayerAbility(0, -1, player) clears the player's ability (PlayerCheckDropAbility's callers, player_37ed8.c:62), and ActorDef.ability 0 gives none",155
ABILITY_FIRE,1,include/constants/abilities.h,"visual: gAbilityPictures[1]'s HUD banner reads FIRE (run 2 of #155, local render, not committed; docs/naming.md 2.3); code: PlayerActionFire, PlayerObjectFireBreath store u80.attackAbility = 1",155
ABILITY_SPARK,2,include/constants/abilities.h,"visual: gAbilityPictures[2]'s HUD banner reads SPARK (run 2 of #155, local render, not committed; docs/naming.md 2.3); code: PlayerActionSpark stores u80.attackAbility = 2",155
ABILITY_CUTTER,3,include/constants/abilities.h,"visual: gAbilityPictures[3]'s HUD banner reads CUTTER (run 2 of #155, local render, not committed; docs/naming.md 2.3); code: PlayerObjectCutterBlade stores u80.attackAbility = 3",155
ABILITY_SWORD,4,include/constants/abilities.h,"visual: gAbilityPictures[4]'s HUD banner reads SWORD (run 2 of #155, local render, not committed; docs/naming.md 2.3); code: MetaKnightActionDashSlash, MetaKnightActionDownThrust, MetaKnightActionSlash store u80.attackAbility = 4",155
ABILITY_BURNING,5,include/constants/abilities.h,"visual: gAbilityPictures[5]'s HUD banner reads BURNING (run 2 of #155, local render, not committed; docs/naming.md 2.3); code: PlayerActionBurning stores u80.attackAbility = 5",155
ABILITY_LASER,6,include/constants/abilities.h,"visual: gAbilityPictures[6]'s HUD banner reads LASER (run 2 of #155, local render, not committed; docs/naming.md 2.3); code: PlayerObjectLaserBeam stores u80.attackAbility = 6",155
ABILITY_MIKE,7,include/constants/abilities.h,"visual: gAbilityPictures[7]'s HUD banner reads MIKE (run 2 of #155, local render, not committed; docs/naming.md 2.3); code: PlayerEffectMikeAttack stores u80.attackAbility = 7",155
ABILITY_WHEEL,8,include/constants/abilities.h,"visual: gAbilityPictures[8]'s HUD banner reads WHEEL (run 2 of #155, local render, not committed; docs/naming.md 2.3); code: PlayerActionWheel stores u80.attackAbility = 8",155
ABILITY_HAMMER,9,include/constants/abilities.h,"visual: gAbilityPictures[9]'s HUD banner reads HAMMER (run 2 of #155, local render, not committed; docs/naming.md 2.3); code: PlayerActionHammer stores u80.attackAbility = 9",155
ABILITY_PARASOL,10,include/constants/abilities.h,"visual: gAbilityPictures[10]'s HUD banner reads PARASOL (run 2 of #155, local render, not committed; docs/naming.md 2.3); code: PlayerActionParasol stores u80.attackAbility = 10",155
ABILITY_SLEEP,11,include/constants/abilities.h,"visual: gAbilityPictures[11]'s HUD banner reads SLEEP (run 2 of #155, local render, not committed; docs/naming.md 2.3); code: PlayerActionSleepUpdate ends the nap with SetPlayerAbility(0, -1, ...) when player->ability == 11 (player_474e8.c:262)",155
ABILITY_NEEDLE,12,include/constants/abilities.h,"visual: gAbilityPictures[12]'s HUD banner reads NEEDLE (run 2 of #155, local render, not committed; docs/naming.md 2.3); code: PlayerActionNeedle stores u80.attackAbility = 12",155
ABILITY_ICE,13,include/constants/abilities.h,"visual: gAbilityPictures[13]'s HUD banner reads ICE (run 2 of #155, local render, not committed; docs/naming.md 2.3); code: PlayerActionIce, PlayerObjectIceBreath store u80.attackAbility = 13",155
ABILITY_FREEZE,14,include/constants/abilities.h,"visual: gAbilityPictures[14]'s HUD banner reads FREEZE (run 2 of #155, local render, not committed; docs/naming.md 2.3); code: PlayerActionFreeze stores u80.attackAbility = 14",155
ABILITY_HI_JUMP,15,include/constants/abilities.h,"visual: gAbilityPictures[15]'s HUD banner reads HI-JUMP (run 2 of #155, local render, not committed; docs/naming.md 2.3); code: PlayerActionHiJump stores u80.attackAbility = 15",155
ABILITY_BEAM,16,include/constants/abilities.h,"visual: gAbilityPictures[16]'s HUD banner reads BEAM (run 2 of #155, local render, not committed; docs/naming.md 2.3); code: PlayerObjectBeamOrb stores u80.attackAbility = 16",155
ABILITY_STONE,17,include/constants/abilities.h,"visual: gAbilityPictures[17]'s HUD banner reads STONE (run 2 of #155, local render, not committed; docs/naming.md 2.3); code: PlayerActionStone stores u80.attackAbility = 17",155
ABILITY_BALL,18,include/constants/abilities.h,"visual: gAbilityPictures[18]'s HUD banner reads BALL (run 2 of #155, local render, not committed; docs/naming.md 2.3); code: PlayerActionBall stores u80.attackAbility = 18",155
ABILITY_TORNADO,19,include/constants/abilities.h,"visual: gAbilityPictures[19]'s HUD banner reads TORNADO (run 2 of #155, local render, not committed; docs/naming.md 2.3); code: PlayerActionTornado stores u80.attackAbility = 19",155
ABILITY_CRASH,20,include/constants/abilities.h,"visual: gAbilityPictures[20]'s HUD banner reads CRASH (run 2 of #155, local render, not committed; docs/naming.md 2.3); code: PlayerActionCrash stores u80.attackAbility = 20",155
ABILITY_LIGHT,21,include/constants/abilities.h,"visual: gAbilityPictures[21]'s HUD banner reads LIGHT (run 2 of #155, local render, not committed; docs/naming.md 2.3); code: PlayerActionLight is the move gPlayerActions holds for it (src/data/game_tables.c)",155
ABILITY_BACKDROP,22,include/constants/abilities.h,"visual: gAbilityPictures[22]'s HUD banner reads BACKDROP (run 2 of #155, local render, not committed; docs/naming.md 2.3); code: PlayerActionBackdropHold stores u80.attackAbility = 22",155
ABILITY_THROW,23,include/constants/abilities.h,"visual: gAbilityPictures[23]'s HUD banner reads THROW (run 2 of #155, local render, not committed; docs/naming.md 2.3); code: PlayerActionThrowHold stores u80.attackAbility = 23",155
ABILITY_UFO,24,include/constants/abilities.h,"visual: gAbilityPictures[24]'s HUD banner reads U.F.O. (run 2 of #155, local render, not committed; docs/naming.md 2.3); code: PlayerActionUFO stores u80.attackAbility = 24",155
ABILITY_STAR_ROD,25,include/constants/abilities.h,"visual: gAbilityPictures[25]'s HUD banner reads STAR ROD (run 2 of #155, local render, not committed; docs/naming.md 2.3); code: PlayerActionStarRod, PlayerActionStarRodJump store u80.attackAbility = 25",155
ABILITY_PICTURE_WAIT,26,include/constants/abilities.h,"visual: gAbilityPictures[26]'s HUD banner reads WAIT (run 2 of #155, local render, not committed); code: hud_099fc.c and stage_273a0.c show it for a player who waits in a multiplayer game (gPlayerCameraMode[i] = 2/3)",155
PLAYER_ACTION_NONE,0,include/constants/player.h,"slot: gPlayerActions[0] and gMetaKnightActions[0] are NULL; PlayerStartRequestedAction (src/player_32688.c) clears requestedAction to 0 once it has started the action, and the per-frame handlers test requestedAction != 0 for a pending action (src/player_474e8.c:346, player_34f8c.c:351)",155
PLAYER_ACTION_STAND,1,include/constants/player.h,"slot: gPlayerActions[1] = PlayerActionStand (src/data/game_tables.c; consumer CallTableEntry(p->action, 62, gPlayerActions) in Task_Player and PlayerStartRequestedAction)",155
PLAYER_ACTION_WALK,2,include/constants/player.h,"slot: gPlayerActions[2] = PlayerActionWalk (src/data/game_tables.c; consumer CallTableEntry(p->action, 62, gPlayerActions) in Task_Player and PlayerStartRequestedAction)",155
PLAYER_ACTION_RUN,3,include/constants/player.h,"slot: gPlayerActions[3] = PlayerActionRun (src/data/game_tables.c; consumer CallTableEntry(p->action, 62, gPlayerActions) in Task_Player and PlayerStartRequestedAction)",155
PLAYER_ACTION_SKID,4,include/constants/player.h,"slot: gPlayerActions[4] = PlayerActionSkid (src/data/game_tables.c; consumer CallTableEntry(p->action, 62, gPlayerActions) in Task_Player and PlayerStartRequestedAction)",155
PLAYER_ACTION_JUMP,5,include/constants/player.h,"slot: gPlayerActions[5] = PlayerActionJump (src/data/game_tables.c; consumer CallTableEntry(p->action, 62, gPlayerActions) in Task_Player and PlayerStartRequestedAction)",155
PLAYER_ACTION_RELEASE_JUMP,6,include/constants/player.h,"slot: gPlayerActions[6] = PlayerActionReleaseJump (src/data/game_tables.c; consumer CallTableEntry(p->action, 62, gPlayerActions) in Task_Player and PlayerStartRequestedAction)",155
PLAYER_ACTION_FALL,7,include/constants/player.h,"slot: gPlayerActions[7] = PlayerActionFall (src/data/game_tables.c; consumer CallTableEntry(p->action, 62, gPlayerActions) in Task_Player and PlayerStartRequestedAction)",155
PLAYER_ACTION_HIGH_FALL,8,include/constants/player.h,"slot: gPlayerActions[8] = PlayerActionHighFall (src/data/game_tables.c; consumer CallTableEntry(p->action, 62, gPlayerActions) in Task_Player and PlayerStartRequestedAction)",155
PLAYER_ACTION_FLOAT,9,include/constants/player.h,"slot: gPlayerActions[9] = PlayerActionFloat (src/data/game_tables.c; consumer CallTableEntry(p->action, 62, gPlayerActions) in Task_Player and PlayerStartRequestedAction)",155
PLAYER_ACTION_DUCK,10,include/constants/player.h,"slot: gPlayerActions[10] = PlayerActionDuck (src/data/game_tables.c; consumer CallTableEntry(p->action, 62, gPlayerActions) in Task_Player and PlayerStartRequestedAction)",155
PLAYER_ACTION_SLIDE,11,include/constants/player.h,"slot: gPlayerActions[11] = PlayerActionSlide (src/data/game_tables.c; consumer CallTableEntry(p->action, 62, gPlayerActions) in Task_Player and PlayerStartRequestedAction)",155
PLAYER_ACTION_LADDER,12,include/constants/player.h,"slot: gPlayerActions[12] = PlayerActionLadder (src/data/game_tables.c; consumer CallTableEntry(p->action, 62, gPlayerActions) in Task_Player and PlayerStartRequestedAction)",155
PLAYER_ACTION_INHALE,13,include/constants/player.h,"slot: gPlayerActions[13] = PlayerActionInhale (src/data/game_tables.c; consumer CallTableEntry(p->action, 62, gPlayerActions) in Task_Player and PlayerStartRequestedAction)",155
PLAYER_ACTION_SPIT,14,include/constants/player.h,"slot: gPlayerActions[14] = PlayerActionSpit (src/data/game_tables.c; consumer CallTableEntry(p->action, 62, gPlayerActions) in Task_Player and PlayerStartRequestedAction)",155
PLAYER_ACTION_SWALLOW,15,include/constants/player.h,"slot: gPlayerActions[15] = PlayerActionSwallow (src/data/game_tables.c; consumer CallTableEntry(p->action, 62, gPlayerActions) in Task_Player and PlayerStartRequestedAction)",155
PLAYER_ACTION_HURT,16,include/constants/player.h,"slot: gPlayerActions[16] = PlayerActionHurt (src/data/game_tables.c; consumer CallTableEntry(p->action, 62, gPlayerActions) in Task_Player and PlayerStartRequestedAction)",155
PLAYER_ACTION_DIE,17,include/constants/player.h,"slot: gPlayerActions[17] = PlayerActionDie (src/data/game_tables.c; consumer CallTableEntry(p->action, 62, gPlayerActions) in Task_Player and PlayerStartRequestedAction)",155
PLAYER_ACTION_RECOIL,18,include/constants/player.h,"slot: gPlayerActions[18] = PlayerActionRecoil (src/data/game_tables.c; consumer CallTableEntry(p->action, 62, gPlayerActions) in Task_Player and PlayerStartRequestedAction)",155
PLAYER_ACTION_SHARE_ITEM,19,include/constants/player.h,"slot: gPlayerActions[19] = PlayerActionShareItem (src/data/game_tables.c; consumer CallTableEntry(p->action, 62, gPlayerActions) in Task_Player and PlayerStartRequestedAction)",155
PLAYER_ACTION_ENTER_DOOR,20,include/constants/player.h,"slot: gPlayerActions[20] = PlayerActionEnterDoor (src/data/game_tables.c; consumer CallTableEntry(p->action, 62, gPlayerActions) in Task_Player and PlayerStartRequestedAction)",155
PLAYER_ACTION_EXIT_DOOR,21,include/constants/player.h,"slot: gPlayerActions[21] = PlayerActionExitDoor (src/data/game_tables.c; consumer CallTableEntry(p->action, 62, gPlayerActions) in Task_Player and PlayerStartRequestedAction)",155
PLAYER_ACTION_22,22,include/constants/player.h,"slot: gPlayerActions[22] = sub_08034f70 (src/data/game_tables.c; consumer CallTableEntry(p->action, 62, gPlayerActions) in Task_Player and PlayerStartRequestedAction)",155
PLAYER_ACTION_SWIM,23,include/constants/player.h,"slot: gPlayerActions[23] = PlayerActionSwim (src/data/game_tables.c; consumer CallTableEntry(p->action, 62, gPlayerActions) in Task_Player and PlayerStartRequestedAction)",155
PLAYER_ACTION_STAND_IN_WATER,24,include/constants/player.h,"slot: gPlayerActions[24] = PlayerActionStandInWater (src/data/game_tables.c; consumer CallTableEntry(p->action, 62, gPlayerActions) in Task_Player and PlayerStartRequestedAction)",155
PLAYER_ACTION_WALK_IN_WATER,25,include/constants/player.h,"slot: gPlayerActions[25] = PlayerActionWalkInWater (src/data/game_tables.c; consumer CallTableEntry(p->action, 62, gPlayerActions) in Task_Player and PlayerStartRequestedAction)",155
PLAYER_ACTION_SWALLOW_IN_WATER,26,include/constants/player.h,"slot: gPlayerActions[26] = PlayerActionSwallowInWater (src/data/game_tables.c; consumer CallTableEntry(p->action, 62, gPlayerActions) in Task_Player and PlayerStartRequestedAction)",155
PLAYER_ACTION_SPIT_IN_WATER,27,include/constants/player.h,"slot: gPlayerActions[27] = PlayerActionSpitInWater (src/data/game_tables.c; consumer CallTableEntry(p->action, 62, gPlayerActions) in Task_Player and PlayerStartRequestedAction)",155
PLAYER_ACTION_WATER_SHOT,28,include/constants/player.h,"slot: gPlayerActions[28] = PlayerActionWaterShot (src/data/game_tables.c; consumer CallTableEntry(p->action, 62, gPlayerActions) in Task_Player and PlayerStartRequestedAction)",155
PLAYER_ACTION_GET_ABILITY,29,include/constants/player.h,"slot: gPlayerActions[29] = PlayerActionGetAbility (src/data/game_tables.c; consumer CallTableEntry(p->action, 62, gPlayerActions) in Task_Player and PlayerStartRequestedAction)",155
PLAYER_ACTION_BACKDROP,30,include/constants/player.h,"slot: gPlayerActions[30] = PlayerActionBackdrop (src/data/game_tables.c; consumer CallTableEntry(p->action, 62, gPlayerActions) in Task_Player and PlayerStartRequestedAction)",155
PLAYER_ACTION_THROW,31,include/constants/player.h,"slot: gPlayerActions[31] = PlayerActionThrow (src/data/game_tables.c; consumer CallTableEntry(p->action, 62, gPlayerActions) in Task_Player and PlayerStartRequestedAction)",155
PLAYER_ACTION_FIRE,32,include/constants/player.h,"slot: gPlayerActions[32] = PlayerActionFire (src/data/game_tables.c; consumer CallTableEntry(p->action, 62, gPlayerActions) in Task_Player and PlayerStartRequestedAction)",155
PLAYER_ACTION_SPARK,33,include/constants/player.h,"slot: gPlayerActions[33] = PlayerActionSpark (src/data/game_tables.c; consumer CallTableEntry(p->action, 62, gPlayerActions) in Task_Player and PlayerStartRequestedAction)",155
PLAYER_ACTION_CUTTER,34,include/constants/player.h,"slot: gPlayerActions[34] = PlayerActionCutter (src/data/game_tables.c; consumer CallTableEntry(p->action, 62, gPlayerActions) in Task_Player and PlayerStartRequestedAction)",155
PLAYER_ACTION_SWORD,35,include/constants/player.h,"slot: gPlayerActions[35] = PlayerActionSword (src/data/game_tables.c; consumer CallTableEntry(p->action, 62, gPlayerActions) in Task_Player and PlayerStartRequestedAction)",155
PLAYER_ACTION_BURNING,36,include/constants/player.h,"slot: gPlayerActions[36] = PlayerActionBurning (src/data/game_tables.c; consumer CallTableEntry(p->action, 62, gPlayerActions) in Task_Player and PlayerStartRequestedAction)",155
PLAYER_ACTION_LASER,37,include/constants/player.h,"slot: gPlayerActions[37] = PlayerActionLaser (src/data/game_tables.c; consumer CallTableEntry(p->action, 62, gPlayerActions) in Task_Player and PlayerStartRequestedAction)",155
PLAYER_ACTION_MIKE,38,include/constants/player.h,"slot: gPlayerActions[38] = PlayerActionMike (src/data/game_tables.c; consumer CallTableEntry(p->action, 62, gPlayerActions) in Task_Player and PlayerStartRequestedAction)",155
PLAYER_ACTION_WHEEL,39,include/constants/player.h,"slot: gPlayerActions[39] = PlayerActionWheel (src/data/game_tables.c; consumer CallTableEntry(p->action, 62, gPlayerActions) in Task_Player and PlayerStartRequestedAction)",155
PLAYER_ACTION_HAMMER,40,include/constants/player.h,"slot: gPlayerActions[40] = PlayerActionHammer (src/data/game_tables.c; consumer CallTableEntry(p->action, 62, gPlayerActions) in Task_Player and PlayerStartRequestedAction)",155
PLAYER_ACTION_PARASOL,41,include/constants/player.h,"slot: gPlayerActions[41] = PlayerActionParasol (src/data/game_tables.c; consumer CallTableEntry(p->action, 62, gPlayerActions) in Task_Player and PlayerStartRequestedAction)",155
PLAYER_ACTION_SLEEP,42,include/constants/player.h,"slot: gPlayerActions[42] = PlayerActionSleep (src/data/game_tables.c; consumer CallTableEntry(p->action, 62, gPlayerActions) in Task_Player and PlayerStartRequestedAction)",155
PLAYER_ACTION_NEEDLE,43,include/constants/player.h,"slot: gPlayerActions[43] = PlayerActionNeedle (src/data/game_tables.c; consumer CallTableEntry(p->action, 62, gPlayerActions) in Task_Player and PlayerStartRequestedAction)",155
PLAYER_ACTION_ICE,44,include/constants/player.h,"slot: gPlayerActions[44] = PlayerActionIce (src/data/game_tables.c; consumer CallTableEntry(p->action, 62, gPlayerActions) in Task_Player and PlayerStartRequestedAction)",155
PLAYER_ACTION_FREEZE,45,include/constants/player.h,"slot: gPlayerActions[45] = PlayerActionFreeze (src/data/game_tables.c; consumer CallTableEntry(p->action, 62, gPlayerActions) in Task_Player and PlayerStartRequestedAction)",155
PLAYER_ACTION_HI_JUMP,46,include/constants/player.h,"slot: gPlayerActions[46] = PlayerActionHiJump (src/data/game_tables.c; consumer CallTableEntry(p->action, 62, gPlayerActions) in Task_Player and PlayerStartRequestedAction)",155
PLAYER_ACTION_BEAM,47,include/constants/player.h,"slot: gPlayerActions[47] = PlayerActionBeam (src/data/game_tables.c; consumer CallTableEntry(p->action, 62, gPlayerActions) in Task_Player and PlayerStartRequestedAction)",155
PLAYER_ACTION_STONE,48,include/constants/player.h,"slot: gPlayerActions[48] = PlayerActionStone (src/data/game_tables.c; consumer CallTableEntry(p->action, 62, gPlayerActions) in Task_Player and PlayerStartRequestedAction)",155
PLAYER_ACTION_BALL,49,include/constants/player.h,"slot: gPlayerActions[49] = PlayerActionBall (src/data/game_tables.c; consumer CallTableEntry(p->action, 62, gPlayerActions) in Task_Player and PlayerStartRequestedAction)",155
PLAYER_ACTION_TORNADO,50,include/constants/player.h,"slot: gPlayerActions[50] = PlayerActionTornado (src/data/game_tables.c; consumer CallTableEntry(p->action, 62, gPlayerActions) in Task_Player and PlayerStartRequestedAction)",155
PLAYER_ACTION_CRASH,51,include/constants/player.h,"slot: gPlayerActions[51] = PlayerActionCrash (src/data/game_tables.c; consumer CallTableEntry(p->action, 62, gPlayerActions) in Task_Player and PlayerStartRequestedAction)",155
PLAYER_ACTION_LIGHT,52,include/constants/player.h,"slot: gPlayerActions[52] = PlayerActionLight (src/data/game_tables.c; consumer CallTableEntry(p->action, 62, gPlayerActions) in Task_Player and PlayerStartRequestedAction)",155
PLAYER_ACTION_BACKDROP_HOLD,53,include/constants/player.h,"slot: gPlayerActions[53] = PlayerActionBackdropHold (src/data/game_tables.c; consumer CallTableEntry(p->action, 62, gPlayerActions) in Task_Player and PlayerStartRequestedAction)",155
PLAYER_ACTION_THROW_HOLD,54,include/constants/player.h,"slot: gPlayerActions[54] = PlayerActionThrowHold (src/data/game_tables.c; consumer CallTableEntry(p->action, 62, gPlayerActions) in Task_Player and PlayerStartRequestedAction)",155
PLAYER_ACTION_UFO,55,include/constants/player.h,"slot: gPlayerActions[55] = PlayerActionUFO (src/data/game_tables.c; consumer CallTableEntry(p->action, 62, gPlayerActions) in Task_Player and PlayerStartRequestedAction)",155
PLAYER_ACTION_STAR_ROD,56,include/constants/player.h,"slot: gPlayerActions[56] = PlayerActionStarRod (src/data/game_tables.c; consumer CallTableEntry(p->action, 62, gPlayerActions) in Task_Player and PlayerStartRequestedAction)",155
PLAYER_ACTION_STAR_ROD_JUMP,57,include/constants/player.h,"slot: gPlayerActions[57] = PlayerActionStarRodJump (src/data/game_tables.c; consumer CallTableEntry(p->action, 62, gPlayerActions) in Task_Player and PlayerStartRequestedAction)",155
PLAYER_ACTION_STAR_ROD_FLIGHT,58,include/constants/player.h,"slot: gPlayerActions[58] = PlayerActionStarRodFlight (src/data/game_tables.c; consumer CallTableEntry(p->action, 62, gPlayerActions) in Task_Player and PlayerStartRequestedAction)",155
PLAYER_ACTION_59,59,include/constants/player.h,"slot: gPlayerActions[59] = sub_080337f4 (src/data/game_tables.c; consumer CallTableEntry(p->action, 62, gPlayerActions) in Task_Player and PlayerStartRequestedAction)",155
PLAYER_ACTION_60,60,include/constants/player.h,"slot: gPlayerActions[60] = sub_080337fc (src/data/game_tables.c; consumer CallTableEntry(p->action, 62, gPlayerActions) in Task_Player and PlayerStartRequestedAction)",155
PLAYER_ACTION_61,61,include/constants/player.h,"slot: gPlayerActions[61] = sub_08033804 (src/data/game_tables.c; consumer CallTableEntry(p->action, 62, gPlayerActions) in Task_Player and PlayerStartRequestedAction)",155
PLAYER_ACTION_HANDLER_STAND,1,include/constants/player.h,"slot: gPlayerActionHandlers[1] = PlayerActionStandUpdate (src/data/game_tables.c; consumer CallTableEntry(gCurTask->updateState, 57, gPlayerActionHandlers) in PlayerUpdate)",155
PLAYER_ACTION_HANDLER_WALK,2,include/constants/player.h,"slot: gPlayerActionHandlers[2] = PlayerActionWalkUpdate (src/data/game_tables.c; consumer CallTableEntry(gCurTask->updateState, 57, gPlayerActionHandlers) in PlayerUpdate)",155
PLAYER_ACTION_HANDLER_RUN,3,include/constants/player.h,"slot: gPlayerActionHandlers[3] = PlayerActionRunUpdate (src/data/game_tables.c; consumer CallTableEntry(gCurTask->updateState, 57, gPlayerActionHandlers) in PlayerUpdate)",155
PLAYER_ACTION_HANDLER_SKID,4,include/constants/player.h,"slot: gPlayerActionHandlers[4] = PlayerActionSkidUpdate (src/data/game_tables.c; consumer CallTableEntry(gCurTask->updateState, 57, gPlayerActionHandlers) in PlayerUpdate)",155
PLAYER_ACTION_HANDLER_JUMP,5,include/constants/player.h,"slot: gPlayerActionHandlers[5] = PlayerActionJumpUpdate (src/data/game_tables.c; consumer CallTableEntry(gCurTask->updateState, 57, gPlayerActionHandlers) in PlayerUpdate)",155
PLAYER_ACTION_HANDLER_RELEASE_JUMP,6,include/constants/player.h,"slot: gPlayerActionHandlers[6] = PlayerActionReleaseJumpUpdate (src/data/game_tables.c; consumer CallTableEntry(gCurTask->updateState, 57, gPlayerActionHandlers) in PlayerUpdate)",155
PLAYER_ACTION_HANDLER_FALL,7,include/constants/player.h,"slot: gPlayerActionHandlers[7] = PlayerActionFallUpdate (src/data/game_tables.c; consumer CallTableEntry(gCurTask->updateState, 57, gPlayerActionHandlers) in PlayerUpdate)",155
PLAYER_ACTION_HANDLER_HIGH_FALL,8,include/constants/player.h,"slot: gPlayerActionHandlers[8] = PlayerActionHighFallUpdate (src/data/game_tables.c; consumer CallTableEntry(gCurTask->updateState, 57, gPlayerActionHandlers) in PlayerUpdate)",155
PLAYER_ACTION_HANDLER_FLOAT,9,include/constants/player.h,"slot: gPlayerActionHandlers[9] = PlayerActionFloatUpdate (src/data/game_tables.c; consumer CallTableEntry(gCurTask->updateState, 57, gPlayerActionHandlers) in PlayerUpdate)",155
PLAYER_ACTION_HANDLER_DUCK,10,include/constants/player.h,"slot: gPlayerActionHandlers[10] = PlayerActionDuckUpdate (src/data/game_tables.c; consumer CallTableEntry(gCurTask->updateState, 57, gPlayerActionHandlers) in PlayerUpdate)",155
PLAYER_ACTION_HANDLER_SLIDE,11,include/constants/player.h,"slot: gPlayerActionHandlers[11] = PlayerActionSlideUpdate (src/data/game_tables.c; consumer CallTableEntry(gCurTask->updateState, 57, gPlayerActionHandlers) in PlayerUpdate)",155
PLAYER_ACTION_HANDLER_LADDER,12,include/constants/player.h,"slot: gPlayerActionHandlers[12] = PlayerActionLadderUpdate (src/data/game_tables.c; consumer CallTableEntry(gCurTask->updateState, 57, gPlayerActionHandlers) in PlayerUpdate)",155
PLAYER_ACTION_HANDLER_INHALE,13,include/constants/player.h,"slot: gPlayerActionHandlers[13] = PlayerActionInhaleUpdate (src/data/game_tables.c; consumer CallTableEntry(gCurTask->updateState, 57, gPlayerActionHandlers) in PlayerUpdate)",155
PLAYER_ACTION_HANDLER_SPIT,14,include/constants/player.h,"slot: gPlayerActionHandlers[14] = PlayerActionSpitUpdate (src/data/game_tables.c; consumer CallTableEntry(gCurTask->updateState, 57, gPlayerActionHandlers) in PlayerUpdate)",155
PLAYER_ACTION_HANDLER_SWALLOW,15,include/constants/player.h,"slot: gPlayerActionHandlers[15] = PlayerActionSwallowUpdate (src/data/game_tables.c; consumer CallTableEntry(gCurTask->updateState, 57, gPlayerActionHandlers) in PlayerUpdate)",155
PLAYER_ACTION_HANDLER_HURT,16,include/constants/player.h,"slot: gPlayerActionHandlers[16] = PlayerActionHurtUpdate (src/data/game_tables.c; consumer CallTableEntry(gCurTask->updateState, 57, gPlayerActionHandlers) in PlayerUpdate)",155
PLAYER_ACTION_HANDLER_RECOIL,17,include/constants/player.h,"slot: gPlayerActionHandlers[17] = PlayerActionRecoilUpdate (src/data/game_tables.c; consumer CallTableEntry(gCurTask->updateState, 57, gPlayerActionHandlers) in PlayerUpdate)",155
PLAYER_ACTION_HANDLER_SHARE_ITEM,18,include/constants/player.h,"slot: gPlayerActionHandlers[18] = PlayerActionShareItemUpdate (src/data/game_tables.c; consumer CallTableEntry(gCurTask->updateState, 57, gPlayerActionHandlers) in PlayerUpdate)",155
PLAYER_ACTION_HANDLER_EXIT_DOOR,19,include/constants/player.h,"slot: gPlayerActionHandlers[19] = PlayerActionExitDoorUpdate (src/data/game_tables.c; consumer CallTableEntry(gCurTask->updateState, 57, gPlayerActionHandlers) in PlayerUpdate)",155
PLAYER_ACTION_HANDLER_SWIM,20,include/constants/player.h,"slot: gPlayerActionHandlers[20] = PlayerActionSwimUpdate (src/data/game_tables.c; consumer CallTableEntry(gCurTask->updateState, 57, gPlayerActionHandlers) in PlayerUpdate)",155
PLAYER_ACTION_HANDLER_STAND_IN_WATER,21,include/constants/player.h,"slot: gPlayerActionHandlers[21] = PlayerActionStandInWaterUpdate (src/data/game_tables.c; consumer CallTableEntry(gCurTask->updateState, 57, gPlayerActionHandlers) in PlayerUpdate)",155
PLAYER_ACTION_HANDLER_WALK_IN_WATER,22,include/constants/player.h,"slot: gPlayerActionHandlers[22] = PlayerActionWalkInWaterUpdate (src/data/game_tables.c; consumer CallTableEntry(gCurTask->updateState, 57, gPlayerActionHandlers) in PlayerUpdate)",155
PLAYER_ACTION_HANDLER_WATER_SHOT,23,include/constants/player.h,"slot: gPlayerActionHandlers[23] = PlayerActionWaterShotUpdate (src/data/game_tables.c; consumer CallTableEntry(gCurTask->updateState, 57, gPlayerActionHandlers) in PlayerUpdate)",155
PLAYER_ACTION_HANDLER_SPIT_IN_WATER,24,include/constants/player.h,"slot: gPlayerActionHandlers[24] = PlayerActionSpitInWaterUpdate (src/data/game_tables.c; consumer CallTableEntry(gCurTask->updateState, 57, gPlayerActionHandlers) in PlayerUpdate)",155
PLAYER_ACTION_HANDLER_SWALLOW_IN_WATER,25,include/constants/player.h,"slot: gPlayerActionHandlers[25] = PlayerActionSwallowInWaterUpdate (src/data/game_tables.c; consumer CallTableEntry(gCurTask->updateState, 57, gPlayerActionHandlers) in PlayerUpdate)",155
PLAYER_ACTION_HANDLER_GET_ABILITY,26,include/constants/player.h,"slot: gPlayerActionHandlers[26] = PlayerActionGetAbilityUpdate (src/data/game_tables.c; consumer CallTableEntry(gCurTask->updateState, 57, gPlayerActionHandlers) in PlayerUpdate)",155
PLAYER_ACTION_HANDLER_BACKDROP,27,include/constants/player.h,"slot: gPlayerActionHandlers[27] = PlayerActionBackdropUpdate (src/data/game_tables.c; consumer CallTableEntry(gCurTask->updateState, 57, gPlayerActionHandlers) in PlayerUpdate)",155
PLAYER_ACTION_HANDLER_THROW,28,include/constants/player.h,"slot: gPlayerActionHandlers[28] = PlayerActionThrowUpdate (src/data/game_tables.c; consumer CallTableEntry(gCurTask->updateState, 57, gPlayerActionHandlers) in PlayerUpdate)",155
PLAYER_ACTION_HANDLER_FIRE,29,include/constants/player.h,"slot: gPlayerActionHandlers[29] = PlayerActionFireUpdate (src/data/game_tables.c; consumer CallTableEntry(gCurTask->updateState, 57, gPlayerActionHandlers) in PlayerUpdate)",155
PLAYER_ACTION_HANDLER_SPARK,30,include/constants/player.h,"slot: gPlayerActionHandlers[30] = PlayerActionSparkUpdate (src/data/game_tables.c; consumer CallTableEntry(gCurTask->updateState, 57, gPlayerActionHandlers) in PlayerUpdate)",155
PLAYER_ACTION_HANDLER_CUTTER,31,include/constants/player.h,"slot: gPlayerActionHandlers[31] = PlayerActionCutterUpdate (src/data/game_tables.c; consumer CallTableEntry(gCurTask->updateState, 57, gPlayerActionHandlers) in PlayerUpdate)",155
PLAYER_ACTION_HANDLER_SWORD,32,include/constants/player.h,"slot: gPlayerActionHandlers[32] = PlayerActionSwordUpdate (src/data/game_tables.c; consumer CallTableEntry(gCurTask->updateState, 57, gPlayerActionHandlers) in PlayerUpdate)",155
PLAYER_ACTION_HANDLER_BURNING,33,include/constants/player.h,"slot: gPlayerActionHandlers[33] = PlayerActionBurningUpdate (src/data/game_tables.c; consumer CallTableEntry(gCurTask->updateState, 57, gPlayerActionHandlers) in PlayerUpdate)",155
PLAYER_ACTION_HANDLER_LASER,34,include/constants/player.h,"slot: gPlayerActionHandlers[34] = PlayerActionLaserUpdate (src/data/game_tables.c; consumer CallTableEntry(gCurTask->updateState, 57, gPlayerActionHandlers) in PlayerUpdate)",155
PLAYER_ACTION_HANDLER_MIKE,35,include/constants/player.h,"slot: gPlayerActionHandlers[35] = PlayerActionMikeUpdate (src/data/game_tables.c; consumer CallTableEntry(gCurTask->updateState, 57, gPlayerActionHandlers) in PlayerUpdate)",155
PLAYER_ACTION_HANDLER_WHEEL,36,include/constants/player.h,"slot: gPlayerActionHandlers[36] = PlayerActionWheelUpdate (src/data/game_tables.c; consumer CallTableEntry(gCurTask->updateState, 57, gPlayerActionHandlers) in PlayerUpdate)",155
PLAYER_ACTION_HANDLER_HAMMER,37,include/constants/player.h,"slot: gPlayerActionHandlers[37] = PlayerActionHammerUpdate (src/data/game_tables.c; consumer CallTableEntry(gCurTask->updateState, 57, gPlayerActionHandlers) in PlayerUpdate)",155
PLAYER_ACTION_HANDLER_PARASOL,38,include/constants/player.h,"slot: gPlayerActionHandlers[38] = PlayerActionParasolUpdate (src/data/game_tables.c; consumer CallTableEntry(gCurTask->updateState, 57, gPlayerActionHandlers) in PlayerUpdate)",155
PLAYER_ACTION_HANDLER_SLEEP,39,include/constants/player.h,"slot: gPlayerActionHandlers[39] = PlayerActionSleepUpdate (src/data/game_tables.c; consumer CallTableEntry(gCurTask->updateState, 57, gPlayerActionHandlers) in PlayerUpdate)",155
PLAYER_ACTION_HANDLER_NEEDLE,40,include/constants/player.h,"slot: gPlayerActionHandlers[40] = PlayerActionNeedleUpdate (src/data/game_tables.c; consumer CallTableEntry(gCurTask->updateState, 57, gPlayerActionHandlers) in PlayerUpdate)",155
PLAYER_ACTION_HANDLER_ICE,41,include/constants/player.h,"slot: gPlayerActionHandlers[41] = PlayerActionIceUpdate (src/data/game_tables.c; consumer CallTableEntry(gCurTask->updateState, 57, gPlayerActionHandlers) in PlayerUpdate)",155
PLAYER_ACTION_HANDLER_FREEZE,42,include/constants/player.h,"slot: gPlayerActionHandlers[42] = PlayerActionFreezeUpdate (src/data/game_tables.c; consumer CallTableEntry(gCurTask->updateState, 57, gPlayerActionHandlers) in PlayerUpdate)",155
PLAYER_ACTION_HANDLER_HI_JUMP,43,include/constants/player.h,"slot: gPlayerActionHandlers[43] = PlayerActionHiJumpUpdate (src/data/game_tables.c; consumer CallTableEntry(gCurTask->updateState, 57, gPlayerActionHandlers) in PlayerUpdate)",155
PLAYER_ACTION_HANDLER_BEAM,44,include/constants/player.h,"slot: gPlayerActionHandlers[44] = PlayerActionBeamUpdate (src/data/game_tables.c; consumer CallTableEntry(gCurTask->updateState, 57, gPlayerActionHandlers) in PlayerUpdate)",155
PLAYER_ACTION_HANDLER_STONE,45,include/constants/player.h,"slot: gPlayerActionHandlers[45] = PlayerActionStoneUpdate (src/data/game_tables.c; consumer CallTableEntry(gCurTask->updateState, 57, gPlayerActionHandlers) in PlayerUpdate)",155
PLAYER_ACTION_HANDLER_BALL,46,include/constants/player.h,"slot: gPlayerActionHandlers[46] = PlayerActionBallUpdate (src/data/game_tables.c; consumer CallTableEntry(gCurTask->updateState, 57, gPlayerActionHandlers) in PlayerUpdate)",155
PLAYER_ACTION_HANDLER_TORNADO,47,include/constants/player.h,"slot: gPlayerActionHandlers[47] = PlayerActionTornadoUpdate (src/data/game_tables.c; consumer CallTableEntry(gCurTask->updateState, 57, gPlayerActionHandlers) in PlayerUpdate)",155
PLAYER_ACTION_HANDLER_CRASH,48,include/constants/player.h,"slot: gPlayerActionHandlers[48] = PlayerActionCrashUpdate (src/data/game_tables.c; consumer CallTableEntry(gCurTask->updateState, 57, gPlayerActionHandlers) in PlayerUpdate)",155
PLAYER_ACTION_HANDLER_LIGHT,49,include/constants/player.h,"slot: gPlayerActionHandlers[49] = PlayerActionLightUpdate (src/data/game_tables.c; consumer CallTableEntry(gCurTask->updateState, 57, gPlayerActionHandlers) in PlayerUpdate)",155
PLAYER_ACTION_HANDLER_BACKDROP_HOLD,50,include/constants/player.h,"slot: gPlayerActionHandlers[50] = PlayerActionBackdropHoldUpdate (src/data/game_tables.c; consumer CallTableEntry(gCurTask->updateState, 57, gPlayerActionHandlers) in PlayerUpdate)",155
PLAYER_ACTION_HANDLER_THROW_HOLD,51,include/constants/player.h,"slot: gPlayerActionHandlers[51] = PlayerActionThrowHoldUpdate (src/data/game_tables.c; consumer CallTableEntry(gCurTask->updateState, 57, gPlayerActionHandlers) in PlayerUpdate)",155
PLAYER_ACTION_HANDLER_UFO,52,include/constants/player.h,"slot: gPlayerActionHandlers[52] = PlayerActionUFOUpdate (src/data/game_tables.c; consumer CallTableEntry(gCurTask->updateState, 57, gPlayerActionHandlers) in PlayerUpdate)",155
PLAYER_ACTION_HANDLER_STAR_ROD,53,include/constants/player.h,"slot: gPlayerActionHandlers[53] = PlayerActionStarRodUpdate (src/data/game_tables.c; consumer CallTableEntry(gCurTask->updateState, 57, gPlayerActionHandlers) in PlayerUpdate)",155
PLAYER_ACTION_HANDLER_STAR_ROD_JUMP,54,include/constants/player.h,"slot: gPlayerActionHandlers[54] = PlayerActionStarRodJumpUpdate (src/data/game_tables.c; consumer CallTableEntry(gCurTask->updateState, 57, gPlayerActionHandlers) in PlayerUpdate)",155
PLAYER_ACTION_HANDLER_STAR_ROD_FLIGHT,55,include/constants/player.h,"slot: gPlayerActionHandlers[55] = PlayerActionStarRodFlightUpdate (src/data/game_tables.c; consumer CallTableEntry(gCurTask->updateState, 57, gPlayerActionHandlers) in PlayerUpdate)",155
PLAYER_ACTION_HANDLER_56,56,include/constants/player.h,"slot: gPlayerActionHandlers[56] = sub_08033808 (src/data/game_tables.c; consumer CallTableEntry(gCurTask->updateState, 57, gPlayerActionHandlers) in PlayerUpdate)",155
META_KNIGHT_ACTION_STAND,1,include/constants/player.h,"slot: gMetaKnightActions[1] = MetaKnightActionStand (src/data/game_tables.c; consumer CallTableEntry(p->action, 30, gMetaKnightActions) in Task_Player and PlayerStartRequestedAction (gMetaKnightmareMode))",155
META_KNIGHT_ACTION_WALK,2,include/constants/player.h,"slot: gMetaKnightActions[2] = MetaKnightActionWalk (src/data/game_tables.c; consumer CallTableEntry(p->action, 30, gMetaKnightActions) in Task_Player and PlayerStartRequestedAction (gMetaKnightmareMode))",155
META_KNIGHT_ACTION_RUN,3,include/constants/player.h,"slot: gMetaKnightActions[3] = MetaKnightActionRun (src/data/game_tables.c; consumer CallTableEntry(p->action, 30, gMetaKnightActions) in Task_Player and PlayerStartRequestedAction (gMetaKnightmareMode))",155
META_KNIGHT_ACTION_SKID,4,include/constants/player.h,"slot: gMetaKnightActions[4] = MetaKnightActionSkid (src/data/game_tables.c; consumer CallTableEntry(p->action, 30, gMetaKnightActions) in Task_Player and PlayerStartRequestedAction (gMetaKnightmareMode))",155
META_KNIGHT_ACTION_JUMP,5,include/constants/player.h,"slot: gMetaKnightActions[5] = MetaKnightActionJump (src/data/game_tables.c; consumer CallTableEntry(p->action, 30, gMetaKnightActions) in Task_Player and PlayerStartRequestedAction (gMetaKnightmareMode))",155
META_KNIGHT_ACTION_RELEASE_JUMP,6,include/constants/player.h,"slot: gMetaKnightActions[6] = MetaKnightActionReleaseJump (src/data/game_tables.c; consumer CallTableEntry(p->action, 30, gMetaKnightActions) in Task_Player and PlayerStartRequestedAction (gMetaKnightmareMode))",155
META_KNIGHT_ACTION_FALL,7,include/constants/player.h,"slot: gMetaKnightActions[7] = MetaKnightActionFall (src/data/game_tables.c; consumer CallTableEntry(p->action, 30, gMetaKnightActions) in Task_Player and PlayerStartRequestedAction (gMetaKnightmareMode))",155
META_KNIGHT_ACTION_FLOAT,9,include/constants/player.h,"slot: gMetaKnightActions[9] = MetaKnightActionFloat (src/data/game_tables.c; consumer CallTableEntry(p->action, 30, gMetaKnightActions) in Task_Player and PlayerStartRequestedAction (gMetaKnightmareMode))",155
META_KNIGHT_ACTION_DUCK,10,include/constants/player.h,"slot: gMetaKnightActions[10] = MetaKnightActionDuck (src/data/game_tables.c; consumer CallTableEntry(p->action, 30, gMetaKnightActions) in Task_Player and PlayerStartRequestedAction (gMetaKnightmareMode))",155
META_KNIGHT_ACTION_SLIDE,11,include/constants/player.h,"slot: gMetaKnightActions[11] = MetaKnightActionSlide (src/data/game_tables.c; consumer CallTableEntry(p->action, 30, gMetaKnightActions) in Task_Player and PlayerStartRequestedAction (gMetaKnightmareMode))",155
META_KNIGHT_ACTION_LADDER,12,include/constants/player.h,"slot: gMetaKnightActions[12] = MetaKnightActionLadder (src/data/game_tables.c; consumer CallTableEntry(p->action, 30, gMetaKnightActions) in Task_Player and PlayerStartRequestedAction (gMetaKnightmareMode))",155
META_KNIGHT_ACTION_HURT,16,include/constants/player.h,"slot: gMetaKnightActions[16] = MetaKnightActionHurt (src/data/game_tables.c; consumer CallTableEntry(p->action, 30, gMetaKnightActions) in Task_Player and PlayerStartRequestedAction (gMetaKnightmareMode))",155
META_KNIGHT_ACTION_DIE,17,include/constants/player.h,"slot: gMetaKnightActions[17] = MetaKnightActionDie (src/data/game_tables.c; consumer CallTableEntry(p->action, 30, gMetaKnightActions) in Task_Player and PlayerStartRequestedAction (gMetaKnightmareMode))",155
META_KNIGHT_ACTION_RECOIL,18,include/constants/player.h,"slot: gMetaKnightActions[18] = MetaKnightActionRecoil (src/data/game_tables.c; consumer CallTableEntry(p->action, 30, gMetaKnightActions) in Task_Player and PlayerStartRequestedAction (gMetaKnightmareMode))",155
META_KNIGHT_ACTION_ENTER_DOOR,20,include/constants/player.h,"slot: gMetaKnightActions[20] = MetaKnightActionEnterDoor (src/data/game_tables.c; consumer CallTableEntry(p->action, 30, gMetaKnightActions) in Task_Player and PlayerStartRequestedAction (gMetaKnightmareMode))",155
META_KNIGHT_ACTION_EXIT_DOOR,21,include/constants/player.h,"slot: gMetaKnightActions[21] = MetaKnightActionExitDoor (src/data/game_tables.c; consumer CallTableEntry(p->action, 30, gMetaKnightActions) in Task_Player and PlayerStartRequestedAction (gMetaKnightmareMode))",155
META_KNIGHT_ACTION_SWIM,23,include/constants/player.h,"slot: gMetaKnightActions[23] = MetaKnightActionSwim (src/data/game_tables.c; consumer CallTableEntry(p->action, 30, gMetaKnightActions) in Task_Player and PlayerStartRequestedAction (gMetaKnightmareMode))",155
META_KNIGHT_ACTION_STAND_IN_WATER,24,include/constants/player.h,"slot: gMetaKnightActions[24] = MetaKnightActionStandInWater (src/data/game_tables.c; consumer CallTableEntry(p->action, 30, gMetaKnightActions) in Task_Player and PlayerStartRequestedAction (gMetaKnightmareMode))",155
META_KNIGHT_ACTION_WALK_IN_WATER,25,include/constants/player.h,"slot: gMetaKnightActions[25] = MetaKnightActionWalkInWater (src/data/game_tables.c; consumer CallTableEntry(p->action, 30, gMetaKnightActions) in Task_Player and PlayerStartRequestedAction (gMetaKnightmareMode))",155
META_KNIGHT_ACTION_SLASH,26,include/constants/player.h,"slot: gMetaKnightActions[26] = MetaKnightActionSlash (src/data/game_tables.c; consumer CallTableEntry(p->action, 30, gMetaKnightActions) in Task_Player and PlayerStartRequestedAction (gMetaKnightmareMode))",155
META_KNIGHT_ACTION_DASH_SLASH,27,include/constants/player.h,"slot: gMetaKnightActions[27] = MetaKnightActionDashSlash (src/data/game_tables.c; consumer CallTableEntry(p->action, 30, gMetaKnightActions) in Task_Player and PlayerStartRequestedAction (gMetaKnightmareMode))",155
META_KNIGHT_ACTION_UPWARD_SLASH,28,include/constants/player.h,"slot: gMetaKnightActions[28] = MetaKnightActionUpwardSlash (src/data/game_tables.c; consumer CallTableEntry(p->action, 30, gMetaKnightActions) in Task_Player and PlayerStartRequestedAction (gMetaKnightmareMode))",155
META_KNIGHT_ACTION_DOWN_THRUST,29,include/constants/player.h,"slot: gMetaKnightActions[29] = MetaKnightActionDownThrust (src/data/game_tables.c; consumer CallTableEntry(p->action, 30, gMetaKnightActions) in Task_Player and PlayerStartRequestedAction (gMetaKnightmareMode))",155
META_KNIGHT_ACTION_HANDLER_STAND,1,include/constants/player.h,"slot: gMetaKnightActionHandlers[1] = PlayerActionStandUpdate (src/data/game_tables.c; consumer CallTableEntry(gCurTask->updateState, 27, gMetaKnightActionHandlers) in PlayerUpdate (gMetaKnightmareMode))",155
META_KNIGHT_ACTION_HANDLER_WALK,2,include/constants/player.h,"slot: gMetaKnightActionHandlers[2] = MetaKnightActionWalkUpdate (src/data/game_tables.c; consumer CallTableEntry(gCurTask->updateState, 27, gMetaKnightActionHandlers) in PlayerUpdate (gMetaKnightmareMode))",155
META_KNIGHT_ACTION_HANDLER_RUN,3,include/constants/player.h,"slot: gMetaKnightActionHandlers[3] = MetaKnightActionRunUpdate (src/data/game_tables.c; consumer CallTableEntry(gCurTask->updateState, 27, gMetaKnightActionHandlers) in PlayerUpdate (gMetaKnightmareMode))",155
META_KNIGHT_ACTION_HANDLER_SKID,4,include/constants/player.h,"slot: gMetaKnightActionHandlers[4] = PlayerActionSkidUpdate (src/data/game_tables.c; consumer CallTableEntry(gCurTask->updateState, 27, gMetaKnightActionHandlers) in PlayerUpdate (gMetaKnightmareMode))",155
META_KNIGHT_ACTION_HANDLER_5,5,include/constants/player.h,"slot: gMetaKnightActionHandlers[5] = MetaKnightActionJumpUpdate (src/data/game_tables.c; consumer CallTableEntry(gCurTask->updateState, 27, gMetaKnightActionHandlers) in PlayerUpdate (gMetaKnightmareMode))",155
META_KNIGHT_ACTION_HANDLER_6,6,include/constants/player.h,"slot: gMetaKnightActionHandlers[6] = MetaKnightActionJumpUpdate (src/data/game_tables.c; consumer CallTableEntry(gCurTask->updateState, 27, gMetaKnightActionHandlers) in PlayerUpdate (gMetaKnightmareMode))",155
META_KNIGHT_ACTION_HANDLER_FALL,7,include/constants/player.h,"slot: gMetaKnightActionHandlers[7] = MetaKnightActionFallUpdate (src/data/game_tables.c; consumer CallTableEntry(gCurTask->updateState, 27, gMetaKnightActionHandlers) in PlayerUpdate (gMetaKnightmareMode))",155
META_KNIGHT_ACTION_HANDLER_FLOAT,9,include/constants/player.h,"slot: gMetaKnightActionHandlers[9] = MetaKnightActionFloatUpdate (src/data/game_tables.c; consumer CallTableEntry(gCurTask->updateState, 27, gMetaKnightActionHandlers) in PlayerUpdate (gMetaKnightmareMode))",155
META_KNIGHT_ACTION_HANDLER_DUCK,10,include/constants/player.h,"slot: gMetaKnightActionHandlers[10] = PlayerActionDuckUpdate (src/data/game_tables.c; consumer CallTableEntry(gCurTask->updateState, 27, gMetaKnightActionHandlers) in PlayerUpdate (gMetaKnightmareMode))",155
META_KNIGHT_ACTION_HANDLER_SLIDE,11,include/constants/player.h,"slot: gMetaKnightActionHandlers[11] = MetaKnightActionSlideUpdate (src/data/game_tables.c; consumer CallTableEntry(gCurTask->updateState, 27, gMetaKnightActionHandlers) in PlayerUpdate (gMetaKnightmareMode))",155
META_KNIGHT_ACTION_HANDLER_LADDER,12,include/constants/player.h,"slot: gMetaKnightActionHandlers[12] = MetaKnightActionLadderUpdate (src/data/game_tables.c; consumer CallTableEntry(gCurTask->updateState, 27, gMetaKnightActionHandlers) in PlayerUpdate (gMetaKnightmareMode))",155
META_KNIGHT_ACTION_HANDLER_HURT,16,include/constants/player.h,"slot: gMetaKnightActionHandlers[16] = MetaKnightActionHurtUpdate (src/data/game_tables.c; consumer CallTableEntry(gCurTask->updateState, 27, gMetaKnightActionHandlers) in PlayerUpdate (gMetaKnightmareMode))",155
META_KNIGHT_ACTION_HANDLER_RECOIL,17,include/constants/player.h,"slot: gMetaKnightActionHandlers[17] = MetaKnightActionRecoilUpdate (src/data/game_tables.c; consumer CallTableEntry(gCurTask->updateState, 27, gMetaKnightActionHandlers) in PlayerUpdate (gMetaKnightmareMode))",155
META_KNIGHT_ACTION_HANDLER_EXIT_DOOR,19,include/constants/player.h,"slot: gMetaKnightActionHandlers[19] = PlayerActionExitDoorUpdate (src/data/game_tables.c; consumer CallTableEntry(gCurTask->updateState, 27, gMetaKnightActionHandlers) in PlayerUpdate (gMetaKnightmareMode))",155
META_KNIGHT_ACTION_HANDLER_SWIM,20,include/constants/player.h,"slot: gMetaKnightActionHandlers[20] = MetaKnightActionSwimUpdate (src/data/game_tables.c; consumer CallTableEntry(gCurTask->updateState, 27, gMetaKnightActionHandlers) in PlayerUpdate (gMetaKnightmareMode))",155
META_KNIGHT_ACTION_HANDLER_STAND_IN_WATER,21,include/constants/player.h,"slot: gMetaKnightActionHandlers[21] = PlayerActionStandInWaterUpdate (src/data/game_tables.c; consumer CallTableEntry(gCurTask->updateState, 27, gMetaKnightActionHandlers) in PlayerUpdate (gMetaKnightmareMode))",155
META_KNIGHT_ACTION_HANDLER_WALK_IN_WATER,22,include/constants/player.h,"slot: gMetaKnightActionHandlers[22] = PlayerActionWalkInWaterUpdate (src/data/game_tables.c; consumer CallTableEntry(gCurTask->updateState, 27, gMetaKnightActionHandlers) in PlayerUpdate (gMetaKnightmareMode))",155
META_KNIGHT_ACTION_HANDLER_SLASH,23,include/constants/player.h,"slot: gMetaKnightActionHandlers[23] = MetaKnightActionSlashUpdate (src/data/game_tables.c; consumer CallTableEntry(gCurTask->updateState, 27, gMetaKnightActionHandlers) in PlayerUpdate (gMetaKnightmareMode))",155
META_KNIGHT_ACTION_HANDLER_DASH_SLASH,24,include/constants/player.h,"slot: gMetaKnightActionHandlers[24] = MetaKnightActionDashSlashUpdate (src/data/game_tables.c; consumer CallTableEntry(gCurTask->updateState, 27, gMetaKnightActionHandlers) in PlayerUpdate (gMetaKnightmareMode))",155
META_KNIGHT_ACTION_HANDLER_UPWARD_SLASH,25,include/constants/player.h,"slot: gMetaKnightActionHandlers[25] = MetaKnightActionUpwardSlashUpdate (src/data/game_tables.c; consumer CallTableEntry(gCurTask->updateState, 27, gMetaKnightActionHandlers) in PlayerUpdate (gMetaKnightmareMode))",155
META_KNIGHT_ACTION_HANDLER_DOWN_THRUST,26,include/constants/player.h,"slot: gMetaKnightActionHandlers[26] = MetaKnightActionDownThrustUpdate (src/data/game_tables.c; consumer CallTableEntry(gCurTask->updateState, 27, gMetaKnightActionHandlers) in PlayerUpdate (gMetaKnightmareMode))",155
GAME_STATE_RESET,0,include/constants/game_states.h,"code: src/main.c:32 case 0 runs sub_0800b44c (src/mode_0b44c.c:50: player count 1, link master 0, gMetaKnightmareMode 0, input recorder off) then state 1; AgbMain enters it at power-on (main.c:28) and the final results return to it (main.c:141)",155
GAME_STATE_BOOT_LOGO,1,include/constants/game_states.h,code: src/main.c:36 case 1 runs BootLogoMain (unless gWarmBoot) then state 3; as gPrevGameState BootLogoMain stores 1 when the logo played to its end (src/boot_091ac.c:43) and TitleScreen skips its own fade-in on it (boot_091ac.c:243-264),155
GAME_STATE_TITLE,3,include/constants/game_states.h,"code: src/main.c:41 case 3 runs TitleMain then state 4 with gPrevGameState 3; as gPrevGameState MainMenuMain opens the file select on it (src/menu_0b920.c:55 case 3: gMenuScreen = 0, MenuDrawSaveSlots)",155
GAME_STATE_MAIN_MENU,4,include/constants/game_states.h,code: src/main.c:46 case 4 runs MainMenuMain (src/menu_0b920.c); ExtraModeTitleLinkErrorScreen and the cancel path return to it (src/mode_07b68.c:150/277); as gPrevGameState ExtraModeTitleMain lets player 1 pick the level only when it is 4 (mode_07b68.c:293),155
GAME_STATE_HUB,5,include/constants/game_states.h,"code: src/main.c:57 case 5 pumps HubMain while the state is 5 (src/mode_075b8.c:39; renames.csv HubMain: the level hub, gLevelIndex 8); STAGE_REQUEST_HUB leads here (mode_075b8.c:70-71, 207-208); the pause screen's Exit sets it (src/mode_08664.c:83/107)",155
GAME_STATE_STAGE_START,6,include/constants/game_states.h,"code: src/main.c:69 case 6 plays the pending cutscene (gPrevGameState 6, state 7) and then runs sub_0800b628 (reset tasks and players, src/mode_0b44c.c:125) and moves to state 8; STAGE_REQUEST_STAGE_START leads here (src/mode_075b8.c:62-63, 203-204): the hub's stage doors (EnterDoor case 0, src/level_242d0.c:613)",155
GAME_STATE_CUTSCENE,7,include/constants/game_states.h,"code: src/main.c:51 case 7 runs CutsceneMain when gCutscenePending is set, then returns to gPrevGameState (main.c:55); states 5 and 6 park here (main.c:60/72); Task_CutsceneDirector and CutsceneCheckSkip set state 5 when the cutscene ends (renames.csv)",155
GAME_STATE_STAGE,8,include/constants/game_states.h,"code: src/main.c:78 case 8 pumps StageMain while the state is 8 (src/mode_075b8.c:172), the level's stages; STAGE_REQUEST_CHANGE_ROOM leads here from the hub and the Big Switch view (mode_075b8.c:66-67, 146-147); ExitClearedStage tests it to return to the hub (src/level_242d0.c:816)",155
GAME_STATE_BIG_SWITCH_VIEW,9,include/constants/game_states.h,"code: src/main.c:83 case 9 pumps BigSwitchViewMain while the state is 9 (src/mode_075b8.c:126); STAGE_REQUEST_BIG_SWITCH_VIEW leads here (mode_075b8.c:214-215), raised only by PressBigSwitch (src/level_242d0.c:968)",155
GAME_STATE_GOAL_GAME,10,include/constants/game_states.h,"code: src/main.c:87 case 10 runs GoalGameMain (src/effect_5afac.c) when gMetaKnightmareMode is 0, then state 5; STAGE_REQUEST_GOAL_GAME leads here (src/mode_075b8.c:251-252), raised by the stage's end door (EnterDoor, src/level_242d0.c:782)",155
GAME_STATE_ENDING,11,include/constants/game_states.h,"code: src/main.c:133 case 11 runs EndingMain then state 12; STAGE_REQUEST_ENDING leads here (src/mode_075b8.c:247-248, src/mode_08664.c:194)",155
GAME_STATE_CREDITS,12,include/constants/game_states.h,"code: src/main.c:137 case 12 runs CreditsMain (unless gMetaKnightmareMode is 1 or gPrevGameState is 20) and FinalResultsScreen, then state 0; entered only from state 11 (main.c:135)",155
GAME_STATE_EXTRA_MODE_TITLE,13,include/constants/game_states.h,"code: src/main.c:94 case 13 runs ExtraModeTitleMain (src/mode_07b68.c: the extra modes' title card), which leaves to gUnk_02007FCC + 14 (mode_07b68.c:324); the hub sends a stage request 9-14 here first (src/mode_075b8.c:103), the menu's mode list too (src/menu_0ca10.c:139/252)",155
GAME_STATE_QUICK_DRAW,14,include/constants/game_states.h,"code: src/main.c:112 cases 14-16 run SubGameMain, which picks the game by gUnk_02007FCC = state - 14 (src/mode_07b68.c:324, src/subgame_b9d0c.c:430); gSubGameInitHooks[0] = QuickDrawInit (src/data/late_game_tables.c:155); the hub's request 9 (Quick Draw door, EnterDoor case 5) is state 9 + 5 (src/mode_075b8.c:99-107); the menu's cursor = gPrevGameState - 14 (src/menu_0b920.c:72)",155
GAME_STATE_BOMB_RALLY,15,include/constants/game_states.h,"code: src/main.c:113 SubGameMain with gUnk_02007FCC = 15 - 14 = 1; gSubGameInitHooks[1] = BombRallyInit (src/data/late_game_tables.c:156); the hub's request 10 (Bomb Rally door, EnterDoor case 3) + 5 (src/mode_075b8.c:99-107)",155
GAME_STATE_AIR_GRIND,16,include/constants/game_states.h,"code: src/main.c:114 SubGameMain with gUnk_02007FCC = 16 - 14 = 2; gSubGameInitHooks[2] = AirGrindInit (src/data/late_game_tables.c:157); the hub's request 11 (Air Grind door, EnterDoor case 4) + 5 (src/mode_075b8.c:99-107)",155
GAME_STATE_WARP_STAR_STATION,17,include/constants/game_states.h,"code: src/main.c:105 case 17 pumps StageMain; reached by request 12 + 5 from the hub's door kind 6 (EnterDoor: request = kind + 6, src/level_242d0.c:701; kind 6 = Task_WarpStarStationDoorSign, renames.csv) and by StageMain's request 12 (src/mode_075b8.c:259-260) from sub_08025f00 (src/level_242d0.c:1058)",155
GAME_STATE_MUSEUM,18,include/constants/game_states.h,"code: src/main.c:101 case 18 pumps StageMain; reached by request 13 + 5 from the hub's door kind 7 (EnterDoor, src/level_242d0.c:701; kind 7 = Task_MuseumDoorSign, renames.csv); ActorAwardScore gives no score in it (src/actor_63698.c:1221)",155
GAME_STATE_ARENA,19,include/constants/game_states.h,"code: src/main.c:97 case 19 pumps StageMain; reached by request 14 + 5 from the hub's door kind 8 (EnterDoor, src/level_242d0.c:701; kind 8 = Task_ArenaDoorSign, renames.csv); sub_08066798 spawns a Maxim Tomato only in it (src/actor_653ec.c:1238)",155
GAME_STATE_BOSS_ENDURANCE,20,include/constants/game_states.h,"code: src/main.c:117 case 20 gives every player 1 life and pumps BossEnduranceMain (src/mode_08664.c:144); the mode list's row 3 picks extra mode 6 = state 20 (src/menu_0ca10.c:147-149, mode_07b68.c:324); SaveBossEnduranceBestTime runs only in it (src/enemy_aa338.c:991); as gPrevGameState the game-over screen picks GameOverBossEnduranceScreen (src/gameover_cacf0.c:45)",155
GAME_STATE_META_KNIGHTMARE,21,include/constants/game_states.h,"code: src/main.c:128 case 21 runs ResetScoresAndMaxHealth (24 max health and the clock HUD when gMetaKnightmareMode, src/mode_0b44c.c:64), sets gCutscenePending and moves to state 5; the mode list's row 4 sets gMetaKnightmareMode 1 and extra mode 7 = state 21 (src/menu_0ca10.c:135-141, mode_07b68.c:324); as gPrevGameState the menu returns to row 4 (src/menu_0b920.c:63-76)",155
GAME_STATE_GAME_OVER,22,include/constants/game_states.h,"code: src/main.c:109 case 22 runs GameOverMain (src/gameover_cacf0.c, the game-over / continue screen); STAGE_REQUEST_LOST_LIFE leads here when no player has lives left (src/mode_075b8.c:233) and always in Boss Endurance (src/mode_08664.c:190-191)",155
STAGE_REQUEST_NONE,0,include/constants/game_states.h,"code: every frame loop's case 0 does nothing (src/mode_075b8.c:60, 142, 201; src/mode_08664.c:174); the setups clear it (src/mode_0b44c.c:189/230/261) and HubMain/StageMain clear it after the pause screen (mode_075b8.c:78, 224)",155
STAGE_REQUEST_HUB,1,include/constants/game_states.h,"code: HubMain and StageMain case 1: gGameState = 5, the hub (src/mode_075b8.c:70-71, 207-208); raised by the hub's level doors (EnterDoor case 1/2, src/level_242d0.c:631/662), the extra-mode rooms' exit (level_242d0.c:731), ExitClearedStage (level_242d0.c:839), the goal game's end (src/effect_5afac.c:702); the continue keeps state 5 on it (src/gameover_cacf0.c:60)",155
STAGE_REQUEST_STAGE_START,2,include/constants/game_states.h,"code: HubMain and StageMain case 2: gGameState = 6 (src/mode_075b8.c:62-63, 203-204); raised by the hub's stage doors (EnterDoor case 0: gLevelIndex = the hub's level, gStageIndex = the door's stage, src/level_242d0.c:613), ExitKingDededeStage (level_242d0.c:869) and the continue at level 7 (src/level_2296c.c:166)",155
STAGE_REQUEST_CHANGE_ROOM,3,include/constants/game_states.h,"code: StageMain case 3 ends its loop in the same state, so StageInit loads the new gRoomIndex (src/mode_075b8.c:211-212); HubMain and BigSwitchViewMain case 3: gGameState = 8 (mode_075b8.c:66-67, 146-147); every writer sets gRoomIndex first: EnterDoor's room doors (src/level_242d0.c:804), ExitToNextRoom (gRoomIndex++, :891), ExitToNextRoomOnWarpStar (:901), ReturnFromBigSwitchView (:977), sub_08025f00 (:1036), sub_0802610c (:1108)",155
STAGE_REQUEST_BIG_SWITCH_VIEW,4,include/constants/game_states.h,"code: StageMain case 4: gGameState = 9, BigSwitchViewMain (src/mode_075b8.c:214-215); raised only by PressBigSwitch (src/level_242d0.c:968)",155
STAGE_REQUEST_PAUSE,5,include/constants/game_states.h,"code: HubMain, StageMain and BossEnduranceMain case 5 run PauseScreen (src/mode_075b8.c:76-78, 218-226; src/mode_08664.c:186-188); raised only by CheckPauseButton on START (mode_075b8.c:32)",155
STAGE_REQUEST_LOST_LIFE,6,include/constants/game_states.h,"code: StageMain case 6 returns to the restart point or, with no lives left, goes to state 22 (src/mode_075b8.c:227-246); HubMain refills health or goes to state 1 (mode_075b8.c:80-89); BossEnduranceMain goes to state 22 (src/mode_08664.c:190-191); raised by PlayerActionDie (src/player_3919c.c:196) and sub_08042c50 (src/stage_413a4.c:1276)",155
STAGE_REQUEST_ENDING,7,include/constants/game_states.h,"code: StageMain and BossEnduranceMain case 7: gGameState = 11, EndingMain (src/mode_075b8.c:247-248, src/mode_08664.c:194-195); raised by ExitToEnding (src/level_242d0.c:922) and ExitKingDededeStage in Meta Knightmare (level_242d0.c:881)",155
STAGE_REQUEST_GOAL_GAME,8,include/constants/game_states.h,"code: StageMain case 8: gGameState = 10, GoalGameMain (src/mode_075b8.c:251-252); raised only by the stage's end door 0x22B8 outside Meta Knightmare (EnterDoor, src/level_242d0.c:782)",155
STAGE_REQUEST_QUICK_DRAW,9,include/constants/game_states.h,"code: HubMain case 9-14: extra mode request - 9, game state request + 5 (src/mode_075b8.c:93-109), so 9 is extra mode 0 = GAME_STATE_QUICK_DRAW; raised by the hub's door kind 5 (EnterDoor, src/level_242d0.c:694; kind 5 = CreateQuickDrawDoorSign, renames.csv)",155
STAGE_REQUEST_BOMB_RALLY,10,include/constants/game_states.h,"code: HubMain case 9-14 (src/mode_075b8.c:93-109): 10 is extra mode 1 = GAME_STATE_BOMB_RALLY; raised by the hub's door kind 3 (EnterDoor, src/level_242d0.c:674; kind 3 = CreateBombRallyDoorSign, renames.csv)",155
STAGE_REQUEST_AIR_GRIND,11,include/constants/game_states.h,"code: HubMain case 9-14 (src/mode_075b8.c:93-109): 11 is extra mode 2 = GAME_STATE_AIR_GRIND; raised by the hub's door kind 4 (EnterDoor, src/level_242d0.c:684; kind 4 = CreateAirGrindDoorSign, renames.csv)",155
STAGE_REQUEST_WARP_STAR_STATION,12,include/constants/game_states.h,"code: HubMain case 9-14 (src/mode_075b8.c:93-109): 12 is extra mode 3 = GAME_STATE_WARP_STAR_STATION; StageMain case 12: gGameState = 17 (mode_075b8.c:259-260); raised by the hub's door kind 6 (EnterDoor kind + 6, src/level_242d0.c:701) and sub_08025f00 (level_242d0.c:1058)",155
STAGE_REQUEST_MUSEUM,13,include/constants/game_states.h,"code: HubMain case 9-14 (src/mode_075b8.c:93-109): 13 is extra mode 4 = GAME_STATE_MUSEUM; raised by the hub's door kind 7 (EnterDoor kind + 6, src/level_242d0.c:701; kind 7 = Task_MuseumDoorSign, renames.csv)",155
STAGE_REQUEST_ARENA,14,include/constants/game_states.h,"code: HubMain case 9-14 (src/mode_075b8.c:93-109): 14 is extra mode 5 = GAME_STATE_ARENA; raised by the hub's door kind 8 (EnterDoor kind + 6, src/level_242d0.c:701; kind 8 = Task_ArenaDoorSign, renames.csv)",155
HIT_KIND_NONE,0,include/constants/hits.h,code: no hit: HitTestPlayerColliders clears gHitKind first (src/hitbox_1a8c8.c:148); ActorHitKindWithTerrainDamage takes the terrain damage only while Task.hitKind is 0 (src/actor_692fc.c:562); the player's hit handler sub_08033414 clears it after handling (src/player_32688.c:520),155
HIT_KIND_DEFEAT,1,include/constants/hits.h,"code: written when the health left is 0: CalcHitDamageAndDirection (gHitHealthLeft <= 0, src/hitbox_1b7dc.c:68) and HitTestPlayerColliders for a player (gPlayerHealth <= 0, src/hitbox_1a8c8.c:248); ActorReactToHitKind case 1 -> ActorReactToDefeat (src/actor_692fc.c:488); sub_08033414 case 1 -> gPlayerActions[17] PlayerActionDie (src/player_32688.c:500)",155
HIT_KIND_DAMAGE,2,include/constants/hits.h,"code: written when the hit leaves health above 0: HitTestPlayerColliders (src/hitbox_1a8c8.c:253 for the player, gHitKind = 2 + CalcHitDamageAndDirection for the actor, :228/:272/:288); ActorReactToHitKind case 2 -> ActorReactToDamage (src/actor_692fc.c:497); sub_08033414 case 2 -> gPlayerActions[16], the hurt action (src/player_32688.c:505)",155
HIT_KIND_INHALE,3,include/constants/hits.h,"code: written only by HitTestColliderClass20 for a body box of class-20 kind 1, with gHitEffect = 1 (src/hitbox_1b24c.c:231-233); the inhale box gUnk_0873BEC4 (byte 8 = 0x21) is the one PlayerActionInhaleUpdate registers (src/player_36c94.c:664/679); ActorReactToHitKind case 3 -> ActorAttachToHitter (src/actor_692fc.c:491), whose hit effect 1 is ActorAttachedSwallow (src/actor_6b2e4.c:466); CappyCappedUpdate drops the cap on it (src/enemy_7d3b0.c:968); CreateBlockStar(x, y, hitter, 3, 1) from PlayerActionInhaleUpdate (src/player_36c94.c:655)",155
HIT_KIND_GRAB,4,include/constants/hits.h,"code: written only by HitTestColliderClass20 for a body box of class-20 kind 2 or 3, with gHitEffect = 2/3 (src/hitbox_1b24c.c:237-240); ActorReactToHitKind case 4 -> ActorAttachToHitter (src/actor_692fc.c:494): effect 2 -> ActorAttachedPullIn, which hands over to ActorAttachedThrowHeld, effect 3 -> ActorAttachedBackdropHeld (src/actor_6b2e4.c:470-479; gActorAttachedStates, src/data/game_tables.c:676); CreateBlockStar(..., 4, 2/3) from PlayerActionThrowUpdate and PlayerActionBackdropUpdate (src/sub_0804e3a0.c:58, src/player_4dc08.c:167)",155
HIT_EFFECT_INHALE,1,include/constants/hits.h,"code: ActorAttachToHitter case 1 -> ActorSetState(0) = gActorAttachedStates[0] ActorAttachedSwallow (src/actor_6b2e4.c:466-469; src/data/game_tables.c:677); HIT_KIND_INHALE always carries it (src/hitbox_1b24c.c:231-233, k = 1); PlayerActionInhaleUpdate's block star is created already inhaled: CreateBlockStar(..., 3, 1) (src/player_36c94.c:655)",155
HIT_EFFECT_THROW,2,include/constants/hits.h,"code: ActorAttachToHitter case 2 -> ActorSetState(4) = ActorAttachedPullIn (src/actor_6b2e4.c:470-474), which ends in state 5 = ActorAttachedThrowHeld (src/actor_6c2a4.c:102; src/data/game_tables.c:682); written with HIT_KIND_GRAB for a class-20 kind-2 box (src/hitbox_1b24c.c:236-240); PlayerActionThrowUpdate's block star: CreateBlockStar(..., 4, 2) (src/sub_0804e3a0.c:58)",155
HIT_EFFECT_BACKDROP,3,include/constants/hits.h,"code: ActorAttachToHitter case 3 -> ActorSetState(1) = ActorAttachedBackdropHeld (src/actor_6b2e4.c:475-479; src/data/game_tables.c:678; renames.csv: held by PlayerActionBackdropHold); written with HIT_KIND_GRAB for a class-20 kind-3 box (src/hitbox_1b24c.c:236-240); PlayerActionBackdropUpdate's block star: CreateBlockStar(..., 4, 3) (src/player_4dc08.c:167)",155
ACTOR_KIND_ENEMY,0,include/constants/actors.h,code: CreateActorByKind case 0 -> gEnemyTaskTypes[sub] (src/actor_63698.c:1542-1544); ActorBindDefSlot case 0 -> gEnemyDefs (actor_63698.c:74-76); ActorLoadPalette case 0 -> gEnemyPaletteVariants (src/actor_653ec.c:553-556),155
ACTOR_KIND_MID_BOSS,1,include/constants/actors.h,"code: CreateActorByKind case 1 -> gMidBossTaskTypes (task types 49-58, Bonkers ... Meta Knights; src/actor_63698.c:1545-1548); ActorBindDefSlot -> gMidBossDefs (:77-80); ActorReactToDamage updates the HP bar only for kinds 1/2 (src/actor_692fc.c:709); sub_08069d78 plays sound 508 for kinds 1/2 (actor_692fc.c:651-653)",155
ACTOR_KIND_BOSS,2,include/constants/actors.h,code: CreateActorByKind case 2 -> gBossTaskTypes (src/actor_63698.c:1549-1551); ActorBindDefSlot case 2 -> gBossDefs and gBossSubtype (:81-84); the room object loader spawns the boss with it and binds the HP bar (src/hud_b5024.c:148-152),155
ACTOR_KIND_CHILD,4,include/constants/actors.h,"code: ActorBindDefSlot case 4 -> gChildActorDefs (the enemies' and bosses' projectiles and parts, src/actor_63698.c:85-87; src/data/actor_defs.c); stored only by sub_08064a78, the core of CreateActorFromDesc/...Here/...AtOffsetFacing, with the parent = the running task (actor_63698.c:1266)",155
ACTOR_KIND_OBJECT,5,include/constants/actors.h,"code: CreateActorByKind case 5 -> gUnk_0873F288 = task types 74-79 (Task_WarpStar, Task_Cannon, Task_CannonFuse, Task_BigSwitch, Task_Stake, Task_RoomParticles; ROM 0x0873F288; src/actor_63698.c:1552-1554); ActorBindDefSlot case 5 -> gUnk_0873EE70 = gWarpStarDef, gCannonDef, gCannonFuseDef, gBigSwitchDef, gStakeDef (src/data/actor_defs.c:130); the room object loader spawns room-list kind 5 with it (src/hud_b5024.c:200-203)",155
ACTOR_KIND_ITEM,6,include/constants/actors.h,"code: CreateActorByKind case 6 -> gUnk_0873F2A0 = task types 68-73 (Task_AbilityStar, Task_OneUp, Task_MaximTomato, Task_InvincibleCandy, Task_EnergyDrink, Task_StarRodPiece; ROM 0x0873F2A0; src/actor_63698.c:1555-1557); ActorBindDefSlot default -> gUnk_0873EE88 = gAbilityStarDef, gOneUpDef, gMaximTomatoDef, gInvincibleCandyDef, gEnergyDrinkDef (src/data/actor_defs.c:140); PickupCollect switches on these subtypes (src/actor_692fc.c:864)",155
ACTOR_KIND_BOSS_CHILD_TASK,7,include/constants/actors.h,"code: CreateChildTask gives a child of a kind-2 or kind-7 task kind 7 (src/actor_63698.c:1361-1366); the screen attack holds kinds 1/2/7/8 together with the bosses (src/effect_57ce0.c:182-189, src/effect_5a358.c:253); ActorDestroySlot skips the actor teardown for kinds 7-10 (src/actor_653ec.c:691)",155
ACTOR_KIND_MID_BOSS_CHILD_TASK,8,include/constants/actors.h,code: CreateChildTask gives a child of a kind-1 or kind-8 task kind 8 (src/actor_63698.c:1367-1370); the screen attack holds kinds 1/2/7/8 together (src/effect_57ce0.c:182-189); ActorDestroySlot skips the actor teardown for kinds 7-10 (src/actor_653ec.c:691),155
CAMERA_MODE_FOLLOW_FOCUS,0,include/constants/camera.h,code: RoomTaskUpdateCamera case 0 -> CameraFollowFocus (src/roomtask_23618.c:76-78); in the hub RoomTaskHubUpdateCamera case 0 -> HubCameraFollowFocus (src/level_23948.c:224-225); CameraStartFollowingPlayer stores it with one player (src/stage_273a0.c:262),155
CAMERA_MODE_FOLLOW_PLAYER,1,include/constants/camera.h,"code: CameraStartFollowingPlayer stores 1 with several players, gCameraFocusPlayer = the player (src/stage_273a0.c:265-267); RoomTaskHubUpdateCamera case 1 -> HubCameraFollowFocusPlayer (src/level_23948.c:234-235); RoomTaskUpdateCamera follows the focus as for 0 (src/roomtask_23618.c:77)",155
CAMERA_MODE_SLIDE_TO_LOCK,2,include/constants/camera.h,"code: RoomTaskUpdateCamera case 2 -> CameraSlideToScrollLock (src/roomtask_23618.c:80-81), which stores CAMERA_MODE_SCROLL_LOCKED when it arrives (src/camera_2b4bc.c:191/400); StartScrollLock stores it (src/camera_2c42c.c:524)",155
CAMERA_MODE_SCROLL_LOCKED,3,include/constants/camera.h,code: RoomTaskUpdateCamera case 3 -> CameraFollowScrollLocked (src/roomtask_23618.c:83-84); CameraLeaveScrollLock acts only in it (src/camera_2d01c.c:141); WhispyWoodsCheckScrollLock and its twins return 1 on it (src/stage_261c0.c:371-385),155
CAMERA_MODE_SLIDE_FROM_LOCK,4,include/constants/camera.h,"code: RoomTaskUpdateCamera case 4 -> CameraSlideFromScrollLock (src/roomtask_23618.c:86-87), which returns to CAMERA_MODE_FOLLOW_FOCUS (src/camera_2b4bc.c:553/625); CameraLeaveScrollLock stores it when an axis was locked (src/camera_2d01c.c:148)",155
CAMERA_MODE_HOLD_ANCHOR,5,include/constants/camera.h,"code: RoomTaskUpdateCamera case 5 -> CameraHoldAnchor (src/roomtask_23618.c:89-90); CameraStartHoldAnchor and CameraStartHoldAnchorAt store 5 outside the hub (4 in the hub) after setting gCameraAnchorX/Y (src/camera_2d01c.c:155-163, src/stage_273a0.c:226-234)",155
ROOM_ENTRY_NORMAL,0,include/constants/rooms.h,"code: Task_Player's case 0/default starts PLAYER_ACTION_STAND, FALL, STAND_IN_WATER or SWIM by the terrain (or UFO) with no entry animation (src/player_32688.c:177-198); written by the stage's room doors and room exits (EnterDoor, ExitToNextRoom, ExitKingDededeStage, src/level_242d0.c)",155
ROOM_ENTRY_DOOR,1,include/constants/rooms.h,"code: Task_Player's case 1 starts PLAYER_ACTION_EXIT_DOOR with the pause disabled (src/player_32688.c:173-176); SpawnDoorObjects looks up the door at the entry point for it (src/room_28320.c:39); written by the hub doors, the stage-end door and ExitClearedStage (src/level_242d0.c)",155
ROOM_ENTRY_WARP_STAR,2,include/constants/rooms.h,"code: Task_Player's case 2 spawns the flying warp star (CreateFlyingWarpStar) and starts PlayerWarpStarRideInit (src/player_32688.c:157-164); the room loaders pick CAMERA_MODE_HOLD_ANCHOR for it (src/level_242d0.c:341, src/level_2296c.c:268); written by ExitOnWarpStar and ExitToNextRoomOnWarpStar (src/level_242d0.c:1061, :904)",155
ROOM_ENTRY_CANNON,3,include/constants/rooms.h,code: Task_Player's case 3 starts PlayerCannonInit with the pause disabled (src/player_32688.c:165-171); written only by ExitByCannon (src/level_242d0.c:1109),155
ROOM_ENTRY_BIG_SWITCH,4,include/constants/rooms.h,"code: SpawnDoorObjects looks up the entry door as for ROOM_ENTRY_DOOR and shows the cleared stage's door sign and flag at it (src/room_28320.c:39, :104-108); written only by PressBigSwitch, which sends the player to the hub for the Big Switch view (src/level_242d0.c:961)",155
SE_JUMP,100,include/constants/sound.h,"code: every caller plays it as the jump starts: PlayerActionJump and PlayerActionReleaseJump (src/player_343c0.c:323, :424), PlayerActionStarRodJump (src/player_4f948.c:133) after PlayerSetMotionYPreset(0), and CutsceneFountainKirby's three hops, each followed by an upward velocity (src/player_17668.c:337, :355, :387)",155
SE_CURSOR_MOVE,101,include/constants/sound.h,"code: every caller plays it when a choice cursor moves on an Up/Down/Left/Right press: the file, mode, player-count and erase menus (src/menu_0c09c.c:82-413, src/menu_0ca10.c), the game-over choice (GameOverIsUpDownPressed, src/gameover_cacf0.c:209), the extra modes' level select (src/mode_07b68.c:296/299), the Air Grind results cursors (src/subgame_c243c.c:259-300); and each step of PlayerActionGetAbility's ability roulette (src/player_47fe8.c:107)",155
SE_CONFIRM,102,include/constants/sound.h,"code: every caller plays it on an A/START choice (keys & 9; START alone at src/results_c6420.c:92): the menus (src/menu_0c09c.c, src/menu_0ca10.c:134/248), the game-over screens (src/gameover_cacf0.c:221, src/gameover_cbed4.c:111), the link error and extra-mode title screens (src/gfx_08b8c.c:46, src/mode_07b68.c:138/306), the final results (src/results_c6420.c:92/151/184), the Air Grind results (src/subgame_c243c.c:228-307)",155
SE_CANCEL,215,include/constants/sound.h,"code: every caller plays it on a B press (keys & 2) that backs out: the menus (src/menu_0c09c.c:74-331, src/menu_0ca10.c:162/260, the sound test src/menu_0d450.c:66/142), the link error and extra-mode title screens (src/gfx_08b8c.c:50, src/mode_07b68.c:142/274), the pause screen (src/mode_08664.c:89/113), the Air Grind results (src/subgame_c243c.c:312)",155
SE_ENTER_DOOR,181,include/constants/sound.h,"code: its two callers are the enter-door actions PlayerActionEnterDoor and MetaKnightActionEnterDoor, after CreateEntryDoorOpening and only outside the hub (src/player_3919c.c:364, src/stage_413a4.c:1325)",155
SE_META_KNIGHT_JUMP,264,include/constants/sound.h,"code: its two callers are MetaKnightActionJump and MetaKnightActionReleaseJump, after PlayerSetMotionYPreset(4) (src/stage_413a4.c:347, :443)",155
SE_FIRE_ATTACK,128,include/constants/sound.h,"code: played only by PlayerActionFire, PlayerStartSfx as the fire attack starts (src/stage_43654.c:733); no other call site plays it (wip/C/sfx2.py)",155
SE_SPARK_ATTACK,136,include/constants/sound.h,"code: played only by PlayerActionSpark, PlayerStartSfx with the attack's two spark effects (src/stage_43654.c:819); no other call site plays it (wip/C/sfx2.py)",155
SE_BURNING_ATTACK,137,include/constants/sound.h,"code: played only by PlayerActionBurning, PlayerStartSfx when the dash starts (variant 1) (src/player_455c8.c:70); no other call site plays it (wip/C/sfx2.py)",155
SE_NEEDLE_ATTACK,138,include/constants/sound.h,"code: played only by PlayerActionNeedle, 8 frames into the attack (src/player_474e8.c:294); no other call site plays it (wip/C/sfx2.py)",155
SE_ICE_ATTACK,140,include/constants/sound.h,"code: played only by PlayerActionIce, PlayerStartSfx as the ice breath starts (src/player_49b48.c:65); no other call site plays it (wip/C/sfx2.py)",155
SE_FREEZE_ATTACK,141,include/constants/sound.h,"code: played only by PlayerActionFreeze, PlayerStartSfx with the barrier's effects (src/player_49b48.c:147); no other call site plays it (wip/C/sfx2.py)",155
SE_CUTTER_ATTACK,144,include/constants/sound.h,"code: played only by PlayerActionCutter, as it creates the cutter blade object (src/player_449c8.c:122); no other call site plays it (wip/C/sfx2.py)",155
SE_TORNADO_ATTACK,150,include/constants/sound.h,"code: played only by PlayerActionTornado, as the tornado starts (variant 0) (src/player_4ab70.c:53); no other call site plays it (wip/C/sfx2.py)",155
SE_PARASOL_ATTACK,151,include/constants/sound.h,"code: played only by PlayerActionParasol, as the parasol attack starts moving (src/player_474e8.c:54); no other call site plays it (wip/C/sfx2.py)",155
SE_STONE_ATTACK,152,include/constants/sound.h,"code: played only by PlayerActionStone, as the stone action starts (variant 0) (src/player_4a54c.c:102); no other call site plays it (wip/C/sfx2.py)",155
SE_STONE_LAND,143,include/constants/sound.h,"code: played only by PlayerActionStoneUpdate, when the stone lands (onGround with velY, landing effect 27) (src/player_4a54c.c:196); no other call site plays it (wip/C/sfx2.py)",155
SE_LASER_ATTACK,172,include/constants/sound.h,"code: played only by PlayerActionLaser, as it creates the laser beam object (src/player_455c8.c:261); no other call site plays it (wip/C/sfx2.py)",155
SE_HI_JUMP_ATTACK,174,include/constants/sound.h,"code: played only by PlayerActionHiJump, PlayerStartSfx as the hi-jump launches (src/player_49f98.c:62); no other call site plays it (wip/C/sfx2.py)",155
SE_THROW_GRAB,201,include/constants/sound.h,"code: played only by PlayerActionThrow, when the grab holds an enemy (heldCount != 0) (src/player_4dc08.c:307); no other call site plays it (wip/C/sfx2.py)",155
SE_CRASH_ATTACK,248,include/constants/sound.h,"code: played only by PlayerActionCrash, with the screen shake of the explosion (src/player_4ab70.c:199); no other call site plays it (wip/C/sfx2.py)",155
SE_CUTTER_HIT,145,include/constants/sound.h,"code: played only by ActorPlayHitSfx's case ABILITY_CUTTER, the struck actor's sound for a player attack of that ability (src/actor_692fc.c:596)",155
SE_SWORD_HIT,146,include/constants/sound.h,code: played only by ActorPlayHitSfx's case ABILITY_SWORD (src/actor_692fc.c:599),155
SE_HAMMER_HIT,132,include/constants/sound.h,code: played only by ActorPlayHitSfx's case ABILITY_HAMMER (src/actor_692fc.c:602),155
SE_NEEDLE_HIT,139,include/constants/sound.h,code: played only by ActorPlayHitSfx's case ABILITY_NEEDLE (src/actor_692fc.c:605),155
SE_ICE_HIT,142,include/constants/sound.h,code: played only by ActorPlayHitSfx's case ABILITY_ICE / ABILITY_FREEZE (src/actor_692fc.c:607-609),155
