old,new,prefix_header,deviation,evidence
early_08e8,main_fade,main.h 1/1,,"one family: the palette fade engine (BeginFade starts a fade, UpdateFade steps it); defines 2 functions, 1276 code bytes, in ROM order: BeginFade, UpdateFade"
early_0de4,main_end_frame,main.h 1/1,,"one function: EndFrame, the per-frame driver and VBlank wait; defines 1 functions, 744 code bytes, in ROM order: EndFrame"
early_10cc,main_vblank_intr,main.h 1/1,,"one function: VBlankIntr, the VBlank interrupt handler; defines 1 functions, 224 code bytes, in ROM order: VBlankIntr"
early_11ac,main_frame_io,main.h 8/8,,"shared theme: the per-frame hardware I/O (FlushDisplayRegs 43%, ReadKeys 19%, the OAM/palette copy and the copy-queue pump, the HBlank/VCount interrupt installers); defines 8 functions, 876 code bytes, in ROM order: CopyOamAndPalette, ReadKeys, FlushDisplayRegs, ProcessCopyQueue, SetHBlankIntr, ClearHBlankIntr, SetVCountIntr, ClearVCountIntr"
early_1518,main_copy_queue,main.h 7/7,,"one family: the VBlank copy queue (RequestCopyList and RequestCopy, 77%; ProcessCopyQueue in main_frame_io drains it); also the sprite queue (QueueSprite, ResetSpriteQueue) and the forced-blank helpers; defines 9 functions, 1520 code bytes, in ROM order: IntrDummy, EnableForcedBlank, DisableForcedBlank, RequestCopyList, RequestCopy, ResetOamShadow, ResetSpriteQueue, RunBuildOamInIwram, QueueSprite"
early_1b08,main_build_oam,main.h 1/1,,"one function: BuildOam, the OAM shadow builder; defines 1 functions, 448 code bytes, in ROM order: BuildOam"
early_1cc8,main_affine_sprite,none 0/0,"no header declares DrawAffineSprite (its callers keep per-file prototypes, lessons 3.428/3.517); main_ as its neighbours main_build_oam and main_fade_requests (the sprite pipeline of main.h)","one function: DrawAffineSprite, the affine OBJ emitter; defines 1 functions, 776 code bytes, in ROM order: DrawAffineSprite"
early_1fd0,main_fade_requests,main.h 17/17,,"dominant family: the fade requests (BeginFadeInFromWhite..BeginFadeOutToBlack and ResetFadeAndBlend, 61%); also the warm-boot check, RunFrame and the link key-exchange requests; defines 18 functions, 936 code bytes, in ROM order: ResetBgScroll, ResetFadeAndBlend, BeginFadeInFromWhite, BeginFadeInFromBlack, BeginFastFadeInFromWhite, BeginFadeOutToWhite, BeginFastFadeOutToWhite, BeginFadeOutToBlack, CheckWarmBoot, ClearWarmBoot (+8 more)"
early_2378,link_sync_random,link.h 1/1,,"one function: LinkSyncRandom; defines 1 functions, 752 code bytes, in ROM order: LinkSyncRandom"
early_2668,link_sync_clock,link.h 1/1,,"one function: LinkSyncClock; defines 1 functions, 724 code bytes, in ROM order: LinkSyncClock"
early_293c,link_disconnect,link.h 1/1,,"one function: DisconnectLink; defines 1 functions, 456 code bytes, in ROM order: DisconnectLink"
early_2b04,link_run_frames,link.h 14/14,,"dominant family: the frame runners (FillSendCmd, UpdatePlayerKeys, RunLinkFrame, RunFrames* and RunLinkFrames*, 53%); also the RNG (Random), IntToDigits and BlendColors; defines 17 functions, 1548 code bytes, in ROM order: FillSendCmd, UpdatePlayerKeys, RunLinkFrame, RunFrames, RunFramesNoTasks, RunLinkFrames, RunFramesUntilFadeDone, RunFramesNoTasksUntilFadeDone, RunLinkFramesUntilFadeDone, ApplyBgLayout (+7 more)"
early_3110,sound_bgm,sound.h 3/3,,"one family: the BGM front end (PlayBgm, ResetBgmPlayer, GetCurrentBgm); defines 3 functions, 168 code bytes, in ROM order: PlayBgm, ResetBgmPlayer, GetCurrentBgm"
early_31b8,sound_play_sfx,none 0/0,"no header declares PlaySfx (per-file prototypes, lessons 3.428/3.517); sound_ as its neighbours sound_bgm and sound_control (sound.h)","one function: PlaySfx, the sound-effect front end; defines 1 functions, 716 code bytes, in ROM order: PlaySfx"
early_3484,sound_control,sound.h 16/16,,"shared theme: the sound controls (Stop*, Pause/ResumeAllSound, the BGM/SE volume and fades, Disable/EnableSoundDriver); defines 16 functions, 1028 code bytes, in ROM order: StopAllSound, PauseAllSound, ResumeAllSound, StopBgm, StopSfxOnPlayer, StopSfx, StopOtherSfx, StopAllSfx, PlayBgmFadeIn, FadeOutBgm (+6 more)"
early_3888,link_setup_init,link.h 1/1,,"one function: LinkSetupInit; defines 1 functions, 220 code bytes, in ROM order: LinkSetupInit"
early_3964,link_setup,link.h 7/7,,"one family: the link setup (LinkSetupStop, RequestStart, Detect, MultiCart, MultiBoot, 90%; MultiBootSetParams/InitWithParams feed it); defines 7 functions, 1692 code bytes, in ROM order: LinkSetupStop, MultiBootSetParams, MultiBootInitWithParams, LinkSetupRequestStart, LinkSetupDetect, LinkSetupMultiCart, LinkSetupMultiBoot"
early_4000,link_setup_intr_block,link.h 9/9,,"two families in ROM order: the link setup's main and interrupt (LinkSetupMain, LinkSetupIntr, 42%) and the link block transfer (LinkBlockAnnounce, HandshakeStep, Start, ParentIntr, ChildIntr, 51%); defines 9 functions, 1844 code bytes, in ROM order: LinkSetupMain, LinkSetupIntr, LinkBroadcastWordStep, LinkBlockAnnounce, LinkBlockHandshakeStep, LinkBlockStart, LinkBlockParentIntr, LinkBlockChildIntr, IsLinkBlockDone"
early_4734,link_block_main,link.h 2/2,,"one family: LinkBlockMain (95%; the SDK's MultiBootInit, 28 bytes, follows); defines 2 functions, 592 code bytes, in ROM order: LinkBlockMain, MultiBootInit"
early_4984,link_multiboot_main,link.h 1/1,,"one function: MultiBootMain (the SDK MultiBoot library); defines 1 functions, 1000 code bytes, in ROM order: MultiBootMain"
early_4d6c,link_multiboot,link.h 6/6,,"one family: the SDK MultiBoot library's helpers (MultiBootSend, StartProbe, StartMaster, CheckComplete, HandShake, WaitCycles, WaitSendDone); defines 7 functions, 640 code bytes, in ROM order: MultiBootSend, MultiBootStartProbe, MultiBootStartMaster, MultiBootCheckComplete, MultiBootHandShake, MultiBootWaitCycles, MultiBootWaitSendDone"
early_4fec,task_init,task.h 1/1,,"one function: InitTasks; defines 1 functions, 572 code bytes, in ROM order: InitTasks"
early_5228,task_run,task.h 1/1,,"one function: RunTasks; defines 1 functions, 904 code bytes, in ROM order: RunTasks"
early_55b0,task_skip_mask,task.h 3/3,,"one family: the task skip masks (TaskSetSkipMask, TaskSetOthersSkipMask, TaskSetAllSkipMask); defines 3 functions, 164 code bytes, in ROM order: TaskSetSkipMask, TaskSetOthersSkipMask, TaskSetAllSkipMask"
early_5654,task,task.h 2/2,,"the task engine's core, the only file that qualifies for task.c: TaskCreate and TaskFree; defines 2 functions, 656 code bytes, in ROM order: TaskFree, TaskCreate"
early_58e4,task_move,task.h 8/8,,"one family: task motion (TaskMove, TaskIntegrateMotion, TaskClampVelocity, TaskMoveRelativeToParent/Bg3, TaskUpdatePixelPos) and the TaskCreate variants TaskCreateFrom/TaskCreateInRange; defines 8 functions, 488 code bytes, in ROM order: TaskCreateFrom, TaskCreateInRange, TaskClampVelocity, TaskIntegrateMotion, TaskMove, TaskMoveRelativeToParent, TaskUpdatePixelPos, TaskMoveRelativeToBg3"
early_5acc,task_frame_tiles,task.h 2/2,,"one family: a task's frame tiles (TaskLoadFrameTiles, TaskLoadFrameTilesAndPalette, TaskIsOnScreen); defines 3 functions, 384 code bytes, in ROM order: TaskIsOnScreen, TaskLoadFrameTilesAndPalette, TaskLoadFrameTiles"
early_5c4c,task_draw_screen,task.h 2/2,,"one family: TaskDrawScreen (TaskDrawScreen, TaskDrawScreenOrFree, TaskIsInView); defines 3 functions, 336 code bytes, in ROM order: TaskIsInView, TaskDrawScreen, TaskDrawScreenOrFree"
early_5d9c,task_draw_world,main.h 22/22,"main.h declares it, but every function is the task API (TaskDrawWorld*, TaskSleepForever, TaskSetEntry, TaskSetMotion*, TaskStop*, TaskSetFrame*, TaskStepForward), task.h's subject","dominant family: TaskDrawWorld (the six TaskDrawWorld* draws, 46%); also the task API setters TaskSetMotion*, TaskStop*, TaskSetFrame*, TaskSleepForever; defines 26 functions, 1736 code bytes, in ROM order: TaskDrawWorld, TaskDrawWorldOrFree, TaskDrawWorldInView, TaskDrawWorldInViewOrFree, TaskDrawWorldLoadTiles, TaskDrawWorldTilesLoaded, sub_080060c0, TaskSleepForever, TaskSetEntry, TaskSetFrameByFacing (+16 more)"
early_6464,link_driver,link.h 10/10,,"dominant family: the SIO link driver (InitLinkDriver, EnableSerial, DisableSerial, ResetSerial, LinkMain1, CheckMasterOrSlave, InitTimer: pokeruby link.c's names, 66%); also IsInView, RandomSpread and the task skip-mask stack; defines 13 functions, 1636 code bytes, in ROM order: IsInView, RandomSpread, RandomSpreadFacing, TaskFreezeOrThawOthers, TaskRestoreSkipMask, TaskSaveSkipMask, InitLinkDriver, EnableSerial, DisableSerial, ResetSerial (+3 more)"
early_6ac8,link_cmd_queue,link.h 2/2,,"one family: the link command queues (EnqueueSendCmd, DequeueRecvCmds); defines 2 functions, 524 code bytes, in ROM order: EnqueueSendCmd, DequeueRecvCmds"
early_6cd4,link_vsync,link.h 1/1,,"one function: LinkVSync; defines 1 functions, 68 code bytes, in ROM order: LinkVSync"
early_6d18,link_timer3_intr,link.h 1/1,,"one function: Timer3Intr; defines 1 functions, 16 code bytes, in ROM order: Timer3Intr"
early_6d28,link_serial_cb,link.h 1/1,,"one function: SerialCB; defines 1 functions, 356 code bytes, in ROM order: SerialCB"
early_6e8c,link_start_transfer,link.h 1/1,,"one function: StartTransfer; defines 1 functions, 16 code bytes, in ROM order: StartTransfer"
early_6e9c,link_do_recv,link.h 1/1,,"one function: DoRecv; defines 1 functions, 360 code bytes, in ROM order: DoRecv"
early_7004,link_send_connect,link.h 7/7,,"two families in ROM order: the send/receive buffers (DoSend, StopTimer, SendRecvDone, ResetSendBuffer, ResetRecvBuffer, 62%) and ConnectLink/IsLinkError (38%); defines 7 functions, 764 code bytes, in ROM order: DoSend, StopTimer, SendRecvDone, ResetSendBuffer, ResetRecvBuffer, ConnectLink, IsLinkError"
mode_075b8,mode_hub_stage,mode.h 4/4,,"two families in ROM order: the hub's and the stage's game-state bodies (HubMain with BigSwitchViewMain, 52%; StageMain, 40%; CheckPauseButton); defines 4 functions, 1456 code bytes, in ROM order: CheckPauseButton, HubMain, BigSwitchViewMain, StageMain"
mode_07b68,mode_extra_mode_title,mode.h 5/5,,"one family: the extra modes' title screen (ExtraModeTitleMain, LinkErrorScreen, SendModeData, LoadMultiBootImage, 87%; SendLinkBlockAndVerify); defines 5 functions, 1896 code bytes, in ROM order: SendLinkBlockAndVerify, ExtraModeTitleSendModeData, ExtraModeTitleLinkErrorScreen, ExtraModeTitleLoadMultiBootImage, ExtraModeTitleMain"
mode_082d0,mode_extra_mode_title_sprites,mode.h 7/7,,"one family: the extra-mode title's sprite tasks (Task_ExtraModeTitleSprite, ExtraModeTitleTransferIcon, ExtraModeTitleLevelBar); defines 7 functions, 916 code bytes, in ROM order: CreateExtraModeTitleSprites, Task_ExtraModeTitleSprite, ExtraModeTitleTransferIcon, ExtraModeTitleLevelBar (+3 more)"
mode_08664,mode_pause_boss_endurance,mode.h 3/3,,"two families in ROM order: the pause screen (PauseScreen, PauseScreenLoadChoicePalette, 70%) and BossEnduranceMain (30%); defines 3 functions, 1320 code bytes, in ROM order: PauseScreen, PauseScreenLoadChoicePalette, BossEnduranceMain"
gfx_08b8c,mode_gfx_loaders,mode.h 13/13,,"shared theme: the screen loaders (LoadBgLayout, LoadGfxSet, CutsceneLoadBgGraphics, ExtraModeTitleLoadPicture, HudLoadLevelName, PauseScreenLoadGraphics, LinkErrorScreen ...); defines 13 functions, 1568 code bytes, in ROM order: LinkErrorScreen, LoadBgLayout, LoadGfxSet, LoadMetaKnightmareOneUpTiles, sub_08008cb8, SubGameLoadObjTiles, CutsceneLoadBgGraphics, ExtraModeTitleLoadPicture, HudLoadLevelName, HudClearAbilityPicture (+3 more)"
boot_091ac,mode_boot_sequence,mode.h 13/13,,"shared theme: the boot sequence (the boot logo: BootLogoMain, PlayBootLogo, Task_BootLogo; the title screen: TitleMain, TitleScreen, Task_TitlePalette, Task_TitleSprites; the intro story: IntroStory); defines 13 functions, 2128 code bytes, in ROM order: BootLogoMain, PlayBootLogo, BootLogoWait, sub_080093cc, Task_BootLogo, Task_TitlePalette, Task_TitleSprites, TitleSpritesCreateLetters, TitleSpritesLetter, TitleMain (+3 more)"
hud_099fc,hud_init_counters,hud.h 16/16,,"two families: the HUD's set-up (HudInit, HudRedraw, HudReset, HudShow*, 56%) and the player counters it shows (AddPlayerLives, AddPlayerHealth, AddPlayerScore, SetPlayerAbility and their NoHud forms, 33%); defines 17 functions, 1844 code bytes, in ROM order: Task_IntroStoryPicture, HudShowScore, HudShowClock, HudReset, HudInit, HudRedraw, HudDeactivateAbilityPanel, HudActivateAbilityPanel, HudClearDeadPlayer, AddPlayerLives (+7 more)"
hud_0a130,hud_hp_bars,hud.h 17/17,,"dominant family: the HP bars (HudStartHpBar, HudStartTaskHpBar, HudRemoveHpBar, HudUpdateHpBars, HudAnimateHpBar ..., 68%); also the ability panel and HudUpdate; defines 19 functions, 2464 code bytes, in ROM order: HudShowAbility, sub_0800a178, HudOpenAbilityPanel, HudCloseAbilityPanel, HudShowHpBar, HudStartHpBar, HudStartTaskHpBar, HudAnimateTaskHpBar, HudSetTaskHpBar, HudRemoveHpBar (+9 more)"
hud_0aad0,hud_draw,hud.h 14/14,,"one family: the HUD draws (HudDrawLevelName, HudDrawLives, HudDrawHealth, HudDrawScore, HudDrawClock, HudDrawHpBar ...); defines 14 functions, 2120 code bytes, in ROM order: HudUpdateClock, HudRedrawClock, HudDrawLevelName, HudDrawPlayerIcon, HudDrawLives, HudDrawHealth, HudDrawHealthChange, HudDrawScore, HudDrawClock, HudDrawAbilityPanel (+4 more)"
hud_0b318,hud_tilemap,hud.h 5/5,,"one family: the HUD tilemap (HudDrawTiles, HudClearTiles, HudClearWholeTilemap, HudClearTilemap, HudFlushTilemap, HudLoadGfx); defines 6 functions, 308 code bytes, in ROM order: HudDrawTiles, HudClearTiles, HudClearWholeTilemap, HudClearTilemap, HudFlushTilemap, HudLoadGfx"
mode_0b44c,mode_hub_stage_init,mode.h 8/8,,"shared theme: the game-state set-ups of the hub and the stage (StageInit, HubInit, BigSwitchViewInit and the session/score/player resets they run); defines 8 functions, 1236 code bytes, in ROM order: ResetGameSession, ResetScoresAndMaxHealth, ResetPlayerRecords, HubResetPlayers, ResetTasksAndPlayers, StageInit, HubInit, BigSwitchViewInit"
menu_0b920,menu_main_save_slots,menu.h 6/6,,"two families in ROM order: MainMenuMain (the main menu's game state, 51%) and the save-slot draws (MenuDrawSaveSlots, MenuLoadSaveSlotLabel/Picture/Palette/Percent, 49%); defines 6 functions, 1916 code bytes, in ROM order: MainMenuMain, MenuDrawSaveSlots, MenuLoadSaveSlotLabel, MenuLoadSaveSlotPicture, MenuLoadSaveSlotPalette, MenuLoadSaveSlotPercent"
menu_0c09c,menu_file_select,menu.h 6/6,,"one family: the file select and file menu screens (MenuFileSelect, MenuSetupFileMenu, MenuFileMenuSelect, MenuNormalExtraSelect, MenuPlayerCountSelect, MenuEraseSelect); defines 6 functions, 2420 code bytes, in ROM order: MenuFileSelect, MenuSetupFileMenu, MenuFileMenuSelect, MenuNormalExtraSelect, MenuPlayerCountSelect, MenuEraseSelect"
menu_0ca10,menu_mode_list,menu.h 9/9,,"dominant family: the mode list (MenuEnterModeList, MenuDrawModeList, MenuModeListSelect, MenuModePlayerCountSelect, 72%); also MenuEnterLinkPlay and the sound test's helpers; defines 9 functions, 2624 code bytes, in ROM order: MenuEnterModeList, MenuDrawModeList, MenuModeListSelect, MenuEnterLinkPlay, MenuModePlayerCountSelect, MenuEnterSoundTest, SoundTestHighlightCursor, SoundTestDrawNumber, SoundTestPlaySfx"
menu_0d450,menu_sound_test_link_play,menu.h 5/5,,"two families in ROM order: MenuSoundTest (61%) and MenuLinkPlay with MenuSetLinkSessionMode (32%); defines 5 functions, 1704 code bytes, in ROM order: MenuSoundTest, MenuLinkPlay, MenuSetLinkSessionMode, sub_0800da74, CreateFileSelectSprites"
menutask_0daf8,menu_file_select_tasks,menu.h 12/12,,"one family: the file select's and file menu's tasks (Task_FileSelectSlotLabel, Task_FileSelectSlot, Task_FileSelectCursor, Task_FileMenuSlot, Task_FileMenuHighlight); defines 12 functions, 2076 code bytes, in ROM order: Task_FileSelectSlotLabel, Task_FileSelectSlot, FileSelectSlotSlideIn, Task_FileSelectCursor, Task_FileMenuSlot, Task_FileMenuHighlight, MenuUpdateFileMenuPalette, MenuLoadPicture (+4 more)"
menutask_0e314,menu_panel_tasks,menu.h 10/10,,"shared theme: the menu's panel and cursor tasks (Task_NormalExtraPanel, Task_PlayerCountPanel, Task_ModeListCursor, Task_ModePlayerCountPanel, Task_EraseConfirmDialog); defines 10 functions, 1784 code bytes, in ROM order: Task_NormalExtraPanel, Task_PlayerCountPanel, Task_ModeListCursor, ModeListHighlightRow, Task_ModePlayerCountPanel, Task_EraseConfirmDialog (+4 more)"
menutask_0ea0c,menu_sound_test_tasks,menu.h 8/8,,"dominant of three families: the sound test's tasks (Task_SoundTestCursors, Task_SoundTestPulse, 37%); also Task_EraseFileWipe (21%) and the link-play palette tasks (31%); defines 8 functions, 1908 code bytes, in ROM order: Task_EraseFileWipe, EraseFileWipeDraw, Task_SoundTestCursors, Task_SoundTestPulse, Task_LinkPlayPalettePulse, Task_LinkPlayColorCycle (+2 more)"
menutask_0f180,menu_link_play_tasks,menu.h 10/10,,"dominant family: the link-play screen's tasks (Task_LinkPlayPlayerList, Task_LinkPlayConsole, Task_LinkPlayCable, 55%); also Task_MenuScreenTitle, Task_MenuBgPaletteCycle, Task_MenuBackground; defines 10 functions, 2876 code bytes, in ROM order: Task_LinkPlayPlayerList, Task_LinkPlayConsole, Task_LinkPlayCable, Task_MenuScreenTitle, Task_MenuBgPaletteCycle, Task_MenuBackground (+4 more)"
bgscroll_0fcbc,menu_bg_scroll,menu.h 11/11,,"one family: the BG scroll animator (BgScrollInit, BgScrollStart*, BgScrollFinish, Task_BgScroll, 85%); also SetBlend/SetWindow; defines 11 functions, 1008 code bytes, in ROM order: BgScrollInit, BgScrollStart, BgScrollStartX, BgScrollStartY, BgScrollStartBg3Slide, BgScrollFinish, Task_BgScroll, sub_0800ffd8, TaskIsOnScreenNoCamera, SetBlend (+1 more)"
mode_100ac,cutscene_main,cutscene.h 2/2,,"one family: CutsceneMain (AgbMain state 7) and CutsceneLoadGraphics; defines 2 functions, 684 code bytes, in ROM order: CutsceneMain, CutsceneLoadGraphics"
player_10358,cutscene_director_duel,cutscene.h 7/7,,"two families in ROM order: the cutscene director and its actors (CreateCutsceneActor, Task_CutsceneDirector, CutsceneCheckSkip, Task_CutsceneActor, CutsceneActorScript1, 51%) and the duel scene (CutsceneDuelStart, CutsceneDuelKirby, 49%; most of the duel's bytes are here, CutsceneDuelBladeKnight is in src/cutscene_scenes.c); defines 7 functions, 1648 code bytes, in ROM order: CreateCutsceneActor, Task_CutsceneDirector, CutsceneCheckSkip, Task_CutsceneActor, CutsceneDuelStart, CutsceneDuelKirby, CutsceneActorScript1"
player_109c8,cutscene_actor_particles,cutscene.h 1/1,,"role its code and caller prove: sub_080109c8 is the update CutsceneActorScript1 installs (src/cutscene_director_duel.c), which steps and draws three particles (gUnk_02007E90, QueueSprite gUnk_08732104); unnamed.csv says what they show needs a render, so the name says particles only; defines 1 functions, 368 code bytes, in ROM order: sub_080109c8"
player_10b38,cutscene_scenes,cutscene.h 57/57,,"shared theme: the scenes of the cutscene bank (CutsceneSinging 29%, CutsceneBomb 18%, CutsceneBalloons 15%, CutsceneBeach 13%, CutsceneTomato 9%, CutsceneShip 8%, the script runners CutsceneActorScript2/3); defines 57 functions, 27440 code bytes, in ROM order: CutsceneActorDrawPlayerFrame, CutsceneActorScript2, CutsceneActorScript3, CutsceneDuelBladeKnight, CutsceneBeachStart, CutsceneBeachKirby, CutsceneBeachChair, CutsceneBeachCandyDream, CutsceneBeachDonutDream, CutsceneBeachMeatDream (+47 more)"
player_17668,cutscene_fountain_kirby_king_dedede,player.h 3/3,"player.h declares it, but its functions are scripts of the cutscene bank (CutsceneFountainKirby, CutsceneFountainKingDedede: entries of gCutsceneStarts run by Task_CutsceneActor, task type #92), cutscene.h's subject","two families in ROM order: CutsceneFountainKirby (67%) and CutsceneFountainKingDedede (33%); defines 3 functions, 5404 code bytes, in ROM order: CutsceneFountainKirby, CutsceneFountainKingDedede (+1 more)"
player_18b84,cutscene_fountain_actor_scripts,player.h 3/3,"player.h declares it, but its functions are scripts of the cutscene bank (CutsceneFountainActorScript53/54: entries of gCutsceneStarts run by Task_CutsceneActor, task type #92), cutscene.h's subject","one family: the fountain scene's actor scripts CutsceneFountainActorScript53/54 (slot names, roles unproven; CutsceneFountainKingDededeUpdate ends the family before them); defines 3 functions, 656 code bytes, in ROM order: CutsceneFountainActorScript53, CutsceneFountainActorScript54 (+1 more)"
player_18e14,cutscene_fountain_sparkles,player.h 1/1,"player.h declares it, but CutsceneFountainActorScript52 is a script of the cutscene bank (entry 60 of gCutsceneStarts, run by Task_CutsceneActor, task type #92), cutscene.h's subject","one function: CutsceneFountainActorScript52, three sparkles that close in on the anchor task (file comment); defines 1 functions, 492 code bytes, in ROM order: CutsceneFountainActorScript52"
player_19000,cutscene_fountain_power_orb_star_rod,player.h 8/8,"player.h declares it, but its functions are scripts of the cutscene bank (CutsceneFountainNightmarePowerOrb, CutsceneFountainStarRod, CutsceneFountainJet, CutsceneFountainActorScript59-61: entries of gCutsceneStarts), cutscene.h's subject","two families in ROM order: CutsceneFountainNightmarePowerOrb (40%) and CutsceneFountainStarRod (35%); also CutsceneFountainJet and scripts 59-61; defines 8 functions, 3820 code bytes, in ROM order: CutsceneFountainNightmarePowerOrb, CutsceneFountainStarRod, CutsceneFountainJet, CutsceneFountainActorScript59, CutsceneFountainActorScript60, CutsceneFountainActorScript61, sub_08019ecc (+1 more)"
player_19eec,cutscene_fountain_blend,player.h 1/1,"player.h declares it, but CutsceneFountainActorScript62 is a script of the cutscene bank (entry 70 of gCutsceneStarts), cutscene.h's subject","one function: CutsceneFountainActorScript62, a timed blend sequence (BLDCNT/BLDALPHA cross-fade, then palette blends; file comment); defines 1 functions, 400 code bytes, in ROM order: CutsceneFountainActorScript62"
player_1a07c,cutscene_fountain_kirby_draw,player.h 3/3,"player.h declares it, but its functions are cutscene-bank scripts and draws (CutsceneFountainActorScript56, CutsceneFountainKirbyDraw, CutsceneActorDrawStreamedFrame), cutscene.h's subject","dominant theme: the fountain scene's draws, named after the largest, CutsceneFountainKirbyDraw (33%; CutsceneActorDrawStreamedFrame 24%); also CutsceneFountainActorScript56 (42%); defines 3 functions, 872 code bytes, in ROM order: CutsceneFountainActorScript56, CutsceneFountainKirbyDraw, CutsceneActorDrawStreamedFrame"
player_1a3e4,cutscene_fountain_sprite_draw,player.h 1/1,"player.h declares it, but FountainSpriteDraw is the draw callback of the fountain cutscene's scripted sprites (CutsceneFountainJet, CutsceneFountainActorScript59/60 install it), cutscene.h's subject","one function: FountainSpriteDraw, the draw callback of the fountain cutscene's scripted sprites; defines 1 functions, 904 code bytes, in ROM order: FountainSpriteDraw"
player_1a76c,collision_collider_lists,player.h 2/2,"player.h declares it, but RegisterCollider and ClearColliderLists fill and clear the three collider lists the hit tests read (gPlayerColliders, gColliderClass10, gColliderClass20: src/collision_hit_test_players_class10.c, src/collision_hit_test_class20.c), collision.h's subject","one family: the collider lists (RegisterCollider, ClearColliderLists, 79%; sub_0801a76c is dead, unnamed.csv); defines 3 functions, 348 code bytes, in ROM order: sub_0801a76c, ClearColliderLists, RegisterCollider"
hitbox_1a8c8,collision_hit_test_players_class10,collision.h 2/2,,"two families in ROM order: HitTestPlayerColliders (66%) and HitTestColliderClass10 (34%), the hit tests over the class-0x00 and class-0x10 collider lists (class-value names, docs/naming.md 2.4); defines 2 functions, 2436 code bytes, in ROM order: HitTestPlayerColliders, HitTestColliderClass10"
hitbox_1b24c,collision_hit_test_class20,collision.h 1/1,,"one function: HitTestColliderClass20, the hit test over the class-0x20 collider list; defines 1 functions, 1424 code bytes, in ROM order: HitTestColliderClass20"
hitbox_1b7dc,collision_hit_test_helpers,collision.h 3/3,,"shared theme: the pieces the hit tests share (file comment): PlaceAttackBox, CalcHitDamageAndDirection, HitRecordHitter; defines 3 functions, 712 code bytes, in ROM order: PlaceAttackBox, CalcHitDamageAndDirection, HitRecordHitter"
terrain_1baa4,collision_player_probe,collision.h 1/1,,"one function: PlayerProbeTerrain, the player's terrain probe entry point; defines 1 functions, 520 code bytes, in ROM order: PlayerProbeTerrain"
terrain_1bcac,collision_collide_box,none 0/0,"no header declares the TerrainCollideBox* entry points (per-file prototypes, lessons 3.428/3.517); collision_ as every terrain probe around it (collision.h)","one family: the TerrainCollideBox* entry points (TerrainCollideBox, ...InCameraBounds, ...Walls, ...CeilingAndFloor, ...Floor, ...AlongVelocity); defines 6 functions, 1632 code bytes, in ROM order: TerrainCollideBox, TerrainCollideBoxInCameraBounds, TerrainCollideBoxWalls, TerrainCollideBoxCeilingAndFloor, TerrainCollideBoxFloor, TerrainCollideBoxAlongVelocity"
terrain_1c30c,collision_collide_point,none 0/0,"no header declares TerrainCollidePointPushOut/TerrainCollidePointStop (per-file prototypes, lessons 3.428/3.517); collision_ as every terrain probe around it (collision.h)","one family: the point entry points TerrainCollidePointPushOut and TerrainCollidePointStop; defines 2 functions, 312 code bytes, in ROM order: TerrainCollidePointPushOut, TerrainCollidePointStop"
terrain_1c444,collision_collide_box_tile_edge,collision.h 1/1,,"one function: TerrainCollideBoxTileEdge; defines 1 functions, 216 code bytes, in ROM order: TerrainCollideBoxTileEdge"
terrain_1c51c,collision_probe_begin_end,collision.h 2/2,,"one family: TerrainProbeBegin and TerrainProbeEnd; defines 2 functions, 372 code bytes, in ROM order: TerrainProbeBegin, TerrainProbeEnd"
terrain_1c690,collision_probe_wall_on_ground,collision.h 2/2,,"one family: the wall probes on the ground (TerrainProbeWallRightOnGround, TerrainProbeWallLeftOnGround); defines 2 functions, 588 code bytes, in ROM order: TerrainProbeWallRightOnGround, TerrainProbeWallLeftOnGround"
terrain_1c8dc,collision_probe_box_top,collision.h 1/1,,"role its callers prove: sub_0801c8dc counts the probe result up when the pixel at the box top is solid and not one-way, run only in the on-ground branch of PlayerProbeTerrain, TerrainCollideBox and TerrainCollideBoxInCameraBounds (renames.csv: 'the head check'); defines 1 functions, 84 code bytes, in ROM order: sub_0801c8dc"
terrain_1c930,collision_probe_floor_in_camera_bounds,collision.h 1/1,,"one function: TerrainProbeFloorInCameraBounds; defines 1 functions, 2660 code bytes, in ROM order: TerrainProbeFloorInCameraBounds"
terrain_1d394,collision_probe_floor,collision.h 1/1,,"one function: TerrainProbeFloor; defines 1 functions, 1588 code bytes, in ROM order: TerrainProbeFloor"
terrain_1d9c8,collision_probe_wall_in_air_ceiling,collision.h 3/3,,"two families in ROM order: the wall probes in the air (TerrainProbeWallRightInAir, TerrainProbeWallLeftInAir, 66%) and TerrainProbeCeiling (33%); defines 3 functions, 1968 code bytes, in ROM order: TerrainProbeWallRightInAir, TerrainProbeWallLeftInAir, TerrainProbeCeiling"
terrain_1e178,collision_probe_landing_in_camera_bounds,collision.h 1/1,,"one function: TerrainProbeLandingInCameraBounds; defines 1 functions, 2904 code bytes, in ROM order: TerrainProbeLandingInCameraBounds"
terrain_1ecd0,collision_probe_landing,collision.h 1/1,,"one function: TerrainProbeLanding; defines 1 functions, 2160 code bytes, in ROM order: TerrainProbeLanding"
terrain_1f540,collision_probe_no_slope_link,collision.h 6/6,,"shared theme: the probe sets without the slope-link tables (TerrainProbeCeilingNoSlopeLink, TerrainProbeFloorNoSlopeLink, TerrainProbeLandingNoSlopeLink and the wall/ceiling sub_ probes of the reduced entry points; no function reads a slope-link table, file comment); defines 6 functions, 2628 code bytes, in ROM order: sub_0801f540, sub_0801f6b0, TerrainProbeCeilingNoSlopeLink, sub_0801f9b8, TerrainProbeFloorNoSlopeLink, TerrainProbeLandingNoSlopeLink"
terrain_1ff84,collision_probe_along_velocity,collision.h 2/2,,"one function: TerrainProbeAlongVelocity; defines 2 functions, 1816 code bytes, in ROM order: TerrainProbeAlongVelocity, sub_08020698"
terrain_2069c,collision_probe_point_stop,collision.h 1/1,,"one function: TerrainProbePointStop; defines 1 functions, 260 code bytes, in ROM order: TerrainProbePointStop"
terrain_207a0,collision_probe_point_push_out_tile_edge,collision.h 2/2,,"two families in ROM order: TerrainProbePointPushOut (38%) and TerrainProbeTileEdge (62%); defines 2 functions, 2448 code bytes, in ROM order: TerrainProbePointPushOut, TerrainProbeTileEdge"
terrain_21130,collision_probe_water_drift,collision.h 1/1,,"one function: TerrainProbeWaterAndDrift; defines 1 functions, 572 code bytes, in ROM order: TerrainProbeWaterAndDrift"
terrain_2136c,collision_probe_water,collision.h 1/1,,"one function: TerrainProbeWater; defines 1 functions, 372 code bytes, in ROM order: TerrainProbeWater"
terrain_214e0,collision_query_pixel,collision.h 13/13,,"dominant family: the terrain pixel queries (TerrainQueryPixel, TerrainQueryPixelAndBelow, TerrainQueryPixelAndSides, TerrainQueryDamage, GetTileShapeAtPixel ...); also TerrainProbeWaterAtPoint/Damage; defines 14 functions, 1592 code bytes, in ROM order: TerrainProbeWaterAtPoint, TerrainProbeDamage, TerrainQueryPixel, TerrainQueryPixelAndBelow, TerrainQueryPixelAndSides, TerrainQueryDamage, GetTileFloorSnap, GetTilePushDown, GetTilePushUp, GetTilePushRight (+4 more)"
terrain_21b18,collision_terrain_init,collision.h 18/18,,"dominant of three themes: the spawn-time terrain set-up (TerrainInitOneWayFloor, TaskInitWaterFlags/Slot and the sub_ resolvers sub_08021c74, sub_0802205c, sub_0802233c run at player and object spawns, 61%; unnamed.csv); also the map queries (GetCollisionTile*, IsWaterAtPixel, IsFullBlockAtPixel, the file comment's 'Map and collision queries') and the bounds clamps (TerrainClampBoxToPlayerBounds, ClampTaskToRoom ...); defines 22 functions, 3668 code bytes, in ROM order: GetCollisionTileAtPixel, GetCollisionTile, sub_08021b70, GetCollisionTileAtOffset, sub_08021c14, IsWaterAtPixel, sub_08021c74, sub_0802205c, TerrainInitOneWayFloor, sub_0802233c (+12 more)"
level_2296c,room_reset_level_load_room,room.h 8/8,,"two families in ROM order: the level-state resets (ResetLevelStateAtHub, ResetLevelStateForContinue, 46%) and the room load (LoadRoom, LoadRoomAfterBigSwitchView, CreateRoomTask, 50%); defines 8 functions, 3244 code bytes, in ROM order: ResetLevelStateAtHub, ResetLevelStateForContinue, BossEnduranceSetStart, sub_08022f98, ClearRoomBgmStarted, LoadRoom, LoadRoomAfterBigSwitchView, CreateRoomTask"
roomtask_23618,room_task,room.h 10/10,,"one family: the room task (Task_Room and its RoomTask* variants); defines 10 functions, 816 code bytes, in ROM order: Task_Room, RoomTaskStageInit, RoomTaskDraw, RoomTaskUpdateCamera, RoomTaskLateUpdateBg2, RoomTaskLateUpdateLooping, RoomTaskLateUpdateBg2Bg3, RoomTaskLateUpdateBg23HBlank, RoomTaskLateUpdateBg23RowsHBlank, RoomTaskLateUpdateBg3AutoScroll"
level_23948,room_hub,room.h 10/10,,"dominant family: the hub's room (LoadHubRoom, RoomTaskHubInit, RoomTaskHubUpdateCamera, RoomTaskHubLateUpdateBg23/Bg123, 47%); also the big switch view's room and LoadGoalGameRoom; defines 10 functions, 2440 code bytes, in ROM order: LoadHubRoom, LoadBigSwitchViewRoom, RoomTaskHubInit, RoomTaskBigSwitchViewInit, RoomTaskHubUpdateCamera, RoomTaskBigSwitchViewUpdateCamera, RoomTaskHubLateUpdateBg23, RoomTaskHubLateUpdateBg123, LoadGoalGameRoom (+1 more)"
level_242d0,room_enter_exit,room.h 27/27,,"shared theme: entering and leaving rooms (FindDoorAt, EnterDoor, ExitClearedStage, ExitToNextRoom*, ExitToEnding, ExitOnWarpStar, ExitByCannon, ReturnFromBigSwitchView) and the room loads they lead to (LoadCutsceneRoom, LoadEndingRoom, LoadCreditsRoom); defines 27 functions, 7920 code bytes, in ROM order: RoomTaskGoalGameInit, LoadCutsceneRoom, RoomTaskCutsceneInit, RoomTaskSnapCameraToFocus, RoomTaskLateUpdateBg2NoObjects, RoomTaskLateUpdateBg2Bg3NoObjects, LoadEndingEpilogueRoom, LoadEndingStarRodReturnRoom, LoadEndingRoom, sub_08024904 (+17 more)"
stage_261c0,room_stage_helpers,room.h 22/22,,"shared theme, the file comment's own words: 'stage helpers the rest of the game calls' (RequestScreenShake, TaskCreateHighSlot, SetCameraFocus, WrapLoopingRoom, the entry-door objects, the unlock pans, UnlockNextLevel, the bosses' scroll-lock checks); defines 24 functions, 2464 code bytes, in ROM order: CreateBlockBreakEffect, RequestScreenShake, TaskCreateHighSlot, SetCameraFocus, SetCameraFocusOrAnchor, EndMidBossFight, sub_080262e8, WrapLoopingRoom, CreateEntryDoorOpening, CloseDoorOpening (+14 more)"
door_26b60,room_doors,room.h 3/3,,"one family: the doors (SetDoorsOpenNearRoomEntry, UpdateDoors, DrawDoors); defines 3 functions, 1392 code bytes, in ROM order: SetDoorsOpenNearRoomEntry, UpdateDoors, DrawDoors"
stage_270d0,room_stop_pause,room.h 10/10,,"two themes in ROM order: stopping the room (StopRoom, StopRoomAndApplyExitFlags, FreeRoomAndDoorObjects, RestartRoomBgm) and pausing it (PauseRoom, ResumeRoom, PauseSaveBgPalette, PauseRestoreRoomGraphics); also ReturnToHubStageDoor (27%), the stop's way back to the hub; defines 10 functions, 720 code bytes, in ROM order: RestartRoomBgm, StopRoomAndApplyExitFlags, StopRoom, FreeRoomAndDoorObjects, PauseRoom, SetRoomUpdateFlags, ResumeRoom, PauseSaveBgPalette, PauseRestoreRoomGraphics, ReturnToHubStageDoor"
stage_273a0,room_restart_point,room.h 13/13,,"dominant theme: the return to the restart point (ReturnToRestartPoint and the player-camera restarts it runs: HoldPlayerCamera, ReleaseDeadPlayerView, CameraStartFollowingPlayer, CameraStartPlayersAtAnchor ...); defines 13 functions, 1740 code bytes, in ROM order: ReturnToRestartPoint, sub_08027548, sub_08027588, sub_080275cc, HoldPlayerCamera, ReleaseDeadPlayerView, AreInactivePlayerCamerasParked, CameraStartHoldAnchorAt, CameraStartFollowFocusAt, CameraStartFollowingPlayer (+3 more)"
level_27a6c,room_hub_map,room.h 1/1,,"one function: LoadHubRoomMap; defines 1 functions, 956 code bytes, in ROM order: LoadHubRoomMap"
room_27e28,room_bg_layout,room.h 4/4,,"one family: InitRoomBgLayout, InitRoomBgLayoutAfterBigSwitchView, InitEndingRoomBgLayout (97%); defines 4 functions, 1272 code bytes, in ROM order: InitRoomBgLayout, InitRoomBgLayoutAfterBigSwitchView, InitEndingRoomBgLayout, StartRoomBlockAnims"
room_28320,room_spawn_door_objects,room.h 5/5,,"dominant family: SpawnDoorObjects (62%); also the camera bounds resets and CalcBg3Parallax/CalcRoomBounds; defines 5 functions, 2156 code bytes, in ROM order: SpawnDoorObjects, CalcBg3Parallax, CalcRoomBounds, CameraResetBoundsToGroup, CameraResetBounds"
camera_28b8c,room_camera_init,room.h 20/20,,"shared theme: the room's camera start-up (CameraResetRoomView, CalcRoomAndCameraBounds, SetRoomEntryPoint, CameraInitPos, PlayRoomBgm, LoadBg2Gfx/LoadBg3Gfx, InitDoors, CameraUpdatePos*, StreamBg2Map ...; module-map 'camera start-up'); defines 20 functions, 2836 code bytes, in ROM order: CameraResetRoomView, CalcRoomAndCameraBounds, SetRoomEntryPoint, ClampRoomEntryAndAnchorCamera, CameraSetFocusToLocalPlayer, CameraInitPos, PlayRoomBgm, PlayHubRoomBgm, LoadBg2Gfx, LoadBg3Gfx (+10 more)"
camera_296a0,camera_stream_scroll,camera.h 10/10,,"two families in ROM order: the BG map streaming (StreamBg2MapLooping, StreamBg123Maps, StreamBg23Maps, StreamBg23Rows, 43%) and the scroll writes (CameraWriteScroll*, 34%); defines 10 functions, 1492 code bytes, in ROM order: StreamBg2MapLooping, StreamBg123Maps, StreamBg23Maps, StreamBg23Rows, CameraWriteScrollParallax, CameraWriteScrollHBlank, CameraWriteScrollBg23, CameraWriteScrollBg123, sub_08029b30, SpawnRoomObjectsScrolledIn"
camera_29c74,camera_player_group,camera.h 12/12,,"shared theme, the file comment's 'multiplayer camera targets': the player group (UpdatePlayerGroupCenter, SetCameraBoundsToGroup*, UpdatePlayerCameras*, SetPlayerBoundsFromCamera*, SetViewRectToPlayers*, LockPlayersPastScrollLine); defines 12 functions, 3416 code bytes, in ROM order: UpdatePlayerGroupCenter, SetCameraBoundsToGroup, SetCameraBoundsToGroupInScrollLock, UpdatePlayerCameras, UpdatePlayerCamerasInScrollLock, SetPlayerGroupCenterFromTasks, SetPlayerBoundsFromCamera, SetPlayerBoundsFromCameraInScrollLock, SetViewRectToPlayers, SetViewRectToPlayersInScrollLock (+2 more)"
bgmap_2a9cc,camera_draw_bg_map,camera.h 22/22,,"one family: the BG map draws (DrawBg2View/Row/Column, DrawBg3*, DrawBg123*, DrawBg23*, DrawBg1Tile ...); defines 22 functions, 2340 code bytes, in ROM order: DrawBg2View, DrawBg2Row, DrawBg2Column, DrawBg2EdgeColumn, DrawBg3View, DrawBg3Row, DrawBg3Column, DrawBg123View, DrawBg123Row, DrawBg123Column (+12 more)"
bgmap_2b2f0,camera_block_anim_clip,camera.h 5/5,,"dominant family: the block-animation clip rects (SetBlockAnimClipRect, SetBg1BlockAnimClipRect, SetBlockAnimClipRectWithEdges, 80%); also SetBg23ScreenSize/SetBg3ScreenSize; defines 5 functions, 460 code bytes, in ROM order: SetBlockAnimClipRect, SetBg1BlockAnimClipRect, SetBlockAnimClipRectWithEdges, SetBg23ScreenSize, SetBg3ScreenSize"
camera_2b4bc,camera_scroll_lock,camera.h 4/4,,"one family: the scroll lock's camera modes (CameraFollowFocus, CameraSlideToScrollLock, CameraFollowScrollLocked, CameraSlideFromScrollLock); defines 4 functions, 3952 code bytes, in ROM order: CameraFollowFocus, CameraSlideToScrollLock, CameraFollowScrollLocked, CameraSlideFromScrollLock"
camera_2c42c,camera_hub,camera.h 10/10,,"dominant family: the hub camera (HubCameraFollowFocus, HubCameraFollowFocusPlayer, HubCameraGlideToPlayers, 45%); also CameraHoldAnchor, CameraSnap*, the screen shake and StartScrollLock; defines 10 functions, 3056 code bytes, in ROM order: CameraHoldAnchor, HubCameraFollowFocus, HubCameraFollowFocusPlayer, HubCameraGlideToPlayers, CameraSnapBoundsToAnchor, CameraSnapPlayersToAnchor, CameraSnapToFocus, StopScreenShake, UpdateScreenShake, StartScrollLock"
camera_2d01c,camera_bg_anims,camera.h 12/12,,"dominant family: the BG animations (LoadRoomBgAnims, UpdateBgAnims, BgAnimCopyTiles, BgAnimStartPaletteFade, BgAnimStepPaletteFade, BgAnimStop, 60%); also CreateMapEvent/Task_MapEvent and SetCollisionTile; defines 12 functions, 880 code bytes, in ROM order: CameraLeaveScrollLock, CameraStartHoldAnchor, sub_0802d0c4, LoadRoomBgAnims, UpdateBgAnims, BgAnimCopyTiles, BgAnimStartPaletteFade, BgAnimStepPaletteFade, SetCollisionTile, BgAnimStop (+2 more)"
camtask_2d38c,camera_map_events,camera.h 10/10,,"one family: the map events (the bodies of gMapEventVariants: MapEventMidBossFight, MapEventBreakTwoBlocks, MapEventBreakThreeBlocks, MapEventFadeToNextRoomPalettes, MapEventStageUnlockPan, MapEventBigSwitchUnlockPan); defines 10 functions, 5948 code bytes, in ROM order: MapEventMidBossFight, CreateMapEventBreakTwoBlocks, MapEventBreakTwoBlocks, CreateMapEventBreakThreeBlocks, MapEventBreakThreeBlocks, MapEventFadeToNextRoomPalettes, sub_0802d96c, sub_0802da8c, MapEventStageUnlockPan, MapEventBigSwitchUnlockPan"
obj_2eac8,camera_door_signs,camera.h 28/28,,"shared theme: the door signs (Task_ArenaDoorSign, Task_BossDoorSign, Task_QuickDrawDoorSign, Task_BombRallyDoorSign, the Air Grind and museum signs, Task_DoorOpening, Task_StageClearFlag); defines 28 functions, 2916 code bytes, in ROM order: CreateArenaDoorSign, Task_ArenaDoorSign, CreateBossDoorSign, Task_BossDoorSign, CreateDoorOpening, Task_DoorOpening, CreateStageClearFlag, Task_StageClearFlag, CreateQuickDrawDoorSign, Task_QuickDrawDoorSign (+18 more)"
obj_2f62c,camera_warp_star_station_door,camera.h 24/24,,"dominant family: the Warp Star Station's door (Task_WarpStarStationDoorSign, Task_WarpStarStationDoorSparkle and their sub_ steps, 60%); also Task_StageDoorSign (whose spawners are in src/camera_door_signs.c), Task_LevelDoorSign, DoorObjectDraw and the sub-game and museum ability signs; defines 24 functions, 3084 code bytes, in ROM order: Task_StageDoorSign, StageDoorSignBlinkSignAndDoor, StageDoorSignBlinkDoor, StageDoorSignShowStill, DoorSignDrawWithDoor, CreateWarpStarStationDoorSign, Task_WarpStarStationDoorSign, sub_0802f93c, CreateWarpStarStationDoorSparkle, Task_WarpStarStationDoorSparkle (+14 more)"
obj_30238,camera_stage_effect,camera.h 7/7,,"one family: Task_StageEffect (task type #236) and the six bodies of gStageEffectStates it dispatches (unrendered sprite animations, unnamed.csv); defines 7 functions, 1148 code bytes, in ROM order: Task_StageEffect, sub_08030254, sub_080302cc, sub_08030404, sub_080304ec, sub_08030580, sub_08030604"
obj_306b4,camera_world_sprite_block_anims,camera.h 7/7,,"two families in ROM order: QueueWorldSprite (33%) and the block-animation controls (Reset/Resume/Pause/StartBlockAnims, StartBlockAnimsWithEdges, StartBg1BlockAnims, 67%); defines 7 functions, 336 code bytes, in ROM order: QueueWorldSprite, ResetBlockAnims, ResumeBlockAnims, PauseBlockAnims, StartBlockAnims, StartBlockAnimsWithEdges, StartBg1BlockAnims"
block_30804,player_break_blocks,player.h 9/9,,"one family: breaking blocks (TaskBreakBlocks*, BreakBlocksInHitBoxes, BreakFirstBlockInHitBox, BreakTopBlockRow, BreakBlockAt, BreakBlockAtCursor, CanBreakBlock); defines 15 functions, 4272 code bytes, in ROM order: TaskBreakBlocksAt, TaskBreakBlocks, TaskBreakFirstBlock, TaskBreakBlocksNoPlayer, TaskBreakBlocksAtNoPlayer, BreakBlocksInHitBoxes, BreakFirstBlockInHitBox, TaskBreakTopBlockRow, BreakTopBlockRow, IsUnbrokenBlockAt (+5 more)"
block_318b4,player_block_anims,player.h 19/19,,"one family: the block animations (UpdateBlockAnims, FreeBlockAnim*, BlockAnimWrite*/Draw*, UpdateBlockAnimsWithEdges, CanBreakBg1Block); defines 19 functions, 3540 code bytes, in ROM order: UpdateBlockAnims, FreeBlockAnimAndBlock, FreeBlockAnim, BlockAnimWriteAndDrawColumn, BlockAnimWriteColumn, BlockAnimDrawColumn, BlockAnimWriteMetatile, BlockAnimDrawTiles, BlockAnimBreakNeighbors, UpdateBlockAnimsWithEdges (+9 more)"
player_32688,player_task,player.h 5/5,,"one family: the player task (Task_Player, PlayerUpdate, PlayerLateUpdate, PlayerStartRequestedAction); defines 5 functions, 4460 code bytes, in ROM order: Task_Player, PlayerStartRequestedAction, sub_08033414 (+2 more)"
player_337f4,player_stand_walk,player.h 10/10,,"two families in ROM order: PlayerActionStand and PlayerActionWalk (with their updates); defines 10 functions, 3020 code bytes, in ROM order: sub_080337f4, sub_080337f8, sub_080337fc, sub_08033800, sub_08033804, sub_08033808, PlayerActionStand, PlayerActionWalk (+2 more)"
player_343c0,player_run_jump,player.h 9/9,,"two themes in ROM order: running (PlayerActionRun, PlayerActionSkid, 58%) and jumping (PlayerActionJump, PlayerActionReleaseJump, 42%); defines 9 functions, 3020 code bytes, in ROM order: PlayerActionRun, PlayerActionSkid, PlayerActionJump, PlayerActionReleaseJump, sub_08034f70 (+4 more)"
player_34f8c,player_fall_float,player.h 5/5,,"two themes in ROM order: falling (PlayerActionFall, PlayerActionHighFall, 55%) and PlayerActionFloat (45%); defines 5 functions, 4852 code bytes, in ROM order: PlayerActionFall, PlayerActionHighFall, PlayerActionFloat (+2 more)"
player_36280,player_duck_slide,player.h 5/5,,"two families in ROM order: PlayerActionDuck and PlayerActionSlide (PlayerActionFloatUpdate at its head is the tail of PlayerActionFloat, named in src/player_fall_float.c); defines 5 functions, 2580 code bytes, in ROM order: PlayerActionDuck, PlayerActionSlide (+3 more)"
player_36c94,player_ladder_inhale,player.h 8/8,,"two families in ROM order: PlayerActionLadder (51%) and PlayerActionInhale (33%); also PlayerActionSpit and PlayerActionSwallow; defines 8 functions, 4676 code bytes, in ROM order: PlayerActionLadder, PlayerActionInhale, PlayerActionSpit, PlayerActionSwallow (+4 more)"
player_37ed8,player_hurt,player.h 2/2,,"one family: PlayerActionHurt; defines 2 functions, 4532 code bytes, in ROM order: PlayerActionHurt (+1 more)"
player_3919c,player_die_enter_door,player.h 3/3,,"two families in ROM order: PlayerActionDie and PlayerActionEnterDoor; defines 3 functions, 2696 code bytes, in ROM order: PlayerActionDie, PlayerActionEnterDoor (+1 more)"
player_39c24,player_exit_door,player.h 2/2,,"one family: PlayerActionExitDoor; defines 2 functions, 3648 code bytes, in ROM order: PlayerActionExitDoor (+1 more)"
player_3aa64,player_water,player.h 14/14,,"shared theme: the actions in water (PlayerActionSwim, StandInWater, WalkInWater, SwallowInWater, SpitInWater, WaterShot); defines 14 functions, 4996 code bytes, in ROM order: PlayerActionSwim, PlayerActionStandInWater, PlayerActionWalkInWater, PlayerActionSwallowInWater, PlayerActionSpitInWater, PlayerActionWaterShot, PlayerActionRecoil (+7 more)"
player_3bde8,player_share_item,player.h 5/5,,"one family: PlayerActionShareItem (76%); also PlayerStepOffsetScript and PlayerSetParasolDriftRow; defines 5 functions, 3960 code bytes, in ROM order: PlayerActionShareItem, sub_0803c9b4, PlayerStepOffsetScript, PlayerSetParasolDriftRow (+1 more)"
stage_3cd60,player_helpers,player.h 78/78,,"the player's shared helpers, no dominant family: CreatePlayer, InitPlayerState*, PlayerMove, the palette and frame loaders, the invincibility timers, the sound helpers and the transition tests PlayerCheck* (role word: helpers); defines 78 functions, 15840 code bytes, in ROM order: PlayerPlayBump, PlayerUpdateBlink, sub_0803d010, CreatePlayer, InitPlayerState, InitPlayerStateKeepInvincibility, InitPlayerStateKeepMouth, PlayerAccelerateAxis, PlayerMove, PlayerLoadFrameTilesAndPalette (+68 more)"
stage_40b40,player_motion_x_preset,player.h 1/1,,"one function: PlayerSetMotionXPreset; defines 1 functions, 2148 code bytes, in ROM order: PlayerSetMotionXPreset"
stage_413a4,player_meta_knight_actions,player.h 28/28,,"shared theme: the playable Meta Knight's basic actions (MetaKnightActionStand, Walk, Run, Skid, Jump, Fall, Float, Duck, Slide, Ladder, Hurt, Die, Recoil, EnterDoor, ExitDoor, Swim); defines 28 functions, 8120 code bytes, in ROM order: PlayerSetMotionYPreset, MetaKnightActionStand, MetaKnightActionWalk, MetaKnightActionRun, MetaKnightActionSkid, MetaKnightActionJump, MetaKnightActionReleaseJump, MetaKnightActionFall, MetaKnightActionFloat, MetaKnightActionDuck (+18 more)"
stage_4335c,player_meta_knight_swim_update,player.h 1/1,,"one function, the tail of a family named elsewhere: MetaKnightActionSwimUpdate (MetaKnightActionSwim is in src/player_meta_knight_actions.c); defines 1 functions, 760 code bytes, in ROM order: MetaKnightActionSwimUpdate"
stage_43654,player_meta_knight_slash,player.h 13/13,,"dominant family: the playable Meta Knight's slashes (MetaKnightActionSlash, DashSlash, UpwardSlash and DownThrust, 76%); also PlayerActionFire and the head of PlayerActionSpark; defines 13 functions, 4980 code bytes, in ROM order: MetaKnightActionStandInWater, MetaKnightActionWalkInWater, MetaKnightActionSlash, MetaKnightActionDashSlash, MetaKnightActionUpwardSlash, MetaKnightActionDownThrust, PlayerActionFire, PlayerActionSpark (+5 more)"
player_449c8,player_spark_cutter,player.h 3/3,,"two families in ROM order: PlayerActionSpark (its update) and PlayerActionCutter; defines 3 functions, 828 code bytes, in ROM order: PlayerActionCutter (+2 more)"
player_44d04,player_sword,player.h 2/2,,"one family: PlayerActionSword; defines 2 functions, 2244 code bytes, in ROM order: PlayerActionSword (+1 more)"
player_455c8,player_burning_laser,player.h 4/4,,"two families in ROM order: PlayerActionBurning (87%) and PlayerActionLaser (13%); defines 4 functions, 1900 code bytes, in ROM order: PlayerActionBurning, PlayerActionLaser (+2 more)"
player_45d34,player_mike,player.h 2/2,,"one family: PlayerActionMike; defines 2 functions, 1532 code bytes, in ROM order: PlayerActionMike (+1 more)"
player_46330,player_wheel,player.h 2/2,,"one family: PlayerActionWheel; defines 2 functions, 2256 code bytes, in ROM order: PlayerActionWheel (+1 more)"
player_46c00,player_hammer,player.h 2/2,,"one family: PlayerActionHammer; defines 2 functions, 2280 code bytes, in ROM order: PlayerActionHammer (+1 more)"
player_474e8,player_sleep,player.h 6/6,,"dominant of three families: PlayerActionSleep (36%); also PlayerActionParasol (31%) and PlayerActionNeedle (34%); defines 6 functions, 2816 code bytes, in ROM order: PlayerActionParasol, PlayerActionSleep, PlayerActionNeedle (+3 more)"
player_47fe8,player_get_ability,player.h 2/2,,"one family: PlayerActionGetAbility; defines 2 functions, 4788 code bytes, in ROM order: PlayerActionGetAbility (+1 more)"
player_49738,player_ability_tiles,player.h 2/2,,"one family: the ability tiles (LoadAbilityTiles, PlayerLoadSparkTiles); defines 2 functions, 1040 code bytes, in ROM order: LoadAbilityTiles, PlayerLoadSparkTiles"
player_49b48,player_ice_freeze,player.h 4/4,,"two families in ROM order: PlayerActionIce and PlayerActionFreeze; defines 4 functions, 1104 code bytes, in ROM order: PlayerActionIce, PlayerActionFreeze (+2 more)"
player_49f98,player_hi_jump,player.h 2/2,,"one family: PlayerActionHiJump; defines 2 functions, 1460 code bytes, in ROM order: PlayerActionHiJump (+1 more)"
player_4a54c,player_beam_stone,player.h 4/4,,"two families in ROM order: PlayerActionBeam and PlayerActionStone; defines 4 functions, 1572 code bytes, in ROM order: PlayerActionBeam, PlayerActionStone (+2 more)"
player_4ab70,player_tornado_crash,player.h 4/4,,"two families in ROM order: PlayerActionTornado and PlayerActionCrash; defines 4 functions, 2628 code bytes, in ROM order: PlayerActionTornado, PlayerActionCrash (+2 more)"
player_4b5b4,player_light,player.h 2/2,,"one family: PlayerActionLight; defines 2 functions, 676 code bytes, in ROM order: PlayerActionLight (+1 more)"
player_4b858,player_backdrop_hold,player.h 2/2,,"one family: PlayerActionBackdropHold; defines 2 functions, 3572 code bytes, in ROM order: PlayerActionBackdropHold (+1 more)"
player_4c64c,player_throw_hold,player.h 2/2,,"one family: PlayerActionThrowHold; defines 2 functions, 1584 code bytes, in ROM order: PlayerActionThrowHold (+1 more)"
player_4cc7c,player_ufo,player.h 2/2,,"one family: PlayerActionUFO; defines 2 functions, 3980 code bytes, in ROM order: PlayerActionUFO (+1 more)"
player_4dc08,player_backdrop_throw,player.h 3/3,,"two families in ROM order: PlayerActionBackdrop (64%) and PlayerActionThrow (36%); defines 3 functions, 1944 code bytes, in ROM order: PlayerActionBackdrop, PlayerActionThrow (+1 more)"
sub_0804e3a0,player_throw_update,player.h 1/1,,"one function, the tail of a family named elsewhere: PlayerActionThrowUpdate (PlayerActionThrow is in src/player_backdrop_throw.c); defines 1 functions, 516 code bytes, in ROM order: PlayerActionThrowUpdate"
player_4e5a4,player_ball,player.h 3/3,,"one family: PlayerActionBall, the ball's entry (PlayerActionBall, PlayerActionBallEnterVariant, PlayerActionBallUpdate); defines 3 functions, 488 code bytes, in ROM order: PlayerActionBall, PlayerActionBallEnterVariant (+1 more)"
player_4e78c,player_ball_roll,player.h 8/8,,"the ball's ground states, part of the PlayerBall family: PlayerBallTransform, PlayerBallStand, PlayerBallRoll, PlayerBallSkid; defines 8 functions, 1660 code bytes, in ROM order: PlayerBallTransform, PlayerBallStand, PlayerBallRoll, PlayerBallSkid (+4 more)"
player_4ee08,player_ball_jump,player.h 10/10,,"the ball's jump states, part of the PlayerBall family: PlayerBallJump, PlayerBallBounce, PlayerBallFall, PlayerBallLand, PlayerBallRevert; defines 10 functions, 2060 code bytes, in ROM order: PlayerBallJump, PlayerBallBounce, PlayerBallFall, PlayerBallLand, PlayerBallRevert (+5 more)"
player_4f614,player_ball_helpers,player.h 5/5,,"the ball's helpers, part of the PlayerBall family: PlayerBallPlayBump, PlayerBallGetRollDelay, PlayerBallStepRoll, PlayerBallCheckVariant, PlayerBallCheckLanding; defines 5 functions, 820 code bytes, in ROM order: PlayerBallPlayBump, PlayerBallGetRollDelay, PlayerBallStepRoll, PlayerBallCheckVariant, PlayerBallCheckLanding"
player_4f948,player_star_rod,player.h 7/7,,"one family: PlayerActionStarRod (PlayerActionStarRod, StarRodJump, StarRodFlight); defines 7 functions, 1684 code bytes, in ROM order: PlayerActionStarRod, PlayerActionStarRodJump, PlayerActionStarRodFlight, PlayerActionStarRodFlightEnterVariant (+3 more)"
player_4ffdc,player_star_rod_flight,player.h 10/10,,"one family: the Star Rod flight's states (PlayerStarRodFlightIntro, Fly, Shoot, Hurt, CheckShoot, Steer); defines 10 functions, 2016 code bytes, in ROM order: PlayerStarRodFlightIntro, PlayerStarRodFlightFly, PlayerStarRodFlightShoot, PlayerStarRodFlightHurt, PlayerStarRodFlightCheckShoot, PlayerStarRodFlightSteer (+4 more)"
plobj_507bc,player_object_task,player.h 3/3,,"one family: the player objects' task (Task_PlayerObject, PlayerObjectVanish, PlayerObjectLaserBeamVanish); defines 3 functions, 560 code bytes, in ROM order: Task_PlayerObject, PlayerObjectVanish, PlayerObjectLaserBeamVanish"
plobj_509ec,player_object_air_puff,player.h 8/8,,"dominant of three families: PlayerObjectAirPuff (28%); also PlayerObjectSpitStar (23%) and PlayerObjectSpitMultiStar (24%); defines 8 functions, 2828 code bytes, in ROM order: PlayerObjectAirPuff, PlayerObjectSpitStar, sub_08050f80, PlayerObjectSpitMultiStar, sub_080513d4 (+3 more)"
plobj_514f8,player_object_laser_beam,player.h 8/8,,"dominant of four families: PlayerObjectLaserBeam (29%); also PlayerObjectWaterShot, PlayerObjectFireBreath and PlayerObjectCutterBlade; defines 8 functions, 3748 code bytes, in ROM order: PlayerObjectWaterShot, PlayerObjectFireBreath, PlayerObjectCutterBlade, PlayerObjectLaserBeam (+4 more)"
plobj_5239c,player_object_ice_breath,player.h 5/5,,"dominant of three families: PlayerObjectIceBreath (34%); also PlayerObjectBeamOrb and PlayerObjectLightOrb; defines 5 functions, 3024 code bytes, in ROM order: PlayerObjectIceBreath, PlayerObjectBeamOrb, PlayerObjectLightOrb (+2 more)"
plobj_52f6c,player_object_ufo_shot,player.h 7/7,,"dominant of three families: PlayerObjectUFOShot (54%); also PlayerObjectStarRodShot/StarRodFlightShot and CreatePlayerObject; defines 9 functions, 2952 code bytes, in ROM order: PlayerObjectUFOShot, PlayerObjectStarRodShot, PlayerObjectStarRodFlightShot, CreatePlayerObject, CreatePlayerObjectLowSlot (+4 more)"
effect_53af4,effect_skid_dust,effect.h 12/12,,"dominant family: PlayerEffectSkidDust (29%); also Task_PlayerEffect, InhaleAir, CatchDust, SpitDust, AbilityGetSparkle, ImpactStar, DeathStar; defines 12 functions, 2108 code bytes, in ROM order: Task_PlayerEffect, PlayerEffectInhaleAir, PlayerEffectInhaleAirDraw, PlayerEffectCatchDust, PlayerEffectSpitDust, PlayerEffectAbilityGetSparkle, PlayerEffectImpactStar, PlayerEffectDeathStar, PlayerEffectSkidDust (+3 more)"
effect_54330,effect_slide_dust,effect.h 8/8,,"dominant family: PlayerEffectSlideDust (43%); also RunDust, Splash, LeaveWaterSplash, Bubble; defines 8 functions, 1872 code bytes, in ROM order: PlayerEffectRunDust, PlayerEffectSlideDust, PlayerEffectSplash, PlayerEffectLeaveWaterSplash, PlayerEffectBubble (+3 more)"
effect_54a80,effect_death_star_ring_ability,effect.h 7/7,,"two themes in ROM order: the death effects (PlayerEffectDeathStarRing, PlayerEffectMetaKnightDeathBlast, 34%) and the ability effects (sub_08054de8, spawned only by PlayerActionGetAbility, and sub_08054fe4, which picks its form by PlayerState.ability; unnamed.csv); defines 7 functions, 2528 code bytes, in ROM order: PlayerEffectDeathStarRing, PlayerEffectMetaKnightDeathBlast, sub_08054de8, sub_08054fe4, sub_080552fc, sub_080553d4 (+1 more)"
effect_55460,effect_dance_star_burst,effect.h 8/8,,"dominant theme of six variants: the dance's effects (PlayerEffectDanceStarBurst and the dance-start effect sub_0805574c, 28%); also PlayerEffectAbilityLoss, PlayerEffectLocalPlayerArrow and two sub_ variants (unnamed.csv); defines 8 functions, 1732 code bytes, in ROM order: PlayerEffectAbilityLoss, sub_08055520, PlayerEffectDanceStarBurst, sub_0805574c, sub_080557d4, sub_0805587c, PlayerEffectLocalPlayerArrow (+1 more)"
effect_55b24,effect_hurt_flames_sparks,effect.h 8/8,,"shared theme 'hurt' (all four variants are spawned by PlayerActionHurt, file comment): PlayerEffectHurtFlames and PlayerEffectHurtSparks name it (67%); defines 8 functions, 2340 code bytes, in ROM order: PlayerEffectHurtFlames, PlayerEffectHurtSparks, sub_0805614c, sub_08056300, sub_08056320, sub_08056428 (+2 more)"
effect_56448,effect_ability_puffs,effect.h 4/4,,"dominant family: the most common ability effect (file comment), sub_08056770 (67%), white puffs that twelve ability actions spawn (unnamed.csv); also PlayerEffectHurtBurst and sub_080564ac; defines 4 functions, 2444 code bytes, in ROM order: PlayerEffectHurtBurst, sub_080564ac, sub_08056770, sub_08056da8"
effect_56dd4,effect_fire_breath_spark_aura,effect.h 5/5,,"two families in ROM order: PlayerEffectFireBreathFlames (48%) and PlayerEffectSparkAura (47%); defines 5 functions, 1728 code bytes, in ROM order: PlayerEffectFireBreathFlames, PlayerEffectSparkAura, PlayerEffectSwordSparkle (+2 more)"
effect_57494,effect_burning_flames_wheel,effect.h 5/5,,"two families in ROM order: PlayerEffectBurningFlames (69%) and the Wheel's effect (sub_08057ad4/sub_08057c98, spawned only by PlayerActionWheel, 25%; unnamed.csv); also PlayerEffectUFOLaserTrail (7%); defines 5 functions, 2124 code bytes, in ROM order: PlayerEffectBurningFlames, PlayerEffectUFOLaserTrail, sub_08057ad4, sub_08057c98 (+1 more)"
effect_57ce0,effect_mike_attack,effect.h 7/7,,"dominant of three families: PlayerEffectMikeAttack (43%); also PlayerEffectHammerDust and PlayerEffectSleepBubble; defines 7 functions, 2864 code bytes, in ROM order: PlayerEffectHammerDust, PlayerEffectParasolSparkle, PlayerEffectMikeAttack, PlayerEffectSleepBubble, sub_08058720 (+2 more)"
effect_58810,effect_ice_breath_freeze_aura,effect.h 4/4,,"two families in ROM order: PlayerEffectIceBreathCloud (52%) and PlayerEffectFreezeAura (48%); defines 4 functions, 3424 code bytes, in ROM order: PlayerEffectIceBreathCloud, PlayerEffectFreezeAura (+2 more)"
effect_59570,effect_hi_jump_ball,effect.h 6/6,,"two families in ROM order: the Hi-Jump's effect (sub_08059570, spawned only by PlayerActionHiJump, 48%) and the Ball's (sub_08059d7c, PlayerBallTransform/Revert, 42%); also PlayerEffectStonePuff (unnamed.csv); defines 6 functions, 3560 code bytes, in ROM order: sub_08059570, sub_08059aac, sub_08059b18, PlayerEffectStonePuff, sub_08059d7c, sub_0805a320"
effect_5a358,effect_crash_blast,effect.h 10/10,,"dominant family: PlayerEffectCrashBlast (63%); also PlayerEffectTornadoDust, the Throw's effect and PlayerEffectUFOChargeSparkle; defines 10 functions, 3156 code bytes, in ROM order: PlayerEffectTornadoDust, PlayerEffectCrashBlast, PlayerEffectCrashBlastDraw, sub_0805acec, sub_0805ae00, PlayerEffectUFOChargeSparkle, sub_0805af80 (+3 more)"
effect_5afac,effect_goal_game_dance,effect.h 89/89,,"two families: the goal game (GoalGameMain, GoalGameInit, PlayerGoalGame*, the GoalGame* objects) and the player's dances (PlayerDance1-11); CreatePlayerEffect heads the file; defines 89 functions, 30168 code bytes, in ROM order: CreatePlayerEffect, CreatePlayerEffectHighSlot, GoalGameMain, GoalGameInit, PlayerGoalGameInit, sub_0805b370, PlayerGoalGameState0, PlayerGoalGameWaitForPress, PlayerGoalGameCheckPress, PlayerGoalGameSetLaunchPower (+79 more)"
actor_62584,player_dance,actor.h 2/2,"actor.h declares it, but PlayerDance12 and PlayerDance13 are the player's dances (PlayerDance1-11 are in src/effect_goal_game_dance.c), player.h's subject","one family: the player's dances PlayerDance12 and PlayerDance13; defines 2 functions, 4372 code bytes, in ROM order: PlayerDance12, PlayerDance13"
actor_63698,actor,actor.h 81/81,,"the actor core, the only file that qualifies for actor.c: ActorInitFromDefSlot, ActorLoadDef, ActorSetState, ActorDestroy, the animation steppers, CreateActor, CreateChildActor and the task geometry helpers they use; defines 100 functions, 7508 code bytes, in ROM order: TaskCreatePausedInScreenAttack, ActorInitSlot, ActorBindDefSlot, ActorResetHealthSlot, ActorResetHealth, ActorInitFromDefSlot, ActorLoadDef, ActorLoadDefSlot, ActorSetState, ActorSetStateSlot (+90 more)"
actor_653ec,actor_helpers,actor.h 87/87,,"the actors' shared helpers, no dominant family (file comment 'actor drawing and per-frame upkeep'): ActorDrawStreamedFrame*, ActorMove, the palette animations, the boss hit stun, the parasol, the inhalable star (role word: helpers); defines 95 functions, 8192 code bytes, in ROM order: ActorDrawStreamedFrameNearViewOrDestroy, ActorDrawStreamedFrameNearView, ActorDrawStreamedFrame, ActorDrawSpriteAndExtra, ActorDrawWorldInViewOrDestroyWithExtra, ActorDrawSpriteAndExtraInView, ActorMove, TaskMoveRelativeToView, SetPaletteAnimSource, ResetBgPaletteBlend (+85 more)"
actor_673ec,actor_held_player,actor.h 43/43,,"one family: the player held by an actor (HeldPlayer*, 71%); also ActorCheckHits and the hold/release helpers; defines 48 functions, 7952 code bytes, in ROM order: HeldPlayerSwallow, HeldPlayerSpitFlight, HeldPlayerSpitBounceOff, HeldPlayerBackdropHeld, HeldPlayerFollowCaptorPose, HeldPlayerBackdropBounceOff, HeldPlayerState5, HeldPlayerState6, HeldPlayerThrowHeld, HeldPlayerThrowFlightForward (+38 more)"
actor_692fc,actor_collision,actor.h 24/24,,"shared theme 'collision': the actor's terrain collision (ActorCollideTerrain*, 40%) and its hit reactions (ActorReactToHit*, ActorStartHitStun, ActorPlayHitSfx, PickupReactToHit, 34%); defines 32 functions, 4168 code bytes, in ROM order: ActorCollideTerrain, sub_080694e0, ActorCollideTerrainAlongVelocity, ActorCollideTerrainCeilingAndFloor, ActorCollideTerrainWalls, ActorCollideTerrainPointPushOut, ActorCollideTerrainPointStop, ActorCollideTerrainInCameraBounds, ActorCollideTerrainFloor, ActorStepBackFromSlope (+22 more)"
actor_6a344,actor_defeat,actor.h 36/36,,"one family: the actor defeats (ActorDie, ActorDefeatByEffect, ActorDefeatKnockAway, ActorDefeatBurning, ActorDefeatShocked, ActorDefeatFrozen ...); defines 37 functions, 2516 code bytes, in ROM order: ActorDie, ActorDefeatByEffect, ActorDefeatKnockAway, ActorDefeatBlinkAndBurst, ActorDefeatPlain, ActorDefeatBurning, ActorDefeatShocked, ActorDefeatFrozenBlink, ActorFreezeIntoIceBlock, ActorDefeatFrozenCheckFreezerAbility (+27 more)"
actor_6ad18,actor_boss_defeat,actor.h 19/19,,"dominant family: the boss and mid-boss defeats (MidBossDefeatScreenFlash, ActorDefeatMidBoss, BossDefeatScreenFlash, BossDefeatExplode, ActorDefeatBoss); also ActorBurstDefeat* and ActorShakeVertically; defines 19 functions, 1484 code bytes, in ROM order: ActorShakeVertically, MidBossDefeatScreenFlash, MidBossDefeatFlash, ActorDefeatMidBoss, BossDefeatScreenFlash, BossDefeatFlash, BossRunDefeatHook, BossDefeatExplode, BossDefeatStopBgm, ActorDefeatBoss (+9 more)"
actor_6b2e4,actor_attached,actor.h 39/39,,"one family: the attached actor, an actor carried, held or swallowed by a player (ActorAttached*, 78%); also ActorDrown* and ActorDefeatPickup; defines 39 functions, 4032 code bytes, in ROM order: ActorDrownSink, ActorDrownWait, ActorDrownBurst, ActorDefeatPickup, sub_0806b40c, ActorAttachedThrowHeldFollowCarrier, ActorAttachedBackdropHeldFollowCarrier, ActorAttachedHeldAddPlayerOffset, ActorAttachedRestorePalette, ActorAttachedDie (+29 more)"
actor_6c2a4,actor_attached_throw_star_flash,actor.h 19/19,,"two families in ROM order: the attached actor's throw states (ActorAttachedThrowHeld, ActorAttachedThrowFlight, ActorAttachedThrowBounceOff ..., 69%) and the star flash (CreateStarFlash, Task_StarFlash, Task_StarFlashOnParent, 18%); defines 19 functions, 2716 code bytes, in ROM order: ActorAttachedBackdropBounceOff, ActorAttachedPullIn, ActorAttachedThrowHeld, ActorAttachedThrowFlight, ActorAttachedThrowBounceOff, Task_ActorSplash, CreateStarFlash, Task_StarFlash, Task_StarFlashOnParent, StarFlashFollowParent (+9 more)"
actor_6cd40,actor_dust,actor.h 7/7,,"one family: the dust tasks (Task_DustTrail, Task_DustPuff, Task_BackwardDustPuff, Task_LandingDust, CreateDustBurst); defines 7 functions, 1260 code bytes, in ROM order: Task_DustTrail, Task_DustPuff, Task_BackwardDustPuff, CreateLandingDust, CreateLandingDustFacing, Task_LandingDust, CreateDustBurst"
actor_6d22c,actor_burst_effects,actor.h 31/31,,"dominant theme: the burst effects (CreateBurstEffect, Task_StarScatter, Task_RayBurst, Task_SmallBlast, BurstStickToParent, the Play*Anim players, Task_DustBurst); also the cannon's smoke and fuse spark, Task_ImpactStar, the star ring; defines 31 functions, 3780 code bytes, in ROM order: Task_DustBurst, CreateBurstEffect, Task_StarScatter, Task_RayBurst, Task_SmallBlast, BurstStickToParent, Task_StarScatterOnParent, Task_RayBurstOnParent, Task_SmallBlastOnParent, PlayRayBurstAnim (+21 more)"
actor_6e0f0,actor_hit_effects,actor.h 29/29,,"dominant family: the hit effects (Task_HitFlames, Task_HitSparks and the end of Task_HitFrost, 22%); also the warp-star sparkle, the dash flame and fire trail, the landing impact, the ice block; defines 29 functions, 3692 code bytes, in ROM order: Task_HitFlames, Task_HitSparks, Task_WarpStarSparkle, Task_AbilityReleaseFlash, CreateDashFlame, Task_DashFlame, CreateDashFireTrail, Task_DashFireTrail, CreateLandingImpact, Task_LandingImpact (+19 more)"
actor_6ef5c,player_warp_star_ride,actor.h 13/13,"actor.h declares it, but every function is the player riding the warp star (PlayerWarpStarRideState1-6 and their updates), player.h's subject","one family: the player's warp-star ride (PlayerWarpStarRideState1-6); defines 13 functions, 4040 code bytes, in ROM order: PlayerWarpStarRideState2, PlayerWarpStarRideState1, PlayerWarpStarRideState3, PlayerWarpStarRideState4, PlayerWarpStarRideState5, PlayerWarpStarRideState6, PlayerWarpStarRideState7 (+6 more)"
actor_6ff24,player_meta_knight_warp_star_ride,actor.h 30/30,"actor.h declares it, but its functions are the player's and the playable Meta Knight's warp-star ride (PlayerWarpStarRideDraw, PlayerBoardWarpStar, MetaKnightWarpStarRideState1-6), player.h's subject","dominant family: the playable Meta Knight's warp-star ride (MetaKnightWarpStarRide*, 54%); also the player's ride draw and poses (PlayerWarpStarRideDraw, PlayerBoardWarpStar, 43%); defines 30 functions, 3996 code bytes, in ROM order: PlayerWarpStarRideDraw, PlayerSetWarpStarRideFrame, PlayerStartRideBounce, sub_08070208, PlayerWaitForRideLanding, PlayerStartHighFallPose, PlayerStartTumble, PlayerStepHighFallPose, PlayerStepTumble, PlayerStepRideBounces (+20 more)"
actor_70ec0,cutscene_warp_star,cutscene.h 42/42,,"one family: the warp star (Task_WarpStar, WarpStarBoard, WarpStarHoverEmpty, WarpStarHoverBoarded, WarpStarVanish, WarpStarStartFlight ..., 93%); defines 42 functions, 7884 code bytes, in ROM order: MetaKnightWarpStarRideDraw, sub_08070ffc, Task_WarpStar, WarpStarAnimateTiles, WarpStarBoard, WarpStarCopyTilesToRider, CreateWarpStar, WarpStarHoverEmpty, WarpStarHoverBoarded, WarpStarVanish (+32 more)"
actor_72d8c,cutscene_warp_star_flights,cutscene.h 48/48,,"one family, the rest of the warp star: its flights (WarpStarFlight13-22); defines 48 functions, 7808 code bytes, in ROM order: WarpStarFlight13, WarpStarFlight14, WarpStarFlight15, WarpStarFlight17, WarpStarFlight18, WarpStarFlight19, WarpStarFlight20, WarpStarFlight21, WarpStarFlight22, WarpStarFlight23 (+38 more)"
actor_74c0c,cutscene_nightmare_power_orb_escape,cutscene.h 12/12,,"dominant family: the Nightmare Power Orb's escape (Task_NightmarePowerOrbEscape, its stars, 74%); also Task_WarpStarTrailStar and PlayerCannonInit; defines 12 functions, 6108 code bytes, in ROM order: Task_WarpStarTrailStar, sub_08074e8c, sub_08074ee0, sub_08074f48, Task_NightmarePowerOrbEscape, CreateNightmarePowerOrbEscapeStars, Task_NightmarePowerOrbEscapeStar, NightmarePowerOrbEscapeStarDraw, sub_080761b4, PlayerCannonInit (+2 more)"
actor_763e8,cutscene_cannon,cutscene.h 63/63,,"shared theme: the cannon (PlayerCannon*, the player's launch states; Task_Cannon, CannonLaunch*, CannonFire; Task_CannonFuse and the fuse's steps); defines 63 functions, 5880 code bytes, in ROM order: PlayerCannonStepPose, sub_08076454, sub_080764f8, PlayerCannonSetLaunchVelocityFacing, PlayerCannonSetLaunchVelocity, sub_080766ac, sub_08076710, sub_08076798, PlayerCannonCheckExit, PlayerCannonStepFlight (+53 more)"
actor_77ae0,cutscene_big_switch_room_particles,cutscene.h 55/55,,"two families in ROM order: the Big Switch (Task_BigSwitch, BigSwitch*) and the room particles (Task_RoomParticles, RoomParticle*, 47%); also the end of the cannon fuse, Task_Stake and Task_WaddleDee; defines 55 functions, 4232 code bytes, in ROM order: CannonFuseWait, CannonFuseBurn, CannonFuseRestore, Task_BigSwitch, BigSwitchHitterCanPress, sub_08077cd4, BigSwitchStartPress, BigSwitchStartRefill, BigSwitchRefillHealth, BigSwitchInit (+45 more)"
enemy_78b68,enemy_sparky,enemy.h 131/131,,"dominant of four families: Sparky (32%); also Waddle Dee (with Parasol Waddle Dee), Pengy and Bomber; defines 131 functions, 7924 code bytes, in ROM order: sub_08078b68, WaddleDeeWalkInit, WaddleDeeWalk, WaddleDeeWalkFall, WaddleDeePaceInit, WaddleDeePaceWalk, WaddleDeePaceFall, WaddleDeeJumpInit, WaddleDeeJumpWalk, WaddleDeeJump (+121 more)"
enemy_7aa5c,enemy_sword_and_blade_knight,enemy.h 170/170,,"dominant of four families: Sword Knight and Blade Knight (SwordAndBladeKnight*, 29%); also UFO, Needlous and Scarfy; defines 170 functions, 10580 code bytes, in ROM order: sub_0807aa5c, ScarfyInit, ScarfyHover, ScarfyHide, ScarfyState1, ScarfyTransform, ScarfyChase, ScarfyExplode, Task_SwordKnight, Task_BladeKnight (+160 more)"
enemy_7d3b0,enemy_rocky,enemy.h 113/113,,"dominant of four families: Rocky (26%); also Sir Kibble, Cappy and Gordo; defines 113 functions, 7316 code bytes, in ROM order: Task_PengyIceBreathPuff, Task_PengyIceBreathSparkle, Task_Rocky, RockyWalkInit, RockyWalk, RockyWalkState1, RockyWalkJump, RockyWalkState3, RockyWalkFall, RockyIdleInit (+103 more)"
enemy_7f044,enemy_kabu,enemy.h 81/81,,"dominant of three families: Kabu (42%); also Twister and Hot Head; defines 81 functions, 6956 code bytes, in ROM order: KabuJumpInit, KabuJumpSpin, KabuJump, KabuJumpFall, KabuTeleportInit, KabuTeleportSpin, KabuTeleport, sub_0807f6a8, KabuTeleportState2, KabuSlideInit (+71 more)"
enemy_80b70,enemy_starman_poppy_bros_jr,enemy.h 70/70,,"two families in ROM order: Starman (42%) and Poppy Bros. Jr. (30%); the Hot Head flame belongs to Hot Head (src/enemy_kabu.c); defines 70 functions, 5448 code bytes, in ROM order: HotHeadStartFall, HotHeadLand, HotHeadBounceOffWall, HotHeadEnterWater, Task_HotHeadFlame, Task_Starman, StarmanAmbushInit, StarmanAmbushWalk, sub_08080f34, sub_08080fa4 (+60 more)"
enemy_820b8,enemy_poppy_bros_jr_wheelie,enemy.h 49/49,,"two families in ROM order: Poppy Bros. Jr.'s rider and dropped objects (44%) and Wheelie (48%); defines 49 functions, 3504 code bytes, in ROM order: PoppyBrosJrRideInit, PoppyBrosJrRide, PoppyBrosJrDroppedObjectInit, PoppyBrosJrDroppedObjectState0, PoppyBrosJrRideIdleInit, PoppyBrosJrRideIdle, sub_08082548, PoppyBrosJrRiderHop, PoppyBrosJrRiderStartFall, PoppyBrosJrRiderLand (+39 more)"
enemy_82e68,enemy_flamer,enemy.h 48/48,,"one family: Flamer (67%); also the Hot Head fire and the Sir Kibble cutter, companions of families named elsewhere; defines 48 functions, 5724 code bytes, in ROM order: FlamerInit, FlamerState0, FlamerCrawl, FlamerFall, FlamerState3, FlamerState4, FlamerState5, FlamerState6, FlamerIdleInit, FlamerIdle (+38 more)"
enemy_844c4,enemy_noddy,enemy.h 25/25,,"one family: Noddy; defines 25 functions, 2128 code bytes, in ROM order: NoddyInit, NoddyWalk, NoddyState5, NoddyFallAsleep, NoddySleep, NoddyWakeUp, NoddySleepFall, NoddyAsleep, Task_NoddyBubble, NoddyLand (+15 more)"
enemy_84d14,enemy_waddle_doo,enemy.h 52/52,,"dominant of three families: Waddle Doo (41%); also Chilly (36%) and Parasol; defines 52 functions, 5092 code bytes, in ROM order: ChillyInit, ChillyState0, ChillyWait, ChillySlide, ChillyState3, ChillyFall, ChillyIdle, ChillyLand, ChillyStartFall, ChillyEnterWater (+42 more)"
enemy_860f8,enemy_bronto_burt_twizzy,enemy.h 81/81,,"two families in ROM order: Bronto Burt (44%) and Twizzy (48%); defines 81 functions, 7944 code bytes, in ROM order: BrontoBurtWaveInit, BrontoBurtWave, BrontoBurtWeaveInit, BrontoBurtWeave, sub_08086444, BrontoBurtSwoopInit, BrontoBurtSwoop, BrontoBurtDiagonalInit, BrontoBurtDiagonal, BrontoBurtChaseInit (+71 more)"
enemy_88000,enemy_slippy,enemy.h 137/137,,"dominant of three families: Slippy (32%); also Squishy and Bubbles (and the end of Twizzy, the head of Glunk); defines 137 functions, 10856 code bytes, in ROM order: sub_08088054, sub_080880fc, TwizzyHopToChaseJump, TwizzyHopToChaseWaitShort, TwizzyHopToChaseWaitLong, TwizzyHopToChaseTakeOff, TwizzyHopToChaseFall, TwizzyHoverInit, TwizzyHover, TwizzyIdle (+127 more)"
enemy_8aa68,enemy_blipper_gip,enemy.h 79/79,,"two families in ROM order: Blipper (with its sub_ states, 56%) and Gip (40%); defines 79 functions, 8832 code bytes, in ROM order: Task_Blipper, BlipperChaseInit, BlipperChase, sub_0808abf4, sub_0808acdc, sub_0808ad20, BlipperWaveInit, BlipperWave, sub_0808aeec, sub_0808af34 (+69 more)"
enemy_8cce8,enemy_broom_hatter,enemy.h 53/53,,"dominant family: Broom Hatter (with its sub_ states, 62%); also the companions Task_ChillyFreezeSparkle, Task_WaddleDooBeam, Task_GlunkShot, Task_GipStar and the head of Laser Ball; defines 53 functions, 5916 code bytes, in ROM order: Task_ChillyFreezeSparkle, Task_WaddleDooBeam, WaddleDooBeamHitTerrain, Task_GlunkShot, GlunkShotHitCeiling, Task_GipStar, BroomHatterStartFall, BroomHatterLand, BroomHatterEnterWater, BroomHatterStopAtSlope (+43 more)"
enemy_8e404,enemy_shotzo,enemy.h 56/56,,"dominant of three families: Shotzo (46%); also Laser Ball and Coconut; defines 56 functions, 4120 code bytes, in ROM order: LaserBallInit, LaserBallApproach, LaserBallHover, LaserBallShoot, LaserBallRetreat, LaserBallIdleInit, LaserBallIdle, CoconutLand, CoconutEnterWater, Task_Coconut (+46 more)"
enemy_8f41c,enemy_shotzo_coner,enemy.h 49/49,,"two families in ROM order: Shotzo (with Parasol Shotzo and the cannonball, 44% of Shotzo's bytes: a near-even split with src/enemy_shotzo.c) and Coner (22%); also the Laser Ball laser; defines 49 functions, 3056 code bytes, in ROM order: ShotzoAimShoot, ShotzoAimFall, ShotzoFixedState0, ShotzoFixedShoot, ShotzoFixedFall, ParasolShotzoAim, ParasolShotzoShoot, ParasolShotzoState2, ShotzoIdleInit, ShotzoIdle (+39 more)"
enemy_9000c,enemy_bonkers,enemy.h 35/35,,"one family: Bonkers; defines 35 functions, 4400 code bytes, in ROM order: Task_Bonkers, BonkersInit, BonkersIntro, BonkersWalk, BonkersJump, BonkersHop, BonkersDash, BonkersThrow, BonkersSlam, BonkersJumpSlam (+25 more)"
enemy_9113c,enemy_poppy_bros_sr,enemy.h 28/28,,"one family: Poppy Bros. Sr.; defines 28 functions, 3680 code bytes, in ROM order: PoppyBrosSrInit, PoppyBrosSrIntro, PoppyBrosSrHop1, PoppyBrosSrJumpThrow, PoppyBrosSrHop2, PoppyBrosSrHop3, PoppyBrosSrHop4, PoppyBrosSrDefeat, PoppyBrosSrHopBackAndForth, sub_08091a30 (+18 more)"
enemy_91f9c,enemy_bugzzy,enemy.h 58/58,,"one family: Bugzzy (83%); also the Poppy Bros. Sr. bomb and the Bonkers nut, companions of families named elsewhere; defines 58 functions, 8136 code bytes, in ROM order: BugzzyInit, BugzzyIntro, BugzzyWalk, BugzzySummon, BugzzyCharge, BugzzyFlyUp, BugzzyFlyForward, BugzzyJump, BugzzyHop, BugzzyFall (+48 more)"
enemy_93f64,enemy_grand_wheelie,enemy.h 50/50,,"one family: Grand Wheelie (89%); defines 50 functions, 6232 code bytes, in ROM order: Task_BugzzyLadybug, BugzzyLadybugInit, BugzzyLadybugFlight, BugzzyLadybugSetVelocity, Task_GrandWheelie, GrandWheelieInit, sub_080942b4, GrandWheelieUpdateAttackBoxes, GrandWheelieFall, GrandWheelieShowHpBar (+40 more)"
enemy_957bc,enemy_fire_lion,enemy.h 47/47,,"one family: Fire Lion; defines 47 functions, 6408 code bytes, in ROM order: Task_FireLion, sub_08095834, FireLionDropIn, FireLionShowHpBar, FireLionWait, sub_08095ad0, FireLionHop, FireLionLunge, FireLionLungeOnce, FireLionLungeWindUp (+37 more)"
enemy_970c4,enemy_fire_lion_flame,enemy.h 1/1,,"one function, a part of a family named elsewhere: Task_FireLionFlame (Fire Lion is src/enemy_fire_lion.c); defines 1 functions, 1028 code bytes, in ROM order: Task_FireLionFlame"
enemy_974c8,enemy_phan_phan,enemy.h 50/50,,"one family: Phan Phan (83%); also the Grand Wheelie mini-Wheelie; defines 50 functions, 5168 code bytes, in ROM order: Task_PhanPhan, sub_08097580, sub_080975c8, PhanPhanDropIn, sub_0809773c, sub_0809780c, PhanPhanHopBackward, PhanPhanHopForward, PhanPhanHop, PhanPhanCharge (+40 more)"
enemy_988f8,enemy_mr_frosty,enemy.h 54/54,,"one family: Mr. Frosty; defines 54 functions, 4648 code bytes, in ROM order: MrFrostyLand, MrFrostyHitWall, MrFrostyReactToDefeat, MrFrostyReactToDamage, TaskFreeDustTrail, MrFrostyChooseNextState, sub_08098c54, MrFrostyPickToss, CreateMrFrostyIceCube, MrFrostyCheckNearIceCube (+44 more)"
enemy_99b20,enemy_mr_tick_tock,enemy.h 90/90,,"one family: Mr. Tick-Tock (86%); also the Mr. Frosty ice cube; defines 91 functions, 7972 code bytes, in ROM order: MrTickTockLand, MrTickTockHitWall, MrTickTockReactToDamage, MrTickTockReactToDefeat, MrTickTockCheckJumpLow, MrTickTockChooseNextState, CreateMrTickTockRing, CreateMrTickTockNote, MrTickTockIsFarFromPlayer, sub_08099fd0 (+81 more)"
enemy_9ba44,enemy_meta_knights,enemy.h 11/11,,"one family: the Meta-Knights (Task_MetaKnights, MetaKnightsUpdate, 73%); the head is the end of Mr. Tick-Tock's note; defines 11 functions, 1508 code bytes, in ROM order: MrTickTockNoteInit, MrTickTockNoteFlight, MrTickTockNoteVanish, Task_MetaKnights, MetaKnightsLoadGfx (+6 more)"
enemy_9c028,enemy_meta_knights_lineup,enemy.h 1/1,,"role its caller proves: sub_0809c028, the first call of Task_MetaKnights, loads the line-up record gUnk_08745CFC/gUnk_08745D4C by variant and player count and clears the queue indexes (unnamed.csv: 'Task_MetaKnights' set-up: loads the line-up record'); defines 1 functions, 128 code bytes, in ROM order: sub_0809c028"
enemy_9c0a8,enemy_axe_knight,enemy.h 19/19,,"one family whose most bytes are here: Axe Knight (61%); also MetaKnightsIntro and Task_MetaKnightsKnight (the Meta-Knights are src/enemy_meta_knights.c); defines 19 functions, 2792 code bytes, in ROM order: MetaKnightsIntro, Task_MetaKnightsKnight, sub_0809c490, AxeKnightFallInInit, AxeKnightWalk, AxeKnightAnimateWalk, AxeKnightSlash, AxeKnightThrow, AxeKnightCatchAxe, AxeKnightJumpThrow (+9 more)"
enemy_9cb90,enemy_axe_knight_slash_loop_update,enemy.h 1/1,,"one function, the tail of a family named elsewhere: AxeKnightSlashLoopUpdate (AxeKnightSlashLoop is in src/enemy_axe_knight.c); defines 1 functions, 148 code bytes, in ROM order: AxeKnightSlashLoopUpdate"
enemy_9cc24,enemy_javelin_knight,enemy.h 33/33,,"one family whose most bytes are here: Javelin Knight (60%); also Axe Knight's walk-ins and axe; defines 33 functions, 3440 code bytes, in ROM order: AxeKnightWalkInShortInit, AxeKnightWalkInLongInit, CreateAxeKnightAxe, Task_AxeKnightAxe, AxeKnightLand, AxeKnightHitWall, AxeKnightHitCeiling, sub_0809d13c, JavelinKnightDraw, JavelinKnightInit (+23 more)"
enemy_9d994,enemy_javelin_knight_overlay,enemy.h 1/1,,"one function, a part of a family named elsewhere: JavelinKnightDrawOverlay; defines 1 functions, 136 code bytes, in ROM order: JavelinKnightDrawOverlay"
enemy_9da1c,enemy_mace_knight_trident_knight,enemy.h 55/55,,"two families in ROM order: Mace Knight (with its mace, 46%) and Trident Knight (42%); defines 55 functions, 6360 code bytes, in ROM order: Task_JavelinKnightJavelin, JavelinKnightLand, JavelinKnightHitWall, JavelinKnightHitCeiling, sub_0809dc7c, MaceKnightStand, MaceKnightWalkInit, MaceKnightWalk, MaceKnightThrow, MaceKnightSwing (+45 more)"
enemy_9f2f4,enemy_trident_knight_overlay,enemy.h 1/1,,"one function, a part of a family named elsewhere: TridentKnightDrawOverlay; defines 1 functions, 136 code bytes, in ROM order: TridentKnightDrawOverlay"
enemy_9f37c,enemy_meta_knights_knight,enemy.h 23/23,,"dominant family: the Meta-Knights' knight (MetaKnightsKnight*, 47%); also the end of the Trident Knight; defines 23 functions, 1632 code bytes, in ROM order: Task_TridentKnightTrident, TridentKnightTridentVariant0, TridentKnightTridentVariant1, TridentKnightTridentVariant2, TridentKnightTridentVariant3, TridentKnightTridentVariant4, TridentKnightLand, TridentKnightHitWall, TridentKnightHitCeiling, MetaKnightsKnightQueueDelay (+13 more)"
enemy_9f9dc,enemy_meta_knights_knight_palette,enemy.h 2/2,,"one family, a part of the Meta-Knights' knight: MetaKnightsKnightFlashPalette, MetaKnightsKnightRestorePalette; defines 2 functions, 500 code bytes, in ROM order: MetaKnightsKnightFlashPalette, MetaKnightsKnightRestorePalette"
enemy_9fbd0,enemy_king_dedede_damage,enemy.h 11/11,,"a part of King Dedede (src/enemy_king_dedede.c holds most of him), named by its largest piece: Task_KingDedede, KingDededeReactToDamage (36%), KingDededeReactToDefeat, the hit stun; defines 11 functions, 1308 code bytes, in ROM order: MetaKnightsLockPlayers, MetaKnightsUnlockPlayers, Task_KingDedede, sub_0809fca4, KingDededeStartHitStun, KingDededeEndHitStun, KingDededeReactToDefeat, KingDededeReactToDamage, sub_0809ffec, CreateKingDededeStar (+1 more)"
enemy_a00ec,enemy_king_dedede_inhale_particles,enemy.h 1/1,,"role its caller proves: sub_080a00ec, called only by KingDededeInhaleUpdate while he inhales, steps and draws three particles drawn back toward him (unnamed.csv: 'KingDededeInhaleUpdate's particle step'); defines 1 functions, 392 code bytes, in ROM order: sub_080a00ec"
enemy_a0274,enemy_king_dedede,enemy.h 45/45,,"one family: King Dedede (97%); defines 45 functions, 4892 code bytes, in ROM order: CreateKingDededeLandingStar, CreateKingDededeAirPuff, KingDededeCreateImpactStars, KingDededeStartWalk, KingDededePickSlamKind, KingDededeAimHighJump, KingDededeLand, KingDededeHitWall, KingDededeHitCeiling, sub_080a05c8 (+35 more)"
enemy_a1590,enemy_mr_shine_and_mr_bright,enemy.h 225/225,,"one family: Mr. Shine and Mr. Bright (MrShineAndMrBright*, MrShine*, MrBright*, 78%); also the end of King Dedede's defeat; defines 226 functions, 16564 code bytes, in ROM order: KingDededeDefeatedFall, KingDededeDefeatHook, KingDededeDefeatedLockPlayers, KingDededeDefeatedHoldBackPlayer, sub_080a1704, KingDededeDefeatedCheckHoldBackPlayer, KingDededeDefeatedCheckPlayers, KingDededeDefeatedCheckWaitEnd, KingDededeDefeatedStartHoldBack, KingDededeDefeatedHoldBack (+216 more)"
enemy_a5644,enemy_meta_knight,enemy.h 73/73,,"one family: the boss Meta Knight (MetaKnightInit, MetaKnightUpdate, MetaKnightIntro, MetaKnightFollow ..., 86%); defines 73 functions, 8796 code bytes, in ROM order: MetaKnightInit, MetaKnightIntro, MetaKnightFollow, MetaKnightStartFollowAhead, MetaKnightStartFollowOtherSide, MetaKnightExtendFollow, MetaKnightStartFollowBack, MetaKnightApproach, MetaKnightRun, MetaKnightJumpLow (+63 more)"
enemy_a78a0,enemy_meta_knight_sword_hit_box,enemy.h 1/1,,"one function, a part of the boss Meta Knight: MetaKnightSwordHitBoxUpdate; defines 1 functions, 248 code bytes, in ROM order: MetaKnightSwordHitBoxUpdate"
enemy_a7998,enemy_kracko_jr,enemy.h 12/12,,"one family whose most bytes are here: Kracko Jr. (KrackoJr*, 71%); also the boss Meta Knight's cape, mask and sparkle; defines 12 functions, 3188 code bytes, in ROM order: Task_MetaKnightCape, Task_MetaKnightMask, Task_MetaKnightMaskHalf, Task_MetaKnightSparkle, MetaKnightDefeatHook, Task_Kracko, KrackoJrInit, KrackoJrState0, KrackoJrTransform (+3 more)"
enemy_a860c,enemy_kracko_jr_transform_update,enemy.h 1/1,,"one function, the tail of a family named elsewhere: KrackoJrTransformUpdate (KrackoJrTransform is in src/enemy_kracko_jr.c); defines 1 functions, 444 code bytes, in ROM order: KrackoJrTransformUpdate"
enemy_a87c8,enemy_kracko,enemy.h 17/17,,"one family: Kracko; defines 17 functions, 2916 code bytes, in ROM order: KrackoInit, KrackoIntro, KrackoPickMove, KrackoWait, KrackoCross, KrackoLightningSweep, KrackoSummon, KrackoSwoop (+9 more)"
enemy_a932c,enemy_kracko_jr_clamp_to_view,enemy.h 1/1,,"one function, a part of Kracko Jr.: KrackoJrClampToView; defines 1 functions, 192 code bytes, in ROM order: KrackoJrClampToView"
enemy_a93ec,enemy_kracko_cloud_lightning,enemy.h 26/26,,"dominant theme among the continued Kracko families: Kracko's cloud and lightning (Task_KrackoCloud, Task_KrackoLightningTop/Middle/Bottom, 32%); also Kracko Jr.'s steering and orbs and the head of the Nightmare Wizard's draws; defines 26 functions, 3916 code bytes, in ROM order: KrackoJrIsPlayerAbove, sub_080a9434, KrackoJrPickMoveAxis, KrackoJrTrySwitchMoveAxis, sub_080a96a4, KrackoJrSteerTowardPlayer, KrackoLookAtNearestPlayer, KrackoReactToDamage, KrackoReactToDefeat, KrackoDropStarRodPiece (+16 more)"
enemy_aa338,enemy_nightmare_wizard_heavy_mole,enemy.h 123/123,,"two families in ROM order: the Nightmare Wizard (57%) and Heavy Mole (Task_HeavyMole and its states, 20%: 48% of Heavy Mole's bytes, a near-even split with src/enemy_nightmare_power_orb.c, which holds its arm); also Task_PaintRoller (8%); defines 123 functions, 16516 code bytes, in ROM order: NightmareWizardInit, NightmareWizardIntro, NightmareWizardWait, NightmareWizardTeleportEnd, NightmareWizardTeleportStart, NightmareWizardState4, NightmareWizardPoint, NightmareWizardOpenPalm, NightmareWizardOpenCloak, NightmareWizardTwist (+113 more)"
enemy_ae3bc,enemy_nightmare_power_orb,enemy.h 135/135,,"dominant of three families: the Nightmare Power Orb (50%); also Heavy Mole's arm (the rest of Heavy Mole is src/enemy_nightmare_wizard_heavy_mole.c), Paint Roller's painting, and Task_WhispyWoods (11%; Whispy Woods' apples, air puffs and leaves are src/actor_whispy_woods_items.c); defines 135 functions, 19500 code bytes, in ROM order: Task_NightmarePowerOrb, sub_080ae4c4, NightmarePowerOrbHover, NightmarePowerOrbFigureEight, NightmarePowerOrbShootFourStars, NightmarePowerOrbShoot, NightmarePowerOrbShootStar, NightmarePowerOrbDash, NightmarePowerOrbReturnDown, NightmarePowerOrbReturnUp (+125 more)"
hud_b2fe8,actor_whispy_woods_items,hud.h 91/91,"hud.h declares it, but it holds no HUD code: the item tasks (Task_OneUp, Task_MaximTomato, Task_InvincibleCandy, Task_EnergyDrink, Task_AbilityStar, Task_StarRodPiece) and Whispy Woods' apples, air puffs and leaves, actor tasks (actor.h's subject)","two themes in ROM order: Whispy Woods' objects (Task_WhispyWoodsApple, Task_WhispyWoodsAirPuff, Task_WhispyWoodsLeaves, 45%) and the items (the pickups Task_OneUp, Task_MaximTomato, Task_InvincibleCandy, Task_EnergyDrink, Task_AbilityStar, Task_StarRodPiece); defines 91 functions, 7872 code bytes, in ROM order: sub_080b2fe8, WhispyWoodsAppleAdvanceRollFrame, Task_WhispyWoodsApple, WhispyWoodsAppleInit, WhispyWoodsAppleFall, WhispyWoodsAppleBounce1, WhispyWoodsAppleBounce2, WhispyWoodsAppleBounce3, Task_WhispyWoodsAirPuff, WhispyWoodsAirPuffInit (+81 more)"
hud_b4ea8,room_object_gfx,hud.h 1/1,"hud.h declares it, but LoadRoomObjectGfx loads the room's object graphics, the room builder's work (room.h's subject)","one function: LoadRoomObjectGfx; defines 1 functions, 380 code bytes, in ROM order: LoadRoomObjectGfx"
hud_b5024,room_spawn_objects,hud.h 8/8,"hud.h declares it, but its functions spawn and track the room's objects (SpawnRoomObjectsOnLoad, SpawnRoomObject, ReleaseRoomObject, MarkRoomObjectUsed), the room builder's work (room.h's subject)","one family: spawning the room's objects (SpawnRoomObjectsOnLoad, SpawnRoomObject, ReleaseRoomObject, MarkRoomObjectUsed, TransferRoomObject, 83%); also the OBJ tile/palette allocators; defines 9 functions, 1612 code bytes, in ROM order: SpawnRoomObjectsOnLoad, SpawnRoomObject, ReleaseRoomObject, MarkRoomObjectUsed, TransferRoomObject, sub_080b5558, AllocObjTilesAndPalettes, AllocObjTiles, AllocObjPalettes"
hud_b5670,room_enemy_gfx,none 0/0,"no header declares LoadRoomEnemyGfx (per-file prototypes, lessons 3.428/3.517); room_ as the room-object loaders around it (room_object_gfx, room_spawn_objects, room_gfx_spawns)","one function: LoadRoomEnemyGfx; defines 1 functions, 464 code bytes, in ROM order: LoadRoomEnemyGfx"
hud_b5840,room_gfx_spawns,hud.h 2/2,"hud.h declares it, but its functions load the room's boss and stage-object graphics and spawn the room's enemies and map events (LoadRoomMidBossGfx, LoadRoomBossGfx, LoadRoomStageObjectGfx, SpawnRoomEnemy, SpawnRoomMapEvent), the room builder's work (room.h's subject)","two themes: the room's graphics loads (LoadRoomMidBossGfx, LoadRoomBossGfx, LoadRoomMetaKnightsGfx, LoadRoomStageObjectGfx, 40%) and its spawns (SpawnRoomEnemy, SpawnRoomMapEvent, 48%); also UpdateHBlankScroll; defines 8 functions, 2324 code bytes, in ROM order: LoadRoomMidBossGfx, LoadRoomBossGfx, LoadRoomMetaKnightsGfx, LoadRoomStageObjectGfx, SpawnRoomEnemy, SpawnRoomMapEvent, HBlankScrollVBlankCallback, UpdateHBlankScroll"
save_b6154,main_hblank_bands_in_blend,save.h 1/1,"save.h declares it, but it holds no save code: sub_080b6154 is HBlank scroll effect 0 of gHBlankScrollEffects (the 8-line bands slide BG1 in while BLDALPHA blends it in; only MenuSetupFileMenu starts it), an interrupt-driven display effect, main.h's subject (interrupts, display shadows, fades)","role its code and caller prove (HBlank scroll effect 0): the 8-line bands slide BG1 in while BLDALPHA blends it in; only MenuSetupFileMenu starts it (unnamed.csv); defines 1 functions, 316 code bytes, in ROM order: sub_080b6154"
save_b6290,main_hblank_bands_out_blend,save.h 1/1,"save.h declares it, but it holds no save code: sub_080b6290 is HBlank scroll effect 1 of gHBlankScrollEffects (the bands slide BG1 out while it blends out, then BG1 goes off; the file menu's exits start it), an interrupt-driven display effect, main.h's subject (interrupts, display shadows, fades)","role its code and callers prove (HBlank scroll effect 1): the bands slide BG1 out while it blends out, then BG1 goes off; the file menu's exits start it; defines 1 functions, 276 code bytes, in ROM order: sub_080b6290"
save_b63a4,main_hblank_bands_out,save.h 1/1,"save.h declares it, but it holds no save code: sub_080b63a4 is HBlank scroll effect 2 of gHBlankScrollEffects (the bands slide BG1 out, no blend; only MenuEnterModeList starts it), an interrupt-driven display effect, main.h's subject (interrupts, display shadows, fades)","role its code and caller prove (HBlank scroll effect 2): the bands slide BG1 out with no blend, the top and bottom lines still; only MenuEnterModeList starts it; defines 1 functions, 208 code bytes, in ROM order: sub_080b63a4"
save_b6474,main_hblank_bands_in_link_play,save.h 3/3,"save.h declares it, but it holds no save code: its functions are HBlank scroll effects 3-7 of gHBlankScrollEffects (sub_080b6474: the bands slide BG1 in; sub_080b6570/sub_080b67dc: entering and leaving the link-play screen), an interrupt-driven display effect, main.h's subject (interrupts, display shadows, fades)","role its code and callers prove (HBlank scroll effects 3-7): sub_080b6474 slides the bands in (back to the file menu); sub_080b6570 and sub_080b67dc (84%) run only when entering and leaving the link-play screen; defines 3 functions, 1564 code bytes, in ROM order: sub_080b6474, sub_080b6570, sub_080b67dc"
save_b6a90,main_room_hblank_scroll,save.h 1/1,"save.h declares it, but it holds no save code: UpdateRoomHBlankScroll is the rooms' HBlank scroll driver (runs gHBlankScrollEffects[gHBlankScrollEffect], points the HBlank DMA at gHBlankScrollDmaTable, installs HBlankScrollVBlankCallback), an interrupt-driven display effect, main.h's subject (interrupts, display shadows, fades)","one function: UpdateRoomHBlankScroll, the rooms' HBlank scroll driver; defines 1 functions, 120 code bytes, in ROM order: UpdateRoomHBlankScroll"
save_b6b08,main_hblank_row_scroll,save.h 1/1,"save.h declares it, but it holds no save code: sub_080b6b08 is HBlank scroll effect 8 of gHBlankScrollEffects (each 8-line BG row scrolls at its own speed from gUnk_087561CC; the Star Rod flight room), an interrupt-driven display effect, main.h's subject (interrupts, display shadows, fades)","role its code and caller prove (HBlank scroll effect 8): each 8-line BG row scrolls at its own speed (gUnk_087561CC, a ramp, not a sine); only the Star Rod flight room starts it; defines 1 functions, 312 code bytes, in ROM order: sub_080b6b08"
save_b6c40,main_hblank_uniform_scroll,save.h 1/1,"save.h declares it, but it holds no save code: sub_080b6c40 is HBlank scroll effect 9 of gHBlankScrollEffects (every line scrolls together, 4 px a frame; RoomDef setup kind 5), an interrupt-driven display effect, main.h's subject (interrupts, display shadows, fades)","role its code and caller prove (HBlank scroll effect 9): every line scrolls together, 4 px a frame; only RoomDef setup kind 5 starts it; defines 1 functions, 196 code bytes, in ROM order: sub_080b6c40"
save_b6d04,main_hblank_row_scroll_reverse,save.h 1/1,"save.h declares it, but it holds no save code: sub_080b6d04 is HBlank scroll effect 10 of gHBlankScrollEffects (effect 8's row scroll run the other way; the ending room), an interrupt-driven display effect, main.h's subject (interrupts, display shadows, fades)","role its code and caller prove (HBlank scroll effect 10): effect 8's row scroll run the other way (512 - t); only the ending room starts it; defines 1 functions, 320 code bytes, in ROM order: sub_080b6d04"
save_b6e44,main_hblank_scroll,save.h 8/8,"save.h declares it, but it holds no save code: its functions are the HBlank scroll controls (ResetHBlankScroll, StopHBlankScroll, StartHBlankScroll, StartRoomHBlankScroll, HoldHBlankScroll, SuspendHBlankScroll, RestoreRoomHBlankScroll, ResumeHBlankScroll), an interrupt-driven display effect, main.h's subject (interrupts, display shadows, fades)","one family: the HBlank scroll controls (Reset, Stop, Start, StartRoom, Hold, Suspend, RestoreRoom, ResumeHBlankScroll); defines 8 functions, 244 code bytes, in ROM order: ResetHBlankScroll, StopHBlankScroll, StartHBlankScroll, StartRoomHBlankScroll, HoldHBlankScroll, SuspendHBlankScroll, RestoreRoomHBlankScroll, ResumeHBlankScroll"
save_b6f38,save_input_recorder_start,save.h 1/1,,"one function: InputRecorderStart; defines 1 functions, 900 code bytes, in ROM order: InputRecorderStart"
save_b72bc,save_input_recorder_restore,save.h 1/1,,"one function: InputRecorderRestoreState; defines 1 functions, 744 code bytes, in ROM order: InputRecorderRestoreState"
save_b75a4,save_input_recorder_frame,save.h 2/2,,"one family: the input recorder's frame step (InputRecorderRecordFrame, InputRecorderPlayFrame); defines 2 functions, 560 code bytes, in ROM order: InputRecorderRecordFrame, InputRecorderPlayFrame"
save_b77d4,save_init_slots,save.h 5/5,,"dominant family: the save slots' set-up (InitSaveSlots, SelectLatestSaveSlot, ReadSaveSlot, InitNewSaveFile); also InputRecorderUpdate; defines 5 functions, 484 code bytes, in ROM order: InitSaveSlots, SelectLatestSaveSlot, ReadSaveSlot, InitNewSaveFile (+1 more)"
save_b79b8,save_completion_percent,save.h 1/1,,"one function: CalcCompletionPercent; defines 1 functions, 228 code bytes, in ROM order: CalcCompletionPercent"
save_b7a9c,save_write_slot,save.h 9/9,,"dominant family: writing the save slots (WriteSaveSlot, WriteSramSignature, WriteNewSaveFile, SaveProgress, the best-time saves, EraseSaveSlot, ClearSaveSlot); defines 9 functions, 856 code bytes, in ROM order: WriteSaveSlot, WriteSramSignature, WriteNewSaveFile, SaveProgress, SaveMetaKnightmareBestTime, SaveBossEnduranceBestTime, EraseSaveSlot, ClearSaveSlot, CalcSaveSlotChecksum"
save_b7df4,save_slot_checksum,save.h 1/1,,"one function: UpdateSaveSlotChecksum; defines 1 functions, 32 code bytes, in ROM order: UpdateSaveSlotChecksum"
save_b7e14,save_store_progress,save.h 10/10,,"shared theme: the progress in the save slots (StoreProgressInSaveSlot, StoreProgressInBothHalves, LoadSaveSlot, ResetLevelProgress, ResetProgress, CheckNewMilestones, the link copies); defines 11 functions, 2176 code bytes, in ROM order: StoreProgressInSaveSlot, StoreProgressInBothHalves, LoadSaveSlot, ResetLevelProgress, ResetProgress, CheckNewMilestones, ReadInputRecording, WriteInputRecording, WriteInputRecordingEntry, CopySaveSlotToLinkSlot (+1 more)"
save_b8694,save_receive_link_slots,save.h 1/1,,"one function: ReceiveLinkSaveSlots; defines 1 functions, 500 code bytes, in ROM order: ReceiveLinkSaveSlots"
save_b8888,save_exchange_link_slots,save.h 1/1,,"one function: ExchangeLinkSaveSlots; defines 1 functions, 144 code bytes, in ROM order: ExchangeLinkSaveSlots"
save_b8918,save_merge_link_slots,save.h 2/2,,"one family: MergeLinkSaveSlots, MergeProgressIntoSaveSlot; defines 2 functions, 1416 code bytes, in ROM order: MergeLinkSaveSlots, MergeProgressIntoSaveSlot"
save_b8ea0,player_life_request,save.h 52/52,"save.h declares it, but it holds the player's life request (PlayerLifeRequest*: asking a partner for a life in link play) and no save code, player.h's subject","one family: the player's life request (PlayerLifeRequest*); defines 52 functions, 3692 code bytes, in ROM order: PlayerLifeRequestClear, PlayerClearOwnLifeRequests, PlayerLifeRequestPickStartState, PlayerLifeRequestLoadGfx, PlayerLifeRequestOpenMenu, PlayerLifeRequestOpenGiverList, PlayerLifeRequestStartAsking, PlayerLifeRequestTakeLife, PlayerLifeRequestFinish, PlayerLifeRequestStartFail (+42 more)"
subgame_b9d0c,subgame,subgame.h 27/27,,"the sub-game framework, the only file that qualifies for subgame.c: SubGameMain, SubGameInit, SubGameRunScreen, SubGameSyncLink, SubGameCheckEnd (70%); also the head of Quick Draw; defines 27 functions, 2664 code bytes, in ROM order: SubGameReplay, SubGameQuit, SubGameInit, SubGameAnyPressedAOrStart, SubGameAnyPressedB, SubGameDimAndHalt, SubGameCheckEnd, SubGameLoadScreen, SubGameSetDisplayLayers, SubGameRunScreen (+17 more)"
subgame_ba774,subgame_quick_draw,subgame.h 55/55,,"a part of Quick Draw, its rounds: QuickDrawEndRound*, QuickDrawResetRound, QuickDrawAwardRound, QuickDrawUpdateRanking ...; defines 55 functions, 3508 code bytes, in ROM order: QuickDrawIsTimeUp, QuickDrawEndRoundTimeUp, QuickDrawEndRoundFalseStart, QuickDrawEndRoundWin, QuickDrawEndRoundTie, QuickDrawResetRound, CreateQuickDrawRedrawSign, CreateQuickDrawSlash, CreateQuickDrawBurst, QuickDrawUpdateRanking (+45 more)"
subgame_bb528,subgame_quick_draw_results,subgame.h 42/42,,"a part of Quick Draw, its results and menus: QuickDrawSetupResults, QuickDrawInitContinueMenu, QuickDrawInitLevelMenu, the bonus signs and rank labels; defines 42 functions, 2980 code bytes, in ROM order: QuickDrawSetupResults, QuickDrawInitContinueMenu, QuickDrawPlaySfxIfPlayer0, QuickDrawContinueMenuInput, QuickDrawInitLevelMenu, QuickDrawLevelMenuInput, CreateQuickDrawBonusSign, QuickDrawInitBonusSteps, QuickDrawCreateNextBonus, CreateQuickDrawBonus (+32 more)"
subgame_bc0cc,subgame_quick_draw_objects,subgame.h 70/70,,"a part of Quick Draw, its objects: Task_QuickDrawObject and its players, marks, tags and win counters; defines 70 functions, 6428 code bytes, in ROM order: Task_QuickDrawObject, QuickDrawPlayerSlideIn, QuickDrawPlayerStartSlideIn, QuickDrawPlacePlayer, QuickDrawPlacePlayerStrike, QuickDrawPlayerSetKnockBack, sub_080bc460, CreateQuickDrawFalseStartMark, CreateQuickDrawSweatDrop, CreateQuickDrawPlayerTag (+60 more)"
subgame_bd9e8,subgame_bomb_rally_main,subgame.h 2/2,,"a part of Bomb Rally, its entry: BombRallyInit, BombRallyMain; defines 2 functions, 68 code bytes, in ROM order: BombRallyInit, BombRallyMain"
subgame_bda2c,subgame_bomb_rally,subgame.h 56/56,,"Bomb Rally's body: its rounds, results and players (BombRallyRound*, BombRallyResults*, BombRallyPlayer*, Task_BombRallyObject); defines 57 functions, 8040 code bytes, in ROM order: BombRallyRound, BombRallyRoundPass, BombRallyRoundNext, BombRallyKnockOutTurnPlayer, BombRallyIsMatchOver, BombRallyInitSpeed, BombRallyRestartSpeed, CreateBombRallyBomb, CreateBombRallyBombSmoke, CreateBombRallyStarBurst (+47 more)"
subgame_bf994,subgame_bomb_rally_bomb,subgame.h 24/24,,"a part of Bomb Rally, dominant: its bomb (BombRallyBomb*, the pass and the scroll along it); also the CPU Bubbles' serve and throw; defines 24 functions, 5204 code bytes, in ROM order: BombRallyPlayerBubblesServe, BombRallyPlayerBubblesWait, BombRallyPlayerBubblesThrow, BombRallyBomb, BombRallyBombStart, BombRallyBombPass, BombRallyBombExplode, BombRallyBombPlaceAtSeat, BombRallyBombSetArcPos, BombRallyScrollToSeat (+14 more)"
subgame_c0de8,subgame_bomb_rally_star_burst,subgame.h 36/36,,"a part of Bomb Rally, dominant: its star burst's states (BombRallyStarBurstState*, 48%); also the start sign, the results players, the menu items and the head of Air Grind; defines 36 functions, 4628 code bytes, in ROM order: BombRallyStarBurstState0, BombRallyStarBurstState4, BombRallyStarBurstState5, BombRallyStarBurstState6, BombRallyStarBurstState7, sub_080c1114, BombRallyStarBurstState8, BombRallyStarBurstState9, BombRallyStarBurstState10, BombRallyStarBurstState11 (+26 more)"
subgame_c1ffc,subgame_air_grind,subgame.h 6/6,,"Air Grind's body on the sub-game task: AirGrindSetupRace, AirGrindRace and the creators of its racers, scenery and effects; defines 6 functions, 1088 code bytes, in ROM order: CreateAirGrindRacers, CreateAirGrindScenery, CreateAirGrindEffect, AirGrindSetupRace, AirGrindRace (+1 more)"
subgame_c243c,subgame_air_grind_results_sky,subgame.h 8/8,,"a part of Air Grind, two families in ROM order: AirGrindResults (77%) and AirGrindBuildSky with its VBlank callback (23%); defines 8 functions, 3004 code bytes, in ROM order: AirGrindResults, AirGrindResultsDraw, AirGrindResultsStep, AirGrindResultsDrawCursor, AirGrindResultsSetCursorBlend, AirGrindBuildSky, AirGrindSkyVBlankCallback (+1 more)"
subgame_c2ff8,subgame_air_grind_racer,subgame.h 5/5,,"a part of Air Grind: the racer's entry and update (AirGrindRacer, AirGrindRacerUpdate) and the CPU's choices; defines 5 functions, 1616 code bytes, in ROM order: Task_AirGrindObject, AirGrindRacer, AirGrindCpuRollTarget, AirGrindCpuHoldsA (+1 more)"
subgame_c3648,subgame_air_grind_racer_steps,subgame.h 10/10,,"a part of Air Grind: the racer's per-frame steps (AirGrindRacerRaceStep, IdleStep, TryBoost, UpdateDepth, UpdateScreenPos); defines 10 functions, 2300 code bytes, in ROM order: AirGrindRacerSlowDown, AirGrindScrollCourseTo, AirGrindRacerTryBoost, AirGrindUpdateEngineSound, AirGrindRacerUpdateDepth, AirGrindRacerRaceStep, AirGrindRacerIdleStep, AirGrindRacerUpdateScreenPos (+2 more)"
subgame_c3f44,subgame_air_grind_effects,subgame.h 9/9,,"a part of Air Grind: its effects (AirGrindEffect and the press, release, boost and penalty effect updates); defines 9 functions, 1772 code bytes, in ROM order: AirGrindEffect, AirGrindEffectFollowRacer, sub_080c4364, sub_080c44bc (+5 more)"
subgame_c4630,subgame_air_grind_scenery,subgame.h 20/20,,"a part of Air Grind, three near-equal themes: the scenery (AirGrindScenery, its body, 28%), the palette fades (25%) and the number draws (35%); named after the task body; defines 20 functions, 1752 code bytes, in ROM order: AirGrindDrawSceneryObject, AirGrindRollSceneryObject, AirGrindScenery, AirGrindShowCourseSign, AirGrindStepPaletteFades, AirGrindStopAllPaletteFades, AirGrindStartPaletteFade, AirGrindStopPaletteFade, AirGrindSetDigitPalette, AirGrindDrawDigit (+10 more)"
subgame_c4d08,subgame_air_grind_sprites,subgame.h 7/7,,"a part of Air Grind, dominant: its sprite drawing (AirGrindScaleSprite 43%, AirGrindRacerDraw, AirGrindEffectDrawOrFree, the sprite scripts); defines 7 functions, 1404 code bytes, in ROM order: AirGrindRacerDraw, AirGrindEffectDrawOrFree, AirGrindRacerMove, AirGrindScaleSprite, AirGrindClearScript, AirGrindStepScript, AirGrindStartScript"
subgame_c5284,subgame_air_grind_course,subgame.h 10/10,,"a part of Air Grind: its course (AirGrindLayOutCourse, AirGrindBuildCourse, AirGrindDrawCourse, the lane geometry); defines 10 functions, 4024 code bytes, in ROM order: AirGrindSin, AirGrindCalcLanePoint, AirGrindFindLaneSegment, AirGrindFindSegmentEnd, AirGrindCountSegmentBits, AirGrindCourseToLanePos, AirGrindLaneToCoursePos, AirGrindLayOutCourse, AirGrindBuildCourse, AirGrindDrawCourse"
subgame_c623c,subgame_air_grind_depth_scale,subgame.h 1/1,,"one function, a part of Air Grind: AirGrindGetDepthScale; defines 1 functions, 28 code bytes, in ROM order: AirGrindGetDepthScale"
sub_080c6258,subgame_air_grind_half_depth,subgame.h 1/1,,"role its caller proves: sub_080c6258 returns its argument halved and is called only by AirGrindScaleSprite, on the course depth it passes to AirGrindGetDepthScale (unnamed.csv: restates); defines 1 functions, 8 code bytes, in ROM order: sub_080c6258"
mode_c6260,ending_main,ending.h 5/5,,"one family: EndingMain and the two ending scenes it creates (EndingEpilogueScene, EndingStarRodReturnScene); defines 5 functions, 448 code bytes, in ROM order: EndingMain, EndingEpilogueScene, CreateEndingEpilogue, EndingStarRodReturnScene, CreateEndingStarRodReturn"
results_c6420,ending_final_results,ending.h 7/7,,"one family: the final results screen (FinalResultsScreen, DrawLargeClockScreen, ShowMilestonePicture*, DrawScoreToBgMap, DrawClockToBgMap); defines 7 functions, 2116 code bytes, in ROM order: FinalResultsScreen, DrawLargeClockScreen, ShowMilestonePicture, ShowMilestonePictureForMode, DrawScoreToBgMap, DrawClockToBgMap, CopyToBgMap"
ending_c6c64,ending_epilogue,ending.h 8/8,,"one family: the ending's epilogue (Task_EndingEpilogue, EndingEpilogueLoadGraphics, EndingEpilogueWarpStar and its effects); defines 8 functions, 4584 code bytes, in ROM order: Task_EndingEpilogue, EndingEpilogueLoadGraphics, CreateEndingEpilogueObjects, EndingEpilogueWarpStar, EndingEpilogueWarpStarDraw, CreateEndingEpilogueWarpStarEffects, EndingEpilogueWarpStarEffect, EndingEpilogueTrailStar"
ending_c7e4c,ending_epilogue_kirby,ending.h 12/12,,"dominant of the epilogue's objects: EndingEpilogueKirby (34%); also the Star Rod, King Dedede, the explosion, the camera and the story text; defines 12 functions, 4536 code bytes, in ROM order: EndingEpilogueKirby, EndingEpilogueKirbyDraw, CreateEndingEpilogueStarRod, EndingEpilogueStarRod, EndingEpilogueKingDedede, EndingEpilogueKingDededeDraw, EndingEpilogueExplosion, CreateEndingEpilogueExplosionSprites, EndingEpilogueExplosionSprite, EndingEpilogueCamera (+2 more)"
ending_c9004,ending_star_rod_return,ending.h 21/21,,"one family: the Star Rod's return (Task_EndingStarRodReturn and its Star Rod, warp star, Kirby, 81%); defines 21 functions, 6712 code bytes, in ROM order: Task_EndingStarRodReturn, EndingStarRodReturnLoadGraphics, CreateEndingStarRodReturnObjects, EndingStarRodReturnStarRod, EndingStarRodReturnStarRodDraw, EndingStarRodReturnWarpStar, EndingStarRodReturnWarpStarDraw, EndingStarRodReturnTrailStar, EndingStarRodReturnKirby, EndingStarRodReturnKirbyDraw (+11 more)"
boot_caa3c,boot_logo_init_objects,ending.h 1/1,"ending.h (the M38 sequences header) declares it, but BootLogoInitObjects is the boot logo's (boot_, the owner's extra prefix)","one function: BootLogoInitObjects; defines 1 functions, 124 code bytes, in ROM order: BootLogoInitObjects"
boot_caab8,boot_logo_update_objects,ending.h 1/1,"ending.h (the M38 sequences header) declares it, but BootLogoUpdateObjects is the boot logo's (boot_, the owner's extra prefix)","one function: BootLogoUpdateObjects; defines 1 functions, 568 code bytes, in ROM order: BootLogoUpdateObjects"
gameover_cacf0,game_over_screen,ending.h 13/13,"ending.h (the M38 sequences header) declares it, but its functions are the game-over screen (GameOverMain, GameOverScreen, GameOverMetaKnightmareScreen, GameOverBossEnduranceScreen) (game_over_, the owner's extra prefix)","one family: the game-over screen's state body and screens (GameOverMain, GameOverScreen, GameOverMetaKnightmareScreen, GameOverBossEnduranceScreen, the cursor and choice checks); defines 13 functions, 1636 code bytes, in ROM order: GameOverMain, GameOverScreen, GameOverMetaKnightmareScreen, GameOverShowClock, GameOverBossEnduranceScreen, GameOverMoveCursor, GameOverIsUpDownPressed, GameOverCheckConfirm, GameOverCheckTimeout, GameOverCheckChoice (+3 more)"
gameover_cb354,game_over_tasks,ending.h 8/8,"ending.h (the M38 sequences header) declares it, but its functions are the game-over screen's tasks (Task_GameOverSprite, Task_GameOverCursor, Task_GameOverPalette, Task_HalveScore) (game_over_, the owner's extra prefix)","shared theme: the game-over screen's tasks (Task_GameOverSprite, Task_GameOverCursor, Task_GameOverPalette, Task_HalveScore, Task_GameOverObject); defines 8 functions, 760 code bytes, in ROM order: Task_GameOverSprite, Task_GameOverCursor, Task_GameOverPalette, Task_HalveScore, Task_GameOverObject, GameOverPlayer (+2 more)"
gameover_cb64c,game_over_player,ending.h 6/6,"ending.h (the M38 sequences header) declares it, but its functions are the game-over screen's player (GameOverPlayerWait, GameOverPlayerContinue, GameOverPlayerGiveUp) (game_over_, the owner's extra prefix)","one family: GameOverPlayer (Wait, Continue, GiveUp); defines 6 functions, 2184 code bytes, in ROM order: GameOverPlayerWait, GameOverPlayerContinue, GameOverPlayerGiveUp (+3 more)"
gameover_cbed4,game_over_choice,ending.h 18/18,"ending.h (the M38 sequences header) declares it, but its functions are the game-over screen's choice (GameOverChoice*) (game_over_, the owner's extra prefix)","one family: GameOverChoice (96%); defines 18 functions, 3704 code bytes, in ROM order: GameOverChoice, CreateGameOverObject, GameOverPlayerShowChoice, sub_080cbfac, GameOverChoiceWait, GameOverChoiceMove, GameOverChoiceContinueStart, GameOverChoiceContinueEnd, GameOverChoiceGiveUpStart, GameOverChoiceGiveUpEnd (+8 more)"
gameover_ccd4c,game_over_objects,ending.h 10/10,"ending.h (the M38 sequences header) declares it, but its functions are the game-over screen's objects (variants 2-5 of Task_GameOverObject: sub_080ccd4c, sub_080ccec8, sub_080cd24c, GameOverKnockedOutPlayers) (game_over_, the owner's extra prefix)","one family: the other game-over objects (variants 2-5 of Task_GameOverObject: sub_080ccd4c, sub_080ccec8, sub_080cd24c, GameOverKnockedOutPlayers; their pictures have no proven words, unnamed.csv); defines 10 functions, 1508 code bytes, in ROM order: sub_080ccd4c, sub_080cce98, sub_080ccec8, sub_080ccf10, sub_080ccf2c, sub_080cd0c8, sub_080cd0cc, sub_080cd248, sub_080cd24c, GameOverKnockedOutPlayers"
credits_cd330,ending_credits,ending.h 5/5,,"one family: the credits (CreditsMain, CreditsLoadScene, CreditsInitText, CreditsStreamText, CreditsScrollText); defines 5 functions, 1388 code bytes, in ROM order: CreditsMain, CreditsLoadScene, CreditsInitText, CreditsStreamText, CreditsScrollText"
