vma,size,isa,evidence,name
0x080000C0,0x48,arm,prologue-scan,Start
0x08000108,0x108,arm,rom-pointer,MasterIsr
0x08000234,0x24,arm,prologue-scan,TaskSwitch
0x08000258,0x30,arm,prologue-scan,TaskYield
0x08000288,0x20,arm,prologue-scan,TaskExit
0x080002A8,0x40,arm,prologue-scan,sub_080002a8
0x08000310,0x3F0,thumb,rom-pointer,AgbInit
0x08000700,0x1E8,thumb,rom-pointer,sub_08000700
0x080008E8,0x4C,thumb,bl-target,BeginFade
0x08000934,0x4B0,thumb,bl-target,UpdateFade
0x08000DE4,0x2E8,thumb,bl-target,EndFrame
0x080010CC,0xE0,thumb,rom-pointer,VBlankIntr
0x080011AC,0x30,thumb,bl-target,CopyOamAndPalette
0x080011DC,0xA4,thumb,bl-target,ReadKeys
0x08001280,0x178,thumb,bl-target,FlushDisplayRegs
0x080013F8,0x68,thumb,bl-target,ProcessCopyQueue
0x08001460,0x28,thumb,curated,SetHBlankIntr
0x08001488,0x34,thumb,bl-target,ClearHBlankIntr
0x080014BC,0x2C,thumb,curated,SetVCountIntr
0x080014E8,0x30,thumb,bl-target,ClearVCountIntr
0x08001518,0x4,thumb,rom-pointer,IntrDummy
0x0800151C,0x44,thumb,curated,EnableForcedBlank
0x08001560,0x1C,thumb,curated,DisableForcedBlank
0x0800157C,0x268,thumb,bl-target,RequestCopyList
0x080017E4,0x228,thumb,bl-target,RequestCopy
0x08001A0C,0x28,thumb,bl-target,ResetOamShadow
0x08001A34,0x50,thumb,bl-target,ResetSpriteQueue
0x08001A84,0x10,thumb,bl-target,RunBuildOamInIwram
0x08001A94,0x74,thumb,bl-target,QueueSprite
0x08001B08,0x1C0,thumb,rom-pointer,BuildOam
0x08001CC8,0x308,thumb,bl-target,DrawAffineSprite
0x08001FD0,0x58,thumb,bl-target,ResetBgScroll
0x08002028,0x90,thumb,bl-target,ResetFadeAndBlend
0x080020B8,0x4C,thumb,bl-target,BeginFadeInFromWhite
0x08002104,0x48,thumb,curated,BeginFadeInFromBlack
0x0800214C,0x4C,thumb,bl-target,BeginFastFadeInFromWhite
0x08002198,0x44,thumb,bl-target,BeginFadeOutToWhite
0x080021DC,0x44,thumb,bl-target,BeginFastFadeOutToWhite
0x08002220,0x48,thumb,curated,BeginFadeOutToBlack
0x08002268,0x38,thumb,bl-target+rom-pointer,CheckWarmBoot
0x080022A0,0xC,thumb,bl-target,ClearWarmBoot
0x080022AC,0x10,thumb,bl-target,ResetTasksAndOam
0x080022BC,0x14,thumb,bl-target,ResetPlayTime
0x080022D0,0x14,thumb,bl-target,RunFrameNoTasks
0x080022E4,0x18,thumb,bl-target,RunFrame
0x080022FC,0x3C,thumb,bl-target,LinkStartKeyExchange
0x08002338,0x10,thumb,bl-target,LinkStopKeyExchange
0x08002348,0x10,thumb,bl-target,LinkStartRecordExchange
0x08002358,0x20,thumb,bl-target,LinkRequestSync
0x08002378,0x2F0,thumb,bl-target,LinkSyncRandom
0x08002668,0x2D4,thumb,bl-target,LinkSyncClock
0x0800293C,0x1C8,thumb,bl-target,DisconnectLink
0x08002B04,0x88,thumb,bl-target,FillSendCmd
0x08002B8C,0x18C,thumb,bl-target,UpdatePlayerKeys
0x08002D18,0x3C,thumb,bl-target,RunLinkFrame
0x08002D54,0x20,thumb,bl-target,RunFrames
0x08002D74,0x20,thumb,bl-target,RunFramesNoTasks
0x08002D94,0x20,thumb,bl-target,RunLinkFrames
0x08002DB4,0x2C,thumb,bl-target,RunFramesUntilFadeDone
0x08002DE0,0x2C,thumb,bl-target,RunFramesNoTasksUntilFadeDone
0x08002E0C,0x2C,thumb,bl-target,RunLinkFramesUntilFadeDone
0x08002E38,0x60,thumb,bl-target,ApplyBgLayout
0x08002E98,0x14,thumb,bl-target,CallTableEntry
0x08002EAC,0x14,thumb,bl-target,SeedRandom
0x08002EC0,0x28,thumb,bl-target,Random
0x08002EE8,0x2C,thumb,bl-target,RandomRange
0x08002F14,0x100,thumb,bl-target,IntToDigits
0x08003014,0xA4,thumb,bl-target,BlendColors
0x080030B8,0x58,thumb,curated,BlendColor
0x08003110,0x74,thumb,bl-target,PlayBgm
0x08003184,0x10,thumb,bl-target,ResetBgmPlayer
0x08003194,0x24,thumb,bl-target,GetCurrentBgm
0x080031B8,0x2CC,thumb,bl-target,PlaySfx
0x08003484,0x1C,thumb,bl-target,StopAllSound
0x080034A0,0x18,thumb,curated,PauseAllSound
0x080034B8,0x18,thumb,curated,ResumeAllSound
0x080034D0,0x20,thumb,bl-target,StopBgm
0x080034F0,0x74,thumb,bl-target,StopSfxOnPlayer
0x08003564,0x90,thumb,bl-target,StopSfx
0x080035F4,0x94,thumb,bl-target,StopOtherSfx
0x08003688,0x30,thumb,bl-target,StopAllSfx
0x080036B8,0x94,thumb,curated,PlayBgmFadeIn
0x0800374C,0x24,thumb,bl-target,FadeOutBgm
0x08003770,0x34,thumb,bl-target,SetBgmVolume
0x080037A4,0x54,thumb,curated,SetSfxVolume
0x080037F8,0x24,thumb,bl-target,FadeInSfx
0x0800381C,0x24,thumb,bl-target,FadeOutSfx
0x08003840,0x24,thumb,bl-target,DisableSoundDriver
0x08003864,0x24,thumb,bl-target,EnableSoundDriver
0x08003888,0xDC,thumb,bl-target,LinkSetupInit
0x08003964,0x9C,thumb,bl-target,LinkSetupStop
0x08003A00,0x34,thumb,bl-target,MultiBootSetParams
0x08003A34,0x64,thumb,bl-target,MultiBootInitWithParams
0x08003A98,0x20,thumb,bl-target,LinkSetupRequestStart
0x08003AB8,0x120,thumb,bl-target,LinkSetupDetect
0x08003BD8,0x1EC,thumb,bl-target,LinkSetupMultiCart
0x08003DC4,0x23C,thumb,bl-target,LinkSetupMultiBoot
0x08004000,0x68,thumb,bl-target,LinkSetupMain
0x08004068,0x2A0,thumb,rom-pointer,LinkSetupIntr
0x08004308,0x88,thumb,bl-target,LinkBroadcastWordStep
0x08004390,0x70,thumb,bl-target,LinkBlockAnnounce
0x08004400,0xB8,thumb,bl-target,LinkBlockHandshakeStep
0x080044B8,0x130,thumb,bl-target,LinkBlockStart
0x080045E8,0xB4,thumb,rom-pointer,LinkBlockParentIntr
0x0800469C,0x78,thumb,rom-pointer,LinkBlockChildIntr
0x08004714,0x20,thumb,bl-target,IsLinkBlockDone
0x08004734,0x234,thumb,bl-target,LinkBlockMain
0x08004968,0x1C,thumb,bl-target,MultiBootInit
0x08004984,0x3E8,thumb,bl-target,MultiBootMain
0x08004D6C,0x48,thumb,bl-target,MultiBootSend
0x08004DB4,0x24,thumb,bl-target,MultiBootStartProbe
0x08004DD8,0xC4,thumb,bl-target,MultiBootStartMaster
0x08004E9C,0x10,thumb,bl-target,MultiBootCheckComplete
0x08004EAC,0xEC,thumb,bl-target,MultiBootHandShake
0x08004F98,0x18,thumb,bl-target,MultiBootWaitCycles
0x08004FB0,0x3C,thumb,bl-target,MultiBootWaitSendDone
0x08004FEC,0x23C,thumb,bl-target,InitTasks
0x08005228,0x388,thumb,bl-target,RunTasks
0x080055B0,0x14,thumb,bl-target,TaskSetSkipMask
0x080055C4,0x54,thumb,bl-target,TaskSetOthersSkipMask
0x08005618,0x3C,thumb,curated,TaskSetAllSkipMask
0x08005654,0x148,thumb,bl-target+rom-pointer,TaskFree
0x0800579C,0x148,thumb,bl-target,TaskCreate
0x080058E4,0x20,thumb,bl-target,TaskCreateFrom
0x08005904,0x50,thumb,bl-target,TaskCreateInRange
0x08005954,0x4C,thumb,bl-target,TaskClampVelocity
0x080059A0,0x38,thumb,bl-target,TaskIntegrateMotion
0x080059D8,0x24,thumb,rom-pointer,TaskMove
0x080059FC,0x78,thumb,rom-pointer,TaskMoveRelativeToParent
0x08005A74,0x1C,thumb,rom-pointer,TaskUpdatePixelPos
0x08005A90,0x3C,thumb,rom-pointer,TaskMoveRelativeToBg3
0x08005ACC,0x54,thumb,bl-target,TaskIsOnScreen
0x08005B20,0xA4,thumb,curated,TaskLoadFrameTilesAndPalette
0x08005BC4,0x88,thumb,bl-target,TaskLoadFrameTiles
0x08005C4C,0x54,thumb,bl-target,TaskIsInView
0x08005CA0,0x78,thumb,rom-pointer,TaskDrawScreen
0x08005D18,0x84,thumb,rom-pointer,TaskDrawScreenOrFree
0x08005D9C,0x80,thumb,bl-target+rom-pointer,TaskDrawWorld
0x08005E1C,0x8C,thumb,curated,TaskDrawWorldOrFree
0x08005EA8,0x88,thumb,rom-pointer,TaskDrawWorldInView
0x08005F30,0x98,thumb,rom-pointer,TaskDrawWorldInViewOrFree
0x08005FC8,0x78,thumb,rom-pointer,TaskDrawWorldLoadTiles
0x08006040,0x80,thumb,rom-pointer,TaskDrawWorldTilesLoaded
0x080060C0,0x78,thumb,rom-pointer,sub_080060c0
0x08006138,0x10,thumb,bl-target,TaskSleepForever
0x08006148,0x34,thumb,bl-target,TaskSetEntry
0x0800617C,0x2C,thumb,bl-target,TaskSetFrameByFacing
0x080061A8,0x18,thumb,bl-target,TaskSetMotionX
0x080061C0,0x54,thumb,bl-target,TaskSetMotionXFacing
0x08006214,0x18,thumb,bl-target,TaskStopX
0x0800622C,0x18,thumb,bl-target,TaskSetMotionY
0x08006244,0x18,thumb,bl-target,TaskStopY
0x0800625C,0x68,thumb,bl-target,TaskSetMotion
0x080062C4,0x1C,thumb,bl-target,TaskStop
0x080062E0,0x24,thumb,bl-target,TaskStopSlot
0x08006304,0x34,thumb,bl-target,TaskUpdateFlip
0x08006338,0x14,thumb,bl-target,TaskSetFrame
0x0800634C,0x18,thumb,bl-target,TaskSetFrameNoFlip
0x08006364,0x20,thumb,bl-target,TaskSetFrameFlip
0x08006384,0x28,thumb,bl-target,TaskSetPosXFacing
0x080063AC,0x44,thumb,bl-target,TaskStepForward
0x080063F0,0x2C,thumb,bl-target,IsOnScreen
0x0800641C,0x48,thumb,bl-target,IsWorldPosOnScreen
0x08006464,0x48,thumb,bl-target,IsInView
0x080064AC,0x30,thumb,bl-target,RandomSpread
0x080064DC,0x50,thumb,bl-target,RandomSpreadFacing
0x0800652C,0x110,thumb,bl-target,TaskFreezeOrThawOthers
0x0800663C,0x28,thumb,bl-target,TaskRestoreSkipMask
0x08006664,0x28,thumb,bl-target,TaskSaveSkipMask
0x0800668C,0x98,thumb,curated,InitLinkDriver
0x08006724,0x144,thumb,bl-target,EnableSerial
0x08006868,0x9C,thumb,bl-target,DisableSerial
0x08006904,0x10,thumb,curated,ResetSerial
0x08006914,0x134,thumb,bl-target,LinkMain1
0x08006A48,0x28,thumb,bl-target,CheckMasterOrSlave
0x08006A70,0x58,thumb,bl-target,InitTimer
0x08006AC8,0xEC,thumb,bl-target,EnqueueSendCmd
0x08006BB4,0x120,thumb,bl-target,DequeueRecvCmds
0x08006CD4,0x44,thumb,bl-target,LinkVSync
0x08006D18,0x10,thumb,rom-pointer,Timer3Intr
0x08006D28,0x164,thumb,rom-pointer,SerialCB
0x08006E8C,0x10,thumb,bl-target,StartTransfer
0x08006E9C,0x168,thumb,bl-target,DoRecv
0x08007004,0xB4,thumb,bl-target,DoSend
0x080070B8,0x30,thumb,bl-target,StopTimer
0x080070E8,0x3C,thumb,bl-target,SendRecvDone
0x08007124,0x50,thumb,bl-target,ResetSendBuffer
0x08007174,0x68,thumb,bl-target,ResetRecvBuffer
0x080071DC,0x104,thumb,bl-target,ConnectLink
0x080072E0,0x20,thumb,bl-target,IsLinkError
0x08007300,0x2B8,thumb,rom-pointer,AgbMain
0x080075B8,0x6C,thumb,bl-target,CheckPauseButton
0x08007624,0x218,thumb,bl-target,HubMain
0x0800783C,0xE0,thumb,bl-target,BigSwitchViewMain
0x0800791C,0x24C,thumb,bl-target,StageMain
0x08007B68,0xF4,thumb,bl-target,SendLinkBlockAndVerify
0x08007C5C,0xF0,thumb,bl-target,ExtraModeTitleSendModeData
0x08007D4C,0xB8,thumb,bl-target,ExtraModeTitleLinkErrorScreen
0x08007E04,0x198,thumb,bl-target,ExtraModeTitleLoadMultiBootImage
0x08007F9C,0x334,thumb,bl-target,ExtraModeTitleMain
0x080082D0,0x78,thumb,bl-target,CreateExtraModeTitleSprites
0x08008348,0x4C,thumb,rom-pointer,Task_ExtraModeTitleSprite
0x08008394,0x1C,thumb,rom-pointer,ExtraModeTitleSpriteUpdate
0x080083B0,0xB0,thumb,rom-pointer,ExtraModeTitleTransferIcon
0x08008460,0x7C,thumb,rom-pointer,ExtraModeTitleTransferIconUpdate
0x080084DC,0x7C,thumb,rom-pointer,ExtraModeTitleLevelBar
0x08008558,0x10C,thumb,rom-pointer,ExtraModeTitleLevelBarUpdate
0x08008664,0x37C,thumb,bl-target,PauseScreen
0x080089E0,0x20,thumb,bl-target,PauseScreenLoadChoicePalette
0x08008A00,0x18C,thumb,bl-target,BossEnduranceMain
0x08008B8C,0xC0,thumb,bl-target,LinkErrorScreen
0x08008C4C,0x18,thumb,bl-target,LoadBgLayout
0x08008C64,0x18,thumb,bl-target,LoadGfxSet
0x08008C7C,0x3C,thumb,bl-target,sub_08008c7c
0x08008CB8,0x58,thumb,bl-target,sub_08008cb8
0x08008D10,0x88,thumb,bl-target,sub_08008d10
0x08008D98,0x84,thumb,bl-target,sub_08008d98
0x08008E1C,0x50,thumb,bl-target,ExtraModeTitleLoadPicture
0x08008E6C,0x50,thumb,bl-target,sub_08008e6c
0x08008EBC,0x18,thumb,bl-target,HudClearAbilityPicture
0x08008ED4,0x3C,thumb,bl-target,HudLoadAbilityPicture
0x08008F10,0xB4,thumb,bl-target,LoadMuseumAbilitySignGfx
0x08008FC4,0x1E8,thumb,bl-target,PauseScreenLoadGraphics
0x080091AC,0x54,thumb,bl-target,BootLogoMain
0x08009200,0x198,thumb,bl-target,PlayBootLogo
0x08009398,0x34,thumb,bl-target,BootLogoWait
0x080093CC,0x30,thumb,curated,sub_080093cc
0x080093FC,0x1C,thumb,rom-pointer,Task_BootLogo
0x08009418,0x1A8,thumb,rom-pointer,Task_TitlePalette
0x080095C0,0x24,thumb,rom-pointer,Task_TitleSprites
0x080095E4,0x5C,thumb,bl-target,sub_080095e4
0x08009640,0xA0,thumb,bl-target,sub_08009640
0x080096E0,0x5C,thumb,bl-target,TitleMain
0x0800973C,0x16C,thumb,bl-target,TitleScreen
0x080098A8,0x120,thumb,bl-target,IntroStory
0x080099C8,0x34,thumb,bl-target,IntroStoryWait
0x080099FC,0xA4,thumb,rom-pointer,Task_IntroStoryPicture
0x08009AA0,0x18,thumb,bl-target,HudShowScore
0x08009AB8,0x24,thumb,bl-target,HudShowClock
0x08009ADC,0x50,thumb,bl-target,HudReset
0x08009B2C,0x184,thumb,bl-target,HudInit
0x08009CB0,0x164,thumb,bl-target,HudRedraw
0x08009E14,0xC,thumb,bl-target,HudDeactivateAbilityPanel
0x08009E20,0xC,thumb,bl-target,HudActivateAbilityPanel
0x08009E2C,0x34,thumb,bl-target,sub_08009e2c
0x08009E60,0x58,thumb,bl-target,AddPlayerLives
0x08009EB8,0x30,thumb,bl-target,AddPlayerLivesNoHud
0x08009EE8,0xE4,thumb,bl-target,AddPlayerHealth
0x08009FCC,0x3C,thumb,bl-target,SetPlayerAbilityNoHud
0x0800A008,0x44,thumb,bl-target,SetPlayerAbility
0x0800A04C,0x60,thumb,bl-target,AddPlayerScore
0x0800A0AC,0x30,thumb,bl-target,AddPlayerScoreNoHud
0x0800A0DC,0x54,thumb,bl-target,HudShowAbilityAnimated
0x0800A130,0x48,thumb,bl-target,HudShowAbility
0x0800A178,0x24,thumb,bl-target,sub_0800a178
0x0800A19C,0x80,thumb,bl-target,HudOpenAbilityPanel
0x0800A21C,0x64,thumb,bl-target,HudCloseAbilityPanel
0x0800A280,0x14,thumb,bl-target,HudShowHpBar
0x0800A294,0xAC,thumb,bl-target,HudStartHpBar
0x0800A340,0xEC,thumb,bl-target,HudStartTaskHpBar
0x0800A42C,0x94,thumb,bl-target,HudAnimateTaskHpBar
0x0800A4C0,0x94,thumb,bl-target,HudSetTaskHpBar
0x0800A554,0x144,thumb,bl-target,HudRemoveHpBar
0x0800A698,0xC,thumb,bl-target,HudStopClock
0x0800A6A4,0xD4,thumb,bl-target,sub_0800a6a4
0x0800A778,0xDC,thumb,bl-target,HudUpdateAbilityPanel
0x0800A854,0x14C,thumb,bl-target,HudUpdateHpBars
0x0800A9A0,0x78,thumb,bl-target,HudAnimateHpBar
0x0800AA18,0x5C,thumb,bl-target,HudStartHpBarFill
0x0800AA74,0x20,thumb,bl-target,HudSetHpBar
0x0800AA94,0x18,thumb,bl-target,HudResetHpBar
0x0800AAAC,0x24,thumb,bl-target,sub_0800aaac
0x0800AAD0,0x38,thumb,rom-pointer,HudUpdateClock
0x0800AB08,0x34,thumb,bl-target,HudRedrawClock
0x0800AB3C,0x28,thumb,bl-target,sub_0800ab3c
0x0800AB64,0x5C,thumb,bl-target,HudDrawPlayerIcon
0x0800ABC0,0x78,thumb,bl-target,HudDrawLives
0x0800AC38,0x84,thumb,bl-target,HudDrawHealth
0x0800ACBC,0xAC,thumb,bl-target,HudDrawHealthChange
0x0800AD68,0x1D8,thumb,bl-target,HudDrawScore
0x0800AF40,0x164,thumb,bl-target,HudDrawClock
0x0800B0A4,0x58,thumb,bl-target,HudDrawAbilityPanel
0x0800B0FC,0x34,thumb,bl-target,HudDrawHpBarFrame
0x0800B130,0x60,thumb,bl-target,HudDrawHpBar
0x0800B190,0xA0,thumb,bl-target,HudDrawHpBarChange
0x0800B230,0xE8,thumb,bl-target,sub_0800b230
0x0800B318,0x34,thumb,bl-target,HudDrawTiles
0x0800B34C,0x30,thumb,bl-target,HudClearTiles
0x0800B37C,0x2C,thumb,bl-target,HudClearWholeTilemap
0x0800B3A8,0x50,thumb,bl-target,HudClearTilemap
0x0800B3F8,0x30,thumb,bl-target,HudFlushTilemap
0x0800B428,0x24,thumb,bl-target,HudLoadGfx
0x0800B44C,0x5C,thumb,bl-target,ResetGameSession
0x0800B4A8,0x6C,thumb,bl-target,ResetScoresAndMaxHealth
0x0800B514,0xC8,thumb,bl-target,ResetPlayerRecords
0x0800B5DC,0x4C,thumb,bl-target,HubResetPlayers
0x0800B628,0x20,thumb,bl-target,ResetTasksAndPlayers
0x0800B648,0x140,thumb,bl-target,StageInit
0x0800B788,0xF4,thumb,bl-target,HubInit
0x0800B87C,0xA4,thumb,bl-target,BigSwitchViewInit
0x0800B920,0x3D0,thumb,bl-target,MainMenuMain
0x0800BCF0,0xB4,thumb,bl-target,MenuDrawSaveSlots
0x0800BDA4,0xE8,thumb,bl-target,MenuLoadSaveSlotLabel
0x0800BE8C,0x84,thumb,bl-target,MenuLoadSaveSlotPicture
0x0800BF10,0x5C,thumb,bl-target,MenuLoadSaveSlotPalette
0x0800BF6C,0x130,thumb,bl-target,MenuLoadSaveSlotPercent
0x0800C09C,0x170,thumb,bl-target,MenuFileSelect
0x0800C20C,0x140,thumb,bl-target,MenuSetupFileMenu
0x0800C34C,0x20C,thumb,bl-target,MenuFileMenuSelect
0x0800C558,0xB8,thumb,bl-target,MenuNormalExtraSelect
0x0800C610,0x290,thumb,bl-target,MenuPlayerCountSelect
0x0800C8A0,0x170,thumb,bl-target,MenuEraseSelect
0x0800CA10,0x220,thumb,bl-target,MenuEnterModeList
0x0800CC30,0x130,thumb,bl-target+rom-pointer,MenuDrawModeList
0x0800CD60,0x294,thumb,bl-target,MenuModeListSelect
0x0800CFF4,0x100,thumb,bl-target,MenuEnterLinkPlay
0x0800D0F4,0x18C,thumb,bl-target,MenuModePlayerCountSelect
0x0800D280,0x90,thumb,bl-target,MenuEnterSoundTest
0x0800D310,0x4C,thumb,bl-target,SoundTestHighlightCursor
0x0800D35C,0xA8,thumb,bl-target,SoundTestDrawNumber
0x0800D404,0x4C,thumb,bl-target,SoundTestPlaySfx
0x0800D450,0x40C,thumb,bl-target,MenuSoundTest
0x0800D85C,0x1BC,thumb,bl-target,MenuLinkPlay
0x0800DA18,0x5C,thumb,bl-target,MenuSetLinkSessionMode
0x0800DA74,0x28,thumb,bl-target,sub_0800da74
0x0800DA9C,0x5C,thumb,bl-target,CreateFileSelectSprites
0x0800DAF8,0x6C,thumb,rom-pointer,Task_FileSelectSlotLabel
0x0800DB64,0x78,thumb,rom-pointer,Task_FileSelectSlot
0x0800DBDC,0xBC,thumb,rom-pointer,FileSelectSlotUpdate
0x0800DC98,0x40,thumb,bl-target,FileSelectSlotSlideIn
0x0800DCD8,0xC8,thumb,rom-pointer,Task_FileSelectCursor
0x0800DDA0,0xCC,thumb,rom-pointer,FileSelectCursorUpdate
0x0800DE6C,0x170,thumb,rom-pointer,Task_FileMenuSlot
0x0800DFDC,0xE4,thumb,rom-pointer,FileMenuSlotUpdate
0x0800E0C0,0x88,thumb,rom-pointer,Task_FileMenuHighlight
0x0800E148,0x144,thumb,rom-pointer,FileMenuHighlightUpdate
0x0800E28C,0x50,thumb,bl-target,MenuUpdateFileMenuPalette
0x0800E2DC,0x38,thumb,bl-target,MenuLoadPicture
0x0800E314,0x7C,thumb,rom-pointer,Task_NormalExtraPanel
0x0800E390,0xDC,thumb,rom-pointer,NormalExtraPanelUpdate
0x0800E46C,0xAC,thumb,rom-pointer,Task_PlayerCountPanel
0x0800E518,0x98,thumb,rom-pointer,PlayerCountPanelUpdate
0x0800E5B0,0xC4,thumb,rom-pointer,Task_ModeListCursor
0x0800E674,0x13C,thumb,rom-pointer,ModeListCursorUpdate
0x0800E7B0,0x6C,thumb,bl-target,ModeListHighlightRow
0x0800E81C,0xA4,thumb,rom-pointer,Task_ModePlayerCountPanel
0x0800E8C0,0xE4,thumb,rom-pointer,ModePlayerCountPanelUpdate
0x0800E9A4,0x68,thumb,rom-pointer,Task_EraseConfirmDialog
0x0800EA0C,0xD8,thumb,rom-pointer,EraseConfirmDialogUpdate
0x0800EAE4,0x124,thumb,rom-pointer,Task_EraseFileWipe
0x0800EC08,0x68,thumb,rom-pointer,sub_0800ec08
0x0800EC70,0x48,thumb,rom-pointer,Task_SoundTestCursors
0x0800ECB8,0xC0,thumb,rom-pointer,sub_0800ecb8
0x0800ED78,0x1B8,thumb,rom-pointer,Task_SoundTestPulse
0x0800EF30,0x154,thumb,rom-pointer,Task_LinkPlayPalettePulse
0x0800F084,0xFC,thumb,rom-pointer,Task_LinkPlayColorCycle
0x0800F180,0x134,thumb,rom-pointer,Task_LinkPlayPlayerList
0x0800F2B4,0xDC,thumb,rom-pointer,LinkPlayPlayerListUpdate
0x0800F390,0x78,thumb,rom-pointer,Task_LinkPlayConsole
0x0800F408,0x1E4,thumb,rom-pointer,LinkPlayConsoleUpdate
0x0800F5EC,0xAC,thumb,rom-pointer,Task_LinkPlayCable
0x0800F698,0x118,thumb,rom-pointer,LinkPlayCableUpdate
0x0800F7B0,0x90,thumb,rom-pointer,Task_MenuScreenTitle
0x0800F840,0x1F0,thumb,rom-pointer,MenuScreenTitleUpdate
0x0800FA30,0x164,thumb,rom-pointer,Task_MenuBgPaletteCycle
0x0800FB94,0x128,thumb,rom-pointer,Task_MenuBackground
0x0800FCBC,0x40,thumb,bl-target,BgScrollInit
0x0800FCFC,0x28,thumb,rom-pointer,BgScrollStart
0x0800FD24,0x94,thumb,bl-target,BgScrollStartX
0x0800FDB8,0x9C,thumb,bl-target,BgScrollStartY
0x0800FE54,0x40,thumb,bl-target,BgScrollStartBg3Slide
0x0800FE94,0x6C,thumb,bl-target,BgScrollFinish
0x0800FF00,0xD8,thumb,rom-pointer,Task_BgScroll
0x0800FFD8,0x10,thumb,bl-target,sub_0800ffd8
0x0800FFE8,0x38,thumb,bl-target,TaskIsOnScreenNoCamera
0x08010020,0x28,thumb,bl-target+rom-pointer,SetBlend
0x08010048,0x64,thumb,bl-target,SetWindow
0x080100AC,0x214,thumb,bl-target,CutsceneMain
0x080102C0,0x98,thumb,bl-target,CutsceneLoadGraphics
0x08010358,0x98,thumb,bl-target,CreateCutsceneActor
0x080103F0,0x90,thumb,rom-pointer,Task_CutsceneDirector
0x08010480,0x70,thumb,rom-pointer,CutsceneCheckSkip
0x080104F0,0x1C,thumb,rom-pointer,Task_CutsceneActor
0x0801050C,0x1C,thumb,rom-pointer,CutsceneDuelStart
0x08010528,0x30C,thumb,rom-pointer,CutsceneDuelKirby
0x08010834,0x194,thumb,rom-pointer,CutsceneActorScript1
0x080109C8,0x170,thumb,rom-pointer,sub_080109c8
0x08010B38,0x74,thumb,rom-pointer,sub_08010b38
0x08010BAC,0x108,thumb,rom-pointer,CutsceneActorScript2
0x08010CB4,0x204,thumb,rom-pointer,CutsceneActorScript3
0x08010EB8,0x29C,thumb,rom-pointer,CutsceneDuelBladeKnight
0x08011154,0x54,thumb,rom-pointer,CutsceneBeachStart
0x080111A8,0x224,thumb,rom-pointer,CutsceneBeachKirby
0x080113CC,0x8C,thumb,rom-pointer,CutsceneBeachChair
0x08011458,0x148,thumb,rom-pointer,CutsceneBeachCandyDream
0x080115A0,0x16C,thumb,rom-pointer,CutsceneBeachDonutDream
0x0801170C,0x174,thumb,rom-pointer,CutsceneBeachMeatDream
0x08011880,0x134,thumb,rom-pointer,CutsceneBeachThoughtBubble
0x080119B4,0x1AC,thumb,rom-pointer,CutsceneBeachWaddleDoo
0x08011B60,0x9C,thumb,rom-pointer,CutsceneBeachSunglasses
0x08011BFC,0x3FC,thumb,rom-pointer,CutsceneBeachQuestionMarks
0x08011FF8,0x24,thumb,rom-pointer,CutsceneBombStart
0x0801201C,0x60C,thumb,rom-pointer,CutsceneBombKirby
0x08012628,0x3D0,thumb,rom-pointer,CutsceneBombPoppyBrosSr
0x080129F8,0x19C,thumb,rom-pointer,CutsceneBombHeldBomb
0x08012B94,0x264,thumb,rom-pointer,CutsceneBombThrownBomb
0x08012DF8,0x74,thumb,rom-pointer,CutsceneBombActorScript18
0x08012E6C,0x174,thumb,rom-pointer,CutsceneBombActorScript19
0x08012FE0,0x78,thumb,rom-pointer,sub_08012fe0
0x08013058,0x2F0,thumb,rom-pointer,CutsceneBombActorScript20
0x08013348,0xE8,thumb,rom-pointer,CutsceneBombActorScript21
0x08013430,0x4C,thumb,rom-pointer,CutsceneBalloonsStart
0x0801347C,0x67C,thumb,rom-pointer,CutsceneBalloonsKirby
0x08013AF8,0xEC,thumb,rom-pointer,CutsceneBalloonsLooseBalloon
0x08013BE4,0x254,thumb,rom-pointer,CutsceneBalloonsYellowBalloon
0x08013E38,0x254,thumb,rom-pointer,CutsceneBalloonsGreenBalloon
0x0801408C,0xF8,thumb,rom-pointer,CutsceneBalloonsLastBalloon
0x08014184,0x11C,thumb,rom-pointer,CutsceneBalloonsActorScript27
0x080142A0,0x114,thumb,rom-pointer,CutsceneBalloonsActorScript28
0x080143B4,0xD8,thumb,rom-pointer,CutsceneBalloonsActorScript29
0x0801448C,0x24,thumb,rom-pointer,CutsceneTomatoStart
0x080144B0,0x4E4,thumb,rom-pointer,CutsceneTomatoKirby
0x08014994,0x274,thumb,rom-pointer,CutsceneTomatoMaximTomato
0x08014C08,0x100,thumb,rom-pointer,CutsceneTomatoActorScript32
0x08014D08,0x164,thumb,rom-pointer,CutsceneTomatoExclamation
0x08014E6C,0x34,thumb,rom-pointer,CutsceneShipStart
0x08014EA0,0x3C8,thumb,rom-pointer,CutsceneShipKirby
0x08015268,0x198,thumb,rom-pointer,CutsceneShipSpyglass
0x08015400,0x124,thumb,rom-pointer,CutsceneShipPirateHat
0x08015524,0x15C,thumb,rom-pointer,CutsceneShipShark
0x08015680,0x84,thumb,rom-pointer,CutsceneShipWaves
0x08015704,0x54,thumb,rom-pointer,CutsceneSingingStart
0x08015758,0x7C0,thumb,rom-pointer,CutsceneSingingKirby
0x08015F18,0x164,thumb,rom-pointer,CutsceneSingingActorScript40
0x0801607C,0x224,thumb,rom-pointer,CutsceneSingingRainbowBar
0x080162A0,0x274,thumb,rom-pointer,CutsceneSingingActorScript42
0x08016514,0x2C8,thumb,rom-pointer,CutsceneSingingActorScript43
0x080167DC,0x2E8,thumb,rom-pointer,CutsceneSingingActorScript44
0x08016AC4,0x310,thumb,rom-pointer,CutsceneSingingActorScript45
0x08016DD4,0x310,thumb,rom-pointer,CutsceneSingingActorScript46
0x080170E4,0x310,thumb,rom-pointer,CutsceneSingingActorScript47
0x080173F4,0x188,thumb,rom-pointer,CutsceneSingingActorScript48
0x0801757C,0xA0,thumb,rom-pointer,CutsceneSingingActorScript49
0x0801761C,0x4C,thumb,rom-pointer,CutsceneFountainStart
0x08017668,0xDFC,thumb,rom-pointer,CutsceneFountainKirby
0x08018464,0x34,thumb,rom-pointer,CutsceneFountainKirbyUpdate
0x08018498,0x6EC,thumb,rom-pointer,CutsceneFountainKingDedede
0x08018B84,0x34,thumb,rom-pointer,CutsceneFountainKingDededeUpdate
0x08018BB8,0x1C4,thumb,rom-pointer,CutsceneFountainActorScript53
0x08018D7C,0x98,thumb,rom-pointer,CutsceneFountainActorScript54
0x08018E14,0x1EC,thumb,rom-pointer,CutsceneFountainActorScript52
0x08019000,0x590,thumb,rom-pointer,CutsceneFountainNightmarePowerOrb
0x08019590,0x5C,thumb,rom-pointer,CutsceneFountainNightmarePowerOrbUpdate
0x080195EC,0x544,thumb,rom-pointer,CutsceneFountainStarRod
0x08019B30,0x114,thumb,rom-pointer,CutsceneFountainJet
0x08019C44,0xEC,thumb,rom-pointer,CutsceneFountainActorScript59
0x08019D30,0x118,thumb,rom-pointer,CutsceneFountainActorScript60
0x08019E48,0x84,thumb,rom-pointer,CutsceneFountainActorScript61
0x08019ECC,0x20,thumb,rom-pointer,sub_08019ecc
0x08019EEC,0x190,thumb,rom-pointer,CutsceneFountainActorScript62
0x0801A07C,0x170,thumb,rom-pointer,CutsceneFountainActorScript56
0x0801A1EC,0x124,thumb,rom-pointer,CutsceneFountainKirbyDraw
0x0801A310,0xD4,thumb,rom-pointer,sub_0801a310
0x0801A3E4,0x388,thumb,rom-pointer,sub_0801a3e4
0x0801A76C,0x48,thumb,curated,sub_0801a76c
0x0801A7B4,0x74,thumb,bl-target,ClearColliderLists
0x0801A828,0xA0,thumb,bl-target,RegisterCollider
0x0801A8C8,0x64C,thumb,bl-target,HitTestPlayerColliders
0x0801AF14,0x338,thumb,bl-target,HitTestColliderClass10
0x0801B24C,0x590,thumb,bl-target,HitTestColliderClass20
0x0801B7DC,0x108,thumb,bl-target,PlaceAttackBox
0x0801B8E4,0x100,thumb,bl-target,CalcHitDamageAndDirection
0x0801B9E4,0xC0,thumb,bl-target,HitRecordHitter
0x0801BAA4,0x208,thumb,bl-target,PlayerProbeTerrain
0x0801BCAC,0x134,thumb,bl-target,TerrainCollideBox
0x0801BDE0,0x13C,thumb,bl-target,TerrainCollideBoxInCameraBounds
0x0801BF1C,0x114,thumb,bl-target,TerrainCollideBoxWalls
0x0801C030,0xFC,thumb,bl-target,TerrainCollideBoxCeilingAndFloor
0x0801C12C,0x104,thumb,bl-target,TerrainCollideBoxFloor
0x0801C230,0xDC,thumb,bl-target,TerrainCollideBoxAlongVelocity
0x0801C30C,0x98,thumb,bl-target,TerrainCollidePointPushOut
0x0801C3A4,0xA0,thumb,bl-target,TerrainCollidePointStop
0x0801C444,0xD8,thumb,bl-target,TerrainCollideBoxTileEdge
0x0801C51C,0xAC,thumb,bl-target,TerrainProbeBegin
0x0801C5C8,0xC8,thumb,bl-target,TerrainProbeEnd
0x0801C690,0x13C,thumb,bl-target,TerrainProbeWallRightOnGround
0x0801C7CC,0x110,thumb,bl-target,TerrainProbeWallLeftOnGround
0x0801C8DC,0x54,thumb,bl-target,sub_0801c8dc
0x0801C930,0xA64,thumb,bl-target,TerrainProbeFloorInCameraBounds
0x0801D394,0x634,thumb,bl-target,TerrainProbeFloor
0x0801D9C8,0x2C0,thumb,bl-target,TerrainProbeWallRightInAir
0x0801DC88,0x260,thumb,bl-target,TerrainProbeWallLeftInAir
0x0801DEE8,0x290,thumb,bl-target,TerrainProbeCeiling
0x0801E178,0xB58,thumb,bl-target,TerrainProbeLandingInCameraBounds
0x0801ECD0,0x870,thumb,bl-target,TerrainProbeLanding
0x0801F540,0x170,thumb,bl-target,sub_0801f540
0x0801F6B0,0x150,thumb,bl-target,sub_0801f6b0
0x0801F800,0x1B8,thumb,bl-target,TerrainProbeCeilingNoSlopeLink
0x0801F9B8,0x290,thumb,bl-target,sub_0801f9b8
0x0801FC48,0x1E4,thumb,bl-target,TerrainProbeFloorNoSlopeLink
0x0801FE2C,0x158,thumb,bl-target,TerrainProbeLandingNoSlopeLink
0x0801FF84,0x714,thumb,bl-target,TerrainProbeAlongVelocity
0x08020698,0x4,thumb,curated,sub_08020698
0x0802069C,0x104,thumb,bl-target,TerrainProbePointStop
0x080207A0,0x398,thumb,bl-target,TerrainProbePointPushOut
0x08020B38,0x5F8,thumb,bl-target,TerrainProbeTileEdge
0x08021130,0x23C,thumb,bl-target,TerrainProbeWaterAndDrift
0x0802136C,0x174,thumb,bl-target,TerrainProbeWater
0x080214E0,0x84,thumb,bl-target,TerrainProbeWaterAtPoint
0x08021564,0xD0,thumb,bl-target,TerrainProbeDamage
0x08021634,0xA4,thumb,bl-target,TerrainQueryPixel
0x080216D8,0x104,thumb,bl-target,TerrainQueryPixelAndBelow
0x080217DC,0x11C,thumb,bl-target,TerrainQueryPixelAndSides
0x080218F8,0x78,thumb,bl-target,TerrainQueryDamage
0x08021970,0x20,thumb,bl-target,GetTileFloorSnap
0x08021990,0x20,thumb,bl-target,GetTilePushDown
0x080219B0,0x20,thumb,bl-target,GetTilePushUp
0x080219D0,0x20,thumb,bl-target,GetTilePushRight
0x080219F0,0x20,thumb,bl-target,GetTilePushLeft
0x08021A10,0x30,thumb,bl-target,TerrainLoadFloorAttributes
0x08021A40,0x74,thumb,bl-target,GetShapeAtPixelIgnoringOneWay
0x08021AB4,0x64,thumb,bl-target,GetTileShapeAtPixel
0x08021B18,0x14,thumb,bl-target,GetCollisionTileAtPixel
0x08021B2C,0x44,thumb,bl-target,GetCollisionTile
0x08021B70,0x44,thumb,curated,sub_08021b70
0x08021BB4,0x60,thumb,bl-target,GetCollisionTileAtOffset
0x08021C14,0x38,thumb,bl-target,sub_08021c14
0x08021C4C,0x28,thumb,bl-target,IsWaterAtPixel
0x08021C74,0x3E8,thumb,bl-target,sub_08021c74
0x0802205C,0x254,thumb,bl-target,sub_0802205c
0x080222B0,0x8C,thumb,bl-target,TerrainInitOneWayFloor
0x0802233C,0x174,thumb,bl-target,sub_0802233c
0x080224B0,0x48,thumb,bl-target,TaskInitWaterFlags
0x080224F8,0x48,thumb,bl-target,TaskInitWaterFlagsSlot
0x08022540,0x5C,thumb,bl-target,sub_08022540
0x0802259C,0x88,thumb,bl-target,sub_0802259c
0x08022624,0x2C,thumb,bl-target,IsFullBlockAtPixel
0x08022650,0x110,thumb,bl-target,TerrainClampBoxToPlayerBounds
0x08022760,0x28,thumb,bl-target,IsTaskBelowPlayerBounds
0x08022788,0x1C,thumb,bl-target,IsAtPlayerBoundsTop
0x080227A4,0x6C,thumb,bl-target,ClampTaskToRoom
0x08022810,0xB4,thumb,bl-target,TerrainClampBoxToCameraBounds
0x080228C4,0x88,thumb,curated,sub_080228c4
0x0802294C,0x20,thumb,bl-target,IsTaskBelowRoom
0x0802296C,0x2D0,thumb,bl-target,ResetLevelStateAtHub
0x08022C3C,0x314,thumb,bl-target,ResetLevelStateForContinue
0x08022F50,0x48,thumb,bl-target,sub_08022f50
0x08022F98,0x4,thumb,bl-target,sub_08022f98
0x08022F9C,0xC,thumb,bl-target,ClearRoomBgmStarted
0x08022FA8,0x438,thumb,bl-target,LoadRoom
0x080233E0,0x20C,thumb,bl-target,sub_080233e0
0x080235EC,0x2C,thumb,bl-target,CreateRoomTask
0x08023618,0x1C,thumb,rom-pointer,Task_Room
0x08023634,0xA0,thumb,rom-pointer,RoomTaskStageInit
0x080236D4,0x10,thumb,rom-pointer,RoomTaskDraw
0x080236E4,0x64,thumb,rom-pointer,RoomTaskUpdateCamera
0x08023748,0x5C,thumb,rom-pointer,RoomTaskLateUpdateBg2
0x080237A4,0x58,thumb,rom-pointer,RoomTaskLateUpdateLooping
0x080237FC,0x60,thumb,rom-pointer,RoomTaskLateUpdateBg2Bg3
0x0802385C,0x48,thumb,rom-pointer,RoomTaskLateUpdateBg23HBlank
0x080238A4,0x48,thumb,rom-pointer,RoomTaskLateUpdateBg23RowsHBlank
0x080238EC,0x5C,thumb,rom-pointer,RoomTaskLateUpdateBg3AutoScroll
0x08023948,0x358,thumb,bl-target,LoadHubRoom
0x08023CA0,0x194,thumb,bl-target,LoadBigSwitchViewRoom
0x08023E34,0x44,thumb,rom-pointer,RoomTaskHubInit
0x08023E78,0x28,thumb,rom-pointer,RoomTaskBigSwitchViewInit
0x08023EA0,0x5C,thumb,rom-pointer,RoomTaskHubUpdateCamera
0x08023EFC,0x1C,thumb,rom-pointer,RoomTaskBigSwitchViewUpdateCamera
0x08023F18,0x44,thumb,rom-pointer,RoomTaskHubLateUpdateBg23
0x08023F5C,0x44,thumb,rom-pointer,RoomTaskHubLateUpdateBg123
0x08023FA0,0x34,thumb,rom-pointer,RoomTaskBigSwitchViewLateUpdate
0x08023FD4,0x2FC,thumb,bl-target,LoadGoalGameRoom
0x080242D0,0x30,thumb,rom-pointer,RoomTaskGoalGameInit
0x08024300,0x240,thumb,bl-target,LoadCutsceneRoom
0x08024540,0x3C,thumb,rom-pointer,RoomTaskCutsceneInit
0x0802457C,0x1C,thumb,rom-pointer,RoomTaskSnapCameraToFocus
0x08024598,0x38,thumb,rom-pointer,RoomTaskLateUpdateBg2NoObjects
0x080245D0,0x40,thumb,rom-pointer,RoomTaskLateUpdateBg2Bg3NoObjects
0x08024610,0x44,thumb,bl-target,LoadEndingEpilogueRoom
0x08024654,0x44,thumb,bl-target,LoadEndingStarRodReturnRoom
0x08024698,0x26C,thumb,bl-target,LoadEndingRoom
0x08024904,0x78,thumb,rom-pointer,sub_08024904
0x0802497C,0x428,thumb,bl-target,LoadCreditsRoom
0x08024DA4,0x9C,thumb,rom-pointer,RoomTaskCreditsInit
0x08024E40,0x1E4,thumb,bl-target,FindDoorAt
0x08025024,0x8BC,thumb,bl-target,EnterDoor
0x080258E0,0x150,thumb,bl-target,ExitClearedStage
0x08025A30,0x9C,thumb,bl-target,ExitKingDededeStage
0x08025ACC,0x40,thumb,bl-target,ExitToNextRoom
0x08025B0C,0x50,thumb,bl-target,ExitToNextRoomOnWarpStar
0x08025B5C,0x6C,thumb,bl-target,ExitToEnding
0x08025BC8,0x1FC,thumb,bl-target,PressBigSwitch
0x08025DC4,0x3C,thumb,bl-target,ReturnFromBigSwitchView
0x08025E00,0xC,thumb,bl-target,sub_08025e00
0x08025E0C,0x7C,thumb,bl-target,sub_08025e0c
0x08025E88,0x78,thumb,bl-target,sub_08025e88
0x08025F00,0x1B0,thumb,bl-target,ExitOnWarpStar
0x080260B0,0x5C,thumb,bl-target,sub_080260b0
0x0802610C,0xB4,thumb,bl-target,ExitByCannon
0x080261C0,0x14,thumb,bl-target,CreateBlockBreakEffect
0x080261D4,0x48,thumb,bl-target,RequestScreenShake
0x0802621C,0x48,thumb,bl-target,TaskCreateHighSlot
0x08026264,0x14,thumb,bl-target,SetCameraFocus
0x08026278,0x64,thumb,bl-target,SetCameraFocusOrAnchor
0x080262DC,0xC,thumb,bl-target,EndMidBossFight
0x080262E8,0x20,thumb,bl-target,sub_080262e8
0x08026308,0x1A8,thumb,bl-target,WrapLoopingRoom
0x080264B0,0x6C,thumb,bl-target,CreateEntryDoorOpening
0x0802651C,0x20,thumb,bl-target,CloseDoorOpening
0x0802653C,0x48,thumb,bl-target,CreateEntryDoorStageClearFlag
0x08026584,0x180,thumb,bl-target,sub_08026584
0x08026704,0x28,thumb,bl-target,sub_08026704
0x0802672C,0x108,thumb,bl-target,CreateStageUnlockPan
0x08026834,0xCC,thumb,bl-target,CreateBigSwitchUnlockPan
0x08026900,0x5C,thumb,curated,ClampCameraFocusToRoom
0x0802695C,0x38,thumb,bl-target,sub_0802695c
0x08026994,0x4,thumb,curated,sub_08026994
0x08026998,0x40,thumb,bl-target,sub_08026998
0x080269D8,0x10,thumb,bl-target,sub_080269d8
0x080269E8,0x24,thumb,bl-target,sub_080269e8
0x08026A0C,0x74,thumb,bl-target,WhispyWoodsCheckScrollLock
0x08026A80,0x6C,thumb,bl-target,KrackoCheckScrollLock
0x08026AEC,0x74,thumb,bl-target,KingDededeCheckScrollLock
0x08026B60,0x144,thumb,bl-target,sub_08026b60
0x08026CA4,0x248,thumb,bl-target,UpdateDoors
0x08026EEC,0x1E4,thumb,bl-target,DrawDoors
0x080270D0,0x58,thumb,bl-target,sub_080270d0
0x08027128,0x50,thumb,bl-target,sub_08027128
0x08027178,0x20,thumb,bl-target,sub_08027178
0x08027198,0x54,thumb,bl-target,sub_08027198
0x080271EC,0x18,thumb,bl-target+rom-pointer,PauseRoom
0x08027204,0xC,thumb,bl-target,SetRoomUpdateFlags
0x08027210,0x18,thumb,bl-target,ResumeRoom
0x08027228,0x18,thumb,bl-target,PauseSaveBgPalette
0x08027240,0x9C,thumb,bl-target,PauseRestoreRoomGraphics
0x080272DC,0xC4,thumb,bl-target,ReturnToHubStageDoor
0x080273A0,0x1A8,thumb,bl-target,ReturnToRestartPoint
0x08027548,0x40,thumb,bl-target,sub_08027548
0x08027588,0x44,thumb,bl-target,sub_08027588
0x080275CC,0xE0,thumb,bl-target,sub_080275cc
0x080276AC,0x20,thumb,bl-target,HoldPlayerCamera
0x080276CC,0x84,thumb,bl-target,ReleaseDeadPlayerView
0x08027750,0x48,thumb,bl-target,AreInactivePlayerCamerasParked
0x08027798,0x58,thumb,bl-target,CameraStartHoldAnchorAt
0x080277F0,0x60,thumb,bl-target,CameraStartFollowFocusAt
0x08027850,0xB8,thumb,bl-target,CameraStartFollowingPlayer
0x08027908,0x128,thumb,bl-target,CameraStartPlayersAtAnchor
0x08027A30,0x30,thumb,bl-target,ArePlayerCamerasDoneGliding
0x08027A60,0xC,thumb,bl-target,CameraResumeFollowFocus
0x08027A6C,0x3BC,thumb,bl-target,sub_08027a6c
0x08027E28,0x308,thumb,bl-target,InitRoomBgLayout
0x08028130,0x150,thumb,bl-target,sub_08028130
0x08028280,0x84,thumb,bl-target,InitEndingRoomBgLayout
0x08028304,0x1C,thumb,bl-target,StartRoomBlockAnims
0x08028320,0x53C,thumb,bl-target,SpawnDoorObjects
0x0802885C,0xEC,thumb,bl-target,CalcBg3Parallax
0x08028948,0x48,thumb,bl-target,CalcRoomBounds
0x08028990,0x18C,thumb,bl-target,CameraResetBoundsToGroup
0x08028B1C,0x70,thumb,bl-target,CameraResetBounds
0x08028B8C,0x2B0,thumb,bl-target,CameraResetRoomView
0x08028E3C,0x10,thumb,bl-target,CalcRoomAndCameraBounds
0x08028E4C,0x1E8,thumb,bl-target,SetRoomEntryPoint
0x08029034,0x78,thumb,bl-target,sub_08029034
0x080290AC,0x30,thumb,bl-target,CameraSetFocusToLocalPlayer
0x080290DC,0x34,thumb,bl-target,CameraInitPos
0x08029110,0x84,thumb,bl-target,PlayRoomBgm
0x08029194,0x3C,thumb,bl-target,PlayHubRoomBgm
0x080291D0,0x34,thumb,bl-target,LoadBg2Gfx
0x08029204,0x38,thumb,bl-target,LoadBg3Gfx
0x0802923C,0x34,thumb,bl-target,ClearBg2Bg3Maps
0x08029270,0x40,thumb,bl-target,SelectBg3MapShape
0x080292B0,0x20,thumb,bl-target,LoadBg3Map
0x080292D0,0x48,thumb,bl-target,SpawnRoomObjectsInView
0x08029318,0xC0,thumb,bl-target,InitDoors
0x080293D8,0x6C,thumb,bl-target,CameraUpdatePos
0x08029444,0x30,thumb,bl-target,CameraUpdatePosNoParallax
0x08029474,0x5C,thumb,bl-target,CameraUpdatePosBg3AutoScrollX
0x080294D0,0xE8,thumb,bl-target,StreamBg2Map
0x080295B8,0xE8,thumb,bl-target,StreamBg3Map
0x080296A0,0x68,thumb,bl-target,StreamBg2MapLooping
0x08029708,0xD4,thumb,bl-target,StreamBg123Maps
0x080297DC,0xE8,thumb,bl-target,StreamBg23Maps
0x080298C4,0x6C,thumb,bl-target,StreamBg23Rows
0x08029930,0xB8,thumb,bl-target,CameraWriteScrollParallax
0x080299E8,0x64,thumb,bl-target,CameraWriteScrollHBlank
0x08029A4C,0x68,thumb,bl-target,CameraWriteScrollBg23
0x08029AB4,0x7C,thumb,bl-target,CameraWriteScrollBg123
0x08029B30,0x88,thumb,bl-target,sub_08029b30
0x08029BB8,0xBC,thumb,bl-target,SpawnRoomObjectsScrolledIn
0x08029C74,0x1B0,thumb,bl-target,UpdatePlayerGroupCenter
0x08029E24,0xD0,thumb,bl-target,SetCameraBoundsToGroup
0x08029EF4,0x29C,thumb,bl-target,SetCameraBoundsToGroupInScrollLock
0x0802A190,0xD0,thumb,bl-target,UpdatePlayerCameras
0x0802A260,0xE0,thumb,bl-target,UpdatePlayerCamerasInScrollLock
0x0802A340,0xEC,thumb,bl-target,SetPlayerGroupCenterFromTasks
0x0802A42C,0x58,thumb,bl-target,SetPlayerBoundsFromCamera
0x0802A484,0x68,thumb,bl-target,SetPlayerBoundsFromCameraInScrollLock
0x0802A4EC,0x7C,thumb,bl-target,SetViewRectToPlayers
0x0802A568,0xD4,thumb,bl-target,SetViewRectToPlayersInScrollLock
0x0802A63C,0x1F0,thumb,bl-target,LockPlayersPastScrollLine
0x0802A82C,0x1A0,thumb,bl-target,SpawnRoomObjectsInRect
0x0802A9CC,0x80,thumb,bl-target,DrawBg2View
0x0802AA4C,0x50,thumb,bl-target,DrawBg2Row
0x0802AA9C,0x4C,thumb,bl-target,DrawBg2Column
0x0802AAE8,0x48,thumb,bl-target,DrawBg2EdgeColumn
0x0802AB30,0x78,thumb,bl-target,DrawBg3View
0x0802ABA8,0x44,thumb,bl-target,DrawBg3Row
0x0802ABEC,0x44,thumb,bl-target,DrawBg3Column
0x0802AC30,0x8C,thumb,bl-target,DrawBg123View
0x0802ACBC,0x60,thumb,bl-target,DrawBg123Row
0x0802AD1C,0x5C,thumb,bl-target,DrawBg123Column
0x0802AD78,0x88,thumb,bl-target,DrawBg23View
0x0802AE00,0x58,thumb,bl-target,DrawBg23Row
0x0802AE58,0x54,thumb,bl-target,DrawBg23Column
0x0802AEAC,0x70,thumb,bl-target,DrawBg23FullRows
0x0802AF1C,0x50,thumb,bl-target,DrawBg23FullRow
0x0802AF6C,0x5C,thumb,bl-target,DrawBg1Tile
0x0802AFC8,0x68,thumb,bl-target,DrawBg2Tile
0x0802B030,0x44,thumb,bl-target,DrawBg3Tile
0x0802B074,0xF4,thumb,bl-target,DrawBg2ViewLooping
0x0802B168,0xF4,thumb,bl-target,DrawBg2EdgeTile
0x0802B25C,0x40,thumb,bl-target,RestoreMapColumn
0x0802B29C,0x54,thumb,bl-target,RestoreMapCell
0x0802B2F0,0x78,thumb,bl-target,SetBlockAnimClipRect
0x0802B368,0x7C,thumb,bl-target,SetBg1BlockAnimClipRect
0x0802B3E4,0x7C,thumb,bl-target,SetBlockAnimClipRectWithEdges
0x0802B460,0x3C,thumb,bl-target,SetBg23ScreenSize
0x0802B49C,0x20,thumb,bl-target,SetBg3ScreenSize
0x0802B4BC,0x170,thumb,bl-target,CameraFollowFocus
0x0802B62C,0x854,thumb,bl-target,CameraSlideToScrollLock
0x0802BE80,0x174,thumb,bl-target,CameraFollowScrollLocked
0x0802BFF4,0x438,thumb,bl-target,CameraSlideFromScrollLock
0x0802C42C,0x124,thumb,bl-target,CameraHoldAnchor
0x0802C550,0x130,thumb,bl-target,HubCameraFollowFocus
0x0802C680,0x174,thumb,bl-target,HubCameraFollowFocusPlayer
0x0802C7F4,0x2BC,thumb,bl-target,HubCameraGlideToPlayers
0x0802CAB0,0x108,thumb,bl-target,CameraSnapBoundsToAnchor
0x0802CBB8,0xD8,thumb,bl-target,CameraSnapPlayersToAnchor
0x0802CC90,0x94,thumb,bl-target,CameraSnapToFocus
0x0802CD24,0x14,thumb,bl-target,StopScreenShake
0x0802CD38,0x68,thumb,bl-target,UpdateScreenShake
0x0802CDA0,0x27C,thumb,bl-target,StartScrollLock
0x0802D01C,0x58,thumb,bl-target,CameraLeaveScrollLock
0x0802D074,0x50,thumb,bl-target,CameraStartHoldAnchor
0x0802D0C4,0x30,thumb,curated,sub_0802d0c4
0x0802D0F4,0x94,thumb,bl-target,LoadRoomBgAnims
0x0802D188,0xD4,thumb,bl-target,UpdateBgAnims
0x0802D25C,0x1C,thumb,bl-target,BgAnimCopyTiles
0x0802D278,0x1C,thumb,bl-target,BgAnimStartPaletteFade
0x0802D294,0x5C,thumb,bl-target,BgAnimStepPaletteFade
0x0802D2F0,0x3C,thumb,bl-target,SetCollisionTile
0x0802D32C,0x18,thumb,bl-target,BgAnimStop
0x0802D344,0x2C,thumb,bl-target,CreateMapEvent
0x0802D370,0x1C,thumb,rom-pointer,Task_MapEvent
0x0802D38C,0xEC,thumb,rom-pointer,MapEventMidBossFight
0x0802D478,0x44,thumb,bl-target,CreateMapEventBreakTwoBlocks
0x0802D4BC,0xF8,thumb,rom-pointer,MapEventBreakTwoBlocks
0x0802D5B4,0x44,thumb,bl-target,CreateMapEventBreakThreeBlocks
0x0802D5F8,0xD4,thumb,rom-pointer,MapEventBreakThreeBlocks
0x0802D6CC,0x2A0,thumb,rom-pointer,sub_0802d6cc
0x0802D96C,0x120,thumb,rom-pointer,sub_0802d96c
0x0802DA8C,0x228,thumb,rom-pointer,sub_0802da8c
0x0802DCB4,0x6F8,thumb,rom-pointer,MapEventStageUnlockPan
0x0802E3AC,0x71C,thumb,rom-pointer,MapEventBigSwitchUnlockPan
0x0802EAC8,0x60,thumb,bl-target,CreateArenaDoorSign
0x0802EB28,0x7C,thumb,rom-pointer,Task_ArenaDoorSign
0x0802EBA4,0x78,thumb,rom-pointer,sub_0802eba4
0x0802EC1C,0x60,thumb,bl-target,CreateBossDoorSign
0x0802EC7C,0xA4,thumb,rom-pointer,Task_BossDoorSign
0x0802ED20,0x74,thumb,rom-pointer,BossDoorSignUpdate
0x0802ED94,0x50,thumb,bl-target,CreateDoorOpening
0x0802EDE4,0xA4,thumb,rom-pointer,Task_DoorOpening
0x0802EE88,0x108,thumb,rom-pointer,sub_0802ee88
0x0802EF90,0x68,thumb,bl-target,CreateStageClearFlag
0x0802EFF8,0x64,thumb,rom-pointer,Task_StageClearFlag
0x0802F05C,0x70,thumb,bl-target,CreateQuickDrawDoorSign
0x0802F0CC,0x44,thumb,rom-pointer,Task_QuickDrawDoorSign
0x0802F110,0xCC,thumb,bl-target,sub_0802f110
0x0802F1DC,0x20,thumb,bl-target+rom-pointer,sub_0802f1dc
0x0802F1FC,0x70,thumb,bl-target,CreateBombRallyDoorSign
0x0802F26C,0x44,thumb,rom-pointer,Task_BombRallyDoorSign
0x0802F2B0,0x4C,thumb,bl-target,sub_0802f2b0
0x0802F2FC,0x20,thumb,bl-target+rom-pointer,sub_0802f2fc
0x0802F31C,0x70,thumb,bl-target,CreateAirGrindDoorSign
0x0802F38C,0x44,thumb,rom-pointer,Task_AirGrindDoorSign
0x0802F3D0,0x30,thumb,bl-target,sub_0802f3d0
0x0802F400,0x20,thumb,bl-target+rom-pointer,sub_0802f400
0x0802F420,0x60,thumb,bl-target,CreateMuseumDoorSign
0x0802F480,0x48,thumb,rom-pointer,Task_MuseumDoorSign
0x0802F4C8,0x74,thumb,bl-target,CreateStageDoorSign
0x0802F53C,0x78,thumb,bl-target,CreateClearedStageDoorSign
0x0802F5B4,0x78,thumb,bl-target,CreateCompletedStageDoorSign
0x0802F62C,0x58,thumb,rom-pointer,Task_StageDoorSign
0x0802F684,0x3C,thumb,bl-target,sub_0802f684
0x0802F6C0,0x34,thumb,bl-target+rom-pointer,sub_0802f6c0
0x0802F6F4,0x24,thumb,bl-target+rom-pointer,sub_0802f6f4
0x0802F718,0xC4,thumb,rom-pointer,sub_0802f718
0x0802F7DC,0x70,thumb,bl-target,CreateWarpStarStationDoorSign
0x0802F84C,0x7C,thumb,rom-pointer,Task_WarpStarStationDoorSign
0x0802F8C8,0x74,thumb,rom-pointer,sub_0802f8c8
0x0802F93C,0x100,thumb,rom-pointer,sub_0802f93c
0x0802FA3C,0x6C,thumb,bl-target,CreateWarpStarStationDoorSparkle
0x0802FAA8,0x2F0,thumb,rom-pointer,Task_WarpStarStationDoorSparkle
0x0802FD98,0x5C,thumb,rom-pointer,sub_0802fd98
0x0802FDF4,0x70,thumb,bl-target,CreateLevelDoorSign
0x0802FE64,0x40,thumb,rom-pointer,Task_LevelDoorSign
0x0802FEA4,0xCC,thumb,rom-pointer,DoorObjectDraw
0x0802FF70,0x78,thumb,rom-pointer,sub_0802ff70
0x0802FFE8,0x4C,thumb,bl-target,CreateWarpStarStationNumber
0x08030034,0x40,thumb,rom-pointer,Task_WarpStarStationNumber
0x08030074,0x4C,thumb,bl-target,CreateWarpStarStationLevelSign
0x080300C0,0x40,thumb,rom-pointer,Task_WarpStarStationLevelSign
0x08030100,0x40,thumb,bl-target+rom-pointer,CreateMuseumAbilitySigns
0x08030140,0x64,thumb,bl-target,CreateMuseumAbilitySign
0x080301A4,0x44,thumb,rom-pointer,Task_MuseumAbilitySign
0x080301E8,0x50,thumb,bl-target,CreateStageEffect
0x08030238,0x1C,thumb,rom-pointer,Task_StageEffect
0x08030254,0x78,thumb,rom-pointer,sub_08030254
0x080302CC,0x138,thumb,rom-pointer,sub_080302cc
0x08030404,0xE8,thumb,rom-pointer,sub_08030404
0x080304EC,0x94,thumb,rom-pointer,sub_080304ec
0x08030580,0x84,thumb,rom-pointer,sub_08030580
0x08030604,0xB0,thumb,rom-pointer,sub_08030604
0x080306B4,0x70,thumb,bl-target,QueueWorldSprite
0x08030724,0x34,thumb,bl-target,ResetBlockAnims
0x08030758,0x4C,thumb,bl-target,ResumeBlockAnims
0x080307A4,0xC,thumb,bl-target,PauseBlockAnims
0x080307B0,0x1C,thumb,bl-target,StartBlockAnims
0x080307CC,0x1C,thumb,bl-target,StartBlockAnimsWithEdges
0x080307E8,0x1C,thumb,bl-target,StartBg1BlockAnims
0x08030804,0x44,thumb,bl-target,TaskBreakBlocksAt
0x08030848,0x50,thumb,bl-target,TaskBreakBlocks
0x08030898,0x50,thumb,bl-target,TaskBreakFirstBlock
0x080308E8,0x54,thumb,bl-target,TaskBreakBlocksNoPlayer
0x0803093C,0x40,thumb,curated,TaskBreakBlocksAtNoPlayer
0x0803097C,0x198,thumb,bl-target,BreakBlocksInHitBoxes
0x08030B14,0x2A4,thumb,bl-target,BreakFirstBlockInHitBox
0x08030DB8,0x48,thumb,bl-target,TaskBreakTopBlockRow
0x08030E00,0x11C,thumb,bl-target,BreakTopBlockRow
0x08030F1C,0x5C,thumb,bl-target,IsUnbrokenBlockAt
0x08030F78,0x1A4,thumb,bl-target,BreakBlockAt
0x0803111C,0x1F4,thumb,bl-target,CanBreakBlock
0x08031310,0x64,thumb,bl-target,sub_08031310
0x08031374,0x3C4,thumb,bl-target,BreakBlockAtCursor
0x08031738,0x17C,thumb,bl-target,sub_08031738
0x080318B4,0xE0,thumb,rom-pointer,UpdateBlockAnims
0x08031994,0x1C,thumb,bl-target,FreeBlockAnimAndBlock
0x080319B0,0x20,thumb,bl-target,FreeBlockAnim
0x080319D0,0xE8,thumb,bl-target,BlockAnimWriteAndDrawColumn
0x08031AB8,0xA0,thumb,bl-target,BlockAnimWriteColumn
0x08031B58,0xE0,thumb,bl-target,BlockAnimDrawColumn
0x08031C38,0x44,thumb,bl-target,BlockAnimWriteMetatile
0x08031C7C,0x88,thumb,bl-target,BlockAnimDrawTiles
0x08031D04,0xE0,thumb,bl-target,BlockAnimBreakNeighbors
0x08031DE4,0xD8,thumb,rom-pointer,UpdateBlockAnimsWithEdges
0x08031EBC,0x80,thumb,bl-target,BlockAnimWriteMetatileWrapped
0x08031F3C,0x34C,thumb,bl-target,BlockAnimDrawWithEdges
0x08032288,0xB0,thumb,bl-target,CanBreakBg1Block
0x08032338,0xF0,thumb,bl-target,BreakBg1BlockAtCursor
0x08032428,0xBC,thumb,rom-pointer,UpdateBg1BlockAnims
0x080324E4,0x1C,thumb,bl-target,FreeBg1BlockAnimAndBlock
0x08032500,0x20,thumb,bl-target,Bg1BlockAnimWriteMetatile
0x08032520,0x98,thumb,bl-target,Bg1BlockAnimDrawTiles
0x080325B8,0xD0,thumb,bl-target,Bg1BlockAnimBreakNeighbors
0x08032688,0x548,thumb,rom-pointer,Task_Player
0x08032BD0,0x178,thumb,rom-pointer,PlayerStartRequestedAction
0x08032D48,0x5E4,thumb,rom-pointer,PlayerUpdate
0x0803332C,0xE8,thumb,rom-pointer,sub_0803332c
0x08033414,0x3E0,thumb,bl-target,sub_08033414
0x080337F4,0x4,thumb,rom-pointer,sub_080337f4
0x080337F8,0x4,thumb,curated,sub_080337f8
0x080337FC,0x4,thumb,rom-pointer,sub_080337fc
0x08033800,0x4,thumb,curated,sub_08033800
0x08033804,0x4,thumb,rom-pointer,sub_08033804
0x08033808,0x4,thumb,rom-pointer,sub_08033808
0x0803380C,0x220,thumb,rom-pointer,PlayerActionStand
0x08033A2C,0x2E0,thumb,rom-pointer,PlayerActionStandUpdate
0x08033D0C,0x56C,thumb,bl-target+rom-pointer,PlayerActionWalk
0x08034278,0x148,thumb,rom-pointer,PlayerActionWalkUpdate
0x080343C0,0x2DC,thumb,rom-pointer,PlayerActionRun
0x0803469C,0x1D8,thumb,rom-pointer,PlayerActionRunUpdate
0x08034874,0x140,thumb,rom-pointer,PlayerActionSkid
0x080349B4,0xD4,thumb,rom-pointer,PlayerActionSkidUpdate
0x08034A88,0x164,thumb,rom-pointer,PlayerActionJump
0x08034BEC,0x148,thumb,rom-pointer,PlayerActionJumpUpdate
0x08034D34,0x12C,thumb,rom-pointer,PlayerActionReleaseJump
0x08034E60,0x110,thumb,rom-pointer,PlayerActionReleaseJumpUpdate
0x08034F70,0x1C,thumb,rom-pointer,sub_08034f70
0x08034F8C,0x4CC,thumb,bl-target+rom-pointer,PlayerActionFall
0x08035458,0x180,thumb,rom-pointer,PlayerActionFallUpdate
0x080355D8,0x270,thumb,rom-pointer,PlayerActionHighFall
0x08035848,0x1B0,thumb,rom-pointer,PlayerActionHighFallUpdate
0x080359F8,0x888,thumb,rom-pointer,PlayerActionFloat
0x08036280,0x444,thumb,rom-pointer,PlayerActionFloatUpdate
0x080366C4,0x1C4,thumb,rom-pointer,PlayerActionDuck
0x08036888,0x128,thumb,rom-pointer,PlayerActionDuckUpdate
0x080369B0,0x1EC,thumb,rom-pointer,PlayerActionSlide
0x08036B9C,0xF8,thumb,rom-pointer,PlayerActionSlideUpdate
0x08036C94,0x55C,thumb,rom-pointer,PlayerActionLadder
0x080371F0,0x3F0,thumb,rom-pointer,PlayerActionLadderUpdate
0x080375E0,0x334,thumb,rom-pointer,PlayerActionInhale
0x08037914,0x2C0,thumb,rom-pointer,PlayerActionInhaleUpdate
0x08037BD4,0xF4,thumb,rom-pointer,PlayerActionSpit
0x08037CC8,0x9C,thumb,rom-pointer,PlayerActionSpitUpdate
0x08037D64,0xC4,thumb,rom-pointer,PlayerActionSwallow
0x08037E28,0xB0,thumb,rom-pointer,PlayerActionSwallowUpdate
0x08037ED8,0x1000,thumb,rom-pointer,PlayerActionHurt
0x08038FE8,0x1B4,thumb,rom-pointer,PlayerActionHurtUpdate
0x0803919C,0x508,thumb,rom-pointer,PlayerActionDie
0x080396A4,0x154,thumb,rom-pointer,sub_080396a4
0x080397F8,0x42C,thumb,rom-pointer,PlayerActionEnterDoor
0x08039C24,0xE1C,thumb,rom-pointer,PlayerActionExitDoor
0x0803AA40,0x24,thumb,rom-pointer,PlayerActionExitDoorUpdate
0x0803AA64,0x568,thumb,rom-pointer,PlayerActionSwim
0x0803AFCC,0x3F8,thumb,rom-pointer,PlayerActionSwimUpdate
0x0803B3C4,0xB8,thumb,rom-pointer,PlayerActionStandInWater
0x0803B47C,0x7C,thumb,rom-pointer,PlayerActionStandInWaterUpdate
0x0803B4F8,0x1F4,thumb,rom-pointer,PlayerActionWalkInWater
0x0803B6EC,0x7C,thumb,rom-pointer,PlayerActionWalkInWaterUpdate
0x0803B768,0xC0,thumb,rom-pointer,PlayerActionSwallowInWater
0x0803B828,0x54,thumb,rom-pointer,PlayerActionSwallowInWaterUpdate
0x0803B87C,0x98,thumb,rom-pointer,PlayerActionSpitInWater
0x0803B914,0x8C,thumb,rom-pointer,PlayerActionSpitInWaterUpdate
0x0803B9A0,0x250,thumb,rom-pointer,PlayerActionWaterShot
0x0803BBF0,0x1A0,thumb,rom-pointer,PlayerActionWaterShotUpdate
0x0803BD90,0x44,thumb,rom-pointer,PlayerActionRecoil
0x0803BDD4,0x14,thumb,rom-pointer,PlayerActionRecoilUpdate
0x0803BDE8,0xBA8,thumb,rom-pointer,PlayerActionShareItem
0x0803C990,0x24,thumb,rom-pointer,PlayerActionShareItemUpdate
0x0803C9B4,0x224,thumb,bl-target,sub_0803c9b4
0x0803CBD8,0x100,thumb,bl-target,sub_0803cbd8
0x0803CCD8,0x88,thumb,bl-target,sub_0803ccd8
0x0803CD60,0x138,thumb,bl-target,PlayerPlayBump
0x0803CE98,0x178,thumb,bl-target,sub_0803ce98
0x0803D010,0x24,thumb,bl-target,sub_0803d010
0x0803D034,0x6C,thumb,bl-target,CreatePlayer
0x0803D0A0,0x124,thumb,bl-target,InitPlayerState
0x0803D1C4,0x110,thumb,bl-target,InitPlayerStateKeepInvincibility
0x0803D2D4,0x100,thumb,bl-target,InitPlayerStateKeepMouth
0x0803D3D4,0xC0,thumb,bl-target,PlayerAccelerateAxis
0x0803D494,0xC8,thumb,rom-pointer,PlayerMove
0x0803D55C,0x1B4,thumb,bl-target,PlayerLoadFrameTilesAndPalette
0x0803D710,0xB4,thumb,bl-target,sub_0803d710
0x0803D7C4,0x60,thumb,bl-target,sub_0803d7c4
0x0803D824,0x4C,thumb,bl-target,sub_0803d824
0x0803D870,0x304,thumb,bl-target,sub_0803d870
0x0803DB74,0x24C,thumb,bl-target,sub_0803db74
0x0803DDC0,0x208,thumb,rom-pointer,sub_0803ddc0
0x0803DFC8,0x88,thumb,bl-target+rom-pointer,PlayerDrawWorldLoadTilesAndPalette
0x0803E050,0x30,thumb,bl-target,PlayerStopAxes
0x0803E080,0x138,thumb,bl-target,sub_0803e080
0x0803E1B8,0xD4,thumb,bl-target,SetPlayerInvulnerability
0x0803E28C,0x48,thumb,bl-target,sub_0803e28c
0x0803E2D4,0x78,thumb,bl-target,PlayerUpdateInvulnerability
0x0803E34C,0x28,thumb,bl-target,PlaySfxIfLocalPlayer
0x0803E374,0x38,thumb,bl-target,PlayerStartSfx
0x0803E3AC,0x38,thumb,bl-target,PlayerStopSfx
0x0803E3E4,0x30,thumb,bl-target,FreezeOtherTasks
0x0803E414,0x34,thumb,bl-target,PlayerUpdateFlip
0x0803E448,0x60,thumb,bl-target,PlayerFaceHeldDirection
0x0803E4A8,0x44,thumb,bl-target,PlayerSetWaterMotionY
0x0803E4EC,0x70,thumb,bl-target,PlayerLand
0x0803E55C,0x64,thumb,bl-target,sub_0803e55c
0x0803E5C0,0x38,thumb,bl-target,LoadPlayerBodyBoxRect
0x0803E5F8,0x58,thumb,bl-target,LoadPlayerHitBoxSet
0x0803E650,0x3C,thumb,bl-target,PlayerStartOffsetScript
0x0803E68C,0x14C,thumb,bl-target,sub_0803e68c
0x0803E7D8,0x90,thumb,bl-target,PlayerUpdateInvincibility
0x0803E868,0x84,thumb,bl-target,PlayerEndInvincibility
0x0803E8EC,0x20C,thumb,bl-target,sub_0803e8ec
0x0803EAF8,0xB04,thumb,bl-target,sub_0803eaf8
0x0803F5FC,0xE4,thumb,bl-target,FreePlayerEffectsAndObjects
0x0803F6E0,0x100,thumb,bl-target,sub_0803f6e0
0x0803F7E0,0x54,thumb,bl-target,sub_0803f7e0
0x0803F834,0x3C,thumb,bl-target,sub_0803f834
0x0803F870,0x14,thumb,bl-target,PlayerTurnToHeldDirection
0x0803F884,0x64,thumb,bl-target,PlayerGetHeldDirection
0x0803F8E8,0xD8,thumb,bl-target,PlayerCheckBump
0x0803F9C0,0x28,thumb,bl-target,PlayerStopAtCeilingAndWall
0x0803F9E8,0x5C,thumb,bl-target,PlayerStopAtWall
0x0803FA44,0x30,thumb,bl-target,PlayerCheckLanding
0x0803FA74,0xE0,thumb,bl-target,PlayerCheckDie
0x0803FB54,0x190,thumb,bl-target,sub_0803fb54
0x0803FCE4,0x3C,thumb,bl-target,PlayerHasCrossedWaterSurface
0x0803FD20,0x70,thumb,bl-target,PlayerGetFacingSlope
0x0803FD90,0x64,thumb,bl-target,PlayerCheckSkid
0x0803FDF4,0x74,thumb,bl-target,PlayerCheckJump
0x0803FE68,0x5C,thumb,bl-target,PlayerCheckFallOrWater
0x0803FEC4,0xB8,thumb,bl-target,PlayerCheckDuckOrSwallow
0x0803FF7C,0x64,thumb,bl-target,PlayerCheckLadder
0x0803FFE0,0xA4,thumb,bl-target,PlayerCheckFloat
0x08040084,0x3C,thumb,bl-target,PlayerCheckAirFloat
0x080400C0,0x1A4,thumb,bl-target,PlayerCheckBButton
0x08040264,0x34,thumb,bl-target,PlayerCheckEnterWater
0x08040298,0xA8,thumb,bl-target,PlayerCheckEnterDoor
0x08040340,0xA4,thumb,bl-target,PlayerCheckDropAbility
0x080403E4,0x48,thumb,bl-target,PlayerCheckStartSwim
0x0804042C,0xB8,thumb,bl-target,PlayerRequestLocomotion
0x080404E4,0x30,thumb,bl-target,sub_080404e4
0x08040514,0x1FC,thumb,bl-target+rom-pointer,PlayerCheckShareItem
0x08040710,0x78,thumb,bl-target,PlayerRequestStandOrFall
0x08040788,0x80,thumb,bl-target,LatchPlayerKeys
0x08040808,0x50,thumb,bl-target,sub_08040808
0x08040858,0x24,thumb,bl-target,sub_08040858
0x0804087C,0x18,thumb,bl-target,PlayerGiveInvincibleCandy
0x08040894,0x50,thumb,bl-target,PlayerStartItemShare
0x080408E4,0x50,thumb,bl-target,sub_080408e4
0x08040934,0x84,thumb,bl-target,sub_08040934
0x080409B8,0x8C,thumb,bl-target,sub_080409b8
0x08040A44,0xFC,thumb,bl-target,sub_08040a44
0x08040B40,0x864,thumb,bl-target,PlayerSetMotionXPreset
0x080413A4,0x94,thumb,bl-target,PlayerSetMotionYPreset
0x08041438,0xB0,thumb,rom-pointer,MetaKnightActionStand
0x080414E8,0xE0,thumb,rom-pointer,MetaKnightActionWalk
0x080415C8,0xD8,thumb,rom-pointer,MetaKnightActionWalkUpdate
0x080416A0,0xD8,thumb,rom-pointer,MetaKnightActionRun
0x08041778,0x164,thumb,rom-pointer,MetaKnightActionRunUpdate
0x080418DC,0x64,thumb,rom-pointer,MetaKnightActionSkid
0x08041940,0xEC,thumb,rom-pointer,MetaKnightActionJump
0x08041A2C,0x160,thumb,rom-pointer,MetaKnightActionJumpUpdate
0x08041B8C,0x64,thumb,rom-pointer,MetaKnightActionReleaseJump
0x08041BF0,0x40,thumb,rom-pointer,MetaKnightActionFall
0x08041C30,0xE4,thumb,rom-pointer,MetaKnightActionFallUpdate
0x08041D14,0xB4,thumb,rom-pointer,MetaKnightActionFloat
0x08041DC8,0xC4,thumb,rom-pointer,MetaKnightActionFloatUpdate
0x08041E8C,0x84,thumb,rom-pointer,MetaKnightActionDuck
0x08041F10,0x140,thumb,rom-pointer,MetaKnightActionSlide
0x08042050,0xD8,thumb,rom-pointer,MetaKnightActionSlideUpdate
0x08042128,0x200,thumb,rom-pointer,MetaKnightActionLadder
0x08042328,0x258,thumb,rom-pointer,MetaKnightActionLadderUpdate
0x08042580,0x400,thumb,rom-pointer,MetaKnightActionHurt
0x08042980,0x7C,thumb,rom-pointer,MetaKnightActionHurtUpdate
0x080429FC,0x254,thumb,rom-pointer,MetaKnightActionDie
0x08042C50,0xAC,thumb,rom-pointer,sub_08042c50
0x08042CFC,0x44,thumb,rom-pointer,MetaKnightActionRecoil
0x08042D40,0x14,thumb,rom-pointer,MetaKnightActionRecoilUpdate
0x08042D54,0x144,thumb,rom-pointer,MetaKnightActionEnterDoor
0x08042E98,0x17C,thumb,rom-pointer,MetaKnightActionExitDoor
0x08043014,0x348,thumb,rom-pointer,MetaKnightActionSwim
0x0804335C,0x2F8,thumb,rom-pointer,MetaKnightActionSwimUpdate
0x08043654,0x58,thumb,rom-pointer,MetaKnightActionStandInWater
0x080436AC,0xA0,thumb,rom-pointer,MetaKnightActionWalkInWater
0x0804374C,0x33C,thumb,rom-pointer,MetaKnightActionSlash
0x08043A88,0xF8,thumb,rom-pointer,MetaKnightActionSlashUpdate
0x08043B80,0x2A8,thumb,rom-pointer,MetaKnightActionDashSlash
0x08043E28,0x180,thumb,rom-pointer,MetaKnightActionDashSlashUpdate
0x08043FA8,0x224,thumb,rom-pointer,MetaKnightActionUpwardSlash
0x080441CC,0xBC,thumb,rom-pointer,MetaKnightActionUpwardSlashUpdate
0x08044288,0x1E8,thumb,rom-pointer,MetaKnightActionDownThrust
0x08044470,0x1BC,thumb,rom-pointer,MetaKnightActionDownThrustUpdate
0x0804462C,0x1D4,thumb,rom-pointer,PlayerActionFire
0x08044800,0x78,thumb,rom-pointer,PlayerActionFireUpdate
0x08044878,0x150,thumb,rom-pointer,PlayerActionSpark
0x080449C8,0x1CC,thumb,rom-pointer,PlayerActionSparkUpdate
0x08044B94,0xE8,thumb,rom-pointer,PlayerActionCutter
0x08044C7C,0x88,thumb,rom-pointer,PlayerActionCutterUpdate
0x08044D04,0x694,thumb,rom-pointer,PlayerActionSword
0x08045398,0x230,thumb,rom-pointer,PlayerActionSwordUpdate
0x080455C8,0x488,thumb,rom-pointer,PlayerActionBurning
0x08045A50,0x1F0,thumb,rom-pointer,PlayerActionBurningUpdate
0x08045C40,0xD8,thumb,rom-pointer,PlayerActionLaser
0x08045D18,0x1C,thumb,rom-pointer,PlayerActionLaserUpdate
0x08045D34,0x5BC,thumb,rom-pointer,PlayerActionMike
0x080462F0,0x40,thumb,rom-pointer,PlayerActionMikeUpdate
0x08046330,0x43C,thumb,rom-pointer,PlayerActionWheel
0x0804676C,0x494,thumb,rom-pointer,PlayerActionWheelUpdate
0x08046C00,0x670,thumb,rom-pointer,PlayerActionHammer
0x08047270,0x278,thumb,rom-pointer,PlayerActionHammerUpdate
0x080474E8,0x2E4,thumb,rom-pointer,PlayerActionParasol
0x080477CC,0x78,thumb,rom-pointer,PlayerActionParasolUpdate
0x08047844,0x394,thumb,rom-pointer,PlayerActionSleep
0x08047BD8,0x58,thumb,rom-pointer,PlayerActionSleepUpdate
0x08047C30,0x244,thumb,rom-pointer,PlayerActionNeedle
0x08047E74,0x174,thumb,rom-pointer,PlayerActionNeedleUpdate
0x08047FE8,0x1000,thumb,rom-pointer,PlayerActionGetAbility
0x08049484,0x2B4,thumb,rom-pointer,PlayerActionGetAbilityUpdate
0x08049738,0x320,thumb,bl-target,LoadAbilityTiles
0x08049A58,0xF0,thumb,bl-target,PlayerLoadSparkTiles
0x08049B48,0x1D4,thumb,rom-pointer,PlayerActionIce
0x08049D1C,0x78,thumb,rom-pointer,PlayerActionIceUpdate
0x08049D94,0x148,thumb,rom-pointer,PlayerActionFreeze
0x08049EDC,0xBC,thumb,rom-pointer,PlayerActionFreezeUpdate
0x08049F98,0x2C0,thumb,rom-pointer,PlayerActionHiJump
0x0804A258,0x2F4,thumb,rom-pointer,PlayerActionHiJumpUpdate
0x0804A54C,0x154,thumb,rom-pointer,PlayerActionBeam
0x0804A6A0,0x1C,thumb,rom-pointer,PlayerActionBeamUpdate
0x0804A6BC,0x2B4,thumb,rom-pointer,PlayerActionStone
0x0804A970,0x200,thumb,rom-pointer,PlayerActionStoneUpdate
0x0804AB70,0x238,thumb,rom-pointer,PlayerActionTornado
0x0804ADA8,0x1AC,thumb,rom-pointer,PlayerActionTornadoUpdate
0x0804AF54,0x520,thumb,rom-pointer,PlayerActionCrash
0x0804B474,0x140,thumb,rom-pointer,PlayerActionCrashUpdate
0x0804B5B4,0x264,thumb,rom-pointer,PlayerActionLight
0x0804B818,0x40,thumb,rom-pointer,PlayerActionLightUpdate
0x0804B858,0xC54,thumb,rom-pointer,PlayerActionBackdropHold
0x0804C4AC,0x1A0,thumb,rom-pointer,PlayerActionBackdropHoldUpdate
0x0804C64C,0x438,thumb,rom-pointer,PlayerActionThrowHold
0x0804CA84,0x1F8,thumb,rom-pointer,PlayerActionThrowHoldUpdate
0x0804CC7C,0xA54,thumb,rom-pointer,PlayerActionUFO
0x0804D6D0,0x538,thumb,rom-pointer,PlayerActionUFOUpdate
0x0804DC08,0x2F8,thumb,rom-pointer,PlayerActionBackdrop
0x0804DF00,0x1E0,thumb,rom-pointer,PlayerActionBackdropUpdate
0x0804E0E0,0x2C0,thumb,rom-pointer,PlayerActionThrow
0x0804E3A0,0x204,thumb,rom-pointer,PlayerActionThrowUpdate
0x0804E5A4,0x5C,thumb,rom-pointer,PlayerActionBall
0x0804E600,0x40,thumb,rom-pointer,PlayerActionBallEnterVariant
0x0804E640,0x14C,thumb,rom-pointer,PlayerActionBallUpdate
0x0804E78C,0x168,thumb,rom-pointer,PlayerBallTransform
0x0804E8F4,0x88,thumb,rom-pointer,PlayerBallTransformUpdate
0x0804E97C,0x100,thumb,rom-pointer,PlayerBallStand
0x0804EA7C,0xAC,thumb,rom-pointer,PlayerBallStandUpdate
0x0804EB28,0x38,thumb,rom-pointer,PlayerBallRoll
0x0804EB60,0x144,thumb,rom-pointer,PlayerBallRollUpdate
0x0804ECA4,0x48,thumb,rom-pointer,PlayerBallSkid
0x0804ECEC,0x11C,thumb,rom-pointer,PlayerBallSkidUpdate
0x0804EE08,0xF8,thumb,rom-pointer,PlayerBallJump
0x0804EF00,0xEC,thumb,rom-pointer,PlayerBallJumpUpdate
0x0804EFEC,0x138,thumb,rom-pointer,PlayerBallBounce
0x0804F124,0x108,thumb,rom-pointer,PlayerBallBounceUpdate
0x0804F22C,0x2C,thumb,rom-pointer,PlayerBallFall
0x0804F258,0xB4,thumb,rom-pointer,PlayerBallFallUpdate
0x0804F30C,0xD8,thumb,rom-pointer,PlayerBallLand
0x0804F3E4,0x6C,thumb,rom-pointer,PlayerBallLandUpdate
0x0804F450,0x16C,thumb,rom-pointer,PlayerBallRevert
0x0804F5BC,0x58,thumb,rom-pointer,PlayerBallRevertUpdate
0x0804F614,0x158,thumb,bl-target,PlayerBallPlayBump
0x0804F76C,0x30,thumb,bl-target,PlayerBallGetRollDelay
0x0804F79C,0x5C,thumb,bl-target,PlayerBallStepRoll
0x0804F7F8,0xF4,thumb,bl-target,PlayerBallCheckVariant
0x0804F8EC,0x5C,thumb,bl-target+rom-pointer,PlayerBallCheckLanding
0x0804F948,0x168,thumb,rom-pointer,PlayerActionStarRod
0x0804FAB0,0xF4,thumb,rom-pointer,PlayerActionStarRodUpdate
0x0804FBA4,0xF4,thumb,rom-pointer,PlayerActionStarRodJump
0x0804FC98,0x1D0,thumb,rom-pointer,PlayerActionStarRodJumpUpdate
0x0804FE68,0x80,thumb,bl-target+rom-pointer,PlayerActionStarRodFlight
0x0804FEE8,0x34,thumb,rom-pointer,PlayerActionStarRodFlightEnterVariant
0x0804FF1C,0xC0,thumb,rom-pointer,PlayerActionStarRodFlightUpdate
0x0804FFDC,0x314,thumb,rom-pointer,PlayerStarRodFlightIntro
0x080502F0,0x50,thumb,rom-pointer,PlayerStarRodFlightIntroUpdate
0x08050340,0x1C,thumb,rom-pointer,PlayerStarRodFlightFly
0x0805035C,0xBC,thumb,rom-pointer,PlayerStarRodFlightFlyUpdate
0x08050418,0xBC,thumb,rom-pointer,PlayerStarRodFlightShoot
0x080504D4,0x34,thumb,rom-pointer,PlayerStarRodFlightShootUpdate
0x08050508,0x128,thumb,rom-pointer,PlayerStarRodFlightHurt
0x08050630,0x34,thumb,rom-pointer,PlayerStarRodFlightHurtUpdate
0x08050664,0x78,thumb,bl-target,PlayerStarRodFlightCheckShoot
0x080506DC,0xE0,thumb,bl-target,PlayerStarRodFlightSteer
0x080507BC,0x58,thumb,rom-pointer,Task_PlayerObject
0x08050814,0x108,thumb,rom-pointer,sub_08050814
0x0805091C,0xD0,thumb,rom-pointer,sub_0805091c
0x080509EC,0x25C,thumb,rom-pointer,PlayerObjectAirPuff
0x08050C48,0xB8,thumb,rom-pointer,PlayerObjectAirPuffUpdate
0x08050D00,0x184,thumb,rom-pointer,PlayerObjectSpitStar
0x08050E84,0xFC,thumb,rom-pointer,PlayerObjectSpitStarUpdate
0x08050F80,0x1A4,thumb,rom-pointer,sub_08050f80
0x08051124,0x1D4,thumb,rom-pointer,PlayerObjectSpitMultiStar
0x080512F8,0xDC,thumb,rom-pointer,PlayerObjectSpitMultiStarUpdate
0x080513D4,0x124,thumb,rom-pointer,sub_080513d4
0x080514F8,0x274,thumb,rom-pointer,PlayerObjectWaterShot
0x0805176C,0xB0,thumb,rom-pointer,PlayerObjectWaterShotUpdate
0x0805181C,0x2F0,thumb,rom-pointer,PlayerObjectFireBreath
0x08051B0C,0x110,thumb,rom-pointer,PlayerObjectFireBreathUpdate
0x08051C1C,0x168,thumb,rom-pointer,PlayerObjectCutterBlade
0x08051D84,0x1C8,thumb,rom-pointer,PlayerObjectCutterBladeUpdate
0x08051F4C,0x190,thumb,rom-pointer,PlayerObjectLaserBeam
0x080520DC,0x2C0,thumb,rom-pointer,PlayerObjectLaserBeamUpdate
0x0805239C,0x2F0,thumb,rom-pointer,PlayerObjectIceBreath
0x0805268C,0x118,thumb,rom-pointer,PlayerObjectIceBreathUpdate
0x080527A4,0x364,thumb,rom-pointer,PlayerObjectBeamOrb
0x08052B08,0x80,thumb,rom-pointer,sub_08052b08
0x08052B88,0x3E4,thumb,rom-pointer,PlayerObjectLightOrb
0x08052F6C,0x414,thumb,rom-pointer,PlayerObjectUFOShot
0x08053380,0x150,thumb,rom-pointer,PlayerObjectUFOShotUpdate
0x080534D0,0xE0,thumb,rom-pointer,PlayerObjectUFOShotLateUpdate
0x080535B0,0x12C,thumb,rom-pointer,PlayerObjectStarRodShot
0x080536DC,0x100,thumb,rom-pointer,PlayerObjectStarRodShotUpdate
0x080537DC,0xF0,thumb,rom-pointer,PlayerObjectStarRodFlightShot
0x080538CC,0x74,thumb,rom-pointer,PlayerObjectStarRodFlightShotUpdate
0x08053940,0x104,thumb,bl-target,CreatePlayerObject
0x08053A44,0xB0,thumb,bl-target,CreatePlayerObjectLowSlot
0x08053AF4,0x4C,thumb,rom-pointer,Task_PlayerEffect
0x08053B40,0xA0,thumb,rom-pointer,PlayerEffectInhaleAir
0x08053BE0,0x3C,thumb,rom-pointer,PlayerEffectInhaleAirUpdate
0x08053C1C,0x2C,thumb,rom-pointer,PlayerEffectInhaleAirDraw
0x08053C48,0xC0,thumb,rom-pointer,PlayerEffectCatchDust
0x08053D08,0xB0,thumb,rom-pointer,PlayerEffectSpitDust
0x08053DB8,0x7C,thumb,rom-pointer,PlayerEffectAbilityGetSparkle
0x08053E34,0x4,thumb,rom-pointer,sub_08053e34
0x08053E38,0x138,thumb,rom-pointer,PlayerEffectImpactStar
0x08053F70,0x160,thumb,rom-pointer,PlayerEffectDeathStar
0x080540D0,0x1C8,thumb,rom-pointer,PlayerEffectSkidDust
0x08054298,0x98,thumb,rom-pointer,PlayerEffectSkidDustUpdate
0x08054330,0x1D4,thumb,rom-pointer,PlayerEffectRunDust
0x08054504,0x34,thumb,rom-pointer,PlayerEffectRunDustUpdate
0x08054538,0x300,thumb,rom-pointer,PlayerEffectSlideDust
0x08054838,0x24,thumb,rom-pointer,PlayerEffectSlideDustUpdate
0x0805485C,0x94,thumb,rom-pointer,PlayerEffectSplash
0x080548F0,0xB4,thumb,rom-pointer,PlayerEffectLeaveWaterSplash
0x080549A4,0xA0,thumb,rom-pointer,PlayerEffectBubble
0x08054A44,0x3C,thumb,rom-pointer,sub_08054a44
0x08054A80,0x118,thumb,rom-pointer,PlayerEffectDeathStarRing
0x08054B98,0x1FC,thumb,rom-pointer,PlayerEffectDeathStarRingLateUpdate
0x08054D94,0x54,thumb,rom-pointer,PlayerEffectMetaKnightDeathBlast
0x08054DE8,0x1FC,thumb,rom-pointer,sub_08054de8
0x08054FE4,0x318,thumb,rom-pointer,sub_08054fe4
0x080552FC,0xD8,thumb,rom-pointer,sub_080552fc
0x080553D4,0x8C,thumb,rom-pointer,sub_080553d4
0x08055460,0xC0,thumb,rom-pointer,sub_08055460
0x08055520,0x17C,thumb,rom-pointer,sub_08055520
0x0805569C,0xB0,thumb,rom-pointer,sub_0805569c
0x0805574C,0x88,thumb,rom-pointer,sub_0805574c
0x080557D4,0xA8,thumb,rom-pointer,sub_080557d4
0x0805587C,0x1C4,thumb,rom-pointer,sub_0805587c
0x08055A40,0x7C,thumb,rom-pointer,sub_08055a40
0x08055ABC,0x68,thumb,rom-pointer,sub_08055abc
0x08055B24,0x200,thumb,rom-pointer,PlayerEffectHurtFlames
0x08055D24,0x50,thumb,rom-pointer,PlayerEffectHurtFlamesUpdate
0x08055D74,0x388,thumb,rom-pointer,PlayerEffectHurtSparks
0x080560FC,0x50,thumb,rom-pointer,PlayerEffectHurtSparksUpdate
0x0805614C,0x1B4,thumb,rom-pointer,sub_0805614c
0x08056300,0x20,thumb,rom-pointer,sub_08056300
0x08056320,0x108,thumb,rom-pointer,sub_08056320
0x08056428,0x20,thumb,rom-pointer,sub_08056428
0x08056448,0x64,thumb,rom-pointer,PlayerEffectHurtBurst
0x080564AC,0x2C4,thumb,rom-pointer,sub_080564ac
0x08056770,0x638,thumb,rom-pointer,sub_08056770
0x08056DA8,0x2C,thumb,rom-pointer,sub_08056da8
0x08056DD4,0x2A8,thumb,rom-pointer,PlayerEffectFireBreathFlames
0x0805707C,0x90,thumb,rom-pointer,PlayerEffectFireBreathFlamesUpdate
0x0805710C,0x298,thumb,rom-pointer,PlayerEffectSparkAura
0x080573A4,0x8C,thumb,rom-pointer,PlayerEffectSparkAuraUpdate
0x08057430,0x64,thumb,rom-pointer,PlayerEffectSwordSparkle
0x08057494,0x57C,thumb,rom-pointer,PlayerEffectBurningFlames
0x08057A10,0x38,thumb,rom-pointer,PlayerEffectBurningFlamesUpdate
0x08057A48,0x8C,thumb,rom-pointer,PlayerEffectUFOLaserTrail
0x08057AD4,0x1C4,thumb,rom-pointer,sub_08057ad4
0x08057C98,0x48,thumb,rom-pointer,sub_08057c98
0x08057CE0,0x1B0,thumb,rom-pointer,PlayerEffectHammerDust
0x08057E90,0x100,thumb,rom-pointer,PlayerEffectParasolSparkle
0x08057F90,0x480,thumb,rom-pointer,PlayerEffectMikeAttack
0x08058410,0x50,thumb,rom-pointer,PlayerEffectMikeAttackUpdate
0x08058460,0x29C,thumb,rom-pointer,PlayerEffectSleepBubble
0x080586FC,0x24,thumb,rom-pointer,PlayerEffectSleepBubbleUpdate
0x08058720,0xF0,thumb,rom-pointer,sub_08058720
0x08058810,0x670,thumb,rom-pointer,PlayerEffectIceBreathCloud
0x08058E80,0x90,thumb,rom-pointer,PlayerEffectIceBreathCloudUpdate
0x08058F10,0x5D0,thumb,rom-pointer,PlayerEffectFreezeAura
0x080594E0,0x90,thumb,rom-pointer,PlayerEffectFreezeAuraUpdate
0x08059570,0x53C,thumb,rom-pointer,sub_08059570
0x08059AAC,0x6C,thumb,rom-pointer,sub_08059aac
0x08059B18,0x110,thumb,rom-pointer,sub_08059b18
0x08059C28,0x154,thumb,rom-pointer,PlayerEffectStonePuff
0x08059D7C,0x5A4,thumb,rom-pointer,sub_08059d7c
0x0805A320,0x38,thumb,rom-pointer,sub_0805a320
0x0805A358,0x1B0,thumb,rom-pointer,PlayerEffectTornadoDust
0x0805A508,0x24,thumb,rom-pointer,PlayerEffectTornadoDustUpdate
0x0805A52C,0x5D8,thumb,rom-pointer,PlayerEffectCrashBlast
0x0805AB04,0x14C,thumb,rom-pointer,PlayerEffectCrashBlastUpdate
0x0805AC50,0x9C,thumb,rom-pointer,PlayerEffectCrashBlastDraw
0x0805ACEC,0x114,thumb,rom-pointer,sub_0805acec
0x0805AE00,0x94,thumb,rom-pointer,sub_0805ae00
0x0805AE94,0xB0,thumb,rom-pointer,PlayerEffectUFOChargeSparkle
0x0805AF44,0x3C,thumb,rom-pointer,PlayerEffectUFOChargeSparkleUpdate
0x0805AF80,0x2C,thumb,rom-pointer,sub_0805af80
0x0805AFAC,0xDC,thumb,bl-target,CreatePlayerEffect
0x0805B088,0x88,thumb,bl-target,CreatePlayerEffectHighSlot
0x0805B110,0x5C,thumb,bl-target,GoalGameMain
0x0805B16C,0x10C,thumb,bl-target,GoalGameInit
0x0805B278,0xDC,thumb,bl-target,PlayerGoalGameInit
0x0805B354,0x1C,thumb,rom-pointer,PlayerGoalGameEnterState
0x0805B370,0x14C,thumb,bl-target,sub_0805b370
0x0805B4BC,0x1C,thumb,rom-pointer,PlayerGoalGameUpdate
0x0805B4D8,0x30,thumb,rom-pointer,PlayerGoalGameState0
0x0805B508,0xC,thumb,rom-pointer,PlayerGoalGameState0Update
0x0805B514,0x20,thumb,bl-target+rom-pointer,PlayerGoalGameWaitForPress
0x0805B534,0x7C,thumb,rom-pointer,PlayerGoalGameWaitForPressUpdate
0x0805B5B0,0x6C,thumb,bl-target,PlayerGoalGameCheckPress
0x0805B61C,0x28,thumb,bl-target,PlayerGoalGameSetLaunchPower
0x0805B644,0x1C,thumb,rom-pointer,PlayerGoalGameState2
0x0805B660,0x10,thumb,rom-pointer,PlayerGoalGameState2Update
0x0805B670,0x18,thumb,bl-target+rom-pointer,PlayerGoalGameWaitForLaunch
0x0805B688,0x38,thumb,rom-pointer,PlayerGoalGameWaitForLaunchUpdate
0x0805B6C0,0xC8,thumb,rom-pointer,PlayerGoalGameLaunch
0x0805B788,0xB4,thumb,rom-pointer,PlayerGoalGameLaunchUpdate
0x0805B83C,0x7C,thumb,bl-target,sub_0805b83c
0x0805B8B8,0x40,thumb,bl-target,sub_0805b8b8
0x0805B8F8,0xA0,thumb,bl-target+rom-pointer,sub_0805b8f8
0x0805B998,0xC,thumb,rom-pointer,PlayerGoalGameState5Update
0x0805B9A4,0x1C,thumb,bl-target+rom-pointer,PlayerGoalGameFall
0x0805B9C0,0x48,thumb,rom-pointer,PlayerGoalGameFallUpdate
0x0805BA08,0x17C,thumb,bl-target+rom-pointer,PlayerGoalGameLand
0x0805BB84,0xC,thumb,rom-pointer,PlayerGoalGameLandUpdate
0x0805BB90,0x8C,thumb,rom-pointer,sub_0805bb90
0x0805BC1C,0x34,thumb,bl-target+rom-pointer,PlayerGoalGameWait
0x0805BC50,0xC,thumb,rom-pointer,PlayerGoalGameWaitUpdate
0x0805BC5C,0x48,thumb,rom-pointer,PlayerGoalGameWaitLateUpdate
0x0805BCA4,0x3C,thumb,bl-target,sub_0805bca4
0x0805BCE0,0x48,thumb,bl-target+rom-pointer,PlayerGoalGameDance
0x0805BD28,0xC,thumb,rom-pointer,PlayerGoalGameDanceUpdate
0x0805BD34,0x108,thumb,bl-target+rom-pointer,PlayerGoalGameFinish
0x0805BE3C,0xC,thumb,rom-pointer,PlayerGoalGameFinishUpdate
0x0805BE48,0x68,thumb,bl-target,sub_0805be48
0x0805BEB0,0x1F8,thumb,rom-pointer,Task_GoalGameLaunchStars
0x0805C0A8,0x6C,thumb,rom-pointer,GoalGameLaunchStarsFall
0x0805C114,0x3C,thumb,rom-pointer,GoalGameLaunchStarsUpdate
0x0805C150,0xB4,thumb,rom-pointer,GoalGameLaunchStarsDraw
0x0805C204,0x20C,thumb,rom-pointer,Task_GoalGameBigTrailStar
0x0805C410,0x174,thumb,rom-pointer,Task_GoalGameSmallTrailStar
0x0805C584,0x78,thumb,bl-target,sub_0805c584
0x0805C5FC,0x218,thumb,rom-pointer,Task_GoalGameCamera
0x0805C814,0x17C,thumb,bl-target+rom-pointer,GoalGameCameraFollowPlayer
0x0805C990,0x1A0,thumb,rom-pointer,GoalGameCameraUpdate
0x0805CB30,0xBC,thumb,rom-pointer,Task_GoalGameSpring
0x0805CBEC,0x68,thumb,rom-pointer,Task_GoalGamePlayerMarker
0x0805CC54,0x4C,thumb,rom-pointer,GoalGamePlayerMarkerFollowParent
0x0805CCA0,0x24C,thumb,rom-pointer,Task_GoalGameSign
0x0805CEEC,0x50,thumb,rom-pointer,sub_0805ceec
0x0805CF3C,0x4E4,thumb,rom-pointer,Task_GoalGameHelperKirby
0x0805D420,0x144,thumb,rom-pointer,GoalGameHelperKirbyUpdate
0x0805D564,0x98,thumb,rom-pointer,sub_0805d564
0x0805D5FC,0x6C,thumb,rom-pointer,sub_0805d5fc
0x0805D668,0x23C,thumb,rom-pointer,Task_GoalGameOneUp
0x0805D8A4,0x20,thumb,bl-target,TaskStartFrameScript
0x0805D8C4,0x30,thumb,bl-target,TaskStartFrameScriptId
0x0805D8F4,0x24,thumb,bl-target,TaskUpdateFrameScript
0x0805D918,0x7C,thumb,bl-target,TaskAdvanceFrameScript
0x0805D994,0x98,thumb,bl-target,sub_0805d994
0x0805DA2C,0x174,thumb,rom-pointer,sub_0805da2c
0x0805DBA0,0x5C,thumb,rom-pointer,sub_0805dba0
0x0805DBFC,0x1C,thumb,curated,sub_0805dbfc
0x0805DC18,0x134,thumb,rom-pointer,sub_0805dc18
0x0805DD4C,0x3C,thumb,rom-pointer,sub_0805dd4c
0x0805DD88,0x28,thumb,rom-pointer,sub_0805dd88
0x0805DDB0,0xFC,thumb,bl-target,sub_0805ddb0
0x0805DEAC,0xF0,thumb,bl-target,StartAllPlayersDance
0x0805DF9C,0x4C,thumb,bl-target,sub_0805df9c
0x0805DFE8,0x50,thumb,rom-pointer,PlayerWalkToDanceSpotUpdate
0x0805E038,0xD8,thumb,bl-target,PlayerSetDanceSpot
0x0805E110,0x4C,thumb,bl-target,PlayerWalkToDanceSpot
0x0805E15C,0x60,thumb,bl-target+rom-pointer,PlayerDance
0x0805E1BC,0x90,thumb,bl-target,PlayerDanceInGoalGame
0x0805E24C,0x88,thumb,bl-target,PlayerDanceAfterStageClear
0x0805E2D4,0x4E0,thumb,rom-pointer,sub_0805e2d4
0x0805E7B4,0x378,thumb,rom-pointer,PlayerDance1
0x0805EB2C,0x364,thumb,rom-pointer,PlayerDance2
0x0805EE90,0x32C,thumb,rom-pointer,PlayerDance3
0x0805F1BC,0x5BC,thumb,rom-pointer,PlayerDance4
0x0805F778,0x410,thumb,rom-pointer,PlayerDance5
0x0805FB88,0x780,thumb,rom-pointer,PlayerDance7
0x08060308,0x924,thumb,rom-pointer,PlayerDance8
0x08060C2C,0x7B8,thumb,rom-pointer,PlayerDance9
0x080613E4,0x8C8,thumb,rom-pointer,PlayerDance10
0x08061CAC,0x8D8,thumb,rom-pointer,PlayerDance11
0x08062584,0xA04,thumb,rom-pointer,PlayerDance12
0x08062F88,0x710,thumb,rom-pointer,PlayerDance13
0x08063698,0x4C,thumb,bl-target,TaskCreatePausedInScreenAttack
0x080636E4,0x20,thumb,bl-target,ActorInitSlot
0x08063704,0xA8,thumb,bl-target,ActorBindDefSlot
0x080637AC,0x20,thumb,bl-target,ActorResetHealthSlot
0x080637CC,0x18,thumb,bl-target,ActorResetHealth
0x080637E4,0x124,thumb,bl-target,ActorInitFromDefSlot
0x08063908,0x14,thumb,bl-target,ActorLoadDef
0x0806391C,0x40,thumb,bl-target,ActorLoadDefSlot
0x0806395C,0x18,thumb,bl-target,ActorSetState
0x08063974,0x1C,thumb,bl-target,ActorSetStateSlot
0x08063990,0x14,thumb,bl-target,ActorSetTerrainHandlers
0x080639A4,0x10,thumb,bl-target,ActorSetHitReactions
0x080639B4,0x14,thumb,bl-target,ActorSetAttackBox
0x080639C8,0x18,thumb,bl-target,ActorSetAttackBoxSlot
0x080639E0,0x10,thumb,bl-target,ActorSetTerrainBox
0x080639F0,0x10,thumb,bl-target,sub_080639f0
0x08063A00,0x14,thumb,bl-target,ActorSetExtraAttackBox
0x08063A14,0x18,thumb,bl-target,ActorSetExtraAttackBoxSlot
0x08063A2C,0x70,thumb,bl-target,sub_08063a2c
0x08063A9C,0x9C,thumb,bl-target,TaskFindNearestPlayerSlot
0x08063B38,0x9C,thumb,bl-target,TaskFindNearestPlayer
0x08063BD4,0x20,thumb,bl-target,GetDistSq
0x08063BF4,0x6C,thumb,bl-target,GetTaskDistSq
0x08063C60,0x14,thumb,bl-target,TaskGetDistSqTo
0x08063C74,0x20,thumb,bl-target,TaskGetNearestPlayerDistSq
0x08063C94,0x28,thumb,bl-target,GetTaskDx
0x08063CBC,0x14,thumb,bl-target,TaskGetDxTo
0x08063CD0,0x20,thumb,bl-target,TaskGetNearestPlayerDx
0x08063CF0,0x28,thumb,bl-target,GetTaskDy
0x08063D18,0x14,thumb,bl-target,TaskGetDyTo
0x08063D2C,0x20,thumb,bl-target,TaskGetNearestPlayerDy
0x08063D4C,0x30,thumb,bl-target,TaskGetPosSlot
0x08063D7C,0x30,thumb,bl-target,TaskGetNearestPlayerPos
0x08063DAC,0x30,thumb,bl-target,TaskGetFacingToward
0x08063DDC,0x18,thumb,bl-target,TaskFaceToward
0x08063DF4,0x20,thumb,bl-target,TaskGetFacingTowardNearestPlayer
0x08063E14,0x18,thumb,bl-target,TaskFaceNearestPlayer
0x08063E2C,0x48,thumb,bl-target,TaskIsInRect
0x08063E74,0x3C,thumb,curated,IsPointInRect
0x08063EB0,0x50,thumb,bl-target,TaskIsInRectSlot
0x08063F00,0x24,thumb,bl-target,TaskIsNearestPlayerInRect
0x08063F24,0xBC,thumb,bl-target,ActorDestroySlot
0x08063FE0,0x14,thumb,bl-target,ActorDestroy
0x08063FF4,0x44,thumb,bl-target,TaskTurnAroundAndReverseX
0x08064038,0x34,thumb,bl-target,TaskTurnAround
0x0806406C,0x3C,thumb,bl-target,TaskToggleFacingAndReverseX
0x080640A8,0x20,thumb,bl-target,ActorStartAnimNoFlip
0x080640C8,0x14,thumb,bl-target,ActorStopAnim
0x080640DC,0x20,thumb,bl-target,ActorStartAnim
0x080640FC,0x60,thumb,bl-target,ActorStepAnim
0x0806415C,0x2C,thumb,bl-target,ActorTickAnimFacingNearestPlayer
0x08064188,0x28,thumb,bl-target,ActorTickAnim
0x080641B0,0x6C,thumb,curated,sub_080641b0
0x0806421C,0x40,thumb,bl-target,AngleToVector
0x0806425C,0x54,thumb,bl-target,GetPointAngle
0x080642B0,0x4C,thumb,bl-target,GetTaskAngle
0x080642FC,0x18,thumb,bl-target,TaskGetAngleTo
0x08064314,0x28,thumb,bl-target,TaskGetAngleToNearestPlayer
0x0806433C,0x1C,thumb,bl-target,TaskGetYDirBitTo
0x08064358,0x24,thumb,bl-target,TaskGetYDirBitToNearestPlayer
0x0806437C,0x1C,thumb,bl-target,TaskGetXDirBitTo
0x08064398,0x24,thumb,bl-target,TaskGetXDirBitToNearestPlayer
0x080643BC,0x80,thumb,bl-target,TaskGetCompassDirTo
0x0806443C,0x24,thumb,bl-target,TaskGetCompassDirToNearestPlayer
0x08064460,0x60,thumb,bl-target,TaskAccelerateAxisPlus
0x080644C0,0x7C,thumb,bl-target,TaskAccelerateAxisMinus
0x0806453C,0x68,thumb,bl-target,TaskDecelerateAxis
0x080645A4,0xDC,thumb,bl-target,TaskAccelerateTowardNearestPlayer
0x08064680,0xD8,thumb,bl-target,TaskAccelerateInDir
0x08064758,0xA4,thumb,bl-target,TaskFindNearestPlayerInScreenXBand
0x080647FC,0xA4,thumb,bl-target,TaskFindNearestPlayerInScreenYBand
0x080648A0,0x9C,thumb,bl-target,TaskGetScreenPosSlot
0x0806493C,0x34,thumb,bl-target,TaskGetNearestPlayerScreenPos
0x08064970,0x14,thumb,bl-target,TaskGetScreenPos
0x08064984,0x30,thumb,bl-target,TaskIsNearestPlayerWithinX
0x080649B4,0x84,thumb,bl-target,ActorAwardScore
0x08064A38,0x28,thumb,bl-target,TaskGetParentFacing
0x08064A60,0x18,thumb,bl-target,TaskFaceLikeParent
0x08064A78,0xB0,thumb,bl-target,CreateChildActor
0x08064B28,0x34,thumb,bl-target,CreateActorFromDescHere
0x08064B5C,0x4C,thumb,bl-target,CreateActorFromDescAtOffsetFacing
0x08064BA8,0x24,thumb,bl-target,CreateActorFromDesc
0x08064BCC,0x50,thumb,bl-target,TaskStepSpinFrameFacing
0x08064C1C,0xC0,thumb,bl-target,CreateChildTask
0x08064CDC,0x58,thumb,bl-target,CreateChildTaskAtOffsetFacing
0x08064D34,0x38,thumb,bl-target,CreateChildTaskHere
0x08064D6C,0x30,thumb,bl-target,CreateChildTaskAt
0x08064D9C,0xC0,thumb,bl-target,CreateItemOrObject
0x08064E5C,0x34,thumb,bl-target,CreateItemHere
0x08064E90,0x28,thumb,bl-target,CreateItemAt
0x08064EB8,0x70,thumb,bl-target,CreateAbilityStar
0x08064F28,0x9C,thumb,bl-target,CreateActor
0x08064FC4,0x98,thumb,bl-target,CreateActorByKind
0x0806505C,0xA4,thumb,bl-target,CreateChildActorOfSameType
0x08065100,0x60,thumb,bl-target,CreateBlockStar
0x08065160,0x54,thumb,bl-target,ActorIsInView
0x080651B4,0x88,thumb,rom-pointer,ActorDrawWorldInView
0x0806523C,0x8C,thumb,bl-target+rom-pointer,ActorDrawWorldInViewOrDestroy
0x080652C8,0x88,thumb,rom-pointer,sub_080652c8
0x08065350,0x9C,thumb,rom-pointer,sub_08065350
0x080653EC,0x4C,thumb,rom-pointer,ActorDrawStreamedFrameNearViewOrDestroy
0x08065438,0x38,thumb,rom-pointer,ActorDrawStreamedFrameNearView
0x08065470,0xEC,thumb,bl-target,ActorDrawStreamedFrame
0x0806555C,0xE4,thumb,bl-target,ActorDrawSpriteAndExtra
0x08065640,0x3C,thumb,rom-pointer,ActorDrawWorldInViewOrDestroyWithExtra
0x0806567C,0x38,thumb,curated,ActorDrawSpriteAndExtraInView
0x080656B4,0x78,thumb,rom-pointer,ActorMove
0x0806572C,0x34,thumb,rom-pointer,TaskMoveRelativeToView
0x08065760,0x44,thumb,bl-target,SetPaletteAnimSource
0x080657A4,0x28,thumb,bl-target,ResetBgPaletteBlend
0x080657CC,0x2C,thumb,bl-target,EndBgPaletteBlend
0x080657F8,0x50,thumb,bl-target,StartBgPaletteBlend
0x08065848,0x70,thumb,bl-target,AcquirePaletteAnim
0x080658B8,0x20,thumb,rom-pointer,Task_PaletteAnim
0x080658D8,0xDC,thumb,rom-pointer,PaletteAnimVariant0
0x080659B4,0xB4,thumb,rom-pointer,PaletteAnimCycle
0x08065A68,0xAC,thumb,rom-pointer,PaletteAnimFlashColor
0x08065B14,0x100,thumb,rom-pointer,PaletteAnimVariant3
0x08065C14,0xCC,thumb,rom-pointer,PaletteAnimBgBlend
0x08065CE0,0x64,thumb,bl-target,ActorSelectPaletteVariant
0x08065D44,0x78,thumb,bl-target,LoadActorPaletteVariant
0x08065DBC,0x14,thumb,bl-target,LoadEnemyPaletteVariant
0x08065DD0,0x2C,thumb,bl-target,sub_08065dd0
0x08065DFC,0x20,thumb,bl-target,sub_08065dfc
0x08065E1C,0x50,thumb,bl-target,ActorPlaySfx
0x08065E6C,0x64,thumb,bl-target,LockAllActorPalettes
0x08065ED0,0x5C,thumb,bl-target,ClearActorPaletteOverrides
0x08065F2C,0x30,thumb,bl-target,TaskHasSameSerial
0x08065F5C,0x18,thumb,bl-target,ActorComputeHealth
0x08065F74,0xA8,thumb,bl-target,ActorComputeHealthSlot
0x0806601C,0x6C,thumb,bl-target,sub_0806601c
0x08066088,0xBC,thumb,bl-target,ActorInitBossGfx
0x08066144,0x58,thumb,bl-target,sub_08066144
0x0806619C,0x80,thumb,bl-target,BossStartHitStun
0x0806621C,0x60,thumb,bl-target,BossEndHitStun
0x0806627C,0x5C,thumb,bl-target,BossHitStunShake
0x080662D8,0x60,thumb,rom-pointer,BossHitStunLateUpdate
0x08066338,0x5C,thumb,bl-target,AreAllPlayersOnGround
0x08066394,0x60,thumb,bl-target,GetLivingActivePlayerHealth
0x080663F4,0x74,thumb,bl-target,ActorFlashPalette
0x08066468,0x18,thumb,bl-target,ActorClearPaletteOverride
0x08066480,0x4C,thumb,bl-target,ActorFlashHeaderPalette
0x080664CC,0x14,thumb,bl-target,ActorLoadHeaderPalette
0x080664E0,0x64,thumb,bl-target,ActorIntroPoseUntilHpBarFull
0x08066544,0x20,thumb,bl-target,sub_08066544
0x08066564,0x1C,thumb,bl-target,ActorResetAttackBox
0x08066580,0x20,thumb,bl-target,sub_08066580
0x080665A0,0x5C,thumb,bl-target,ActorShowHpBar
0x080665FC,0x10,thumb,bl-target,ActorGetGfxTileWord
0x0806660C,0x24,thumb,bl-target,ActorGetGfxTileWordPalOffset
0x08066630,0x28,thumb,bl-target,ActorGetTileWordPalOffset
0x08066658,0x4C,thumb,bl-target,ActorStartIntroPose
0x080666A4,0x28,thumb,bl-target,ActorEndIntroPose
0x080666CC,0x2C,thumb,bl-target,ActorIntroPoseUntilMidBossFight
0x080666F8,0x20,thumb,bl-target,ActorIntroPoseUntilScrollLocked
0x08066718,0x3C,thumb,bl-target,BossCheckScrollLock
0x08066754,0x44,thumb,rom-pointer,ActorIntroPoseUpdate
0x08066798,0x28,thumb,bl-target,ArenaDropMaximTomato
0x080667C0,0x8C,thumb,bl-target,sub_080667c0
0x0806684C,0x10,thumb,bl-target,EndMidBossFightWithReward
0x0806685C,0x6C,thumb,bl-target,ActorLoadPalette
0x080668C8,0xC0,thumb,bl-target,BossDefeatSweep
0x08066988,0x84,thumb,bl-target,sub_08066988
0x08066A0C,0x60,thumb,bl-target,ActorIsInViewMargin
0x08066A6C,0x14,thumb,bl-target,ActorIsInNearView
0x08066A80,0x14,thumb,bl-target,ActorIsInFarView
0x08066A94,0x4C,thumb,bl-target,ActorSetDefaultPalette
0x08066AE0,0x54,thumb,bl-target,sub_08066ae0
0x08066B34,0x3C,thumb,bl-target,ActorStartCarryingParasol
0x08066B70,0x38,thumb,bl-target,TaskBounceParasolDriftOffWall
0x08066BA8,0x34,thumb,bl-target,TaskStartParasolDrift
0x08066BDC,0x2C,thumb,bl-target,TaskStepParasolDrift
0x08066C08,0x34,thumb,bl-target,ActorDropParasol
0x08066C3C,0x38,thumb,bl-target,ActorDropParasolOnLanding
0x08066C74,0x158,thumb,rom-pointer,ActorDrawWorldInViewOrDestroyWithParasol
0x08066DCC,0xBC,thumb,bl-target,ActorGetParasolOffset
0x08066E88,0xC8,thumb,bl-target,CreateDroppedParasol
0x08066F50,0x28,thumb,bl-target,CreateNextRoomWarpStar
0x08066F78,0x48,thumb,bl-target,LoadStarRodPieceGfx
0x08066FC0,0x8C,thumb,bl-target,CreateStarRodPiece
0x0806704C,0x14,thumb,bl-target,CreateRoomStarRodPiece
0x08067060,0x14,thumb,bl-target,IsMidBossDroppingIn
0x08067074,0x38,thumb,curated,CountActivePlayers
0x080670AC,0x28,thumb,bl-target,FreezeStage
0x080670D4,0x1C,thumb,bl-target,ThawStage
0x080670F0,0x18,thumb,bl-target,LoadBackdropColor
0x08067108,0xC,thumb,bl-target,DisablePause
0x08067114,0xC,thumb,bl-target,EnablePause
0x08067120,0x50,thumb,bl-target,CreateInhalableStar
0x08067170,0x50,thumb,bl-target,InhalableStarInitVariant
0x080671C0,0x54,thumb,rom-pointer,Task_InhalableStar
0x08067214,0x44,thumb,rom-pointer,InhalableStarUpdate
0x08067258,0x120,thumb,rom-pointer,InhalableStarState0
0x08067378,0x4,thumb,rom-pointer,InhalableStarState0Update
0x0806737C,0x70,thumb,rom-pointer,HeldPlayerInit
0x080673EC,0x1C,thumb,rom-pointer,HeldPlayerEnterState
0x08067408,0x68,thumb,rom-pointer,HeldPlayerUpdate
0x08067470,0x38,thumb,rom-pointer,HeldPlayerSwallow
0x080674A8,0x30,thumb,rom-pointer,HeldPlayerSwallowUpdate
0x080674D8,0x1C,thumb,rom-pointer,HeldPlayerSpitFlight
0x080674F4,0x4,thumb,rom-pointer,HeldPlayerSpitFlightUpdate
0x080674F8,0x28,thumb,rom-pointer,HeldPlayerSpitBounceOff
0x08067520,0x30,thumb,rom-pointer,HeldPlayerSpitBounceOffUpdate
0x08067550,0x88,thumb,rom-pointer,HeldPlayerBackdropHeld
0x080675D8,0xC,thumb,rom-pointer,HeldPlayerBackdropHeldUpdate
0x080675E4,0xDC,thumb,bl-target,HeldPlayerFollowCaptorPose
0x080676C0,0x248,thumb,rom-pointer,HeldPlayerBackdropBounceOff
0x08067908,0x48,thumb,rom-pointer,HeldPlayerBackdropBounceOffUpdate
0x08067950,0xF8,thumb,rom-pointer,HeldPlayerState5
0x08067A48,0xDC,thumb,rom-pointer,HeldPlayerState5Update
0x08067B24,0x20C,thumb,rom-pointer,HeldPlayerState6
0x08067D30,0x48,thumb,rom-pointer,HeldPlayerState6Update
0x08067D78,0x38,thumb,rom-pointer,HeldPlayerThrowHeld
0x08067DB0,0xF4,thumb,rom-pointer,HeldPlayerThrowHeldUpdate
0x08067EA4,0x184,thumb,rom-pointer,HeldPlayerThrowFlightForward
0x08068028,0x84,thumb,rom-pointer,HeldPlayerThrowFlightForwardUpdate
0x080680AC,0x178,thumb,rom-pointer,HeldPlayerThrowFlightBackward
0x08068224,0x84,thumb,rom-pointer,HeldPlayerThrowFlightBackwardUpdate
0x080682A8,0x1B8,thumb,rom-pointer,HeldPlayerThrowBounceOff
0x08068460,0x44,thumb,rom-pointer,HeldPlayerThrowBounceOffUpdate
0x080684A4,0x148,thumb,bl-target,HeldPlayerAddAbilityFrameOffset
0x080685EC,0x70,thumb,bl-target,HoldPlayer
0x0806865C,0x34,thumb,bl-target,DropHeldPlayer
0x08068690,0xD0,thumb,bl-target,sub_08068690
0x08068760,0x40,thumb,bl-target,HeldPlayerPullTowardCaptor
0x080687A0,0x40,thumb,bl-target,HeldPlayerIsNearCaptor
0x080687E0,0x1C,thumb,bl-target,HeldPlayerEnterMouth
0x080687FC,0x2C,thumb,bl-target,sub_080687fc
0x08068828,0x18,thumb,bl-target,sub_08068828
0x08068840,0xE0,thumb,bl-target,sub_08068840
0x08068920,0x30,thumb,bl-target,SetHeldPlayerState
0x08068950,0x1C,thumb,bl-target,sub_08068950
0x0806896C,0x5C,thumb,bl-target,sub_0806896c
0x080689C8,0x64,thumb,bl-target,ReleaseHeldPlayer
0x08068A2C,0x60,thumb,bl-target,HeldPlayerDamage
0x08068A8C,0xFC,thumb,bl-target,PlayerSuspendControl
0x08068B88,0x12C,thumb,bl-target,PlayerResumeControl
0x08068CB4,0x44,thumb,bl-target,ActorTestColliders
0x08068CF8,0x10C,thumb,bl-target,ActorCheckHitsWithBox
0x08068E04,0x164,thumb,bl-target,ActorCheckHits
0x08068F68,0x1E4,thumb,bl-target,ActorCheckHitsWithExtraBox
0x0806914C,0xE8,thumb,bl-target,ActorCheckPlayerHitsWithBox
0x08069234,0xC8,thumb,bl-target,ActorStoreHit
0x080692FC,0x1E4,thumb,bl-target,ActorCollideTerrain
0x080694E0,0x3C,thumb,curated,sub_080694e0
0x0806951C,0x50,thumb,bl-target,ActorCollideTerrainAlongVelocity
0x0806956C,0x50,thumb,bl-target,ActorCollideTerrainCeilingAndFloor
0x080695BC,0x48,thumb,bl-target,ActorCollideTerrainWalls
0x08069604,0x5C,thumb,bl-target,ActorCollideTerrainPointPushOut
0x08069660,0x40,thumb,bl-target,ActorCollideTerrainPointStop
0x080696A0,0x1E8,thumb,bl-target,ActorCollideTerrainInCameraBounds
0x08069888,0x120,thumb,bl-target,ActorCollideTerrainFloor
0x080699A8,0xBC,thumb,bl-target,ActorStepBackFromSlope
0x08069A64,0x60,thumb,bl-target,ActorGetTerrainBox
0x08069AC4,0x20,thumb,bl-target,ActorInitTerrainFlagsSlot
0x08069AE4,0x60,thumb,bl-target,ActorReactToHitKind
0x08069B44,0x40,thumb,bl-target,ActorReactToHit
0x08069B84,0x38,thumb,bl-target,ActorReactToHitOrTerrainDamage
0x08069BBC,0x8C,thumb,bl-target,PickupReactToHit
0x08069C48,0x44,thumb,bl-target,ActorHitKindWithTerrainDamage
0x08069C8C,0xEC,thumb,bl-target,ActorPlayHitSfx
0x08069D78,0x4C,thumb,bl-target,ActorPlayDefaultHitSfx
0x08069DC4,0x84,thumb,bl-target,ActorStartHitStun
0x08069E48,0x58,thumb,bl-target,ActorEndHitStun
0x08069EA0,0x6C,thumb,bl-target,ActorReactToDamage
0x08069F0C,0x64,thumb,bl-target,ActorHitStunShake
0x08069F70,0x40,thumb,bl-target,ActorHitStunBlink
0x08069FB0,0x18,thumb,rom-pointer,ActorHitStunLateUpdate
0x08069FC8,0x40,thumb,bl-target,sub_08069fc8
0x0806A008,0x34,thumb,bl-target,ActorFaceHitter
0x0806A03C,0x90,thumb,bl-target,TaskGetHitAngle
0x0806A0CC,0x24,thumb,bl-target,ActorPlayRandomDefeatSfx
0x0806A0F0,0x68,thumb,bl-target,ActorStartDrown
0x0806A158,0x104,thumb,bl-target,PickupCollect
0x0806A25C,0xE8,thumb,bl-target,ActorReactToDefeat
0x0806A344,0x68,thumb,bl-target+rom-pointer,ActorDie
0x0806A3AC,0x30,thumb,rom-pointer,ActorDefeatByEffect
0x0806A3DC,0xAC,thumb,bl-target,ActorDefeatKnockAway
0x0806A488,0x78,thumb,bl-target,ActorDefeatBlinkAndBurst
0x0806A500,0x24,thumb,rom-pointer,ActorDefeatPlain
0x0806A524,0xC,thumb,rom-pointer,ActorDefeatPlainUpdate
0x0806A530,0x2C,thumb,rom-pointer,ActorDefeatBurning
0x0806A55C,0xC,thumb,rom-pointer,ActorDefeatBurningUpdate
0x0806A568,0x2C,thumb,rom-pointer,ActorDefeatShocked
0x0806A594,0xC,thumb,rom-pointer,ActorDefeatShockedUpdate
0x0806A5A0,0x98,thumb,bl-target,ActorDefeatFrozenBlink
0x0806A638,0x68,thumb,bl-target,ActorFreezeIntoIceBlock
0x0806A6A0,0x40,thumb,bl-target,sub_0806a6a0
0x0806A6E0,0xC0,thumb,bl-target,sub_0806a6e0
0x0806A7A0,0x54,thumb,bl-target+rom-pointer,ActorDefeatFrozen
0x0806A7F4,0xE4,thumb,rom-pointer,ActorDefeatFrozenUpdate
0x0806A8D8,0x1C,thumb,rom-pointer,ActorDefeatFrozenEnterState
0x0806A8F4,0x64,thumb,rom-pointer,ActorDefeatFrozenShake
0x0806A958,0x28,thumb,rom-pointer,ActorDefeatFrozenShakeUpdate
0x0806A980,0x54,thumb,rom-pointer,ActorDefeatFrozenSlide
0x0806A9D4,0x4,thumb,rom-pointer,ActorDefeatFrozenSlideUpdate
0x0806A9D8,0x34,thumb,rom-pointer,ActorDefeatFrozenState2
0x0806AA0C,0x4,thumb,rom-pointer,sub_0806aa0c
0x0806AA10,0x30,thumb,rom-pointer,ActorDefeatExplodeByEffect
0x0806AA40,0x40,thumb,bl-target+rom-pointer,ActorDefeatExplode
0x0806AA80,0xC,thumb,rom-pointer,ActorExplodeDefeat1
0x0806AA8C,0xC,thumb,rom-pointer,ActorExplodeDefeat2
0x0806AA98,0xC,thumb,rom-pointer,ActorExplodeDefeat3
0x0806AAA4,0x90,thumb,bl-target,ExplosionScreenFlash
0x0806AB34,0x70,thumb,rom-pointer,ActorDefeat2
0x0806ABA4,0x48,thumb,rom-pointer,ActorDefeat2Update
0x0806ABEC,0x5C,thumb,rom-pointer,ActorDefeat3
0x0806AC48,0x24,thumb,rom-pointer,ActorDefeat3Update
0x0806AC6C,0x58,thumb,rom-pointer,ActorDefeat4
0x0806ACC4,0x4,thumb,rom-pointer,ActorDefeat4Update
0x0806ACC8,0x30,thumb,rom-pointer,ActorDefeatAbilityStar
0x0806ACF8,0x20,thumb,bl-target,ActorHasExtraFrame
0x0806AD18,0x98,thumb,bl-target,ActorShakeVertically
0x0806ADB0,0xE4,thumb,bl-target,sub_0806adb0
0x0806AE94,0x2C,thumb,bl-target,sub_0806ae94
0x0806AEC0,0xB8,thumb,rom-pointer,ActorDefeatMidBoss
0x0806AF78,0xE4,thumb,bl-target,BossDefeatScreenFlash
0x0806B05C,0x14,thumb,bl-target,BossDefeatFlash
0x0806B070,0x28,thumb,bl-target,BossRunDefeatHook
0x0806B098,0x58,thumb,bl-target,BossDefeatExplode
0x0806B0F0,0x3C,thumb,bl-target,BossDefeatStopBgm
0x0806B12C,0x4C,thumb,rom-pointer,ActorDefeatBoss
0x0806B178,0x30,thumb,rom-pointer,ActorDefeat8
0x0806B1A8,0x1C,thumb,rom-pointer,sub_0806b1a8
0x0806B1C4,0x30,thumb,rom-pointer,sub_0806b1c4
0x0806B1F4,0x30,thumb,rom-pointer,sub_0806b1f4
0x0806B224,0xC,thumb,rom-pointer,sub_0806b224
0x0806B230,0x1C,thumb,rom-pointer,ActorDefeat9
0x0806B24C,0x20,thumb,rom-pointer,ActorDrownLand
0x0806B26C,0x40,thumb,rom-pointer,ActorDrownInit
0x0806B2AC,0x38,thumb,rom-pointer,ActorDrownUpdate
0x0806B2E4,0x1C,thumb,rom-pointer,ActorDrownEnterState
0x0806B300,0x30,thumb,rom-pointer,ActorDrownSink
0x0806B330,0x4,thumb,rom-pointer,ActorDrownSinkUpdate
0x0806B334,0x34,thumb,rom-pointer,ActorDrownState1
0x0806B368,0x28,thumb,rom-pointer,ActorDrownState1Update
0x0806B390,0x30,thumb,rom-pointer,ActorDrownState2
0x0806B3C0,0x4,thumb,rom-pointer,ActorDrownState2Update
0x0806B3C4,0x48,thumb,rom-pointer,ActorDefeatPickup
0x0806B40C,0x4,thumb,curated,sub_0806b40c
0x0806B410,0x260,thumb,bl-target,ActorAttachedThrowHeldFollowCarrier
0x0806B670,0x1D8,thumb,bl-target,ActorAttachedBackdropHeldFollowCarrier
0x0806B848,0x30,thumb,bl-target,ActorAttachedHeldAddPlayerOffset
0x0806B878,0x44,thumb,bl-target,ActorAttachedRestorePalette
0x0806B8BC,0x7C,thumb,bl-target,ActorAttachedDie
0x0806B938,0x24,thumb,bl-target,ActorAttachedDieUnlessInhaling
0x0806B95C,0x80,thumb,bl-target,sub_0806b95c
0x0806B9DC,0x58,thumb,bl-target,ActorAttachedBindCarrier
0x0806BA34,0x68,thumb,bl-target,ActorAttachedReloadPalette
0x0806BA9C,0x50,thumb,bl-target,TaskSetPosRelativeToParent
0x0806BAEC,0x48,thumb,bl-target,TaskIsParentWithinX
0x0806BB34,0x48,thumb,bl-target,sub_0806bb34
0x0806BB7C,0x6C,thumb,bl-target,ActorAttachToHitter
0x0806BBE8,0x40,thumb,bl-target,ActorAttachedPullTowardCarrier
0x0806BC28,0x2C,thumb,bl-target,ActorAttachedPullInStep
0x0806BC54,0x48,thumb,bl-target,ActorInitCarryOffset
0x0806BC9C,0x40,thumb,bl-target,sub_0806bc9c
0x0806BCDC,0x34,thumb,bl-target,ActorAttachedSwallowStep
0x0806BD10,0x13C,thumb,bl-target,ActorAttachedEnterMouth
0x0806BE4C,0x38,thumb,bl-target,sub_0806be4c
0x0806BE84,0x78,thumb,bl-target,ActorAttachedCheckScreenAttack
0x0806BEFC,0x3C,thumb,rom-pointer,ActorAttachedEnterState
0x0806BF38,0x1C,thumb,rom-pointer,ActorAttachedRunState
0x0806BF54,0x84,thumb,rom-pointer,ActorAttachedSwallow
0x0806BFD8,0x84,thumb,rom-pointer,ActorAttachedSwallowLateUpdate
0x0806C05C,0x64,thumb,rom-pointer,ActorAttachedBackdropHeld
0x0806C0C0,0x88,thumb,rom-pointer,ActorAttachedBackdropHeldUpdate
0x0806C148,0x10,thumb,rom-pointer,ActorAttachedBackdropHeldLateUpdate
0x0806C158,0x78,thumb,rom-pointer,ActorAttachedBackdropFlight
0x0806C1D0,0xD4,thumb,rom-pointer,ActorAttachedBackdropFlightUpdate
0x0806C2A4,0x68,thumb,rom-pointer,ActorAttachedBackdropBounceOff
0x0806C30C,0x18,thumb,rom-pointer,ActorAttachedBackdropBounceOffUpdate
0x0806C324,0x60,thumb,rom-pointer,ActorAttachedPullIn
0x0806C384,0x40,thumb,rom-pointer,ActorAttachedPullInLateUpdate
0x0806C3C4,0x54,thumb,rom-pointer,ActorAttachedThrowHeld
0x0806C418,0x78,thumb,rom-pointer,ActorAttachedThrowHeldUpdate
0x0806C490,0x10,thumb,rom-pointer,ActorAttachedThrowHeldLateUpdate
0x0806C4A0,0x134,thumb,rom-pointer,ActorAttachedThrowFlight
0x0806C5D4,0x19C,thumb,rom-pointer,ActorAttachedThrowFlightUpdate
0x0806C770,0x1C0,thumb,rom-pointer,ActorAttachedThrowFlightLateUpdate
0x0806C930,0xB8,thumb,rom-pointer,ActorAttachedThrowBounceOff
0x0806C9E8,0x18,thumb,rom-pointer,ActorAttachedThrowBounceOffUpdate
0x0806CA00,0xA0,thumb,rom-pointer,Task_ActorSplash
0x0806CAA0,0x70,thumb,bl-target,CreateStarFlash
0x0806CB10,0x54,thumb,rom-pointer,Task_StarFlash
0x0806CB64,0x70,thumb,rom-pointer,Task_StarFlashOnParent
0x0806CBD4,0xBC,thumb,rom-pointer,StarFlashFollowParent
0x0806CC90,0xA0,thumb,bl-target,CreateDustTrail
0x0806CD30,0x10,thumb,bl-target,CreateDustPuff
0x0806CD40,0x178,thumb,rom-pointer,Task_DustTrail
0x0806CEB8,0xB8,thumb,rom-pointer,Task_DustPuff
0x0806CF70,0x8C,thumb,rom-pointer,Task_BackwardDustPuff
0x0806CFFC,0x90,thumb,bl-target,CreateLandingDust
0x0806D08C,0xBC,thumb,bl-target,sub_0806d08c
0x0806D148,0xA0,thumb,rom-pointer,Task_LandingDust
0x0806D1E8,0x44,thumb,bl-target,CreateDustBurst
0x0806D22C,0x270,thumb,rom-pointer,Task_DustBurst
0x0806D49C,0x48,thumb,rom-pointer,DustBurstCheckParent
0x0806D4E4,0x70,thumb,bl-target,CreateBurstEffect
0x0806D554,0x10,thumb,rom-pointer,Task_StarScatter
0x0806D564,0x10,thumb,rom-pointer,Task_RayBurst
0x0806D574,0x10,thumb,rom-pointer,Task_SmallBlast
0x0806D584,0x20,thumb,bl-target,BurstStickToParent
0x0806D5A4,0x14,thumb,rom-pointer,Task_StarScatterOnParent
0x0806D5B8,0x14,thumb,rom-pointer,Task_RayBurstOnParent
0x0806D5CC,0x14,thumb,rom-pointer,Task_SmallBlastOnParent
0x0806D5E0,0x7C,thumb,rom-pointer,BurstStickToParentUpdate
0x0806D65C,0x88,thumb,bl-target,PlayRayBurstAnim
0x0806D6E4,0x4C,thumb,bl-target,PlayStarScatterAnim
0x0806D730,0x4C,thumb,bl-target,PlayExplosionAnim
0x0806D77C,0x70,thumb,bl-target,PlaySmallBlastAnim
0x0806D7EC,0x13C,thumb,rom-pointer,Task_ImpactStar
0x0806D928,0x34,thumb,bl-target,CreateStarRing
0x0806D95C,0x78,thumb,rom-pointer,Task_RingStar
0x0806D9D4,0x30,thumb,rom-pointer,RingStarUpdate
0x0806DA04,0x1C,thumb,rom-pointer,Task_BossScreenFlash
0x0806DA20,0x1C,thumb,rom-pointer,Task_ExplosionScreenFlash
0x0806DA3C,0x38,thumb,bl-target,CreateCannonSmoke
0x0806DA74,0x78,thumb,bl-target,CannonSmokeInit
0x0806DAEC,0x1B4,thumb,rom-pointer,Task_CannonSmoke
0x0806DCA0,0xF0,thumb,rom-pointer,CannonFuseSparkDraw
0x0806DD90,0x88,thumb,rom-pointer,Task_CannonFuseSpark
0x0806DE18,0x48,thumb,rom-pointer,CannonFuseSparkCheckParent
0x0806DE60,0x7C,thumb,rom-pointer,Task_TrailFlash
0x0806DEDC,0x4C,thumb,bl-target,ActorUpdateAttachedEffect
0x0806DF28,0x70,thumb,bl-target,ActorAttachEffect
0x0806DF98,0x158,thumb,rom-pointer,Task_HitFrost
0x0806E0F0,0x48,thumb,rom-pointer,HitFrostCheckParent
0x0806E138,0xD8,thumb,rom-pointer,Task_HitFlames
0x0806E210,0x48,thumb,rom-pointer,HitFlamesCheckParent
0x0806E258,0x184,thumb,rom-pointer,Task_HitSparks
0x0806E3DC,0x48,thumb,rom-pointer,HitSparksCheckParent
0x0806E424,0x1CC,thumb,rom-pointer,Task_WarpStarSparkle
0x0806E5F0,0x48,thumb,rom-pointer,WarpStarSparkleCheckParent
0x0806E638,0x78,thumb,rom-pointer,Task_AbilityReleaseFlash
0x0806E6B0,0x48,thumb,rom-pointer,AbilityReleaseFlashCheckParent
0x0806E6F8,0x44,thumb,bl-target,CreateDashFlame
0x0806E73C,0x84,thumb,rom-pointer,Task_DashFlame
0x0806E7C0,0x48,thumb,rom-pointer,DashFlameCheckParent
0x0806E808,0x44,thumb,bl-target,CreateDashFireTrail
0x0806E84C,0x120,thumb,rom-pointer,Task_DashFireTrail
0x0806E96C,0x48,thumb,rom-pointer,DashFireTrailCheckParent
0x0806E9B4,0x48,thumb,bl-target,CreateLandingImpact
0x0806E9FC,0x74,thumb,rom-pointer,Task_LandingImpact
0x0806EA70,0x94,thumb,rom-pointer,LandingImpactVariant0
0x0806EB04,0xA0,thumb,rom-pointer,LandingImpactVariant1
0x0806EBA4,0x9C,thumb,rom-pointer,LandingImpactVariant2
0x0806EC40,0x48,thumb,rom-pointer,Task_IceBlock
0x0806EC88,0xA0,thumb,rom-pointer,IceBlockUpdate
0x0806ED28,0x74,thumb,bl-target,IceBlockBlink
0x0806ED9C,0x80,thumb,bl-target,PlaySmokeRingAnim
0x0806EE1C,0x10,thumb,rom-pointer,Task_SmokeRing
0x0806EE2C,0x4,thumb,bl-target,sub_0806ee2c
0x0806EE30,0xEC,thumb,bl-target+rom-pointer,PlayerWarpStarRideInit
0x0806EF1C,0x1C,thumb,rom-pointer,PlayerWarpStarRideUpdate
0x0806EF38,0x24,thumb,rom-pointer,PlayerWarpStarRideEnterState
0x0806EF5C,0x8C,thumb,rom-pointer,PlayerWarpStarRideState2
0x0806EFE8,0x4,thumb,rom-pointer,PlayerWarpStarRideState2Update
0x0806EFEC,0x188,thumb,rom-pointer,PlayerWarpStarRideState1
0x0806F174,0x6C,thumb,rom-pointer,PlayerWarpStarRideState1Update
0x0806F1E0,0x18C,thumb,rom-pointer,PlayerWarpStarRideState3
0x0806F36C,0x6C,thumb,rom-pointer,PlayerWarpStarRideState3Update
0x0806F3D8,0x1EC,thumb,rom-pointer,PlayerWarpStarRideState4
0x0806F5C4,0x74,thumb,rom-pointer,PlayerWarpStarRideState4Update
0x0806F638,0x474,thumb,rom-pointer,PlayerWarpStarRideState5
0x0806FAAC,0x60,thumb,rom-pointer,PlayerWarpStarRideState5Update
0x0806FB0C,0x18C,thumb,rom-pointer,PlayerWarpStarRideState6
0x0806FC98,0x6C,thumb,rom-pointer,PlayerWarpStarRideState6Update
0x0806FD04,0x220,thumb,rom-pointer,PlayerWarpStarRideState7
0x0806FF24,0x58,thumb,rom-pointer,PlayerWarpStarRideState7Update
0x0806FF7C,0x16C,thumb,rom-pointer,sub_0806ff7c
0x080700E8,0x8C,thumb,bl-target,sub_080700e8
0x08070174,0x94,thumb,bl-target,sub_08070174
0x08070208,0x24,thumb,bl-target,sub_08070208
0x0807022C,0x38,thumb,bl-target,sub_0807022c
0x08070264,0x38,thumb,bl-target,sub_08070264
0x0807029C,0x3C,thumb,bl-target,sub_0807029c
0x080702D8,0x5C,thumb,bl-target,sub_080702d8
0x08070334,0x74,thumb,bl-target,sub_08070334
0x080703A8,0x84,thumb,bl-target,sub_080703a8
0x0807042C,0x28,thumb,bl-target,sub_0807042c
0x08070454,0x44,thumb,rom-pointer,TaskCopyParentPixelPos
0x08070498,0x17C,thumb,bl-target,PlayerBoardWarpStar
0x08070614,0x34,thumb,bl-target,sub_08070614
0x08070648,0xF4,thumb,bl-target,MetaKnightWarpStarRideInit
0x0807073C,0x1C,thumb,rom-pointer,MetaKnightWarpStarRideUpdate
0x08070758,0x24,thumb,rom-pointer,MetaKnightWarpStarRideEnterState
0x0807077C,0x1C,thumb,rom-pointer,MetaKnightWarpStarRideState2
0x08070798,0x4,thumb,rom-pointer,MetaKnightWarpStarRideState2Update
0x0807079C,0x150,thumb,rom-pointer,MetaKnightWarpStarRideState1
0x080708EC,0x44,thumb,rom-pointer,MetaKnightWarpStarRideState1Update
0x08070930,0x154,thumb,rom-pointer,MetaKnightWarpStarRideState3
0x08070A84,0x44,thumb,rom-pointer,MetaKnightWarpStarRideState3Update
0x08070AC8,0x144,thumb,rom-pointer,MetaKnightWarpStarRideState4
0x08070C0C,0x48,thumb,rom-pointer,MetaKnightWarpStarRideState4Update
0x08070C54,0xF4,thumb,rom-pointer,MetaKnightWarpStarRideState5
0x08070D48,0x48,thumb,rom-pointer,MetaKnightWarpStarRideState5Update
0x08070D90,0xEC,thumb,rom-pointer,MetaKnightWarpStarRideState6
0x08070E7C,0x44,thumb,rom-pointer,MetaKnightWarpStarRideState6Update
0x08070EC0,0x13C,thumb,rom-pointer,sub_08070ec0
0x08070FFC,0x34,thumb,bl-target,sub_08070ffc
0x08071030,0x68,thumb,rom-pointer,Task_WarpStar
0x08071098,0x48,thumb,rom-pointer,WarpStarUpdate
0x080710E0,0x1C,thumb,rom-pointer,WarpStarEnterState
0x080710FC,0xD4,thumb,bl-target,WarpStarAnimateTiles
0x080711D0,0x190,thumb,bl-target,WarpStarBoard
0x08071360,0x98,thumb,bl-target,WarpStarCopyTilesToRider
0x080713F8,0x20,thumb,bl-target,CreateWarpStar
0x08071418,0x154,thumb,rom-pointer,WarpStarState0
0x0807156C,0xA0,thumb,rom-pointer,WarpStarState0Update
0x0807160C,0x34,thumb,rom-pointer,WarpStarState1
0x08071640,0x54,thumb,rom-pointer,WarpStarState1Update
0x08071694,0xE0,thumb,rom-pointer,WarpStarVanish
0x08071774,0x4,thumb,rom-pointer,sub_08071774
0x08071778,0xB8,thumb,rom-pointer,WarpStarStartFlight
0x08071830,0x20,thumb,rom-pointer,WarpStarFlightUpdate
0x08071850,0x1C,thumb,curated,WarpStarFlightEnterState
0x0807186C,0x2C,thumb,bl-target,WarpStarSetTrail
0x08071898,0x28,thumb,bl-target,WarpStarStopTrail
0x080718C0,0xE0,thumb,bl-target,WarpStarEmitTrailStars
0x080719A0,0x210,thumb,rom-pointer,WarpStarDrawFlight
0x08071BB0,0x88,thumb,bl-target,WarpStarSetRiderState
0x08071C38,0x88,thumb,bl-target,WarpStarSetMetaKnightRiderState
0x08071CC0,0x6C,thumb,bl-target,CreateFlyingWarpStar
0x08071D2C,0x34,thumb,bl-target,sub_08071d2c
0x08071D60,0x114,thumb,rom-pointer,sub_08071d60
0x08071E74,0xC,thumb,rom-pointer,sub_08071e74
0x08071E80,0x3C,thumb,rom-pointer,sub_08071e80
0x08071EBC,0x98,thumb,rom-pointer,sub_08071ebc
0x08071F54,0x188,thumb,rom-pointer,WarpStarFlight5
0x080720DC,0xC,thumb,rom-pointer,WarpStarFlight5Update
0x080720E8,0x294,thumb,rom-pointer,WarpStarFlight6
0x0807237C,0xC,thumb,rom-pointer,WarpStarFlight6Update
0x08072388,0x2F0,thumb,rom-pointer,WarpStarFlight8
0x08072678,0xC,thumb,rom-pointer,WarpStarFlight8Update
0x08072684,0x220,thumb,rom-pointer,WarpStarFlight10
0x080728A4,0xC,thumb,rom-pointer,WarpStarFlight10Update
0x080728B0,0x244,thumb,rom-pointer,WarpStarFlight11
0x08072AF4,0xC,thumb,rom-pointer,WarpStarFlight11Update
0x08072B00,0x280,thumb,rom-pointer,WarpStarFlight12
0x08072D80,0xC,thumb,rom-pointer,WarpStarFlight12Update
0x08072D8C,0x438,thumb,rom-pointer,WarpStarFlight13
0x080731C4,0xC,thumb,rom-pointer,WarpStarFlight13Update
0x080731D0,0xBC,thumb,rom-pointer,WarpStarFlight14
0x0807328C,0xC,thumb,rom-pointer,WarpStarFlight14Update
0x08073298,0x2E0,thumb,rom-pointer,WarpStarFlight15
0x08073578,0xC,thumb,rom-pointer,WarpStarFlight15Update
0x08073584,0x274,thumb,rom-pointer,WarpStarFlight17
0x080737F8,0xC,thumb,rom-pointer,WarpStarFlight17Update
0x08073804,0x158,thumb,rom-pointer,WarpStarFlight18
0x0807395C,0xC,thumb,rom-pointer,WarpStarFlight18Update
0x08073968,0x54,thumb,rom-pointer,WarpStarFlight19
0x080739BC,0x98,thumb,rom-pointer,WarpStarFlight19Update
0x08073A54,0x280,thumb,rom-pointer,WarpStarFlight20
0x08073CD4,0xC,thumb,rom-pointer,WarpStarFlight20Update
0x08073CE0,0x120,thumb,rom-pointer,WarpStarFlight21
0x08073E00,0xC,thumb,rom-pointer,WarpStarFlight21Update
0x08073E0C,0x74,thumb,rom-pointer,WarpStarFlight22
0x08073E80,0x98,thumb,rom-pointer,WarpStarFlight22Update
0x08073F18,0x184,thumb,rom-pointer,WarpStarFlight23
0x0807409C,0x20,thumb,rom-pointer,WarpStarFlight23Update
0x080740BC,0x30C,thumb,rom-pointer,WarpStarFlight24
0x080743C8,0x4,thumb,rom-pointer,WarpStarFlight24Update
0x080743CC,0x24,thumb,curated,sub_080743cc
0x080743F0,0x30,thumb,rom-pointer,sub_080743f0
0x08074420,0x5C,thumb,rom-pointer,sub_08074420
0x0807447C,0x90,thumb,rom-pointer,WarpStarFlight4Update
0x0807450C,0x5C,thumb,rom-pointer,Task_WarpStarCamera
0x08074568,0x20,thumb,rom-pointer,WarpStarCameraUpdate
0x08074588,0x48,thumb,rom-pointer,WarpStarCameraFollowPlayer
0x080745D0,0xC,thumb,rom-pointer,sub_080745d0
0x080745DC,0x4C,thumb,rom-pointer,sub_080745dc
0x08074628,0x10,thumb,rom-pointer,sub_08074628
0x08074638,0x88,thumb,rom-pointer,WarpStarCameraPath5
0x080746C0,0x4C,thumb,rom-pointer,WarpStarCameraPath6
0x0807470C,0x78,thumb,rom-pointer,WarpStarCameraPath8
0x08074784,0x10,thumb,rom-pointer,WarpStarCameraPath10
0x08074794,0x48,thumb,rom-pointer,WarpStarCameraPath11
0x080747DC,0x10,thumb,rom-pointer,WarpStarCameraPath12
0x080747EC,0x94,thumb,rom-pointer,WarpStarCameraPath13
0x08074880,0x28,thumb,rom-pointer,WarpStarCameraPath14
0x080748A8,0x5C,thumb,rom-pointer,WarpStarCameraPath15
0x08074904,0x70,thumb,rom-pointer,WarpStarCameraPath17
0x08074974,0x14,thumb,rom-pointer,WarpStarCameraPath18
0x08074988,0x130,thumb,rom-pointer,WarpStarCameraPath20
0x08074AB8,0x10,thumb,rom-pointer,WarpStarCameraPath21
0x08074AC8,0x98,thumb,rom-pointer,WarpStarCameraPath23
0x08074B60,0x50,thumb,rom-pointer,WarpStarCameraPath24
0x08074BB0,0x5C,thumb,bl-target,CreateWarpStarTrailStar
0x08074C0C,0x280,thumb,rom-pointer,Task_WarpStarTrailStar
0x08074E8C,0x54,thumb,bl-target,sub_08074e8c
0x08074EE0,0x68,thumb,bl-target,sub_08074ee0
0x08074F48,0xB8,thumb,bl-target,sub_08074f48
0x08075000,0x290,thumb,rom-pointer,Task_NightmarePowerOrbEscape
0x08075290,0x64,thumb,bl-target,CreateNightmarePowerOrbEscapeStars
0x080752F4,0xD80,thumb,rom-pointer,Task_NightmarePowerOrbEscapeStar
0x08076074,0x140,thumb,rom-pointer,NightmarePowerOrbEscapeStarDraw
0x080761B4,0x164,thumb,curated,sub_080761b4
0x08076318,0x64,thumb,bl-target+rom-pointer,PlayerCannonInit
0x0807637C,0x48,thumb,rom-pointer,PlayerCannonUpdate
0x080763C4,0x24,thumb,rom-pointer,PlayerCannonEnterState
0x080763E8,0x6C,thumb,bl-target,sub_080763e8
0x08076454,0xA4,thumb,bl-target,sub_08076454
0x080764F8,0x60,thumb,bl-target,sub_080764f8
0x08076558,0x9C,thumb,bl-target,sub_08076558
0x080765F4,0xB8,thumb,bl-target,sub_080765f4
0x080766AC,0x64,thumb,bl-target,sub_080766ac
0x08076710,0x88,thumb,bl-target,sub_08076710
0x08076798,0x90,thumb,bl-target,sub_08076798
0x08076828,0x34,thumb,bl-target,sub_08076828
0x0807685C,0x6C,thumb,bl-target,sub_0807685c
0x080768C8,0x90,thumb,bl-target,sub_080768c8
0x08076958,0x78,thumb,bl-target,sub_08076958
0x080769D0,0x44,thumb,bl-target,sub_080769d0
0x08076A14,0x44,thumb,bl-target,sub_08076a14
0x08076A58,0x1A8,thumb,bl-target,sub_08076a58
0x08076C00,0x88,thumb,bl-target,sub_08076c00
0x08076C88,0x24,thumb,rom-pointer,PlayerCannonState0
0x08076CAC,0x28,thumb,rom-pointer,PlayerCannonState0Update
0x08076CD4,0x2C,thumb,rom-pointer,PlayerCannonState1
0x08076D00,0xC,thumb,rom-pointer,PlayerCannonState1Update
0x08076D0C,0x2C,thumb,rom-pointer,PlayerCannonState2
0x08076D38,0xC,thumb,rom-pointer,PlayerCannonState2Update
0x08076D44,0x2C,thumb,rom-pointer,PlayerCannonState3
0x08076D70,0x3C,thumb,rom-pointer,PlayerCannonState3Update
0x08076DAC,0x30,thumb,rom-pointer,PlayerCannonState4
0x08076DDC,0x54,thumb,rom-pointer,PlayerCannonState4Update
0x08076E30,0x18,thumb,rom-pointer,PlayerCannonState5
0x08076E48,0x40,thumb,rom-pointer,PlayerCannonState5Update
0x08076E88,0x40,thumb,bl-target,PlayerEnterCannon
0x08076EC8,0x3C,thumb,bl-target,PlayerLeaveCannon
0x08076F04,0x4C,thumb,bl-target,PlayerEndCannonLaunch
0x08076F50,0x94,thumb,bl-target,PlayerJumpOutOfCannon
0x08076FE4,0x78,thumb,bl-target,CannonLaunchPlayers
0x0807705C,0x44,thumb,rom-pointer,Task_Cannon
0x080770A0,0x50,thumb,bl-target,CannonPickLaunchState
0x080770F0,0x8C,thumb,bl-target,CannonLoadPlayer
0x0807717C,0x34,thumb,bl-target,sub_0807717c
0x080771B0,0x14,thumb,bl-target,sub_080771b0
0x080771C4,0x14,thumb,bl-target,sub_080771c4
0x080771D8,0x4C,thumb,bl-target,CannonFire
0x08077224,0x30,thumb,rom-pointer,CannonInit
0x08077254,0x1C,thumb,rom-pointer,CannonUpdate
0x08077270,0x1C,thumb,rom-pointer,CannonEnterState
0x0807728C,0x24,thumb,rom-pointer,CannonWait
0x080772B0,0x58,thumb,rom-pointer,CannonWaitUpdate
0x08077308,0xA0,thumb,rom-pointer,CannonState1
0x080773A8,0x28,thumb,rom-pointer,CannonState1Update
0x080773D0,0x194,thumb,rom-pointer,CannonState2
0x08077564,0x4,thumb,rom-pointer,CannonState2Update
0x08077568,0x1B0,thumb,rom-pointer,CannonState3
0x08077718,0x4,thumb,rom-pointer,CannonState3Update
0x0807771C,0x40,thumb,rom-pointer,Task_CannonFuse
0x0807775C,0x20,thumb,bl-target,CannonFuseInitBurn
0x0807777C,0x40,thumb,bl-target,CannonFuseGetPieceFrame
0x080777BC,0x74,thumb,bl-target,CannonFuseEnterPiece
0x08077830,0x68,thumb,bl-target,CannonFuseBurnStep
0x08077898,0xE8,thumb,bl-target,CannonFuseStepCell
0x08077980,0x5C,thumb,bl-target,sub_08077980
0x080779DC,0x6C,thumb,bl-target,CannonFuseMoveSpark
0x08077A48,0x1C,thumb,bl-target,CreateCannonFuseSpark
0x08077A64,0x44,thumb,rom-pointer,CannonFuseInit
0x08077AA8,0x1C,thumb,rom-pointer,CannonFuseUpdate
0x08077AC4,0x1C,thumb,rom-pointer,CannonFuseEnterState
0x08077AE0,0x44,thumb,rom-pointer,CannonFuseWait
0x08077B24,0x3C,thumb,rom-pointer,CannonFuseWaitUpdate
0x08077B60,0x48,thumb,rom-pointer,CannonFuseBurn
0x08077BA8,0x48,thumb,rom-pointer,CannonFuseBurnUpdate
0x08077BF0,0x3C,thumb,rom-pointer,CannonFuseState2
0x08077C2C,0x38,thumb,rom-pointer,CannonFuseState2Update
0x08077C64,0x40,thumb,rom-pointer,Task_BigSwitch
0x08077CA4,0x30,thumb,bl-target,BigSwitchHitterCanPress
0x08077CD4,0x20,thumb,bl-target,sub_08077cd4
0x08077CF4,0x44,thumb,bl-target,BigSwitchStartPress
0x08077D38,0x1C,thumb,bl-target,BigSwitchStartRefill
0x08077D54,0x84,thumb,bl-target,BigSwitchRefillHealth
0x08077DD8,0x30,thumb,rom-pointer,BigSwitchInit
0x08077E08,0x28,thumb,rom-pointer,BigSwitchUpdate
0x08077E30,0x1C,thumb,rom-pointer,BigSwitchEnterState
0x08077E4C,0x28,thumb,rom-pointer,BigSwitchWait
0x08077E74,0x28,thumb,rom-pointer,BigSwitchWaitUpdate
0x08077E9C,0x30,thumb,rom-pointer,BigSwitchState1
0x08077ECC,0x4,thumb,rom-pointer,BigSwitchState1Update
0x08077ED0,0x38,thumb,rom-pointer,BigSwitchRefill
0x08077F08,0x4,thumb,rom-pointer,BigSwitchRefillUpdate
0x08077F0C,0x40,thumb,rom-pointer,Task_Stake
0x08077F4C,0x30,thumb,rom-pointer,StakeInit
0x08077F7C,0x1C,thumb,rom-pointer,StakeUpdate
0x08077F98,0x5C,thumb,rom-pointer,StakeState0
0x08077FF4,0x4,thumb,rom-pointer,StakeState0Update
0x08077FF8,0x34,thumb,rom-pointer,RoomParticlesDrawFixed
0x0807802C,0x98,thumb,rom-pointer,RoomParticlesDrawBelowLine
0x080780C4,0x58,thumb,rom-pointer,RoomParticlesDrawRepeated
0x0807811C,0x60,thumb,bl-target,RoomParticleStepX
0x0807817C,0x80,thumb,bl-target,RoomParticleInit
0x080781FC,0x5C,thumb,bl-target,RoomParticleDrawFixed
0x08078258,0x5C,thumb,curated,sub_08078258
0x080782B4,0x68,thumb,bl-target,RoomParticleDrawScrolled
0x0807831C,0xC4,thumb,bl-target,RoomParticleDrawRepeated
0x080783E0,0x2C,thumb,bl-target,RoomParticleIsOnScreen
0x0807840C,0x18C,thumb,bl-target,RoomParticleStepY
0x08078598,0xD8,thumb,rom-pointer,Task_RoomParticles
0x08078670,0x44,thumb,rom-pointer,RoomParticlesVariant0
0x080786B4,0x34,thumb,rom-pointer,sub_080786b4
0x080786E8,0x4C,thumb,rom-pointer,RoomParticlesVariant1
0x08078734,0x38,thumb,rom-pointer,sub_08078734
0x0807876C,0x4C,thumb,rom-pointer,RoomParticlesVariant2
0x080787B8,0x38,thumb,rom-pointer,sub_080787b8
0x080787F0,0x4C,thumb,rom-pointer,RoomParticlesVariant3
0x0807883C,0x38,thumb,rom-pointer,sub_0807883c
0x08078874,0x6C,thumb,rom-pointer,RoomParticlesVariant4
0x080788E0,0x5C,thumb,rom-pointer,sub_080788e0
0x0807893C,0x48,thumb,rom-pointer,Task_WaddleDee
0x08078984,0x28,thumb,rom-pointer,ParasolWaddleDeeReactToDefeat
0x080789AC,0x9C,thumb,rom-pointer,WaddleDeeStartFall
0x08078A48,0xC0,thumb,rom-pointer,WaddleDeeLand
0x08078B08,0x30,thumb,rom-pointer,WaddleDeeEnterWater
0x08078B38,0x2C,thumb,rom-pointer,WaddleDeeHitWall
0x08078B64,0x4,thumb,rom-pointer,WaddleDeeHitCeiling
0x08078B68,0x78,thumb,bl-target,sub_08078b68
0x08078BE0,0x34,thumb,rom-pointer,WaddleDeeWalkInit
0x08078C14,0x50,thumb,rom-pointer,WaddleDeeWalkUpdate
0x08078C64,0x1C,thumb,rom-pointer,WaddleDeeWalkEnterState
0x08078C80,0x38,thumb,rom-pointer,WaddleDeeWalk
0x08078CB8,0x4,thumb,rom-pointer,WaddleDeeWalkState0Update
0x08078CBC,0x28,thumb,rom-pointer,WaddleDeeWalkFall
0x08078CE4,0x4,thumb,rom-pointer,WaddleDeeWalkFallUpdate
0x08078CE8,0x34,thumb,rom-pointer,WaddleDeePaceInit
0x08078D1C,0x50,thumb,rom-pointer,WaddleDeePaceUpdate
0x08078D6C,0x1C,thumb,rom-pointer,WaddleDeePaceEnterState
0x08078D88,0x4C,thumb,rom-pointer,WaddleDeePaceWalk
0x08078DD4,0x3C,thumb,rom-pointer,WaddleDeePaceWalkUpdate
0x08078E10,0x28,thumb,rom-pointer,WaddleDeePaceFall
0x08078E38,0x4,thumb,rom-pointer,WaddleDeePaceFallUpdate
0x08078E3C,0x44,thumb,rom-pointer,WaddleDeeJumpInit
0x08078E80,0x1C,thumb,rom-pointer,WaddleDeeJumpEnterState
0x08078E9C,0x50,thumb,rom-pointer,WaddleDeeJumpUpdate
0x08078EEC,0x38,thumb,rom-pointer,WaddleDeeJumpWalk
0x08078F24,0x68,thumb,rom-pointer,WaddleDeeJumpWalkUpdate
0x08078F8C,0xE0,thumb,rom-pointer,WaddleDeeJump
0x0807906C,0x54,thumb,rom-pointer,WaddleDeeJumpState1Update
0x080790C0,0x28,thumb,rom-pointer,WaddleDeeJumpFall
0x080790E8,0x4,thumb,rom-pointer,WaddleDeeJumpFallUpdate
0x080790EC,0x3C,thumb,rom-pointer,ParasolWaddleDeeWalkInit
0x08079128,0x50,thumb,rom-pointer,ParasolWaddleDeeWalkUpdate
0x08079178,0x1C,thumb,rom-pointer,ParasolWaddleDeeWalkEnterState
0x08079194,0x28,thumb,rom-pointer,ParasolWaddleDeeWalk
0x080791BC,0x4,thumb,rom-pointer,ParasolWaddleDeeWalkState0Update
0x080791C0,0x5C,thumb,rom-pointer,ParasolWaddleDeeWalkState1
0x0807921C,0x1C,thumb,rom-pointer,ParasolWaddleDeeWalkState1Update
0x08079238,0x44,thumb,rom-pointer,WaddleDeeIdleInit
0x0807927C,0x1C,thumb,curated,WaddleDeeIdleEnterState
0x08079298,0x44,thumb,rom-pointer,WaddleDeeIdleUpdate
0x080792DC,0x18,thumb,rom-pointer,WaddleDeeIdle
0x080792F4,0x4,thumb,rom-pointer,WaddleDeeIdleState0Update
0x080792F8,0x44,thumb,rom-pointer,ParasolWaddleDeeStandInit
0x0807933C,0x50,thumb,rom-pointer,ParasolWaddleDeeStandUpdate
0x0807938C,0x1C,thumb,rom-pointer,ParasolWaddleDeeStandEnterState
0x080793A8,0x1C,thumb,rom-pointer,ParasolWaddleDeeStandState0
0x080793C4,0xC,thumb,rom-pointer,ParasolWaddleDeeStandState0Update
0x080793D0,0x54,thumb,rom-pointer,ParasolWaddleDeeStandState1
0x08079424,0x1C,thumb,rom-pointer,ParasolWaddleDeeStandState1Update
0x08079440,0x40,thumb,rom-pointer,Task_Pengy
0x08079480,0x20,thumb,rom-pointer,PengyStartFall
0x080794A0,0x20,thumb,rom-pointer,PengyLand
0x080794C0,0x10,thumb,rom-pointer,PengyEnterWater
0x080794D0,0xC,thumb,curated,sub_080794d0
0x080794DC,0x30,thumb,rom-pointer,PengyInit
0x0807950C,0x50,thumb,rom-pointer,PengyUpdate
0x0807955C,0x1C,thumb,rom-pointer,PengyEnterState
0x08079578,0x3C,thumb,bl-target,PengyPickStartState
0x080795B4,0x24,thumb,rom-pointer,PengyWait
0x080795D8,0x74,thumb,rom-pointer,PengyWaitUpdate
0x0807964C,0x20,thumb,bl-target,PengyStartShoot
0x0807966C,0x20,thumb,bl-target,PengyStartWalk
0x0807968C,0x4C,thumb,bl-target,PengyCheckWalk
0x080796D8,0x38,thumb,bl-target,PengyCheckShoot
0x08079710,0xA4,thumb,rom-pointer,PengyWalk
0x080797B4,0x38,thumb,rom-pointer,PengyWalkUpdate
0x080797EC,0xCC,thumb,rom-pointer,PengyShoot
0x080798B8,0x30,thumb,rom-pointer,PengyShootUpdate
0x080798E8,0x2C,thumb,rom-pointer,PengyFall
0x08079914,0x4,thumb,rom-pointer,PengyFallUpdate
0x08079918,0x44,thumb,rom-pointer,PengyIdleInit
0x0807995C,0x44,thumb,rom-pointer,PengyIdleUpdate
0x080799A0,0x1C,thumb,curated,PengyIdleEnterState
0x080799BC,0x20,thumb,rom-pointer,PengyIdle
0x080799DC,0x4,thumb,rom-pointer,PengyIdleState0Update
0x080799E0,0x40,thumb,rom-pointer,Task_Bomber
0x08079A20,0x20,thumb,rom-pointer,BomberStartFall
0x08079A40,0x20,thumb,rom-pointer,BomberLand
0x08079A60,0x10,thumb,rom-pointer,BomberEnterWater
0x08079A70,0x20,thumb,rom-pointer,sub_08079a70
0x08079A90,0xC,thumb,rom-pointer,BomberBounceOffWall
0x08079A9C,0x38,thumb,rom-pointer,BomberInit
0x08079AD4,0x50,thumb,rom-pointer,BomberUpdate
0x08079B24,0x1C,thumb,rom-pointer,BomberEnterState
0x08079B40,0x58,thumb,rom-pointer,BomberWalk
0x08079B98,0x14,thumb,rom-pointer,BomberWalkUpdate
0x08079BAC,0x34,thumb,rom-pointer,BomberState1
0x08079BE0,0x4,thumb,rom-pointer,BomberState1Update
0x08079BE4,0xA0,thumb,rom-pointer,BomberState2
0x08079C84,0x28,thumb,rom-pointer,BomberState2Update
0x08079CAC,0x80,thumb,rom-pointer,BomberExplode
0x08079D2C,0x4,thumb,rom-pointer,BomberExplodeUpdate
0x08079D30,0x44,thumb,rom-pointer,BomberIdleInit
0x08079D74,0x44,thumb,rom-pointer,BomberIdleUpdate
0x08079DB8,0x1C,thumb,curated,BomberIdleEnterState
0x08079DD4,0x4C,thumb,rom-pointer,BomberIdle
0x08079E20,0x4,thumb,rom-pointer,BomberIdleState0Update
0x08079E24,0x4C,thumb,rom-pointer,Task_Sparky
0x08079E70,0x1C,thumb,rom-pointer,SparkyTeardown
0x08079E8C,0x60,thumb,bl-target,SparkySetJumpMotion
0x08079EEC,0x2C,thumb,bl-target,sub_08079eec
0x08079F18,0x3C,thumb,bl-target,sub_08079f18
0x08079F54,0x54,thumb,bl-target,SparkyPickNextState
0x08079FA8,0x28,thumb,bl-target,SparkyPickStartState
0x08079FD0,0x38,thumb,rom-pointer,SparkyStartFall
0x0807A008,0x38,thumb,rom-pointer,SparkyLand
0x0807A040,0x10,thumb,rom-pointer,SparkyEnterWater
0x0807A050,0xC,thumb,rom-pointer,SparkyBounceOffWall
0x0807A05C,0x10,thumb,rom-pointer,SparkyHitCeiling
0x0807A06C,0x30,thumb,rom-pointer,SparkyJumpInit
0x0807A09C,0x70,thumb,rom-pointer,SparkyJumpUpdate
0x0807A10C,0x1C,thumb,rom-pointer,SparkyJumpEnterState
0x0807A128,0x94,thumb,rom-pointer,SparkyJump
0x0807A1BC,0x4,thumb,rom-pointer,SparkyJumpState2Update
0x0807A1C0,0x1C0,thumb,rom-pointer,SparkyJumpDischarge
0x0807A380,0x3C,thumb,rom-pointer,SparkyJumpDischargeUpdate
0x0807A3BC,0x4C,thumb,rom-pointer,SparkyJumpLand
0x0807A408,0x1C,thumb,rom-pointer,SparkyJumpLandUpdate
0x0807A424,0x34,thumb,rom-pointer,SparkyJumpState3
0x0807A458,0x4,thumb,rom-pointer,SparkyJumpState3Update
0x0807A45C,0x44,thumb,rom-pointer,SparkyIdleInit
0x0807A4A0,0x44,thumb,rom-pointer,SparkyIdleUpdate
0x0807A4E4,0x1C,thumb,curated,SparkyIdleEnterState
0x0807A500,0x74,thumb,rom-pointer,SparkyIdle
0x0807A574,0x4,thumb,rom-pointer,SparkyIdleState0Update
0x0807A578,0x30,thumb,rom-pointer,SparkyStandInit
0x0807A5A8,0x70,thumb,rom-pointer,SparkyStandUpdate
0x0807A618,0x1C,thumb,rom-pointer,SparkyStandEnterState
0x0807A634,0x1C0,thumb,rom-pointer,SparkyStandDischarge
0x0807A7F4,0x3C,thumb,rom-pointer,SparkyStandDischargeUpdate
0x0807A830,0x4C,thumb,rom-pointer,SparkyStandWait
0x0807A87C,0x1C,thumb,rom-pointer,SparkyStandWaitUpdate
0x0807A898,0x3C,thumb,rom-pointer,Task_Scarfy
0x0807A8D4,0x28,thumb,bl-target,ScarfyPickStartState
0x0807A8FC,0x6C,thumb,bl-target,sub_0807a8fc
0x0807A968,0xA4,thumb,bl-target,sub_0807a968
0x0807AA0C,0x50,thumb,bl-target,ScarfyCheckTransform
0x0807AA5C,0x5C,thumb,bl-target,sub_0807aa5c
0x0807AAB8,0x2C,thumb,rom-pointer,ScarfyInit
0x0807AAE4,0x54,thumb,rom-pointer,ScarfyUpdate
0x0807AB38,0x1C,thumb,rom-pointer,ScarfyEnterState
0x0807AB54,0x1C,thumb,rom-pointer,ScarfyHover
0x0807AB70,0x1C,thumb,rom-pointer,ScarfyHoverUpdate
0x0807AB8C,0x28,thumb,rom-pointer,ScarfyHide
0x0807ABB4,0x28,thumb,rom-pointer,ScarfyHideUpdate
0x0807ABDC,0x2C,thumb,rom-pointer,ScarfyState1
0x0807AC08,0x50,thumb,rom-pointer,ScarfyState1Update
0x0807AC58,0x174,thumb,rom-pointer,ScarfyTransform
0x0807ADCC,0x50,thumb,rom-pointer,ScarfyTransformUpdate
0x0807AE1C,0x60,thumb,rom-pointer,ScarfyChase
0x0807AE7C,0x50,thumb,rom-pointer,ScarfyChaseUpdate
0x0807AECC,0x70,thumb,rom-pointer,ScarfyExplode
0x0807AF3C,0x1C,thumb,rom-pointer,ScarfyExplodeUpdate
0x0807AF58,0x40,thumb,rom-pointer,Task_SwordKnight
0x0807AF98,0x40,thumb,rom-pointer,Task_BladeKnight
0x0807AFD8,0x38,thumb,rom-pointer,SwordAndBladeKnightStartFall
0x0807B010,0x38,thumb,rom-pointer,SwordAndBladeKnightLand
0x0807B048,0x10,thumb,rom-pointer,SwordAndBladeKnightEnterWater
0x0807B058,0x18,thumb,rom-pointer,sub_0807b058
0x0807B070,0x18,thumb,rom-pointer,SwordAndBladeKnightHitWall
0x0807B088,0x2C,thumb,bl-target,sub_0807b088
0x0807B0B4,0x3C,thumb,bl-target,SwordAndBladeKnightStepLunge
0x0807B0F0,0x2C,thumb,bl-target,SwordAndBladeKnightStartLunge
0x0807B11C,0x28,thumb,bl-target,sub_0807b11c
0x0807B144,0x28,thumb,bl-target,sub_0807b144
0x0807B16C,0x3C,thumb,bl-target,sub_0807b16c
0x0807B1A8,0x3C,thumb,bl-target,sub_0807b1a8
0x0807B1E4,0x1C,thumb,bl-target,CreateSwordAndBladeKnightSlash
0x0807B200,0x94,thumb,bl-target,sub_0807b200
0x0807B294,0x6C,thumb,bl-target,sub_0807b294
0x0807B300,0x2C,thumb,rom-pointer,SwordAndBladeKnightWalkInit
0x0807B32C,0xB0,thumb,rom-pointer,SwordAndBladeKnightWalkUpdate
0x0807B3DC,0x1C,thumb,rom-pointer,SwordAndBladeKnightWalkEnterState
0x0807B3F8,0x38,thumb,rom-pointer,SwordAndBladeKnightWalkState0
0x0807B430,0x6C,thumb,rom-pointer,SwordAndBladeKnightWalkState0Update
0x0807B49C,0x2C,thumb,rom-pointer,SwordAndBladeKnightWalkState1
0x0807B4C8,0x28,thumb,rom-pointer,SwordAndBladeKnightWalkState1Update
0x0807B4F0,0x68,thumb,rom-pointer,SwordAndBladeKnightWalkState3
0x0807B558,0x2C,thumb,rom-pointer,SwordAndBladeKnightWalkState3Update
0x0807B584,0x2C,thumb,rom-pointer,SwordAndBladeKnightWalkState2
0x0807B5B0,0x28,thumb,rom-pointer,SwordAndBladeKnightWalkState2Update
0x0807B5D8,0x68,thumb,rom-pointer,SwordAndBladeKnightWalkState4
0x0807B640,0x2C,thumb,rom-pointer,SwordAndBladeKnightWalkState4Update
0x0807B66C,0x48,thumb,rom-pointer,SwordAndBladeKnightWalkState5
0x0807B6B4,0x34,thumb,rom-pointer,SwordAndBladeKnightWalkState5Update
0x0807B6E8,0xC0,thumb,rom-pointer,SwordAndBladeKnightWalkState6
0x0807B7A8,0x28,thumb,rom-pointer,SwordAndBladeKnightWalkState6Update
0x0807B7D0,0x2C,thumb,rom-pointer,SwordAndBladeKnightWalkFall
0x0807B7FC,0x4,thumb,rom-pointer,SwordAndBladeKnightWalkFallUpdate
0x0807B800,0x44,thumb,rom-pointer,SwordAndBladeKnightIdleInit
0x0807B844,0x44,thumb,rom-pointer,SwordAndBladeKnightIdleUpdate
0x0807B888,0x1C,thumb,curated,SwordAndBladeKnightIdleEnterState
0x0807B8A4,0x2C,thumb,rom-pointer,SwordAndBladeKnightIdle
0x0807B8D0,0x1C,thumb,rom-pointer,SwordAndBladeKnightIdleState0Update
0x0807B8EC,0x2C,thumb,rom-pointer,SwordAndBladeKnightStandInit
0x0807B918,0xB0,thumb,rom-pointer,SwordAndBladeKnightStandUpdate
0x0807B9C8,0x24,thumb,rom-pointer,SwordAndBladeKnightStandEnterState
0x0807B9EC,0x2C,thumb,rom-pointer,SwordAndBladeKnightStandState0
0x0807BA18,0x64,thumb,rom-pointer,SwordAndBladeKnightStandState0Update
0x0807BA7C,0x2C,thumb,rom-pointer,SwordAndBladeKnightStandState1
0x0807BAA8,0x28,thumb,rom-pointer,SwordAndBladeKnightStandState1Update
0x0807BAD0,0x68,thumb,rom-pointer,SwordAndBladeKnightStandState3
0x0807BB38,0x28,thumb,rom-pointer,SwordAndBladeKnightStandState3Update
0x0807BB60,0x2C,thumb,rom-pointer,SwordAndBladeKnightStandState2
0x0807BB8C,0x28,thumb,rom-pointer,SwordAndBladeKnightStandState2Update
0x0807BBB4,0x68,thumb,rom-pointer,SwordAndBladeKnightStandState4
0x0807BC1C,0x28,thumb,rom-pointer,SwordAndBladeKnightStandState4Update
0x0807BC44,0x34,thumb,rom-pointer,SwordAndBladeKnightStandState5
0x0807BC78,0x34,thumb,rom-pointer,SwordAndBladeKnightStandState5Update
0x0807BCAC,0x40,thumb,rom-pointer,Task_BlockStar
0x0807BCEC,0x28,thumb,rom-pointer,BlockStarInit
0x0807BD14,0xC,thumb,rom-pointer,BlockStarUpdate
0x0807BD20,0x40,thumb,rom-pointer,Task_Needlous
0x0807BD60,0x1C,thumb,curated,sub_0807bd60
0x0807BD7C,0x3C,thumb,bl-target,NeedlousPickStartState
0x0807BDB8,0x50,thumb,rom-pointer,NeedlousStartFall
0x0807BE08,0x94,thumb,rom-pointer,NeedlousLand
0x0807BE9C,0x10,thumb,rom-pointer,NeedlousEnterWater
0x0807BEAC,0x28,thumb,rom-pointer,NeedlousHitWall
0x0807BED4,0x28,thumb,rom-pointer,sub_0807bed4
0x0807BEFC,0x10,thumb,rom-pointer,NeedlousHitCeiling
0x0807BF0C,0x68,thumb,bl-target,sub_0807bf0c
0x0807BF74,0x5C,thumb,bl-target,sub_0807bf74
0x0807BFD0,0x30,thumb,bl-target,sub_0807bfd0
0x0807C000,0x30,thumb,bl-target,sub_0807c000
0x0807C030,0x50,thumb,bl-target,sub_0807c030
0x0807C080,0x2C,thumb,rom-pointer,NeedlousInit
0x0807C0AC,0x50,thumb,rom-pointer,NeedlousUpdate
0x0807C0FC,0x1C,thumb,rom-pointer,NeedlousEnterState
0x0807C118,0x20,thumb,rom-pointer,NeedlousWalk
0x0807C138,0x98,thumb,rom-pointer,NeedlousWalkUpdate
0x0807C1D0,0x24,thumb,rom-pointer,NeedlousFall
0x0807C1F4,0x1C,thumb,rom-pointer,NeedlousFallUpdate
0x0807C210,0x1C,thumb,rom-pointer,NeedlousState2
0x0807C22C,0x1C,thumb,rom-pointer,NeedlousState2Update
0x0807C248,0x1C,thumb,rom-pointer,NeedlousState3
0x0807C264,0x1C,thumb,rom-pointer,NeedlousState3Update
0x0807C280,0x1C,thumb,rom-pointer,NeedlousState4
0x0807C29C,0x1C,thumb,rom-pointer,NeedlousState4Update
0x0807C2B8,0x28,thumb,rom-pointer,NeedlousDash
0x0807C2E0,0x70,thumb,rom-pointer,NeedlousDashUpdate
0x0807C350,0x44,thumb,rom-pointer,NeedlousIdleInit
0x0807C394,0x44,thumb,rom-pointer,NeedlousIdleUpdate
0x0807C3D8,0x1C,thumb,curated,NeedlousIdleEnterState
0x0807C3F4,0x4C,thumb,rom-pointer,NeedlousIdle
0x0807C440,0x4,thumb,rom-pointer,NeedlousIdleState0Update
0x0807C444,0x40,thumb,rom-pointer,Task_UFO
0x0807C484,0x1C,thumb,rom-pointer,UFOTeardown
0x0807C4A0,0x34,thumb,bl-target,UFOStartPaletteAnim
0x0807C4D4,0x34,thumb,bl-target,sub_0807c4d4
0x0807C508,0x28,thumb,bl-target,UFOPickNextPoint
0x0807C530,0x7C,thumb,bl-target,UFOSetTarget
0x0807C5AC,0x38,thumb,bl-target,UFOIsAtTarget
0x0807C5E4,0x34,thumb,bl-target,UFOSetFlightVelocity
0x0807C618,0x6C,thumb,bl-target,CreateUFOLaser
0x0807C684,0x2C,thumb,rom-pointer,UFOInit
0x0807C6B0,0x44,thumb,rom-pointer,UFOUpdate
0x0807C6F4,0x1C,thumb,rom-pointer,UFOEnterState
0x0807C710,0xC8,thumb,rom-pointer,UFOState0
0x0807C7D8,0x34,thumb,rom-pointer,UFOState0Update
0x0807C80C,0x1C,thumb,rom-pointer,UFOState1
0x0807C828,0x88,thumb,rom-pointer,UFOState1Update
0x0807C8B0,0x20,thumb,rom-pointer,UFOState2
0x0807C8D0,0xE4,thumb,rom-pointer,UFOState2Update
0x0807C9B4,0x64,thumb,rom-pointer,UFOShoot
0x0807CA18,0x38,thumb,rom-pointer,UFOShootUpdate
0x0807CA50,0x48,thumb,rom-pointer,UFOIdleInit
0x0807CA98,0x44,thumb,rom-pointer,UFOIdleUpdate
0x0807CADC,0x1C,thumb,curated,UFOIdleEnterState
0x0807CAF8,0xB8,thumb,rom-pointer,UFOIdle
0x0807CBB0,0x4,thumb,rom-pointer,UFOIdleState0Update
0x0807CBB4,0x40,thumb,rom-pointer,Task_Parasol
0x0807CBF4,0x74,thumb,bl-target,sub_0807cbf4
0x0807CC68,0x34,thumb,rom-pointer,ParasolRiseInit
0x0807CC9C,0x50,thumb,rom-pointer,ParasolRiseUpdate
0x0807CCEC,0x1C,thumb,curated,ParasolRiseEnterState
0x0807CD08,0x58,thumb,rom-pointer,ParasolRise
0x0807CD60,0x4,thumb,rom-pointer,ParasolRiseState0Update
0x0807CD64,0x38,thumb,rom-pointer,ParasolChaseInit
0x0807CD9C,0x50,thumb,rom-pointer,ParasolChaseUpdate
0x0807CDEC,0x1C,thumb,curated,ParasolChaseEnterState
0x0807CE08,0x60,thumb,rom-pointer,ParasolChase
0x0807CE68,0x74,thumb,rom-pointer,ParasolChaseState0Update
0x0807CEDC,0x44,thumb,rom-pointer,ParasolIdleInit
0x0807CF20,0x44,thumb,rom-pointer,ParasolIdleUpdate
0x0807CF64,0x1C,thumb,curated,ParasolIdleEnterState
0x0807CF80,0x4C,thumb,rom-pointer,ParasolIdle
0x0807CFCC,0x4,thumb,rom-pointer,ParasolIdleState0Update
0x0807CFD0,0x20,thumb,rom-pointer,ParasolVariant3
0x0807CFF0,0x18,thumb,rom-pointer,sub_0807cff0
0x0807D008,0x58,thumb,rom-pointer,Task_PengyIceBreath
0x0807D060,0x34,thumb,rom-pointer,PengyIceBreathInit
0x0807D094,0x44,thumb,rom-pointer,PengyIceBreathUpdate
0x0807D0D8,0x1C,thumb,curated,PengyIceBreathEnterState
0x0807D0F4,0x84,thumb,rom-pointer,PengyIceBreathState0
0x0807D178,0x4,thumb,rom-pointer,PengyIceBreathState0Update
0x0807D17C,0x40,thumb,rom-pointer,Task_UFOLaser
0x0807D1BC,0x20,thumb,rom-pointer,UFOLaserReactToDamage
0x0807D1DC,0x20,thumb,rom-pointer,UFOLaserReactToDefeat
0x0807D1FC,0x34,thumb,rom-pointer,UFOLaserInit
0x0807D230,0x6C,thumb,rom-pointer,UFOLaserUpdate
0x0807D29C,0x1C,thumb,rom-pointer,UFOLaserEnterState
0x0807D2B8,0x34,thumb,rom-pointer,UFOLaserState0
0x0807D2EC,0x34,thumb,rom-pointer,UFOLaserState0Update
0x0807D320,0x64,thumb,rom-pointer,UFOLaserVanish
0x0807D384,0x4,thumb,rom-pointer,sub_0807d384
0x0807D388,0x28,thumb,rom-pointer,Task_SwordAndBladeKnightSlash
0x0807D3B0,0xE0,thumb,rom-pointer,SwordAndBladeKnightSlashUpdate
0x0807D490,0x80,thumb,rom-pointer,Task_PengyIceBreathPuff
0x0807D510,0x174,thumb,rom-pointer,Task_PengyIceBreathSparkle
0x0807D684,0x40,thumb,rom-pointer,Task_Rocky
0x0807D6C4,0x38,thumb,rom-pointer,RockyWalkInit
0x0807D6FC,0x1C,thumb,rom-pointer,RockyWalkEnterState
0x0807D718,0x30,thumb,rom-pointer,RockyWalkUpdate
0x0807D748,0xE4,thumb,rom-pointer,RockyWalk
0x0807D82C,0xCC,thumb,rom-pointer,RockyWalkState0Update
0x0807D8F8,0x20,thumb,rom-pointer,RockyWalkState1
0x0807D918,0x94,thumb,rom-pointer,RockyWalkState1Update
0x0807D9AC,0x5C,thumb,rom-pointer,RockyWalkState2
0x0807DA08,0x28,thumb,rom-pointer,RockyWalkState2Update
0x0807DA30,0x2C,thumb,rom-pointer,RockyWalkState3
0x0807DA5C,0x28,thumb,rom-pointer,RockyWalkState3Update
0x0807DA84,0x24,thumb,rom-pointer,RockyWalkState4
0x0807DAA8,0x4,thumb,rom-pointer,RockyWalkState4Update
0x0807DAAC,0x44,thumb,rom-pointer,RockyIdleInit
0x0807DAF0,0x1C,thumb,curated,RockyIdleEnterState
0x0807DB0C,0x24,thumb,rom-pointer,RockyIdleUpdate
0x0807DB30,0x14,thumb,rom-pointer,RockyIdle
0x0807DB44,0x4,thumb,rom-pointer,RockyIdleState0Update
0x0807DB48,0x38,thumb,rom-pointer,RockyStandInit
0x0807DB80,0x1C,thumb,rom-pointer,RockyStandEnterState
0x0807DB9C,0x30,thumb,rom-pointer,RockyStandUpdate
0x0807DBCC,0xAC,thumb,rom-pointer,RockyStandState0
0x0807DC78,0x28,thumb,rom-pointer,RockyStandState0Update
0x0807DCA0,0x20,thumb,rom-pointer,RockyStandState1
0x0807DCC0,0x28,thumb,rom-pointer,RockyStandState1Update
0x0807DCE8,0x24,thumb,rom-pointer,RockyStandState2
0x0807DD0C,0x4,thumb,rom-pointer,RockyStandState2Update
0x0807DD10,0x60,thumb,bl-target,sub_0807dd10
0x0807DD70,0x6C,thumb,rom-pointer,RockyLand
0x0807DDDC,0x54,thumb,rom-pointer,RockyStartFall
0x0807DE30,0x34,thumb,rom-pointer,RockyHitCeiling
0x0807DE64,0x24,thumb,rom-pointer,RockyHitWall
0x0807DE88,0x10,thumb,rom-pointer,RockyEnterWater
0x0807DE98,0x4C,thumb,rom-pointer,Task_SirKibble
0x0807DEE4,0x30,thumb,rom-pointer,SirKibbleStandInit
0x0807DF14,0x1C,thumb,rom-pointer,SirKibbleStandEnterState
0x0807DF30,0x30,thumb,rom-pointer,SirKibbleStandUpdate
0x0807DF60,0x2C,thumb,rom-pointer,SirKibbleWait
0x0807DF8C,0x88,thumb,rom-pointer,SirKibbleWaitUpdate
0x0807E014,0x30,thumb,rom-pointer,SirKibbleWalkInit
0x0807E044,0x1C,thumb,rom-pointer,SirKibbleWalkEnterState
0x0807E060,0x30,thumb,rom-pointer,SirKibbleWalkUpdate
0x0807E090,0x70,thumb,rom-pointer,SirKibbleWalk
0x0807E100,0x88,thumb,rom-pointer,SirKibbleWalkState0Update
0x0807E188,0xBC,thumb,rom-pointer,SirKibbleShoot
0x0807E244,0x4C,thumb,rom-pointer,SirKibbleShootUpdate
0x0807E290,0x120,thumb,rom-pointer,SirKibbleJump
0x0807E3B0,0x34,thumb,rom-pointer,SirKibbleJumpUpdate
0x0807E3E4,0x44,thumb,rom-pointer,SirKibbleIdleInit
0x0807E428,0x1C,thumb,curated,SirKibbleIdleEnterState
0x0807E444,0x24,thumb,rom-pointer,SirKibbleIdleUpdate
0x0807E468,0x18,thumb,rom-pointer,SirKibbleIdle
0x0807E480,0x4,thumb,rom-pointer,SirKibbleIdleState0Update
0x0807E484,0x48,thumb,bl-target,sub_0807e484
0x0807E4CC,0x30,thumb,rom-pointer,sub_0807e4cc
0x0807E4FC,0x18,thumb,rom-pointer,SirKibbleStartFall
0x0807E514,0xC,thumb,rom-pointer,SirKibbleLand
0x0807E520,0x10,thumb,rom-pointer,SirKibbleEnterWater
0x0807E530,0x38,thumb,rom-pointer,Task_Cappy
0x0807E568,0x38,thumb,rom-pointer,CappyCappedInit
0x0807E5A0,0x1C,thumb,curated,CappyCappedEnterState
0x0807E5BC,0x84,thumb,rom-pointer,CappyCappedUpdate
0x0807E640,0x90,thumb,rom-pointer,CappyCappedHop
0x0807E6D0,0x4,thumb,rom-pointer,CappyCappedHopUpdate
0x0807E6D4,0x40,thumb,rom-pointer,CappyCaplessInit
0x0807E714,0x1C,thumb,rom-pointer,CappyCaplessEnterState
0x0807E730,0x38,thumb,rom-pointer,CappyCaplessUpdate
0x0807E768,0xA8,thumb,rom-pointer,CappyCaplessHop
0x0807E810,0x4,thumb,rom-pointer,CappyCaplessHopUpdate
0x0807E814,0x70,thumb,rom-pointer,CappyCaplessJump
0x0807E884,0x34,thumb,rom-pointer,CappyCaplessJumpUpdate
0x0807E8B8,0x4C,thumb,rom-pointer,CappyStandInit
0x0807E904,0x1C,thumb,curated,CappyStandEnterState
0x0807E920,0x30,thumb,rom-pointer,CappyStandUpdate
0x0807E950,0x60,thumb,rom-pointer,CappyStandHop
0x0807E9B0,0x4,thumb,rom-pointer,CappyStandHopUpdate
0x0807E9B4,0x14,thumb,rom-pointer,CappyBounceOffWall
0x0807E9C8,0x10,thumb,rom-pointer,CappyEnterWater
0x0807E9D8,0x58,thumb,rom-pointer,Task_Gordo
0x0807EA30,0x30,thumb,rom-pointer,GordoBobInit
0x0807EA60,0x24,thumb,rom-pointer,GordoBobUpdate
0x0807EA84,0x50,thumb,rom-pointer,GordoBob
0x0807EAD4,0x1C,thumb,rom-pointer,GordoBobState0Update
0x0807EAF0,0x30,thumb,rom-pointer,GordoBounceVerticalInit
0x0807EB20,0x40,thumb,rom-pointer,GordoBounceVerticalUpdate
0x0807EB60,0x64,thumb,rom-pointer,GordoBounceVertical
0x0807EBC4,0x1C,thumb,rom-pointer,GordoBounceVerticalState0Update
0x0807EBE0,0x30,thumb,rom-pointer,GordoBounceHorizontalInit
0x0807EC10,0x3C,thumb,rom-pointer,GordoBounceHorizontalUpdate
0x0807EC4C,0x64,thumb,rom-pointer,GordoBounceHorizontal
0x0807ECB0,0x1C,thumb,rom-pointer,GordoBounceHorizontalState0Update
0x0807ECCC,0x30,thumb,rom-pointer,GordoSweepInit
0x0807ECFC,0x24,thumb,rom-pointer,GordoSweepUpdate
0x0807ED20,0x78,thumb,rom-pointer,GordoSweep
0x0807ED98,0x1C,thumb,rom-pointer,GordoSweepState0Update
0x0807EDB4,0x60,thumb,rom-pointer,Task_CoolSpook
0x0807EE14,0x30,thumb,rom-pointer,CoolSpookFlyInit
0x0807EE44,0x1C,thumb,curated,CoolSpookFlyEnterState
0x0807EE60,0x24,thumb,rom-pointer,CoolSpookFlyUpdate
0x0807EE84,0x24,thumb,rom-pointer,CoolSpookFly
0x0807EEA8,0x1C,thumb,rom-pointer,CoolSpookFlyState0Update
0x0807EEC4,0x44,thumb,rom-pointer,CoolSpookBobInit
0x0807EF08,0x1C,thumb,curated,CoolSpookBobEnterState
0x0807EF24,0x24,thumb,rom-pointer,CoolSpookBobUpdate
0x0807EF48,0x18,thumb,rom-pointer,CoolSpookBob
0x0807EF60,0x1C,thumb,rom-pointer,CoolSpookBobState0Update
0x0807EF7C,0x70,thumb,bl-target,sub_0807ef7c
0x0807EFEC,0x10,thumb,rom-pointer,CoolSpookTeardown
0x0807EFFC,0x48,thumb,rom-pointer,Task_Kabu
0x0807F044,0x34,thumb,rom-pointer,KabuJumpInit
0x0807F078,0x1C,thumb,rom-pointer,KabuJumpEnterState
0x0807F094,0x30,thumb,rom-pointer,KabuJumpUpdate
0x0807F0C4,0x12C,thumb,rom-pointer,KabuJumpSpin
0x0807F1F0,0x28,thumb,rom-pointer,KabuJumpSpinUpdate
0x0807F218,0x9C,thumb,rom-pointer,KabuJump
0x0807F2B4,0x38,thumb,rom-pointer,KabuJumpState1Update
0x0807F2EC,0x5C,thumb,rom-pointer,KabuJumpFall
0x0807F348,0x38,thumb,rom-pointer,KabuJumpFallUpdate
0x0807F380,0x38,thumb,rom-pointer,KabuTeleportInit
0x0807F3B8,0x1C,thumb,rom-pointer,KabuTeleportEnterState
0x0807F3D4,0x58,thumb,rom-pointer,KabuTeleportUpdate
0x0807F42C,0x5C,thumb,rom-pointer,KabuTeleportSpin
0x0807F488,0x54,thumb,rom-pointer,KabuTeleportSpinUpdate
0x0807F4DC,0x158,thumb,rom-pointer,KabuTeleport
0x0807F634,0x74,thumb,rom-pointer,KabuTeleportState1Update
0x0807F6A8,0xE4,thumb,bl-target,sub_0807f6a8
0x0807F78C,0xFC,thumb,rom-pointer,KabuTeleportState2
0x0807F888,0x4,thumb,rom-pointer,KabuTeleportState2Update
0x0807F88C,0x30,thumb,rom-pointer,KabuSlideInit
0x0807F8BC,0x1C,thumb,rom-pointer,KabuSlideEnterState
0x0807F8D8,0x48,thumb,rom-pointer,KabuSlideUpdate
0x0807F920,0x80,thumb,rom-pointer,KabuSlide
0x0807F9A0,0xF8,thumb,rom-pointer,KabuSlideState0Update
0x0807FA98,0x64,thumb,rom-pointer,KabuSlideState1
0x0807FAFC,0x4,thumb,rom-pointer,KabuSlideState1Update
0x0807FB00,0x44,thumb,rom-pointer,KabuIdleInit
0x0807FB44,0x1C,thumb,curated,KabuIdleEnterState
0x0807FB60,0x24,thumb,rom-pointer,KabuIdleUpdate
0x0807FB84,0x48,thumb,rom-pointer,KabuIdle
0x0807FBCC,0x4,thumb,rom-pointer,KabuIdleState0Update
0x0807FBD0,0x50,thumb,rom-pointer,KabuHitWall
0x0807FC20,0x50,thumb,rom-pointer,KabuStartFall
0x0807FC70,0x24,thumb,rom-pointer,KabuLand
0x0807FC94,0x18,thumb,rom-pointer,KabuHitCeiling
0x0807FCAC,0x10,thumb,rom-pointer,KabuEnterWater
0x0807FCBC,0x78,thumb,rom-pointer,Task_Twister
0x0807FD34,0x30,thumb,rom-pointer,TwisterInit
0x0807FD64,0x1C,thumb,rom-pointer,TwisterEnterState
0x0807FD80,0x48,thumb,rom-pointer,TwisterUpdate
0x0807FDC8,0x50,thumb,rom-pointer,TwisterState0
0x0807FE18,0x188,thumb,rom-pointer,TwisterState0Update
0x0807FFA0,0x9C,thumb,rom-pointer,TwisterState1
0x0808003C,0x190,thumb,rom-pointer,TwisterState1Update
0x080801CC,0xAC,thumb,rom-pointer,TwisterState2
0x08080278,0x44,thumb,rom-pointer,TwisterState2Update
0x080802BC,0x44,thumb,rom-pointer,TwisterIdleInit
0x08080300,0x1C,thumb,curated,TwisterIdleEnterState
0x0808031C,0x24,thumb,rom-pointer,TwisterIdleUpdate
0x08080340,0x18,thumb,rom-pointer,TwisterIdle
0x08080358,0x1C,thumb,rom-pointer,TwisterIdleState0Update
0x08080374,0x24,thumb,bl-target,TwisterTickSound
0x08080398,0xC,thumb,rom-pointer,TwisterLand
0x080803A4,0x18,thumb,rom-pointer,TwisterStartFall
0x080803BC,0x10,thumb,rom-pointer,TwisterHitCeiling
0x080803CC,0x34,thumb,rom-pointer,TwisterEnterWater
0x08080400,0x4C,thumb,rom-pointer,Task_HotHead
0x0808044C,0x58,thumb,rom-pointer,HotHeadWalkInit
0x080804A4,0x1C,thumb,rom-pointer,HotHeadWalkEnterState
0x080804C0,0x30,thumb,rom-pointer,HotHeadWalkUpdate
0x080804F0,0x2C,thumb,rom-pointer,HotHeadWalk
0x0808051C,0x54,thumb,rom-pointer,HotHeadWalkState0Update
0x08080570,0x178,thumb,rom-pointer,HotHeadWalkShoot
0x080806E8,0x58,thumb,rom-pointer,HotHeadWalkShootUpdate
0x08080740,0x28,thumb,rom-pointer,HotHeadWalkFall
0x08080768,0x4,thumb,rom-pointer,HotHeadWalkFallUpdate
0x0808076C,0x50,thumb,rom-pointer,HotHeadIdleInit
0x080807BC,0x1C,thumb,curated,HotHeadIdleEnterState
0x080807D8,0x24,thumb,rom-pointer,HotHeadIdleUpdate
0x080807FC,0x18,thumb,rom-pointer,HotHeadIdle
0x08080814,0x4,thumb,rom-pointer,HotHeadIdleState0Update
0x08080818,0x58,thumb,rom-pointer,HotHeadStandInit
0x08080870,0x1C,thumb,rom-pointer,HotHeadStandEnterState
0x0808088C,0x30,thumb,rom-pointer,HotHeadStandUpdate
0x080808BC,0x20,thumb,rom-pointer,HotHeadStandWait
0x080808DC,0x54,thumb,rom-pointer,HotHeadStandWaitUpdate
0x08080930,0x178,thumb,rom-pointer,HotHeadStandShoot
0x08080AA8,0x58,thumb,rom-pointer,HotHeadStandShootUpdate
0x08080B00,0x28,thumb,rom-pointer,HotHeadStandFall
0x08080B28,0x4,thumb,rom-pointer,HotHeadStandFallUpdate
0x08080B2C,0x44,thumb,bl-target,sub_08080b2c
0x08080B70,0x5C,thumb,rom-pointer,HotHeadStartFall
0x08080BCC,0x60,thumb,rom-pointer,HotHeadLand
0x08080C2C,0xC,thumb,rom-pointer,HotHeadBounceOffWall
0x08080C38,0x10,thumb,rom-pointer,HotHeadEnterWater
0x08080C48,0x110,thumb,rom-pointer,Task_HotHeadFlame
0x08080D58,0x78,thumb,rom-pointer,HotHeadFlameCheckParent
0x08080DD0,0x40,thumb,rom-pointer,Task_Starman
0x08080E10,0x30,thumb,rom-pointer,StarmanVariant0
0x08080E40,0x1C,thumb,rom-pointer,sub_08080e40
0x08080E5C,0x48,thumb,rom-pointer,sub_08080e5c
0x08080EA4,0x38,thumb,rom-pointer,sub_08080ea4
0x08080EDC,0x58,thumb,rom-pointer,sub_08080edc
0x08080F34,0x70,thumb,rom-pointer,sub_08080f34
0x08080FA4,0xE0,thumb,rom-pointer,sub_08080fa4
0x08081084,0x40,thumb,rom-pointer,sub_08081084
0x080810C4,0x7C,thumb,rom-pointer,sub_080810c4
0x08081140,0x10C,thumb,rom-pointer,sub_08081140
0x0808124C,0x28,thumb,rom-pointer,sub_0808124c
0x08081274,0x78,thumb,rom-pointer,sub_08081274
0x080812EC,0x4,thumb,rom-pointer,sub_080812ec
0x080812F0,0xB4,thumb,rom-pointer,sub_080812f0
0x080813A4,0x64,thumb,rom-pointer,sub_080813a4
0x08081408,0x38,thumb,rom-pointer,StarmanJumpInit
0x08081440,0x1C,thumb,rom-pointer,StarmanJumpEnterState
0x0808145C,0x30,thumb,rom-pointer,StarmanJumpUpdate
0x0808148C,0x28,thumb,rom-pointer,StarmanJumpWalk
0x080814B4,0x54,thumb,rom-pointer,StarmanJumpWalkUpdate
0x08081508,0x58,thumb,rom-pointer,StarmanJump
0x08081560,0x3C,thumb,rom-pointer,StarmanJumpState1Update
0x0808159C,0x40,thumb,rom-pointer,StarmanJumpFall
0x080815DC,0x38,thumb,rom-pointer,StarmanJumpFallUpdate
0x08081614,0x38,thumb,rom-pointer,StarmanFlyInit
0x0808164C,0x1C,thumb,curated,StarmanFlyEnterState
0x08081668,0x24,thumb,rom-pointer,StarmanFlyUpdate
0x0808168C,0x5C,thumb,rom-pointer,StarmanFly
0x080816E8,0x8C,thumb,rom-pointer,StarmanFlyState0Update
0x08081774,0x44,thumb,rom-pointer,StarmanIdleInit
0x080817B8,0x1C,thumb,curated,StarmanIdleEnterState
0x080817D4,0x24,thumb,rom-pointer,StarmanIdleUpdate
0x080817F8,0x18,thumb,rom-pointer,StarmanIdle
0x08081810,0x4,thumb,rom-pointer,StarmanIdleState0Update
0x08081814,0x70,thumb,bl-target,sub_08081814
0x08081884,0x24,thumb,rom-pointer,sub_08081884
0x080818A8,0x58,thumb,rom-pointer,StarmanHitCeiling
0x08081900,0x60,thumb,rom-pointer,StarmanStartFall
0x08081960,0x24,thumb,rom-pointer,StarmanLand
0x08081984,0x20,thumb,rom-pointer,StarmanHitWall
0x080819A4,0x10,thumb,rom-pointer,StarmanEnterWater
0x080819B4,0x40,thumb,rom-pointer,Task_PoppyBrosJr
0x080819F4,0x64,thumb,rom-pointer,PoppyBrosJrInit
0x08081A58,0x1C,thumb,rom-pointer,PoppyBrosJrEnterState
0x08081A74,0x38,thumb,rom-pointer,PoppyBrosJrUpdate
0x08081AAC,0xB0,thumb,rom-pointer,PoppyBrosJrHop
0x08081B5C,0x68,thumb,rom-pointer,PoppyBrosJrHopUpdate
0x08081BC4,0x78,thumb,rom-pointer,PoppyBrosJrWalk
0x08081C3C,0x3C,thumb,rom-pointer,PoppyBrosJrWalkUpdate
0x08081C78,0x68,thumb,rom-pointer,PoppyBrosJrJump
0x08081CE0,0x44,thumb,rom-pointer,PoppyBrosJrJumpUpdate
0x08081D24,0x44,thumb,rom-pointer,PoppyBrosJrStandInit
0x08081D68,0x1C,thumb,curated,PoppyBrosJrStandEnterState
0x08081D84,0x30,thumb,rom-pointer,PoppyBrosJrStandUpdate
0x08081DB4,0x8C,thumb,rom-pointer,PoppyBrosJrStandHop
0x08081E40,0x24,thumb,rom-pointer,PoppyBrosJrStandHopUpdate
0x08081E64,0xA4,thumb,bl-target,sub_08081e64
0x08081F08,0x10,thumb,rom-pointer,PoppyBrosJrHitCeiling
0x08081F18,0x20,thumb,rom-pointer,PoppyBrosJrStartFall
0x08081F38,0x18,thumb,rom-pointer,PoppyBrosJrHitWall
0x08081F50,0x10,thumb,rom-pointer,PoppyBrosJrEnterWater
0x08081F60,0xA8,thumb,rom-pointer,Task_PoppyBrosJrOnApple
0x08082008,0xB0,thumb,rom-pointer,Task_PoppyBrosJrOnMaximTomato
0x080820B8,0x34,thumb,rom-pointer,PoppyBrosJrRideInit
0x080820EC,0x1C,thumb,curated,PoppyBrosJrRideEnterState
0x08082108,0x168,thumb,rom-pointer,PoppyBrosJrRideUpdate
0x08082270,0x34,thumb,rom-pointer,PoppyBrosJrRide
0x080822A4,0xC,thumb,rom-pointer,PoppyBrosJrRideState0Update
0x080822B0,0x34,thumb,rom-pointer,PoppyBrosJrDroppedObjectInit
0x080822E4,0x1C,thumb,curated,PoppyBrosJrDroppedObjectEnterState
0x08082300,0x38,thumb,rom-pointer,PoppyBrosJrDroppedObjectUpdate
0x08082338,0x120,thumb,rom-pointer,PoppyBrosJrDroppedObjectState0
0x08082458,0x34,thumb,rom-pointer,PoppyBrosJrDroppedObjectState0Update
0x0808248C,0x44,thumb,rom-pointer,PoppyBrosJrRideIdleInit
0x080824D0,0x1C,thumb,curated,PoppyBrosJrRideIdleEnterState
0x080824EC,0x50,thumb,rom-pointer,PoppyBrosJrRideIdleUpdate
0x0808253C,0xC,thumb,rom-pointer,PoppyBrosJrRideIdle
0x08082548,0xC,thumb,rom-pointer,sub_08082548
0x08082554,0x98,thumb,bl-target,PoppyBrosJrRiderHop
0x080825EC,0x8C,thumb,bl-target,PoppyBrosJrRiderHopUpdate
0x08082678,0x28,thumb,rom-pointer,PoppyBrosJrRiderStartFall
0x080826A0,0x1C,thumb,rom-pointer,PoppyBrosJrRiderLand
0x080826BC,0xC,thumb,rom-pointer,PoppyBrosJrRiderBounceOffWall
0x080826C8,0x10,thumb,rom-pointer,PoppyBrosJrRiderEnterWater
0x080826D8,0x40,thumb,rom-pointer,Task_Wheelie
0x08082718,0x38,thumb,rom-pointer,WheelieInit
0x08082750,0x1C,thumb,rom-pointer,WheelieEnterState
0x0808276C,0x30,thumb,rom-pointer,WheelieUpdate
0x0808279C,0x7C,thumb,rom-pointer,WheelieState0
0x08082818,0x2C,thumb,rom-pointer,WheelieState0Update
0x08082844,0x38,thumb,rom-pointer,WheelieState1
0x0808287C,0x2C,thumb,rom-pointer,WheelieState1Update
0x080828A8,0x60,thumb,rom-pointer,WheelieSkid
0x08082908,0x78,thumb,rom-pointer,WheelieSkidUpdate
0x08082980,0x54,thumb,rom-pointer,WheelieState3
0x080829D4,0x34,thumb,rom-pointer,WheelieState3Update
0x08082A08,0xE4,thumb,rom-pointer,WheelieBounceOffWall
0x08082AEC,0x28,thumb,rom-pointer,WheelieBounceOffWallUpdate
0x08082B14,0x34,thumb,rom-pointer,WheelieFall
0x08082B48,0x70,thumb,rom-pointer,WheelieFallUpdate
0x08082BB8,0x44,thumb,rom-pointer,WheelieIdleInit
0x08082BFC,0x1C,thumb,curated,WheelieIdleEnterState
0x08082C18,0x24,thumb,rom-pointer,WheelieIdleUpdate
0x08082C3C,0x1C,thumb,rom-pointer,WheelieIdle
0x08082C58,0x4,thumb,rom-pointer,WheelieIdleState0Update
0x08082C5C,0x68,thumb,bl-target,WheelieCheckSkid
0x08082CC4,0x50,thumb,bl-target,sub_08082cc4
0x08082D14,0x38,thumb,rom-pointer,WheelieStartFall
0x08082D4C,0x64,thumb,rom-pointer,WheelieHitWall
0x08082DB0,0x24,thumb,rom-pointer,sub_08082db0
0x08082DD4,0x10,thumb,rom-pointer,WheelieEnterWater
0x08082DE4,0x84,thumb,rom-pointer,Task_Flamer
0x08082E68,0x30,thumb,rom-pointer,FlamerInit
0x08082E98,0x1C,thumb,rom-pointer,FlamerEnterState
0x08082EB4,0x50,thumb,rom-pointer,FlamerUpdate
0x08082F04,0xB0,thumb,rom-pointer,FlamerState0
0x08082FB4,0x28,thumb,rom-pointer,FlamerState0Update
0x08082FDC,0x44,thumb,rom-pointer,FlamerCrawl
0x08083020,0x2B0,thumb,rom-pointer,FlamerCrawlUpdate
0x080832D0,0x3C,thumb,rom-pointer,FlamerFall
0x0808330C,0x64,thumb,rom-pointer,FlamerFallUpdate
0x08083370,0x90,thumb,rom-pointer,FlamerState3
0x08083400,0x28,thumb,rom-pointer,FlamerState3Update
0x08083428,0x60,thumb,rom-pointer,FlamerState4
0x08083488,0x18C,thumb,rom-pointer,FlamerState4Update
0x08083614,0x188,thumb,rom-pointer,FlamerState5
0x0808379C,0x34,thumb,rom-pointer,FlamerState5Update
0x080837D0,0xEC,thumb,rom-pointer,FlamerState6
0x080838BC,0xD0,thumb,rom-pointer,FlamerState6Update
0x0808398C,0x44,thumb,rom-pointer,FlamerIdleInit
0x080839D0,0x1C,thumb,curated,FlamerIdleEnterState
0x080839EC,0x24,thumb,rom-pointer,FlamerIdleUpdate
0x08083A10,0x34,thumb,rom-pointer,FlamerIdle
0x08083A44,0x4,thumb,rom-pointer,FlamerIdleState0Update
0x08083A48,0x8C,thumb,bl-target,FlamerGetSurfaceSlopeInDir
0x08083AD4,0xE8,thumb,bl-target,FlamerGetSurfaceSlopeOnSide
0x08083BBC,0xFC,thumb,bl-target,sub_08083bbc
0x08083CB8,0x70,thumb,bl-target,FlamerGetSurfaceSlopeAt
0x08083D28,0xD4,thumb,bl-target,FlamerSetCrawlVelocity
0x08083DFC,0x60,thumb,bl-target,sub_08083dfc
0x08083E5C,0x10,thumb,rom-pointer,FlamerEnterWater
0x08083E6C,0x48,thumb,rom-pointer,Task_SirKibbleCutter
0x08083EB4,0x34,thumb,rom-pointer,SirKibbleCutterInit
0x08083EE8,0x1C,thumb,curated,SirKibbleCutterEnterState
0x08083F04,0x44,thumb,rom-pointer,SirKibbleCutterUpdate
0x08083F48,0x74,thumb,rom-pointer,SirKibbleCutterState0
0x08083FBC,0x94,thumb,rom-pointer,SirKibbleCutterState0Update
0x08084050,0x54,thumb,rom-pointer,Task_HotHeadFire
0x080840A4,0x30,thumb,rom-pointer,HotHeadFireVariant0
0x080840D4,0x1C,thumb,curated,sub_080840d4
0x080840F0,0x24,thumb,rom-pointer,sub_080840f0
0x08084114,0x134,thumb,rom-pointer,sub_08084114
0x08084248,0x4,thumb,rom-pointer,sub_08084248
0x0808424C,0x50,thumb,rom-pointer,HotHeadFireVariant1
0x0808429C,0x1C,thumb,curated,sub_0808429c
0x080842B8,0x50,thumb,rom-pointer,sub_080842b8
0x08084308,0xF0,thumb,rom-pointer,sub_08084308
0x080843F8,0x4,thumb,rom-pointer,sub_080843f8
0x080843FC,0x88,thumb,rom-pointer,Task_FlamerFlame
0x08084484,0x40,thumb,rom-pointer,Task_Noddy
0x080844C4,0x34,thumb,rom-pointer,NoddyInit
0x080844F8,0x24,thumb,rom-pointer,NoddyEnterState
0x0808451C,0x98,thumb,rom-pointer,NoddyUpdate
0x080845B4,0x110,thumb,rom-pointer,NoddyWalk
0x080846C4,0x30,thumb,rom-pointer,NoddyWalkUpdate
0x080846F4,0x104,thumb,rom-pointer,NoddyState5
0x080847F8,0x4,thumb,rom-pointer,NoddyState5Update
0x080847FC,0x58,thumb,rom-pointer,NoddyState1
0x08084854,0x28,thumb,rom-pointer,NoddyState1Update
0x0808487C,0x68,thumb,rom-pointer,NoddySleep
0x080848E4,0x7C,thumb,rom-pointer,NoddySleepUpdate
0x08084960,0x54,thumb,rom-pointer,NoddyState3
0x080849B4,0x28,thumb,rom-pointer,NoddyState3Update
0x080849DC,0x74,thumb,rom-pointer,NoddySleepFall
0x08084A50,0x24,thumb,rom-pointer,NoddySleepFallUpdate
0x08084A74,0x74,thumb,rom-pointer,NoddyVariant1
0x08084AE8,0x14,thumb,rom-pointer,sub_08084ae8
0x08084AFC,0x80,thumb,rom-pointer,Task_NoddyBubble
0x08084B7C,0x44,thumb,rom-pointer,NoddyBubbleUpdate
0x08084BC0,0x4C,thumb,rom-pointer,NoddyLand
0x08084C0C,0x50,thumb,rom-pointer,NoddyStartFall
0x08084C5C,0x28,thumb,rom-pointer,NoddyEnterWater
0x08084C84,0x34,thumb,bl-target,sub_08084c84
0x08084CB8,0x1C,thumb,rom-pointer,NoddyBounceOffWall
0x08084CD4,0x40,thumb,rom-pointer,Task_Chilly
0x08084D14,0x58,thumb,rom-pointer,ChillyInit
0x08084D6C,0x24,thumb,rom-pointer,ChillyEnterState
0x08084D90,0x30,thumb,rom-pointer,ChillyUpdate
0x08084DC0,0xB4,thumb,rom-pointer,ChillyState0
0x08084E74,0x28,thumb,rom-pointer,ChillyState0Update
0x08084E9C,0xB4,thumb,rom-pointer,ChillyState1
0x08084F50,0x28,thumb,rom-pointer,ChillyState1Update
0x08084F78,0x1E0,thumb,rom-pointer,ChillySlide
0x08085158,0x28,thumb,rom-pointer,ChillySlideUpdate
0x08085180,0xF4,thumb,rom-pointer,ChillyState3
0x08085274,0x28,thumb,rom-pointer,ChillyState3Update
0x0808529C,0x2C,thumb,rom-pointer,ChillyFall
0x080852C8,0x4,thumb,rom-pointer,ChillyFallUpdate
0x080852CC,0xB0,thumb,rom-pointer,ChillyIdle
0x0808537C,0x14,thumb,rom-pointer,ChillyIdleUpdate
0x08085390,0x38,thumb,rom-pointer,ChillyLand
0x080853C8,0x3C,thumb,rom-pointer,ChillyStartFall
0x08085404,0x28,thumb,rom-pointer,ChillyEnterWater
0x0808542C,0x24,thumb,rom-pointer,ChillyHitWall
0x08085450,0x48,thumb,rom-pointer,Task_WaddleDoo
0x08085498,0x38,thumb,rom-pointer,WaddleDooWalkInit
0x080854D0,0x30,thumb,rom-pointer,WaddleDooWalkEnterState
0x08085500,0x30,thumb,rom-pointer,WaddleDooWalkUpdate
0x08085530,0xD8,thumb,rom-pointer,WaddleDooWalk
0x08085608,0x58,thumb,rom-pointer,WaddleDooWalkState0Update
0x08085660,0x7C,thumb,rom-pointer,WaddleDooWalkJump
0x080856DC,0x4,thumb,rom-pointer,WaddleDooWalkJumpUpdate
0x080856E0,0x14C,thumb,rom-pointer,WaddleDooWalkShoot
0x0808582C,0x2C,thumb,rom-pointer,WaddleDooWalkShootUpdate
0x08085858,0x44,thumb,rom-pointer,ParasolWaddleDooInit
0x0808589C,0x30,thumb,rom-pointer,ParasolWaddleDooEnterState
0x080858CC,0x30,thumb,rom-pointer,ParasolWaddleDooUpdate
0x080858FC,0x9C,thumb,rom-pointer,ParasolWaddleDooWalk
0x08085998,0x6C,thumb,rom-pointer,ParasolWaddleDooWalkUpdate
0x08085A04,0x7C,thumb,rom-pointer,ParasolWaddleDooJump
0x08085A80,0x4,thumb,rom-pointer,ParasolWaddleDooJumpUpdate
0x08085A84,0x134,thumb,rom-pointer,ParasolWaddleDooShoot
0x08085BB8,0x2C,thumb,rom-pointer,ParasolWaddleDooShootUpdate
0x08085BE4,0x2C,thumb,rom-pointer,ParasolWaddleDooDrift
0x08085C10,0x1C,thumb,rom-pointer,ParasolWaddleDooDriftUpdate
0x08085C2C,0x98,thumb,rom-pointer,WaddleDooIdle
0x08085CC4,0x14,thumb,rom-pointer,WaddleDooIdleUpdate
0x08085CD8,0x188,thumb,rom-pointer,WaddleDooShoot
0x08085E60,0x14,thumb,rom-pointer,WaddleDooShootUpdate
0x08085E74,0x7C,thumb,rom-pointer,WaddleDooLand
0x08085EF0,0xB0,thumb,rom-pointer,WaddleDooStartFall
0x08085FA0,0x4C,thumb,rom-pointer,WaddleDooEnterWater
0x08085FEC,0x38,thumb,rom-pointer,WaddleDooHitCeiling
0x08086024,0x48,thumb,rom-pointer,WaddleDooHitWall
0x0808606C,0x24,thumb,rom-pointer,ParasolWaddleDooReactToDefeat
0x08086090,0x48,thumb,rom-pointer,Task_BrontoBurt
0x080860D8,0x20,thumb,rom-pointer,BrontoBurtEnterVariant
0x080860F8,0x30,thumb,rom-pointer,BrontoBurtWaveInit
0x08086128,0x24,thumb,curated,BrontoBurtWaveEnterState
0x0808614C,0x24,thumb,rom-pointer,BrontoBurtWaveUpdate
0x08086170,0x104,thumb,rom-pointer,BrontoBurtWave
0x08086274,0x58,thumb,rom-pointer,BrontoBurtWaveState0Update
0x080862CC,0x30,thumb,rom-pointer,BrontoBurtVariant1
0x080862FC,0x24,thumb,curated,sub_080862fc
0x08086320,0x24,thumb,rom-pointer,sub_08086320
0x08086344,0x100,thumb,rom-pointer,sub_08086344
0x08086444,0xA8,thumb,rom-pointer,sub_08086444
0x080864EC,0xB0,thumb,rom-pointer,BrontoBurtSwoopInit
0x0808659C,0x24,thumb,rom-pointer,BrontoBurtSwoopUpdate
0x080865C0,0x1F8,thumb,rom-pointer,BrontoBurtSwoop
0x080867B8,0x6C,thumb,rom-pointer,BrontoBurtSwoopState0Update
0x08086824,0x94,thumb,rom-pointer,BrontoBurtDiagonalInit
0x080868B8,0x24,thumb,curated,BrontoBurtDiagonalEnterState
0x080868DC,0xA8,thumb,rom-pointer,BrontoBurtDiagonalUpdate
0x08086984,0x34,thumb,rom-pointer,BrontoBurtDiagonal
0x080869B8,0x38,thumb,rom-pointer,BrontoBurtDiagonalState0Update
0x080869F0,0x30,thumb,rom-pointer,BrontoBurtChaseInit
0x08086A20,0x24,thumb,curated,BrontoBurtChaseEnterState
0x08086A44,0x24,thumb,rom-pointer,BrontoBurtChaseUpdate
0x08086A68,0x100,thumb,rom-pointer,BrontoBurtChase
0x08086B68,0x58,thumb,rom-pointer,BrontoBurtChaseState0Update
0x08086BC0,0x30,thumb,rom-pointer,BrontoBurtTakeOffInit
0x08086BF0,0x24,thumb,rom-pointer,BrontoBurtTakeOffEnterState
0x08086C14,0x48,thumb,rom-pointer,BrontoBurtTakeOffUpdate
0x08086C5C,0x70,thumb,rom-pointer,BrontoBurtTakeOffWait
0x08086CCC,0x4C,thumb,rom-pointer,BrontoBurtTakeOffWaitUpdate
0x08086D18,0x8C,thumb,rom-pointer,BrontoBurtTakeOff
0x08086DA4,0x4C,thumb,rom-pointer,BrontoBurtTakeOffState1Update
0x08086DF0,0xD8,thumb,rom-pointer,BrontoBurtTakeOffState2
0x08086EC8,0x34,thumb,rom-pointer,BrontoBurtTakeOffState2Update
0x08086EFC,0x44,thumb,rom-pointer,BrontoBurtIdle
0x08086F40,0x14,thumb,rom-pointer,BrontoBurtIdleUpdate
0x08086F54,0x108,thumb,bl-target,TaskReflectFlightAngle
0x0808705C,0x48,thumb,rom-pointer,Task_Twizzy
0x080870A4,0x20,thumb,rom-pointer,TwizzyEnterVariant
0x080870C4,0x30,thumb,rom-pointer,TwizzyWaveInit
0x080870F4,0x24,thumb,curated,TwizzyWaveEnterState
0x08087118,0x24,thumb,rom-pointer,TwizzyWaveUpdate
0x0808713C,0xD4,thumb,rom-pointer,TwizzyWave
0x08087210,0x58,thumb,rom-pointer,TwizzyWaveState0Update
0x08087268,0x30,thumb,rom-pointer,TwizzyVariant1
0x08087298,0x24,thumb,curated,sub_08087298
0x080872BC,0x24,thumb,rom-pointer,sub_080872bc
0x080872E0,0xD0,thumb,rom-pointer,sub_080872e0
0x080873B0,0xA8,thumb,rom-pointer,sub_080873b0
0x08087458,0xB0,thumb,rom-pointer,TwizzySwoopInit
0x08087508,0x24,thumb,rom-pointer,TwizzySwoopUpdate
0x0808752C,0x1F8,thumb,rom-pointer,TwizzySwoop
0x08087724,0x6C,thumb,rom-pointer,TwizzySwoopState0Update
0x08087790,0x94,thumb,rom-pointer,TwizzyDiagonalInit
0x08087824,0x24,thumb,curated,TwizzyDiagonalEnterState
0x08087848,0xA8,thumb,rom-pointer,TwizzyDiagonalUpdate
0x080878F0,0x34,thumb,rom-pointer,TwizzyDiagonal
0x08087924,0x38,thumb,rom-pointer,TwizzyDiagonalState0Update
0x0808795C,0x30,thumb,rom-pointer,TwizzyChaseInit
0x0808798C,0x24,thumb,curated,TwizzyChaseEnterState
0x080879B0,0x24,thumb,rom-pointer,TwizzyChaseUpdate
0x080879D4,0xC4,thumb,rom-pointer,TwizzyChase
0x08087A98,0x58,thumb,rom-pointer,TwizzyChaseState0Update
0x08087AF0,0x30,thumb,rom-pointer,TwizzyTakeOffInit
0x08087B20,0x24,thumb,rom-pointer,TwizzyTakeOffEnterState
0x08087B44,0x48,thumb,rom-pointer,TwizzyTakeOffUpdate
0x08087B8C,0x70,thumb,rom-pointer,TwizzyTakeOffWait
0x08087BFC,0x4C,thumb,rom-pointer,TwizzyTakeOffWaitUpdate
0x08087C48,0x8C,thumb,rom-pointer,TwizzyTakeOff
0x08087CD4,0x4C,thumb,rom-pointer,TwizzyTakeOffState1Update
0x08087D20,0xD8,thumb,rom-pointer,TwizzyTakeOffState2
0x08087DF8,0x34,thumb,rom-pointer,TwizzyTakeOffState2Update
0x08087E2C,0x34,thumb,rom-pointer,TwizzyVariant6
0x08087E60,0x24,thumb,rom-pointer,sub_08087e60
0x08087E84,0x30,thumb,rom-pointer,sub_08087e84
0x08087EB4,0x3C,thumb,rom-pointer,sub_08087eb4
0x08087EF0,0x28,thumb,rom-pointer,sub_08087ef0
0x08087F18,0x70,thumb,rom-pointer,sub_08087f18
0x08087F88,0x4,thumb,rom-pointer,sub_08087f88
0x08087F8C,0x3C,thumb,rom-pointer,sub_08087f8c
0x08087FC8,0x4,thumb,rom-pointer,sub_08087fc8
0x08087FCC,0x34,thumb,rom-pointer,TwizzyVariant7
0x08088000,0x24,thumb,rom-pointer,sub_08088000
0x08088024,0x30,thumb,rom-pointer,sub_08088024
0x08088054,0xA8,thumb,rom-pointer,sub_08088054
0x080880FC,0xA4,thumb,rom-pointer,sub_080880fc
0x080881A0,0x40,thumb,rom-pointer,sub_080881a0
0x080881E0,0x4,thumb,rom-pointer,sub_080881e0
0x080881E4,0x24,thumb,rom-pointer,sub_080881e4
0x08088208,0x28,thumb,rom-pointer,sub_08088208
0x08088230,0x24,thumb,rom-pointer,sub_08088230
0x08088254,0x28,thumb,rom-pointer,sub_08088254
0x0808827C,0x74,thumb,rom-pointer,sub_0808827c
0x080882F0,0x30,thumb,rom-pointer,sub_080882f0
0x08088320,0x3C,thumb,rom-pointer,sub_08088320
0x0808835C,0x4,thumb,rom-pointer,sub_0808835c
0x08088360,0x34,thumb,rom-pointer,TwizzyHoverInit
0x08088394,0x24,thumb,curated,TwizzyHoverEnterState
0x080883B8,0x24,thumb,rom-pointer,TwizzyHoverUpdate
0x080883DC,0x9C,thumb,rom-pointer,TwizzyHover
0x08088478,0x20,thumb,rom-pointer,TwizzyHoverState0Update
0x08088498,0x38,thumb,rom-pointer,TwizzyIdle
0x080884D0,0x14,thumb,rom-pointer,TwizzyIdleUpdate
0x080884E4,0x5C,thumb,rom-pointer,TwizzyLand
0x08088540,0x50,thumb,rom-pointer,TwizzyStartFall
0x08088590,0x30,thumb,rom-pointer,TwizzyHitWall
0x080885C0,0x50,thumb,rom-pointer,TwizzyHitCeiling
0x08088610,0x48,thumb,rom-pointer,Task_Squishy
0x08088658,0x5C,thumb,rom-pointer,SquishyWalkInit
0x080886B4,0x24,thumb,rom-pointer,SquishyWalkEnterState
0x080886D8,0x30,thumb,rom-pointer,SquishyWalkUpdate
0x08088708,0x98,thumb,rom-pointer,SquishyWalk
0x080887A0,0x6C,thumb,rom-pointer,SquishyWalkState0Update
0x0808880C,0x94,thumb,rom-pointer,SquishyWalkState1
0x080888A0,0x28,thumb,rom-pointer,SquishyWalkState1Update
0x080888C8,0x58,thumb,rom-pointer,SquishyWalkFall
0x08088920,0x28,thumb,rom-pointer,SquishyWalkFallUpdate
0x08088948,0x80,thumb,rom-pointer,SquishyWalkState3
0x080889C8,0x4,thumb,rom-pointer,SquishyWalkState3Update
0x080889CC,0x70,thumb,rom-pointer,SquishyWalkState4
0x08088A3C,0x28,thumb,rom-pointer,SquishyWalkState4Update
0x08088A64,0x88,thumb,rom-pointer,SquishyVariant1
0x08088AEC,0x24,thumb,rom-pointer,sub_08088aec
0x08088B10,0x48,thumb,rom-pointer,sub_08088b10
0x08088B58,0x40,thumb,rom-pointer,sub_08088b58
0x08088B98,0x40,thumb,rom-pointer,sub_08088b98
0x08088BD8,0xC8,thumb,rom-pointer,sub_08088bd8
0x08088CA0,0x4,thumb,rom-pointer,sub_08088ca0
0x08088CA4,0x40,thumb,rom-pointer,sub_08088ca4
0x08088CE4,0x4,thumb,rom-pointer,sub_08088ce4
0x08088CE8,0x70,thumb,rom-pointer,SquishyVariant2
0x08088D58,0x24,thumb,rom-pointer,sub_08088d58
0x08088D7C,0x30,thumb,rom-pointer,sub_08088d7c
0x08088DAC,0xCC,thumb,rom-pointer,sub_08088dac
0x08088E78,0x2C,thumb,rom-pointer,sub_08088e78
0x08088EA4,0x30,thumb,rom-pointer,sub_08088ea4
0x08088ED4,0x28,thumb,rom-pointer,sub_08088ed4
0x08088EFC,0x28,thumb,rom-pointer,sub_08088efc
0x08088F24,0x28,thumb,rom-pointer,sub_08088f24
0x08088F4C,0x60,thumb,rom-pointer,SquishyIdle
0x08088FAC,0x14,thumb,rom-pointer,SquishyIdleUpdate
0x08088FC0,0x64,thumb,rom-pointer,SquishyLand
0x08089024,0x40,thumb,rom-pointer,SquishyStartFall
0x08089064,0x70,thumb,rom-pointer,SquishyEnterWater
0x080890D4,0x4C,thumb,rom-pointer,SquishyLeaveWater
0x08089120,0x1C,thumb,rom-pointer,SquishyBounceOffWall
0x0808913C,0x44,thumb,rom-pointer,SquishyHitCeiling
0x08089180,0x40,thumb,rom-pointer,Task_Bubbles
0x080891C0,0x38,thumb,rom-pointer,BubblesInit
0x080891F8,0x24,thumb,rom-pointer,BubblesEnterState
0x0808921C,0x30,thumb,rom-pointer,BubblesUpdate
0x0808924C,0xE4,thumb,rom-pointer,BubblesJump
0x08089330,0x4,thumb,rom-pointer,BubblesJumpUpdate
0x08089334,0x128,thumb,rom-pointer,BubblesBounceOffWall
0x0808945C,0x4,thumb,rom-pointer,BubblesBounceOffWallUpdate
0x08089460,0xD0,thumb,rom-pointer,BubblesBounceOffCeiling
0x08089530,0x14,thumb,rom-pointer,sub_08089530
0x08089544,0x80,thumb,rom-pointer,BubblesLand
0x080895C4,0x28,thumb,rom-pointer,BubblesLandUpdate
0x080895EC,0x90,thumb,rom-pointer,BubblesFall
0x0808967C,0x4,thumb,rom-pointer,BubblesFallUpdate
0x08089680,0x5C,thumb,rom-pointer,BubblesIdle
0x080896DC,0x10,thumb,rom-pointer,BubblesIdleUpdate
0x080896EC,0x40,thumb,rom-pointer,sub_080896ec
0x0808972C,0x40,thumb,rom-pointer,BubblesStartFall
0x0808976C,0x20,thumb,rom-pointer,BubblesEnterWater
0x0808978C,0x44,thumb,rom-pointer,BubblesHitWall
0x080897D0,0x38,thumb,rom-pointer,BubblesHitCeiling
0x08089808,0x40,thumb,bl-target,BubblesSetRollFrame
0x08089848,0x40,thumb,rom-pointer,Task_Glunk
0x08089888,0x30,thumb,rom-pointer,GlunkInit
0x080898B8,0x24,thumb,rom-pointer,GlunkEnterState
0x080898DC,0x30,thumb,rom-pointer,GlunkUpdate
0x0808990C,0xC8,thumb,rom-pointer,GlunkWait
0x080899D4,0x28,thumb,rom-pointer,GlunkWaitUpdate
0x080899FC,0xB0,thumb,rom-pointer,GlunkShoot
0x08089AAC,0x28,thumb,rom-pointer,GlunkShootUpdate
0x08089AD4,0x70,thumb,rom-pointer,Task_GlunkShotSpray
0x08089B44,0x98,thumb,rom-pointer,GlunkIdle
0x08089BDC,0x14,thumb,rom-pointer,GlunkIdleUpdate
0x08089BF0,0x1C,thumb,rom-pointer,GlunkLand
0x08089C0C,0x24,thumb,rom-pointer,GlunkStartFall
0x08089C30,0x28,thumb,rom-pointer,GlunkEnterWater
0x08089C58,0x40,thumb,rom-pointer,Task_Slippy
0x08089C98,0x88,thumb,rom-pointer,SlippyInit
0x08089D20,0x24,thumb,rom-pointer,SlippyEnterState
0x08089D44,0x64,thumb,rom-pointer,SlippyUpdate
0x08089DA8,0xF8,thumb,rom-pointer,SlippyState0
0x08089EA0,0x28,thumb,rom-pointer,SlippyState0Update
0x08089EC8,0x158,thumb,rom-pointer,SlippyState1
0x0808A020,0x28,thumb,rom-pointer,SlippyState1Update
0x0808A048,0x60,thumb,rom-pointer,SlippyState2
0x0808A0A8,0x4,thumb,rom-pointer,SlippyState2Update
0x0808A0AC,0x60,thumb,rom-pointer,SlippyState3
0x0808A10C,0x4,thumb,rom-pointer,SlippyState3Update
0x0808A110,0xC0,thumb,rom-pointer,SlippyState4
0x0808A1D0,0x34,thumb,rom-pointer,SlippyState4Update
0x0808A204,0x6C,thumb,rom-pointer,SlippyState5
0x0808A270,0x28,thumb,rom-pointer,SlippyState5Update
0x0808A298,0xD4,thumb,rom-pointer,SlippyState6
0x0808A36C,0x58,thumb,rom-pointer,SlippyState6Update
0x0808A3C4,0xB4,thumb,rom-pointer,SlippyState7
0x0808A478,0x58,thumb,rom-pointer,SlippyState7Update
0x0808A4D0,0xE8,thumb,rom-pointer,SlippyState8
0x0808A5B8,0x58,thumb,rom-pointer,SlippyState8Update
0x0808A610,0x100,thumb,rom-pointer,SlippyState9
0x0808A710,0x58,thumb,rom-pointer,SlippyState9Update
0x0808A768,0x3C,thumb,rom-pointer,SlippyFall
0x0808A7A4,0x4,thumb,rom-pointer,SlippyFallUpdate
0x0808A7A8,0x38,thumb,rom-pointer,SlippyIdle
0x0808A7E0,0x14,thumb,rom-pointer,SlippyIdleUpdate
0x0808A7F4,0x58,thumb,bl-target,SlippyPickMove
0x0808A84C,0x34,thumb,bl-target,PickWeightedRandomIndex
0x0808A880,0x54,thumb,bl-target,SlippySetSwimAngleToPlayer
0x0808A8D4,0x90,thumb,rom-pointer,SlippyLand
0x0808A964,0x44,thumb,rom-pointer,SlippyStartFall
0x0808A9A8,0x30,thumb,rom-pointer,SlippyEnterWater
0x0808A9D8,0x50,thumb,rom-pointer,SlippyHitWall
0x0808AA28,0x40,thumb,rom-pointer,SlippyHitCeiling
0x0808AA68,0x70,thumb,rom-pointer,Task_Blipper
0x0808AAD8,0x3C,thumb,rom-pointer,BlipperChaseInit
0x0808AB14,0x24,thumb,rom-pointer,BlipperChaseEnterState
0x0808AB38,0x38,thumb,rom-pointer,BlipperChaseUpdate
0x0808AB70,0x84,thumb,rom-pointer,BlipperChase
0x0808ABF4,0xE8,thumb,rom-pointer,sub_0808abf4
0x0808ACDC,0x44,thumb,rom-pointer,sub_0808acdc
0x0808AD20,0xCC,thumb,rom-pointer,sub_0808ad20
0x0808ADEC,0x38,thumb,rom-pointer,BlipperWaveInit
0x0808AE24,0x24,thumb,rom-pointer,BlipperWaveEnterState
0x0808AE48,0x38,thumb,rom-pointer,BlipperWaveUpdate
0x0808AE80,0x6C,thumb,rom-pointer,BlipperWave
0x0808AEEC,0x48,thumb,rom-pointer,sub_0808aeec
0x0808AF34,0x78,thumb,rom-pointer,sub_0808af34
0x0808AFAC,0x24,thumb,rom-pointer,sub_0808afac
0x0808AFD0,0x38,thumb,rom-pointer,sub_0808afd0
0x0808B008,0x8C,thumb,rom-pointer,sub_0808b008
0x0808B094,0x8C,thumb,rom-pointer,sub_0808b094
0x0808B120,0x88,thumb,rom-pointer,sub_0808b120
0x0808B1A8,0x28,thumb,rom-pointer,sub_0808b1a8
0x0808B1D0,0x40,thumb,rom-pointer,sub_0808b1d0
0x0808B210,0x24,thumb,rom-pointer,sub_0808b210
0x0808B234,0x58,thumb,rom-pointer,sub_0808b234
0x0808B28C,0x70,thumb,rom-pointer,sub_0808b28c
0x0808B2FC,0x6C,thumb,rom-pointer,sub_0808b2fc
0x0808B368,0x100,thumb,rom-pointer,sub_0808b368
0x0808B468,0x68,thumb,rom-pointer,sub_0808b468
0x0808B4D0,0xE4,thumb,bl-target,sub_0808b4d0
0x0808B5B4,0x9C,thumb,bl-target+rom-pointer,sub_0808b5b4
0x0808B650,0xB4,thumb,bl-target,sub_0808b650
0x0808B704,0x98,thumb,bl-target,sub_0808b704
0x0808B79C,0x94,thumb,bl-target,sub_0808b79c
0x0808B830,0x94,thumb,bl-target,sub_0808b830
0x0808B8C4,0xD8,thumb,rom-pointer,sub_0808b8c4
0x0808B99C,0x34,thumb,bl-target,CreateBlipperDroplet
0x0808B9D0,0x154,thumb,rom-pointer,Task_BlipperDroplet
0x0808BB24,0x38,thumb,bl-target+rom-pointer,BlipperIdle
0x0808BB5C,0x14,thumb,rom-pointer,BlipperIdleUpdate
0x0808BB70,0xA8,thumb,rom-pointer,BlipperLand
0x0808BC18,0x48,thumb,rom-pointer,BlipperStartFall
0x0808BC60,0xA4,thumb,rom-pointer,BlipperHitWall
0x0808BD04,0xB0,thumb,rom-pointer,BlipperHitCeiling
0x0808BDB4,0x40,thumb,rom-pointer,Task_Gip
0x0808BDF4,0x48,thumb,rom-pointer,GipInit
0x0808BE3C,0x1C,thumb,rom-pointer,GipEnterState
0x0808BE58,0x48,thumb,rom-pointer,GipUpdate
0x0808BEA0,0x7C,thumb,rom-pointer,GipWalk
0x0808BF1C,0xA8,thumb,rom-pointer,GipWalkUpdate
0x0808BFC4,0x40,thumb,rom-pointer,GipWait
0x0808C004,0x28,thumb,rom-pointer,GipWaitUpdate
0x0808C02C,0xD0,thumb,rom-pointer,GipState4
0x0808C0FC,0xD4,thumb,rom-pointer,GipState6
0x0808C1D0,0x90,thumb,rom-pointer,sub_0808c1d0
0x0808C260,0xCC,thumb,rom-pointer,GipState5
0x0808C32C,0xBC,thumb,rom-pointer,GipState7
0x0808C3E8,0x90,thumb,rom-pointer,sub_0808c3e8
0x0808C478,0x44,thumb,rom-pointer,GipState8
0x0808C4BC,0x28,thumb,rom-pointer,sub_0808c4bc
0x0808C4E4,0x54,thumb,rom-pointer,GipState9
0x0808C538,0x4,thumb,rom-pointer,sub_0808c538
0x0808C53C,0xAC,thumb,rom-pointer,GipState10
0x0808C5E8,0x28,thumb,rom-pointer,sub_0808c5e8
0x0808C610,0x74,thumb,rom-pointer,GipShoot
0x0808C684,0x28,thumb,rom-pointer,sub_0808c684
0x0808C6AC,0x5C,thumb,rom-pointer,GipIdle
0x0808C708,0x14,thumb,rom-pointer,GipIdleUpdate
0x0808C71C,0x30,thumb,rom-pointer,GipLand
0x0808C74C,0x30,thumb,rom-pointer,GipStartFall
0x0808C77C,0x20,thumb,rom-pointer,GipEnterWater
0x0808C79C,0x50,thumb,rom-pointer,GipHitWall
0x0808C7EC,0x40,thumb,rom-pointer,GipHitCeiling
0x0808C82C,0x90,thumb,bl-target,GipTrySnapToWall
0x0808C8BC,0x78,thumb,bl-target,GipPickNextState
0x0808C934,0x4C,thumb,bl-target,CreateGipStar
0x0808C980,0x80,thumb,bl-target,GipSetLeapVelocity
0x0808CA00,0xB8,thumb,bl-target,GipGetWallDistRight
0x0808CAB8,0xB8,thumb,bl-target,GipGetWallDistLeft
0x0808CB70,0xA4,thumb,rom-pointer,Task_ChillyFreeze
0x0808CC14,0xD4,thumb,rom-pointer,ChillyFreezeUpdate
0x0808CCE8,0x304,thumb,rom-pointer,Task_ChillyFreezeSparkle
0x0808CFEC,0x28,thumb,bl-target,ChillyFreezeSparkleCheckParent
0x0808D014,0xEC,thumb,rom-pointer,Task_WaddleDooBeam
0x0808D100,0x30,thumb,rom-pointer,WaddleDooBeamUpdate
0x0808D130,0x18,thumb,rom-pointer,WaddleDooBeamHitTerrain
0x0808D148,0x88,thumb,rom-pointer,Task_GlunkShot
0x0808D1D0,0x30,thumb,rom-pointer,GlunkShotUpdate
0x0808D200,0x18,thumb,rom-pointer,GlunkShotHitCeiling
0x0808D218,0x90,thumb,rom-pointer,Task_GipStar
0x0808D2A8,0x10,thumb,rom-pointer,GipStarUpdate
0x0808D2B8,0x4C,thumb,rom-pointer,BroomHatterStartFall
0x0808D304,0x50,thumb,rom-pointer,BroomHatterLand
0x0808D354,0x10,thumb,rom-pointer,BroomHatterEnterWater
0x0808D364,0x24,thumb,bl-target,sub_0808d364
0x0808D388,0x5C,thumb,rom-pointer,sub_0808d388
0x0808D3E4,0x7C,thumb,bl-target,BroomHatterPickNextState
0x0808D460,0x34,thumb,bl-target,sub_0808d460
0x0808D494,0x14,thumb,bl-target,sub_0808d494
0x0808D4A8,0x14,thumb,bl-target,sub_0808d4a8
0x0808D4BC,0x14,thumb,bl-target,sub_0808d4bc
0x0808D4D0,0x18,thumb,bl-target,sub_0808d4d0
0x0808D4E8,0x70,thumb,rom-pointer,Task_BroomHatter
0x0808D558,0x34,thumb,rom-pointer,BroomHatterVariant0
0x0808D58C,0x98,thumb,rom-pointer,sub_0808d58c
0x0808D624,0x1C,thumb,rom-pointer,sub_0808d624
0x0808D640,0x124,thumb,rom-pointer,sub_0808d640
0x0808D764,0x2C,thumb,rom-pointer,sub_0808d764
0x0808D790,0x1A8,thumb,rom-pointer,sub_0808d790
0x0808D938,0x2C,thumb,rom-pointer,sub_0808d938
0x0808D964,0x98,thumb,rom-pointer,sub_0808d964
0x0808D9FC,0x4,thumb,rom-pointer,sub_0808d9fc
0x0808DA00,0x34,thumb,rom-pointer,BroomHatterVariant1
0x0808DA34,0x98,thumb,rom-pointer,sub_0808da34
0x0808DACC,0x1C,thumb,rom-pointer,sub_0808dacc
0x0808DAE8,0x180,thumb,rom-pointer,sub_0808dae8
0x0808DC68,0x2C,thumb,rom-pointer,sub_0808dc68
0x0808DC94,0x1FC,thumb,rom-pointer,sub_0808dc94
0x0808DE90,0x2C,thumb,rom-pointer,sub_0808de90
0x0808DEBC,0x98,thumb,rom-pointer,sub_0808debc
0x0808DF54,0x4,thumb,rom-pointer,sub_0808df54
0x0808DF58,0x44,thumb,rom-pointer,BroomHatterIdleInit
0x0808DF9C,0x28,thumb,rom-pointer,BroomHatterIdleUpdate
0x0808DFC4,0x8C,thumb,rom-pointer,BroomHatterIdle
0x0808E050,0x4,thumb,rom-pointer,BroomHatterIdleState0Update
0x0808E054,0x1C,thumb,rom-pointer,sub_0808e054
0x0808E070,0x60,thumb,bl-target,LaserBallSetTargetX
0x0808E0D0,0xA4,thumb,bl-target,sub_0808e0d0
0x0808E174,0xE0,thumb,bl-target,LaserBallSetMoveDir
0x0808E254,0x60,thumb,bl-target,CreateLaserBallLaser
0x0808E2B4,0x88,thumb,bl-target,LaserBallCheckShoot
0x0808E33C,0x30,thumb,bl-target,LaserBallReaim
0x0808E36C,0x3C,thumb,bl-target,LaserBallAccelerateInMoveDir
0x0808E3A8,0x5C,thumb,rom-pointer,Task_LaserBall
0x0808E404,0x3C,thumb,rom-pointer,LaserBallInit
0x0808E440,0x24,thumb,rom-pointer,LaserBallUpdate
0x0808E464,0x1C,thumb,rom-pointer,LaserBallEnterState
0x0808E480,0x90,thumb,rom-pointer,LaserBallApproach
0x0808E510,0x3C,thumb,rom-pointer,LaserBallApproachUpdate
0x0808E54C,0x80,thumb,rom-pointer,LaserBallHover
0x0808E5CC,0x44,thumb,rom-pointer,LaserBallHoverUpdate
0x0808E610,0xF4,thumb,rom-pointer,LaserBallShoot
0x0808E704,0x2C,thumb,rom-pointer,LaserBallShootUpdate
0x0808E730,0xD0,thumb,rom-pointer,LaserBallRetreat
0x0808E800,0x4,thumb,rom-pointer,LaserBallRetreatUpdate
0x0808E804,0x44,thumb,rom-pointer,LaserBallIdleInit
0x0808E848,0x28,thumb,rom-pointer,LaserBallIdleUpdate
0x0808E870,0x30,thumb,rom-pointer,LaserBallIdle
0x0808E8A0,0x4,thumb,rom-pointer,LaserBallIdleState0Update
0x0808E8A4,0x20,thumb,rom-pointer,CoconutLand
0x0808E8C4,0x10,thumb,rom-pointer,CoconutEnterWater
0x0808E8D4,0x40,thumb,rom-pointer,Task_Coconut
0x0808E914,0x50,thumb,rom-pointer,CoconutInit
0x0808E964,0x30,thumb,rom-pointer,CoconutUpdate
0x0808E994,0x1C,thumb,rom-pointer,CoconutEnterState
0x0808E9B0,0x24,thumb,rom-pointer,CoconutWait
0x0808E9D4,0x2C,thumb,rom-pointer,CoconutWaitUpdate
0x0808EA00,0x110,thumb,rom-pointer,CoconutFall
0x0808EB10,0x14,thumb,rom-pointer,CoconutExplode
0x0808EB24,0x40,thumb,rom-pointer,CoconutIdleInit
0x0808EB64,0x30,thumb,rom-pointer,CoconutIdleUpdate
0x0808EB94,0x48,thumb,rom-pointer,CoconutIdle
0x0808EBDC,0x4,thumb,rom-pointer,CoconutIdleState0Update
0x0808EBE0,0x54,thumb,rom-pointer,ShotzoStartFall
0x0808EC34,0x5C,thumb,rom-pointer,ShotzoLand
0x0808EC90,0x24,thumb,rom-pointer,ShotzoHitWall
0x0808ECB4,0x2C,thumb,rom-pointer,ShotzoEnterWater
0x0808ECE0,0x2C,thumb,rom-pointer,ParasolShotzoReactToDefeat
0x0808ED0C,0x2C,thumb,curated,sub_0808ed0c
0x0808ED38,0x128,thumb,bl-target,ShotzoTargetNearestPlayer
0x0808EE60,0x3C,thumb,bl-target,ShotzoStepBarrel
0x0808EE9C,0x28,thumb,bl-target,ShotzoTestBarrelOnTarget
0x0808EEC4,0xC4,thumb,bl-target,ShotzoSetRecoilVelocity
0x0808EF88,0x54,thumb,bl-target,ShotzoInitBarrel
0x0808EFDC,0x7C,thumb,bl-target,CreateShotzoCannonball
0x0808F058,0x78,thumb,bl-target,CreateShotzoFixedCannonball
0x0808F0D0,0xE4,thumb,bl-target,ShotzoAimBarrel
0x0808F1B4,0x70,thumb,bl-target,ShotzoCheckShoot
0x0808F224,0x48,thumb,rom-pointer,Task_Shotzo
0x0808F26C,0x34,thumb,rom-pointer,ShotzoAimInit
0x0808F2A0,0x24,thumb,rom-pointer,ShotzoAimUpdate
0x0808F2C4,0x38,thumb,rom-pointer,ShotzoFixedInit
0x0808F2FC,0x24,thumb,rom-pointer,ShotzoFixedUpdate
0x0808F320,0x3C,thumb,rom-pointer,ParasolShotzoInit
0x0808F35C,0x24,thumb,rom-pointer,ParasolShotzoUpdate
0x0808F380,0x1C,thumb,rom-pointer,ShotzoAimEnterState
0x0808F39C,0x1C,thumb,rom-pointer,ShotzoFixedEnterState
0x0808F3B8,0x1C,thumb,rom-pointer,ParasolShotzoEnterState
0x0808F3D4,0x2C,thumb,rom-pointer,ShotzoAim
0x0808F400,0x1C,thumb,rom-pointer,ShotzoAimState0Update
0x0808F41C,0x98,thumb,rom-pointer,ShotzoAimShoot
0x0808F4B4,0x44,thumb,rom-pointer,ShotzoAimShootUpdate
0x0808F4F8,0x24,thumb,rom-pointer,ShotzoAimFall
0x0808F51C,0xC,thumb,rom-pointer,ShotzoAimFallUpdate
0x0808F528,0x50,thumb,rom-pointer,ShotzoFixedState0
0x0808F578,0x54,thumb,rom-pointer,ShotzoFixedState0Update
0x0808F5CC,0xAC,thumb,rom-pointer,ShotzoFixedShoot
0x0808F678,0x48,thumb,rom-pointer,ShotzoFixedShootUpdate
0x0808F6C0,0x5C,thumb,rom-pointer,ShotzoFixedFall
0x0808F71C,0xC,thumb,rom-pointer,ShotzoFixedFallUpdate
0x0808F728,0x34,thumb,rom-pointer,ParasolShotzoAim
0x0808F75C,0x50,thumb,rom-pointer,ParasolShotzoAimUpdate
0x0808F7AC,0x98,thumb,rom-pointer,ParasolShotzoShoot
0x0808F844,0x44,thumb,rom-pointer,ParasolShotzoShootUpdate
0x0808F888,0x54,thumb,rom-pointer,ParasolShotzoState2
0x0808F8DC,0xC,thumb,rom-pointer,ParasolShotzoState2Update
0x0808F8E8,0x48,thumb,rom-pointer,ShotzoIdleInit
0x0808F930,0x24,thumb,rom-pointer,ShotzoIdleUpdate
0x0808F954,0x20,thumb,rom-pointer,ShotzoIdle
0x0808F974,0x4,thumb,rom-pointer,ShotzoIdleState0Update
0x0808F978,0x40,thumb,rom-pointer,ConerStartFall
0x0808F9B8,0x20,thumb,rom-pointer,ConerLand
0x0808F9D8,0x20,thumb,rom-pointer,ConerEnterWater
0x0808F9F8,0xC,thumb,rom-pointer,ConerBounceOffWall
0x0808FA04,0xC,thumb,curated,sub_0808fa04
0x0808FA10,0x40,thumb,rom-pointer,Task_Coner
0x0808FA50,0x34,thumb,rom-pointer,ConerInit
0x0808FA84,0x14,thumb,rom-pointer,ConerUpdate
0x0808FA98,0x1C,thumb,rom-pointer,ConerEnterState
0x0808FAB4,0x9C,thumb,rom-pointer,ConerWalk
0x0808FB50,0x30,thumb,rom-pointer,ConerState1
0x0808FB80,0x2C,thumb,rom-pointer,ConerState2
0x0808FBAC,0x44,thumb,rom-pointer,ConerIdleInit
0x0808FBF0,0x10,thumb,rom-pointer,ConerIdleUpdate
0x0808FC00,0x40,thumb,rom-pointer,ConerIdle
0x0808FC40,0x50,thumb,rom-pointer,Task_LaserBallLaser
0x0808FC90,0x44,thumb,rom-pointer,LaserBallLaserInit
0x0808FCD4,0x48,thumb,rom-pointer,LaserBallLaserUpdate
0x0808FD1C,0x1C,thumb,rom-pointer,LaserBallLaserEnterState
0x0808FD38,0x24,thumb,rom-pointer,LaserBallLaserState1
0x0808FD5C,0x4,thumb,rom-pointer,LaserBallLaserState1Update
0x0808FD60,0x54,thumb,rom-pointer,LaserBallLaserState0
0x0808FDB4,0x4,thumb,rom-pointer,LaserBallLaserState0Update
0x0808FDB8,0x40,thumb,rom-pointer,Task_ShotzoCannonball
0x0808FDF8,0x30,thumb,rom-pointer,ShotzoCannonballInit
0x0808FE28,0x44,thumb,rom-pointer,ShotzoCannonballUpdate
0x0808FE6C,0x1C,thumb,curated,ShotzoCannonballEnterState
0x0808FE88,0x158,thumb,rom-pointer,ShotzoCannonballState0
0x0808FFE0,0x2C,thumb,rom-pointer,ShotzoCannonballState0Update
0x0809000C,0x84,thumb,rom-pointer,Task_Bonkers
0x08090090,0x48,thumb,rom-pointer,BonkersInit
0x080900D8,0x1C,thumb,rom-pointer,BonkersEnterState
0x080900F4,0xEC,thumb,rom-pointer,BonkersUpdate
0x080901E0,0x90,thumb,rom-pointer,BonkersIntro
0x08090270,0x28,thumb,rom-pointer,BonkersIntroUpdate
0x08090298,0x130,thumb,rom-pointer,BonkersWalk
0x080903C8,0x28,thumb,rom-pointer,BonkersWalkUpdate
0x080903F0,0xBC,thumb,rom-pointer,BonkersJump
0x080904AC,0x28,thumb,rom-pointer,BonkersJumpUpdate
0x080904D4,0xDC,thumb,rom-pointer,BonkersHop
0x080905B0,0x28,thumb,rom-pointer,BonkersHopUpdate
0x080905D8,0x14C,thumb,rom-pointer,BonkersDash
0x08090724,0x28,thumb,rom-pointer,BonkersDashUpdate
0x0809074C,0x1A0,thumb,rom-pointer,BonkersThrow
0x080908EC,0x28,thumb,rom-pointer,BonkersThrowUpdate
0x08090914,0x98,thumb,rom-pointer,BonkersSlam
0x080909AC,0x28,thumb,rom-pointer,BonkersSlamUpdate
0x080909D4,0x144,thumb,rom-pointer,BonkersJumpSlam
0x08090B18,0x28,thumb,rom-pointer,BonkersJumpSlamUpdate
0x08090B40,0xB0,thumb,rom-pointer,BonkersTripleSlam
0x08090BF0,0x28,thumb,rom-pointer,BonkersTripleSlamUpdate
0x08090C18,0x90,thumb,rom-pointer,BonkersBounceOffWall
0x08090CA8,0x28,thumb,rom-pointer,BonkersBounceOffWallUpdate
0x08090CD0,0x114,thumb,rom-pointer,BonkersDefeat
0x08090DE4,0x34,thumb,rom-pointer,BonkersDefeatUpdate
0x08090E18,0x3C,thumb,bl-target,BonkersCreateSlamStar
0x08090E54,0x48,thumb,bl-target,BonkersChooseNextState
0x08090E9C,0x54,thumb,bl-target,sub_08090e9c
0x08090EF0,0x24,thumb,rom-pointer,BonkersReactToDamage
0x08090F14,0x38,thumb,rom-pointer,BonkersReactToDefeat
0x08090F4C,0x74,thumb,rom-pointer,BonkersHitWall
0x08090FC0,0x20,thumb,rom-pointer,Task_BonkersHammerHitBox
0x08090FE0,0xE0,thumb,rom-pointer,BonkersHammerHitBoxUpdate
0x080910C0,0x7C,thumb,rom-pointer,Task_PoppyBrosSr
0x0809113C,0x50,thumb,rom-pointer,PoppyBrosSrInit
0x0809118C,0x1C,thumb,rom-pointer,PoppyBrosSrEnterState
0x080911A8,0xE4,thumb,rom-pointer,PoppyBrosSrUpdate
0x0809128C,0x6C,thumb,rom-pointer,PoppyBrosSrIntro
0x080912F8,0x28,thumb,rom-pointer,PoppyBrosSrIntroUpdate
0x08091320,0x48,thumb,rom-pointer,PoppyBrosSrState1
0x08091368,0x28,thumb,rom-pointer,PoppyBrosSrState1Update
0x08091390,0x1C8,thumb,rom-pointer,PoppyBrosSrState2
0x08091558,0x4C,thumb,rom-pointer,PoppyBrosSrState2Update
0x080915A4,0x2C,thumb,rom-pointer,PoppyBrosSrState3
0x080915D0,0x28,thumb,rom-pointer,PoppyBrosSrState3Update
0x080915F8,0xCC,thumb,rom-pointer,PoppyBrosSrState4
0x080916C4,0x28,thumb,rom-pointer,PoppyBrosSrState4Update
0x080916EC,0x110,thumb,rom-pointer,PoppyBrosSrState5
0x080917FC,0x28,thumb,rom-pointer,PoppyBrosSrState5Update
0x08091824,0xF8,thumb,rom-pointer,PoppyBrosSrDefeat
0x0809191C,0x38,thumb,rom-pointer,PoppyBrosSrDefeatUpdate
0x08091954,0xDC,thumb,bl-target,sub_08091954
0x08091A30,0x68,thumb,bl-target,sub_08091a30
0x08091A98,0x68,thumb,bl-target,sub_08091a98
0x08091B00,0x24,thumb,rom-pointer,PoppyBrosSrReactToDamage
0x08091B24,0x3C,thumb,rom-pointer,PoppyBrosSrReactToDefeat
0x08091B60,0xC,thumb,rom-pointer,PoppyBrosSrHitWall
0x08091B6C,0x1B8,thumb,rom-pointer,Task_PoppyBrosSrHand
0x08091D24,0xB8,thumb,rom-pointer,PoppyBrosSrHandUpdate
0x08091DDC,0x3C,thumb,rom-pointer,Task_PoppyBrosSrHead
0x08091E18,0xF0,thumb,rom-pointer,PoppyBrosSrHeadUpdate
0x08091F08,0x94,thumb,rom-pointer,Task_Bugzzy
0x08091F9C,0x44,thumb,rom-pointer,BugzzyInit
0x08091FE0,0x1C,thumb,rom-pointer,BugzzyEnterState
0x08091FFC,0x19C,thumb,rom-pointer,BugzzyUpdate
0x08092198,0x90,thumb,rom-pointer,BugzzyIntro
0x08092228,0x28,thumb,rom-pointer,BugzzyIntroUpdate
0x08092250,0x340,thumb,rom-pointer,BugzzyWalk
0x08092590,0x28,thumb,rom-pointer,BugzzyWalkUpdate
0x080925B8,0x11C,thumb,rom-pointer,BugzzySummon
0x080926D4,0x28,thumb,rom-pointer,BugzzySummonUpdate
0x080926FC,0x2F0,thumb,rom-pointer,BugzzyCharge
0x080929EC,0x28,thumb,rom-pointer,BugzzyChargeUpdate
0x08092A14,0x11C,thumb,rom-pointer,BugzzyState4
0x08092B30,0x28,thumb,rom-pointer,BugzzyState4Update
0x08092B58,0x80,thumb,rom-pointer,BugzzyState5
0x08092BD8,0x28,thumb,rom-pointer,BugzzyState5Update
0x08092C00,0xB4,thumb,rom-pointer,BugzzyState6
0x08092CB4,0x28,thumb,rom-pointer,BugzzyState6Update
0x08092CDC,0x164,thumb,rom-pointer,BugzzyHop
0x08092E40,0x28,thumb,rom-pointer,BugzzyHopUpdate
0x08092E68,0x9C,thumb,rom-pointer,BugzzyFall
0x08092F04,0x28,thumb,rom-pointer,BugzzyFallUpdate
0x08092F2C,0xC8,thumb,rom-pointer,BugzzyBounceOffWall
0x08092FF4,0x28,thumb,rom-pointer,BugzzyBounceOffWallUpdate
0x0809301C,0x68,thumb,rom-pointer,BugzzyState11
0x08093084,0x28,thumb,rom-pointer,BugzzyState11Update
0x080930AC,0x2A8,thumb,rom-pointer,BugzzyBackdrop
0x08093354,0x2C,thumb,rom-pointer,BugzzyBackdropUpdate
0x08093380,0x108,thumb,rom-pointer,BugzzyDefeat
0x08093488,0x30,thumb,rom-pointer,BugzzyDefeatUpdate
0x080934B8,0x40,thumb,bl-target,sub_080934b8
0x080934F8,0x154,thumb,bl-target,BugzzyChooseBackdrop
0x0809364C,0x54,thumb,bl-target,sub_0809364c
0x080936A0,0xE0,thumb,bl-target,sub_080936a0
0x08093780,0x50,thumb,bl-target,sub_08093780
0x080937D0,0x88,thumb,rom-pointer,BugzzyHitWall
0x08093858,0x10,thumb,rom-pointer,BugzzyHitCeiling
0x08093868,0x24,thumb,rom-pointer,BugzzyReactToDamage
0x0809388C,0x58,thumb,rom-pointer,BugzzyReactToDefeat
0x080938E4,0x98,thumb,rom-pointer,Task_BugzzyAfterimage
0x0809397C,0x84,thumb,rom-pointer,BugzzyAfterimageUpdate
0x08093A00,0x24,thumb,bl-target,BugzzyPlaySfxForHeldPlayer
0x08093A24,0x40,thumb,rom-pointer,Task_BonkersNut
0x08093A64,0x34,thumb,rom-pointer,BonkersNutInit
0x08093A98,0x30,thumb,rom-pointer,BonkersNutUpdate
0x08093AC8,0xB8,thumb,rom-pointer,BonkersNutState0
0x08093B80,0x30,thumb,rom-pointer,BonkersNutState0Update
0x08093BB0,0x24,thumb,rom-pointer,BonkersNutHitWall
0x08093BD4,0x5C,thumb,rom-pointer,Task_PoppyBrosSrBomb
0x08093C30,0x30,thumb,rom-pointer,PoppyBrosSrBombInit
0x08093C60,0x1C,thumb,rom-pointer,PoppyBrosSrBombEnterState
0x08093C7C,0x50,thumb,rom-pointer,PoppyBrosSrBombUpdate
0x08093CCC,0x2C,thumb,rom-pointer,PoppyBrosSrBombHeld
0x08093CF8,0xD4,thumb,rom-pointer,PoppyBrosSrBombHeldUpdate
0x08093DCC,0x88,thumb,rom-pointer,PoppyBrosSrBombFlight
0x08093E54,0x4,thumb,rom-pointer,PoppyBrosSrBombFlightUpdate
0x08093E58,0x84,thumb,rom-pointer,Task_PoppyBrosSrBombSpark
0x08093EDC,0x24,thumb,rom-pointer,PoppyBrosSrBombHitWall
0x08093F00,0x64,thumb,rom-pointer,PoppyBrosSrBombLand
0x08093F64,0x7C,thumb,rom-pointer,Task_BugzzyLadybug
0x08093FE0,0x30,thumb,rom-pointer,BugzzyLadybugInit
0x08094010,0x30,thumb,rom-pointer,BugzzyLadybugUpdate
0x08094040,0x104,thumb,rom-pointer,BugzzyLadybugState0
0x08094144,0x20,thumb,rom-pointer,BugzzyLadybugState0Update
0x08094164,0x48,thumb,bl-target,BugzzyLadybugSetVelocity
0x080941AC,0x74,thumb,rom-pointer,Task_GrandWheelie
0x08094220,0x70,thumb,rom-pointer,GrandWheelieInit
0x08094290,0x24,thumb,rom-pointer,GrandWheelieEnterState
0x080942B4,0x28,thumb,rom-pointer,sub_080942b4
0x080942DC,0x7C,thumb,rom-pointer,GrandWheelieUpdate
0x08094358,0x2A4,thumb,bl-target,sub_08094358
0x080945FC,0x44,thumb,rom-pointer,GrandWheelieFall
0x08094640,0x1C,thumb,rom-pointer,GrandWheelieFallUpdate
0x0809465C,0x20,thumb,rom-pointer,GrandWheelieState1
0x0809467C,0x34,thumb,rom-pointer,GrandWheelieState1Update
0x080946B0,0xA8,thumb,rom-pointer,GrandWheelieState2
0x08094758,0x74,thumb,rom-pointer,GrandWheelieState2Update
0x080947CC,0x44,thumb,bl-target,sub_080947cc
0x08094810,0x34,thumb,bl-target,GrandWheelieCheckSummon
0x08094844,0x50,thumb,rom-pointer,GrandWheelieHop
0x08094894,0x40,thumb,bl-target+rom-pointer,sub_08094894
0x080948D4,0x34,thumb,rom-pointer,GrandWheelieHopUpdate
0x08094908,0x28,thumb,bl-target,sub_08094908
0x08094930,0xB0,thumb,rom-pointer,GrandWheelieCharge
0x080949E0,0x1B4,thumb,rom-pointer,GrandWheelieChargeUpdate
0x08094B94,0x28,thumb,bl-target,GrandWheelieIsNearPlayer
0x08094BBC,0x154,thumb,bl-target,sub_08094bbc
0x08094D10,0x94,thumb,bl-target,sub_08094d10
0x08094DA4,0x48,thumb,rom-pointer,GrandWheelieState5
0x08094DEC,0x9C,thumb,rom-pointer,GrandWheelieState5Update
0x08094E88,0xA0,thumb,bl-target,GrandWheelieBrake
0x08094F28,0x40,thumb,rom-pointer,GrandWheelieState6
0x08094F68,0x48,thumb,rom-pointer,GrandWheelieState6Update
0x08094FB0,0x104,thumb,rom-pointer,GrandWheelieState7
0x080950B4,0x88,thumb,rom-pointer,GrandWheelieState7Update
0x0809513C,0xE4,thumb,rom-pointer,GrandWheelieSummon
0x08095220,0x34,thumb,rom-pointer,GrandWheelieSummonUpdate
0x08095254,0xD8,thumb,rom-pointer,GrandWheelieBounceOffWall
0x0809532C,0x34,thumb,rom-pointer,GrandWheelieBounceOffWallUpdate
0x08095360,0x124,thumb,rom-pointer,GrandWheelieDefeat
0x08095484,0x6C,thumb,rom-pointer,GrandWheelieDefeatUpdate
0x080954F0,0xB8,thumb,rom-pointer,GrandWheelieLand
0x080955A8,0xCC,thumb,rom-pointer,GrandWheelieHitWall
0x08095674,0x20,thumb,rom-pointer,GrandWheelieReactToDamage
0x08095694,0x34,thumb,rom-pointer,GrandWheelieReactToDefeat
0x080956C8,0x1C,thumb,bl-target,GrandWheelieStartAnim
0x080956E4,0x84,thumb,bl-target,GrandWheelieStepAnim
0x08095768,0x2C,thumb,curated,GrandWheelieTickAnimFacingNearestPlayer
0x08095794,0x28,thumb,bl-target,GrandWheelieTickAnim
0x080957BC,0x78,thumb,rom-pointer,Task_FireLion
0x08095834,0x10C,thumb,bl-target,sub_08095834
0x08095940,0x1C,thumb,rom-pointer,FireLionEnterState
0x0809595C,0x8C,thumb,bl-target+rom-pointer,FireLionDropIn
0x080959E8,0x4,thumb,rom-pointer,FireLionDropInUpdate
0x080959EC,0x68,thumb,bl-target+rom-pointer,sub_080959ec
0x08095A54,0x7C,thumb,rom-pointer,FireLionWait
0x08095AD0,0x1C,thumb,rom-pointer,sub_08095ad0
0x08095AEC,0xF8,thumb,rom-pointer,FireLionHop
0x08095BE4,0x4,thumb,rom-pointer,FireLionHopUpdate
0x08095BE8,0x138,thumb,rom-pointer,sub_08095be8
0x08095D20,0x20,thumb,rom-pointer,sub_08095d20
0x08095D40,0x10C,thumb,bl-target,sub_08095d40
0x08095E4C,0x60,thumb,bl-target,sub_08095e4c
0x08095EAC,0x1AC,thumb,rom-pointer,FireLionSlash
0x08096058,0x64,thumb,rom-pointer,FireLionSlashUpdate
0x080960BC,0xB0,thumb,rom-pointer,FireLionState9
0x0809616C,0x30,thumb,rom-pointer,sub_0809616c
0x0809619C,0xDC,thumb,bl-target,FireLionCharge
0x08096278,0x34,thumb,rom-pointer,FireLionChargeUpdate
0x080962AC,0x24,thumb,rom-pointer,sub_080962ac
0x080962D0,0x50,thumb,rom-pointer,sub_080962d0
0x08096320,0xA0,thumb,rom-pointer,FireLionBounceOffWall
0x080963C0,0x1C,thumb,rom-pointer,sub_080963c0
0x080963DC,0x264,thumb,rom-pointer,FireLionPounce
0x08096640,0x40,thumb,rom-pointer,FireLionPounceUpdate
0x08096680,0x18C,thumb,rom-pointer,sub_08096680
0x0809680C,0x7C,thumb,bl-target,FireLionWaitForLanding
0x08096888,0x38,thumb,bl-target,FireLionJumpBack
0x080968C0,0x60,thumb,bl-target,sub_080968c0
0x08096920,0x4,thumb,rom-pointer,sub_08096920
0x08096924,0x78,thumb,bl-target,sub_08096924
0x0809699C,0x2C,thumb,rom-pointer,sub_0809699c
0x080969C8,0x60,thumb,rom-pointer,FireLionUpdate
0x08096A28,0x18,thumb,rom-pointer,sub_08096a28
0x08096A40,0x13C,thumb,bl-target,FireLionCheckCatch
0x08096B7C,0x1A4,thumb,rom-pointer,FireLionDefeat
0x08096D20,0x44,thumb,rom-pointer,FireLionDefeatUpdate
0x08096D64,0x90,thumb,rom-pointer,FireLionLand
0x08096DF4,0x18,thumb,rom-pointer,FireLionHitWall
0x08096E0C,0x18,thumb,rom-pointer,FireLionReactToDamage
0x08096E24,0x4C,thumb,rom-pointer,FireLionReactToDefeat
0x08096E70,0x2C,thumb,curated,sub_08096e70
0x08096E9C,0x124,thumb,bl-target,FireLionUpdatePalette
0x08096FC0,0x64,thumb,bl-target,FireLionChooseNextState
0x08097024,0x64,thumb,bl-target,sub_08097024
0x08097088,0x3C,thumb,bl-target,FireLionCreateLandingStar
0x080970C4,0x404,thumb,rom-pointer,Task_FireLionFlame
0x080974C8,0x30,thumb,rom-pointer,FireLionFlameCheckParent
0x080974F8,0x88,thumb,rom-pointer,Task_PhanPhan
0x08097580,0x2C,thumb,bl-target,sub_08097580
0x080975AC,0x1C,thumb,rom-pointer,PhanPhanEnterState
0x080975C8,0x34,thumb,rom-pointer,sub_080975c8
0x080975FC,0x98,thumb,rom-pointer,PhanPhanUpdate
0x08097694,0x80,thumb,bl-target+rom-pointer,PhanPhanDropIn
0x08097714,0x28,thumb,rom-pointer,PhanPhanDropInUpdate
0x0809773C,0xD0,thumb,bl-target+rom-pointer,sub_0809773c
0x0809780C,0x38,thumb,bl-target,sub_0809780c
0x08097844,0x108,thumb,bl-target,PhanPhanHopBackward
0x0809794C,0x108,thumb,bl-target,PhanPhanHopForward
0x08097A54,0x28,thumb,rom-pointer,PhanPhanState1Update
0x08097A7C,0xD0,thumb,rom-pointer,PhanPhanHop
0x08097B4C,0x28,thumb,rom-pointer,PhanPhanHopUpdate
0x08097B74,0xD0,thumb,rom-pointer,PhanPhanCharge
0x08097C44,0x34,thumb,rom-pointer,PhanPhanChargeUpdate
0x08097C78,0x104,thumb,rom-pointer,PhanPhanBounceOffWall
0x08097D7C,0x28,thumb,rom-pointer,PhanPhanBounceOffWallUpdate
0x08097DA4,0xC4,thumb,rom-pointer,PhanPhanJump
0x08097E68,0x28,thumb,rom-pointer,PhanPhanJumpUpdate
0x08097E90,0x20C,thumb,rom-pointer,PhanPhanThrowPlayer
0x0809809C,0xA4,thumb,bl-target,sub_0809809c
0x08098140,0x2C,thumb,bl-target,sub_08098140
0x0809816C,0x28,thumb,rom-pointer,PhanPhanThrowPlayerUpdate
0x08098194,0xD4,thumb,rom-pointer,PhanPhanThrowApple
0x08098268,0x34,thumb,rom-pointer,PhanPhanThrowAppleUpdate
0x0809829C,0x104,thumb,rom-pointer,PhanPhanDefeat
0x080983A0,0x4,thumb,rom-pointer,PhanPhanDefeatUpdate
0x080983A4,0xAC,thumb,bl-target,PhanPhanChooseNextState
0x08098450,0x64,thumb,bl-target,CreatePhanPhanApple
0x080984B4,0x74,thumb,bl-target,PhanPhanCheckCatch
0x08098528,0x18,thumb,rom-pointer,PhanPhanLand
0x08098540,0x3C,thumb,rom-pointer,PhanPhanHitWall
0x0809857C,0x18,thumb,rom-pointer,PhanPhanReactToDamage
0x08098594,0x4C,thumb,rom-pointer,PhanPhanReactToDefeat
0x080985E0,0xBC,thumb,rom-pointer,Task_GrandWheelieMiniWheelie
0x0809869C,0x50,thumb,rom-pointer,GrandWheelieMiniWheelieUpdate
0x080986EC,0x1C,thumb,rom-pointer,GrandWheelieMiniWheelieLand
0x08098708,0x10,thumb,curated,sub_08098708
0x08098718,0x10,thumb,rom-pointer,GrandWheelieMiniWheelieEnterWater
0x08098728,0x10,thumb,rom-pointer,GrandWheelieMiniWheelieHitWall
0x08098738,0x10,thumb,rom-pointer,GrandWheelieMiniWheelieHitCeiling
0x08098748,0x24,thumb,bl-target,sub_08098748
0x0809876C,0x110,thumb,rom-pointer,Task_PhanPhanApple
0x0809887C,0x28,thumb,rom-pointer,PhanPhanAppleUpdate
0x080988A4,0x10,thumb,rom-pointer,PhanPhanAppleLand
0x080988B4,0xC,thumb,rom-pointer,PhanPhanAppleHitWall
0x080988C0,0x4,thumb,curated,sub_080988c0
0x080988C4,0x34,thumb,rom-pointer,MrFrostyStartFall
0x080988F8,0x10C,thumb,rom-pointer,MrFrostyLand
0x08098A04,0x9C,thumb,rom-pointer,MrFrostyHitWall
0x08098AA0,0x38,thumb,rom-pointer,MrFrostyReactToDefeat
0x08098AD8,0x24,thumb,rom-pointer,MrFrostyReactToDamage
0x08098AFC,0x64,thumb,bl-target,TaskFreeDustTrail
0x08098B60,0xF4,thumb,bl-target,MrFrostyChooseNextState
0x08098C54,0xA0,thumb,bl-target,sub_08098c54
0x08098CF4,0x64,thumb,bl-target,sub_08098cf4
0x08098D58,0x4C,thumb,bl-target,CreateMrFrostyIceCube
0x08098DA4,0x40,thumb,bl-target,MrFrostyCheckNearIceCube
0x08098DE4,0x80,thumb,bl-target,sub_08098de4
0x08098E64,0x70,thumb,rom-pointer,Task_MrFrosty
0x08098ED4,0x64,thumb,rom-pointer,MrFrostyInit
0x08098F38,0x78,thumb,rom-pointer,MrFrostyUpdate
0x08098FB0,0x20,thumb,rom-pointer,MrFrostyEnterState
0x08098FD0,0x34,thumb,rom-pointer,MrFrostyWait
0x08099004,0x1C,thumb,rom-pointer,MrFrostyWaitUpdate
0x08099020,0x60,thumb,rom-pointer,MrFrostyHop
0x08099080,0x54,thumb,rom-pointer,MrFrostyHopUpdate
0x080990D4,0xAC,thumb,rom-pointer,MrFrostyState2
0x08099180,0x2C,thumb,rom-pointer,MrFrostyState2Update
0x080991AC,0x8C,thumb,rom-pointer,MrFrostyDash
0x08099238,0xC,thumb,rom-pointer,MrFrostyDashUpdate
0x08099244,0x64,thumb,rom-pointer,MrFrostyBounceOffWall
0x080992A8,0x4,thumb,rom-pointer,MrFrostyBounceOffWallUpdate
0x080992AC,0x70,thumb,rom-pointer,MrFrostyState5
0x0809931C,0x34,thumb,rom-pointer,MrFrostyState5Update
0x08099350,0x44,thumb,rom-pointer,MrFrostyState6
0x08099394,0x48,thumb,rom-pointer,MrFrostyState6Update
0x080993DC,0x6C,thumb,rom-pointer,MrFrostyState7
0x08099448,0x2C,thumb,rom-pointer,MrFrostyState7Update
0x08099474,0x94,thumb,rom-pointer,MrFrostyState8
0x08099508,0x1C,thumb,rom-pointer,MrFrostyState8Update
0x08099524,0x94,thumb,rom-pointer,MrFrostyState9
0x080995B8,0x3C,thumb,rom-pointer,MrFrostyState9Update
0x080995F4,0x9C,thumb,rom-pointer,MrFrostyState10
0x08099690,0x40,thumb,rom-pointer,MrFrostyState10Update
0x080996D0,0x64,thumb,rom-pointer,MrFrostyState11
0x08099734,0x3C,thumb,rom-pointer,MrFrostyState11Update
0x08099770,0x74,thumb,rom-pointer,MrFrostyState12
0x080997E4,0x34,thumb,rom-pointer,MrFrostyState12Update
0x08099818,0x78,thumb,rom-pointer,MrFrostyDefeat
0x08099890,0x14,thumb,rom-pointer,MrFrostyDefeatUpdate
0x080998A4,0x64,thumb,rom-pointer,MrFrostyState14
0x08099908,0x3C,thumb,rom-pointer,MrFrostyState14Update
0x08099944,0x48,thumb,rom-pointer,MrFrostyState15
0x0809998C,0x38,thumb,rom-pointer,MrFrostyState15Update
0x080999C4,0x48,thumb,rom-pointer,MrFrostyState16
0x08099A0C,0x4,thumb,rom-pointer,MrFrostyState16Update
0x08099A10,0x44,thumb,rom-pointer,MrFrostyState17
0x08099A54,0x28,thumb,rom-pointer,MrFrostyState17Update
0x08099A7C,0x54,thumb,rom-pointer,MrFrostyDropIn
0x08099AD0,0x1C,thumb,rom-pointer,MrFrostyDropInUpdate
0x08099AEC,0x34,thumb,rom-pointer,MrTickTockStartFall
0x08099B20,0x12C,thumb,rom-pointer,MrTickTockLand
0x08099C4C,0xF4,thumb,rom-pointer,MrTickTockHitWall
0x08099D40,0x24,thumb,rom-pointer,MrTickTockReactToDamage
0x08099D64,0x4C,thumb,rom-pointer,MrTickTockReactToDefeat
0x08099DB0,0x3C,thumb,bl-target,sub_08099db0
0x08099DEC,0xB0,thumb,bl-target,MrTickTockChooseNextState
0x08099E9C,0x48,thumb,bl-target,CreateMrTickTockRing
0x08099EE4,0xD0,thumb,bl-target,CreateMrTickTockNote
0x08099FB4,0x1C,thumb,bl-target,MrTickTockIsFarFromPlayer
0x08099FD0,0x10,thumb,bl-target,sub_08099fd0
0x08099FE0,0x4,thumb,curated,sub_08099fe0
0x08099FE4,0x4,thumb,curated,sub_08099fe4
0x08099FE8,0x24,thumb,bl-target,sub_08099fe8
0x0809A00C,0x30,thumb,bl-target,sub_0809a00c
0x0809A03C,0x44,thumb,bl-target,sub_0809a03c
0x0809A080,0x28,thumb,bl-target,sub_0809a080
0x0809A0A8,0x70,thumb,rom-pointer,Task_MrTickTock
0x0809A118,0x64,thumb,rom-pointer,MrTickTockInit
0x0809A17C,0x78,thumb,rom-pointer,MrTickTockUpdate
0x0809A1F4,0x20,thumb,rom-pointer,MrTickTockEnterState
0x0809A214,0x5C,thumb,rom-pointer,MrTickTockWait
0x0809A270,0x30,thumb,rom-pointer,MrTickTockWaitUpdate
0x0809A2A0,0x20,thumb,rom-pointer,MrTickTockPickMove
0x0809A2C0,0x28,thumb,rom-pointer,MrTickTockPickMoveUpdate
0x0809A2E8,0x44,thumb,rom-pointer,MrTickTockHop
0x0809A32C,0x40,thumb,rom-pointer,MrTickTockHopUpdate
0x0809A36C,0xC8,thumb,rom-pointer,MrTickTockWalkBack
0x0809A434,0x30,thumb,rom-pointer,MrTickTockWalkBackUpdate
0x0809A464,0x8C,thumb,rom-pointer,MrTickTockJumpForward
0x0809A4F0,0x38,thumb,rom-pointer,MrTickTockJumpForwardUpdate
0x0809A528,0xFC,thumb,rom-pointer,MrTickTockState5
0x0809A624,0x30,thumb,rom-pointer,MrTickTockState5Update
0x0809A654,0xF0,thumb,rom-pointer,MrTickTockDash
0x0809A744,0x54,thumb,rom-pointer,MrTickTockDashUpdate
0x0809A798,0x40,thumb,rom-pointer,MrTickTockState7
0x0809A7D8,0x4,thumb,rom-pointer,MrTickTockState7Update
0x0809A7DC,0x50,thumb,rom-pointer,MrTickTockState8
0x0809A82C,0x3C,thumb,rom-pointer,MrTickTockState8Update
0x0809A868,0x4C,thumb,rom-pointer,MrTickTockState9
0x0809A8B4,0x4,thumb,rom-pointer,MrTickTockState9Update
0x0809A8B8,0x60,thumb,rom-pointer,MrTickTockJumpBack
0x0809A918,0x4,thumb,rom-pointer,MrTickTockJumpBackUpdate
0x0809A91C,0x58,thumb,rom-pointer,MrTickTockShootNotes
0x0809A974,0xB0,thumb,rom-pointer,MrTickTockShootNotesUpdate
0x0809AA24,0xCC,thumb,rom-pointer,MrTickTockState12
0x0809AAF0,0x80,thumb,rom-pointer,MrTickTockState12Update
0x0809AB70,0xE4,thumb,rom-pointer,MrTickTockState13
0x0809AC54,0x68,thumb,rom-pointer,MrTickTockState13Update
0x0809ACBC,0xB0,thumb,rom-pointer,MrTickTockState14
0x0809AD6C,0x88,thumb,rom-pointer,MrTickTockState14Update
0x0809ADF4,0x48,thumb,rom-pointer,MrTickTockBounceOffWall
0x0809AE3C,0x4,thumb,rom-pointer,MrTickTockBounceOffWallUpdate
0x0809AE40,0xBC,thumb,rom-pointer,MrTickTockState16
0x0809AEFC,0x50,thumb,rom-pointer,MrTickTockState16Update
0x0809AF4C,0x150,thumb,rom-pointer,MrTickTockState17
0x0809B09C,0x68,thumb,rom-pointer,MrTickTockState17Update
0x0809B104,0x10C,thumb,rom-pointer,MrTickTockState18
0x0809B210,0x4,thumb,rom-pointer,sub_0809b210
0x0809B214,0x84,thumb,rom-pointer,MrTickTockDefeat
0x0809B298,0x14,thumb,rom-pointer,MrTickTockDefeatUpdate
0x0809B2AC,0x64,thumb,rom-pointer,MrTickTockState20
0x0809B310,0x3C,thumb,rom-pointer,MrTickTockState20Update
0x0809B34C,0x48,thumb,rom-pointer,MrTickTockState21
0x0809B394,0x40,thumb,rom-pointer,MrTickTockState21Update
0x0809B3D4,0x30,thumb,rom-pointer,MrTickTockState22
0x0809B404,0x4,thumb,rom-pointer,MrTickTockState22Update
0x0809B408,0x30,thumb,rom-pointer,MrTickTockDropIn
0x0809B438,0x1C,thumb,rom-pointer,MrTickTockDropInUpdate
0x0809B454,0x84,thumb,rom-pointer,MrFrostyIceCubeLand
0x0809B4D8,0x4,thumb,rom-pointer,MrFrostyIceCubeStartFall
0x0809B4DC,0x20,thumb,rom-pointer,MrFrostyIceCubeHitWall
0x0809B4FC,0x2C,thumb,bl-target,sub_0809b4fc
0x0809B528,0x54,thumb,rom-pointer,Task_MrFrostyIceCube
0x0809B57C,0x38,thumb,rom-pointer,MrFrostyIceCubeInit
0x0809B5B4,0x38,thumb,rom-pointer,MrFrostyIceCubeUpdate
0x0809B5EC,0x1C,thumb,rom-pointer,MrFrostyIceCubeEnterState
0x0809B608,0xA4,thumb,rom-pointer,MrFrostyIceCubeState0
0x0809B6AC,0x4C,thumb,rom-pointer,MrFrostyIceCubeState0Update
0x0809B6F8,0x98,thumb,rom-pointer,MrFrostyIceCubeFlight
0x0809B790,0x4,thumb,rom-pointer,MrFrostyIceCubeFlightUpdate
0x0809B794,0x58,thumb,rom-pointer,MrFrostyIceCubeState2
0x0809B7EC,0x4,thumb,rom-pointer,MrFrostyIceCubeState2Update
0x0809B7F0,0x40,thumb,rom-pointer,Task_MrTickTockRing
0x0809B830,0x38,thumb,rom-pointer,MrTickTockRingInit
0x0809B868,0x44,thumb,rom-pointer,MrTickTockRingUpdate
0x0809B8AC,0x1C,thumb,curated,MrTickTockRingEnterState
0x0809B8C8,0x9C,thumb,rom-pointer,MrTickTockRingState0
0x0809B964,0x5C,thumb,rom-pointer,MrTickTockRingState0Update
0x0809B9C0,0x20,thumb,rom-pointer,MrTickTockNoteLand
0x0809B9E0,0x20,thumb,rom-pointer,MrTickTockNoteHitWall
0x0809BA00,0x44,thumb,rom-pointer,Task_MrTickTockNote
0x0809BA44,0x50,thumb,rom-pointer,MrTickTockNoteInit
0x0809BA94,0x58,thumb,rom-pointer,MrTickTockNoteUpdate
0x0809BAEC,0x1C,thumb,rom-pointer,MrTickTockNoteEnterState
0x0809BB08,0x60,thumb,rom-pointer,MrTickTockNoteFlight
0x0809BB68,0x4,thumb,rom-pointer,MrTickTockNoteFlightUpdate
0x0809BB6C,0x68,thumb,rom-pointer,MrTickTockNoteVanish
0x0809BBD4,0x4,thumb,rom-pointer,MrTickTockNoteVanishUpdate
0x0809BBD8,0x44,thumb,rom-pointer,Task_MetaKnights
0x0809BC1C,0x310,thumb,rom-pointer,sub_0809bc1c
0x0809BF2C,0x80,thumb,rom-pointer,sub_0809bf2c
0x0809BFAC,0x7C,thumb,bl-target,MetaKnightsLoadGfx
0x0809C028,0x80,thumb,bl-target,sub_0809c028
0x0809C0A8,0x35C,thumb,bl-target,sub_0809c0a8
0x0809C404,0x8C,thumb,rom-pointer,Task_MetaKnightsKnight
0x0809C490,0x40,thumb,bl-target,sub_0809c490
0x0809C4D0,0x3C,thumb,rom-pointer,AxeKnightVariant0
0x0809C50C,0x1C,thumb,rom-pointer,AxeKnightEnterState
0x0809C528,0x48,thumb,rom-pointer,AxeKnightUpdate
0x0809C570,0x34,thumb,rom-pointer,AxeKnightWalk
0x0809C5A4,0x94,thumb,bl-target,sub_0809c5a4
0x0809C638,0x114,thumb,rom-pointer,AxeKnightWalkUpdate
0x0809C74C,0xF4,thumb,rom-pointer,AxeKnightSlash
0x0809C840,0x40,thumb,rom-pointer,AxeKnightSlashUpdate
0x0809C880,0x78,thumb,rom-pointer,AxeKnightThrow
0x0809C8F8,0x40,thumb,rom-pointer,AxeKnightThrowUpdate
0x0809C938,0x4C,thumb,rom-pointer,AxeKnightCatchAxe
0x0809C984,0x88,thumb,rom-pointer,AxeKnightJumpThrow
0x0809CA0C,0x4,thumb,rom-pointer,AxeKnightJumpThrowUpdate
0x0809CA10,0x9C,thumb,rom-pointer,AxeKnightState4
0x0809CAAC,0x4,thumb,rom-pointer,AxeKnightState4Update
0x0809CAB0,0xE0,thumb,rom-pointer,AxeKnightVariant1
0x0809CB90,0x94,thumb,rom-pointer,sub_0809cb90
0x0809CC24,0x128,thumb,rom-pointer,AxeKnightVariant2
0x0809CD4C,0x40,thumb,rom-pointer,sub_0809cd4c
0x0809CD8C,0x138,thumb,rom-pointer,AxeKnightVariant3
0x0809CEC4,0x40,thumb,rom-pointer,sub_0809cec4
0x0809CF04,0x5C,thumb,bl-target,CreateAxeKnightAxe
0x0809CF60,0x80,thumb,rom-pointer,Task_AxeKnightAxe
0x0809CFE0,0xC0,thumb,rom-pointer,AxeKnightAxeUpdate
0x0809D0A0,0x3C,thumb,rom-pointer,AxeKnightLand
0x0809D0DC,0x5C,thumb,rom-pointer,AxeKnightHitWall
0x0809D138,0x4,thumb,rom-pointer,AxeKnightHitCeiling
0x0809D13C,0x40,thumb,bl-target,sub_0809d13c
0x0809D17C,0x10,thumb,rom-pointer,sub_0809d17c
0x0809D18C,0x34,thumb,rom-pointer,JavelinKnightVariant0
0x0809D1C0,0x1C,thumb,rom-pointer,JavelinKnightEnterState
0x0809D1DC,0x80,thumb,rom-pointer,JavelinKnightUpdate
0x0809D25C,0x24,thumb,rom-pointer,JavelinKnightState0
0x0809D280,0x24,thumb,bl-target+rom-pointer,JavelinKnightHop
0x0809D2A4,0x64,thumb,bl-target,sub_0809d2a4
0x0809D308,0x4,thumb,rom-pointer,JavelinKnightState0Update
0x0809D30C,0x120,thumb,rom-pointer,JavelinKnightState2
0x0809D42C,0x74,thumb,rom-pointer,sub_0809d42c
0x0809D4A0,0xC8,thumb,rom-pointer,JavelinKnightJumpThrow
0x0809D568,0x4,thumb,rom-pointer,sub_0809d568
0x0809D56C,0x9C,thumb,rom-pointer,JavelinKnightJump
0x0809D608,0x30,thumb,rom-pointer,sub_0809d608
0x0809D638,0x7C,thumb,rom-pointer,JavelinKnightState5
0x0809D6B4,0x28,thumb,rom-pointer,sub_0809d6b4
0x0809D6DC,0x40,thumb,bl-target,sub_0809d6dc
0x0809D71C,0x88,thumb,bl-target,JavelinKnightChooseNextState
0x0809D7A4,0x98,thumb,rom-pointer,JavelinKnightVariant1
0x0809D83C,0xBC,thumb,rom-pointer,sub_0809d83c
0x0809D8F8,0x4C,thumb,bl-target,sub_0809d8f8
0x0809D944,0x50,thumb,bl-target,CreateJavelinKnightJavelin
0x0809D994,0x88,thumb,bl-target,sub_0809d994
0x0809DA1C,0x80,thumb,rom-pointer,Task_JavelinKnightJavelin
0x0809DA9C,0xAC,thumb,rom-pointer,JavelinKnightJavelinUpdate
0x0809DB48,0x7C,thumb,rom-pointer,JavelinKnightLand
0x0809DBC4,0x78,thumb,bl-target+rom-pointer,JavelinKnightHitWall
0x0809DC3C,0x40,thumb,bl-target+rom-pointer,JavelinKnightHitCeiling
0x0809DC7C,0x40,thumb,bl-target,sub_0809dc7c
0x0809DCBC,0x4C,thumb,rom-pointer,MaceKnightVariant0
0x0809DD08,0x74,thumb,rom-pointer,sub_0809dd08
0x0809DD7C,0x24,thumb,rom-pointer,MaceKnightVariant1
0x0809DDA0,0x1C,thumb,rom-pointer,MaceKnightEnterState
0x0809DDBC,0x98,thumb,rom-pointer,MaceKnightUpdate
0x0809DE54,0x8C,thumb,bl-target+rom-pointer,MaceKnightWalk
0x0809DEE0,0x28,thumb,rom-pointer,MaceKnightWalkUpdate
0x0809DF08,0x24,thumb,rom-pointer,MaceKnightState1
0x0809DF2C,0x28,thumb,rom-pointer,MaceKnightState1Update
0x0809DF54,0x74,thumb,rom-pointer,MaceKnightVariant2
0x0809DFC8,0x84,thumb,rom-pointer,sub_0809dfc8
0x0809E04C,0x1C8,thumb,bl-target,sub_0809e04c
0x0809E214,0x70,thumb,bl-target,CreateMaceKnightMace
0x0809E284,0x40,thumb,rom-pointer,Task_MaceKnightMace
0x0809E2C4,0x5C,thumb,rom-pointer,MaceKnightMaceMove
0x0809E320,0x310,thumb,rom-pointer,sub_0809e320
0x0809E630,0x40,thumb,rom-pointer,sub_0809e630
0x0809E670,0x110,thumb,rom-pointer,MaceKnightMaceVariant2
0x0809E780,0x48,thumb,rom-pointer,sub_0809e780
0x0809E7C8,0xC,thumb,rom-pointer,MaceKnightLand
0x0809E7D4,0x14,thumb,rom-pointer,MaceKnightStartFall
0x0809E7E8,0x38,thumb,rom-pointer,MaceKnightHitWall
0x0809E820,0x4,thumb,rom-pointer,MaceKnightHitCeiling
0x0809E824,0x40,thumb,bl-target,sub_0809e824
0x0809E864,0x10,thumb,rom-pointer,sub_0809e864
0x0809E874,0x3C,thumb,rom-pointer,TridentKnightVariant0
0x0809E8B0,0x1C,thumb,rom-pointer,TridentKnightEnterState
0x0809E8CC,0x48,thumb,rom-pointer,TridentKnightUpdate
0x0809E914,0xF4,thumb,bl-target+rom-pointer,TridentKnightWalk
0x0809EA08,0xB0,thumb,rom-pointer,sub_0809ea08
0x0809EAB8,0x58,thumb,rom-pointer,TridentKnightJump
0x0809EB10,0x4,thumb,rom-pointer,TridentKnightJumpUpdate
0x0809EB14,0x3C,thumb,rom-pointer,TridentKnightThrow
0x0809EB50,0x2C,thumb,rom-pointer,TridentKnightThrowUpdate
0x0809EB7C,0x40,thumb,rom-pointer,TridentKnightJumpThrow
0x0809EBBC,0x4,thumb,rom-pointer,TridentKnightJumpThrowUpdate
0x0809EBC0,0x6C,thumb,bl-target,sub_0809ebc0
0x0809EC2C,0x54,thumb,bl-target,sub_0809ec2c
0x0809EC80,0x4,thumb,rom-pointer,sub_0809ec80
0x0809EC84,0x84,thumb,bl-target,sub_0809ec84
0x0809ED08,0x6C,thumb,bl-target,sub_0809ed08
0x0809ED74,0x68,thumb,bl-target,sub_0809ed74
0x0809EDDC,0x1BC,thumb,rom-pointer,TridentKnightVariant1
0x0809EF98,0x30,thumb,rom-pointer,sub_0809ef98
0x0809EFC8,0x128,thumb,rom-pointer,TridentKnightVariant2
0x0809F0F0,0x30,thumb,rom-pointer,sub_0809f0f0
0x0809F120,0x14C,thumb,rom-pointer,TridentKnightVariant3
0x0809F26C,0x30,thumb,rom-pointer,sub_0809f26c
0x0809F29C,0x58,thumb,bl-target,CreateTridentKnightTrident
0x0809F2F4,0x88,thumb,bl-target,sub_0809f2f4
0x0809F37C,0x64,thumb,rom-pointer,Task_TridentKnightTrident
0x0809F3E0,0x98,thumb,rom-pointer,TridentKnightTridentUpdate
0x0809F478,0x24,thumb,rom-pointer,TridentKnightTridentVariant0
0x0809F49C,0x24,thumb,rom-pointer,TridentKnightTridentVariant1
0x0809F4C0,0x24,thumb,rom-pointer,TridentKnightTridentVariant2
0x0809F4E4,0x24,thumb,rom-pointer,TridentKnightTridentVariant3
0x0809F508,0x24,thumb,rom-pointer,TridentKnightTridentVariant4
0x0809F52C,0x5C,thumb,rom-pointer,TridentKnightLand
0x0809F588,0x90,thumb,rom-pointer,TridentKnightHitWall
0x0809F618,0x4,thumb,rom-pointer,TridentKnightHitCeiling
0x0809F61C,0x1C8,thumb,bl-target,sub_0809f61c
0x0809F7E4,0x14,thumb,bl-target,sub_0809f7e4
0x0809F7F8,0x10,thumb,rom-pointer,MetaKnightsKnightReactToDamage
0x0809F808,0x10,thumb,rom-pointer,MetaKnightsKnightTeardown
0x0809F818,0x5C,thumb,bl-target,sub_0809f818
0x0809F874,0x60,thumb,bl-target,sub_0809f874
0x0809F8D4,0x38,thumb,bl-target,TaskFaceScreenCenter
0x0809F90C,0x10,thumb,bl-target,sub_0809f90c
0x0809F91C,0x14,thumb,bl-target,sub_0809f91c
0x0809F930,0x30,thumb,bl-target,sub_0809f930
0x0809F960,0x10,thumb,bl-target,sub_0809f960
0x0809F970,0x24,thumb,bl-target,sub_0809f970
0x0809F994,0x48,thumb,bl-target,sub_0809f994
0x0809F9DC,0x134,thumb,bl-target,MetaKnightsKnightFlashPalette
0x0809FB10,0xC0,thumb,bl-target,MetaKnightsKnightRestorePalette
0x0809FBD0,0x38,thumb,bl-target,sub_0809fbd0
0x0809FC08,0x3C,thumb,bl-target,sub_0809fc08
0x0809FC44,0x60,thumb,rom-pointer,Task_KingDedede
0x0809FCA4,0x10,thumb,bl-target,sub_0809fca4
0x0809FCB4,0x6C,thumb,bl-target,KingDededeStartHitStun
0x0809FD20,0x44,thumb,bl-target,KingDededeEndHitStun
0x0809FD64,0xAC,thumb,rom-pointer,KingDededeReactToDefeat
0x0809FE10,0x1DC,thumb,rom-pointer,KingDededeReactToDamage
0x0809FFEC,0x3C,thumb,curated,sub_0809ffec
0x080A0028,0x70,thumb,bl-target,CreateKingDededeStar
0x080A0098,0x54,thumb,bl-target,sub_080a0098
0x080A00EC,0x188,thumb,bl-target,sub_080a00ec
0x080A0274,0x18,thumb,bl-target,CreateKingDededeLandingStar
0x080A028C,0x48,thumb,bl-target,CreateKingDededeAirPuff
0x080A02D4,0x84,thumb,bl-target,KingDededeCreateImpactStars
0x080A0358,0xE4,thumb,bl-target,KingDededeStartWalk
0x080A043C,0x44,thumb,bl-target,KingDededePickSlamKind
0x080A0480,0xB8,thumb,bl-target,KingDededeAimHighJump
0x080A0538,0x50,thumb,rom-pointer,KingDededeLand
0x080A0588,0x10,thumb,rom-pointer,KingDededeHitWall
0x080A0598,0x30,thumb,rom-pointer,KingDededeHitCeiling
0x080A05C8,0x44,thumb,bl-target,sub_080a05c8
0x080A060C,0x4C,thumb,bl-target,sub_080a060c
0x080A0658,0x98,thumb,bl-target,KingDededeStartWait
0x080A06F0,0x78,thumb,bl-target,KingDededeChooseNextState
0x080A0768,0xDC,thumb,bl-target,KingDededeJumpSlam
0x080A0844,0x108,thumb,bl-target,KingDededeGroundSlam
0x080A094C,0xC0,thumb,bl-target,sub_080a094c
0x080A0A0C,0x2C,thumb,rom-pointer,KingDededeInit
0x080A0A38,0x4C,thumb,rom-pointer,KingDededeUpdate
0x080A0A84,0x8C,thumb,rom-pointer,KingDededeHitStunLateUpdate
0x080A0B10,0x20,thumb,rom-pointer,KingDededeEnterState
0x080A0B30,0x44,thumb,rom-pointer,KingDededeIntro
0x080A0B74,0x40,thumb,rom-pointer,KingDededeIntroUpdate
0x080A0BB4,0x28,thumb,rom-pointer,KingDededeWait
0x080A0BDC,0x2C,thumb,rom-pointer,KingDededeWaitUpdate
0x080A0C08,0x20,thumb,rom-pointer,KingDededeWalk
0x080A0C28,0xA4,thumb,rom-pointer,KingDededeWalkUpdate
0x080A0CCC,0xF0,thumb,rom-pointer,KingDededeJump
0x080A0DBC,0x4C,thumb,rom-pointer,KingDededeJumpUpdate
0x080A0E08,0xC0,thumb,rom-pointer,KingDededeFloat
0x080A0EC8,0xB4,thumb,rom-pointer,KingDededeFloatUpdate
0x080A0F7C,0xB4,thumb,rom-pointer,KingDededeExhale
0x080A1030,0x28,thumb,rom-pointer,KingDededeExhaleUpdate
0x080A1058,0xE8,thumb,rom-pointer,KingDededeHighJump
0x080A1140,0x28,thumb,rom-pointer,KingDededeHighJumpUpdate
0x080A1168,0x38,thumb,rom-pointer,KingDededeSlam
0x080A11A0,0x40,thumb,rom-pointer,KingDededeSlamUpdate
0x080A11E0,0x100,thumb,rom-pointer,KingDededeInhale
0x080A12E0,0xF4,thumb,rom-pointer,KingDededeInhaleUpdate
0x080A13D4,0x2C,thumb,rom-pointer,KingDededeSpit
0x080A1400,0x6C,thumb,rom-pointer,KingDededeSpitUpdate
0x080A146C,0x78,thumb,rom-pointer,KingDededeFall
0x080A14E4,0x28,thumb,rom-pointer,KingDededeFallUpdate
0x080A150C,0x44,thumb,rom-pointer,KingDededeDefeatedInit
0x080A1550,0x20,thumb,rom-pointer,KingDededeDefeatedUpdate
0x080A1570,0x20,thumb,rom-pointer,KingDededeDefeatedEnterState
0x080A1590,0x60,thumb,rom-pointer,KingDededeDefeatedFall
0x080A15F0,0x28,thumb,rom-pointer,KingDededeDefeatedFallUpdate
0x080A1618,0xC,thumb,rom-pointer,sub_080a1618
0x080A1624,0x44,thumb,bl-target,sub_080a1624
0x080A1668,0x9C,thumb,bl-target,sub_080a1668
0x080A1704,0x3C,thumb,bl-target,sub_080a1704
0x080A1740,0x50,thumb,bl-target,sub_080a1740
0x080A1790,0x7C,thumb,bl-target,sub_080a1790
0x080A180C,0x58,thumb,bl-target,sub_080a180c
0x080A1864,0x70,thumb,bl-target,sub_080a1864
0x080A18D4,0xAC,thumb,rom-pointer,KingDededeDefeatedHoldBack
0x080A1980,0x4C,thumb,rom-pointer,KingDededeDefeatedHoldBackUpdate
0x080A19CC,0x20,thumb,rom-pointer,Task_MrShineAndMrBright
0x080A19EC,0xE4,thumb,bl-target,MrShineAndMrBrightFillHpBars
0x080A1AD0,0xC4,thumb,bl-target,CreateMrShineAndMrBright
0x080A1B94,0x44,thumb,bl-target,MrShineAndMrBrightPickFirstAscender
0x080A1BD8,0x44,thumb,bl-target,MrShineAndMrBrightSetStates
0x080A1C1C,0x74,thumb,bl-target,MrShineAndMrBrightMoveToMidpoint
0x080A1C90,0x9C,thumb,bl-target,MrShineAndMrBrightStartDefeat
0x080A1D2C,0x58,thumb,bl-target,sub_080a1d2c
0x080A1D84,0x38,thumb,bl-target,sub_080a1d84
0x080A1DBC,0x18,thumb,rom-pointer,MrShineAndMrBrightDefeatSweepFilter
0x080A1DD4,0x24,thumb,bl-target,MrShineAndMrBrightCheckAscend
0x080A1DF8,0x54,thumb,rom-pointer,MrShineAndMrBrightLand
0x080A1E4C,0x78,thumb,rom-pointer,MrShineAndMrBrightHitWall
0x080A1EC4,0xCC,thumb,rom-pointer,MrShineAndMrBrightReactToDefeat
0x080A1F90,0x38,thumb,rom-pointer,sub_080a1f90
0x080A1FC8,0x58,thumb,rom-pointer,MrShineAndMrBrightReactToDamage
0x080A2020,0x10,thumb,bl-target,sub_080a2020
0x080A2030,0x60,thumb,bl-target,MrShineAndMrBrightStartDescend
0x080A2090,0xD4,thumb,bl-target,MrShineAndMrBrightStartAscend
0x080A2164,0x3C,thumb,bl-target,MrShineAndMrBrightDescendUpdate
0x080A21A0,0x84,thumb,bl-target,MrShineAndMrBrightAscendUpdate
0x080A2224,0x50,thumb,bl-target,sub_080a2224
0x080A2274,0x3C,thumb,bl-target,MrShineAndMrBrightCheckChase
0x080A22B0,0x24,thumb,bl-target,MrShineAndMrBrightGetWaitTime
0x080A22D4,0xBC,thumb,bl-target,MrShineAndMrBrightPickGroundMove
0x080A2390,0x30,thumb,bl-target,MrShineAndMrBrightClampToRoom
0x080A23C0,0x40,thumb,bl-target,MrShineAndMrBrightPickJumpDir
0x080A2400,0x48,thumb,bl-target,MrShineAndMrBrightEndSkyAttack
0x080A2448,0x40,thumb,bl-target,MrShineAndMrBrightEndChase
0x080A2488,0x70,thumb,bl-target,sub_080a2488
0x080A24F8,0x98,thumb,bl-target,sub_080a24f8
0x080A2590,0x34,thumb,bl-target,MrShineAndMrBrightCheckDescend
0x080A25C4,0x44,thumb,bl-target,MrShineAndMrBrightWaitToAttackUpdate
0x080A2608,0x34,thumb,bl-target,MrShineAndMrBrightChaseUpdate
0x080A263C,0x50,thumb,bl-target,MrShineAndMrBrightWaitToDescendUpdate
0x080A268C,0xC8,thumb,bl-target,MrShineAndMrBrightStopNearParent
0x080A2754,0x64,thumb,bl-target,MrShineAndMrBrightAimAtParent
0x080A27B8,0x5C,thumb,bl-target,sub_080a27b8
0x080A2814,0xBC,thumb,bl-target,MrShineUpdatePalette
0x080A28D0,0x4C,thumb,bl-target,MrShineUpdateWalkSpeed
0x080A291C,0x38,thumb,bl-target,CreateMrShineCrescent
0x080A2954,0x40,thumb,bl-target,CreateMrShineFallingStar
0x080A2994,0x38,thumb,bl-target,MrShineSetSkyFrame
0x080A29CC,0x34,thumb,bl-target,MrShineStartWaitToAttack
0x080A2A00,0x24,thumb,bl-target,sub_080a2a00
0x080A2A24,0x20,thumb,bl-target,MrShineStartDropStars
0x080A2A44,0x50,thumb,bl-target,sub_080a2a44
0x080A2A94,0x60,thumb,bl-target,MrBrightUpdateBob
0x080A2AF4,0x20,thumb,bl-target,sub_080a2af4
0x080A2B14,0x18,thumb,bl-target,sub_080a2b14
0x080A2B2C,0x98,thumb,bl-target,sub_080a2b2c
0x080A2BC4,0xCC,thumb,bl-target,MrBrightUpdatePalette
0x080A2C90,0x18,thumb,bl-target,MrShineAndMrBrightEndFlash
0x080A2CA8,0x40,thumb,bl-target,CreateMrBrightFireball
0x080A2CE8,0x50,thumb,bl-target,CreateMrBrightBeam
0x080A2D38,0xA8,thumb,bl-target,CreateMrBrightBeamEffects
0x080A2DE0,0xA8,thumb,bl-target,sub_080a2de0
0x080A2E88,0x54,thumb,bl-target,MrBrightStartSkyAnim
0x080A2EDC,0x5C,thumb,bl-target,MrBrightStartWaitToAttack
0x080A2F38,0xC8,thumb,bl-target,sub_080a2f38
0x080A3000,0x1C,thumb,bl-target,sub_080a3000
0x080A301C,0x50,thumb,bl-target,MrBrightMoveTowardNearestPlayer
0x080A306C,0x64,thumb,bl-target,MrBrightRemoveBeam
0x080A30D0,0x44,thumb,bl-target,sub_080a30d0
0x080A3114,0x38,thumb,rom-pointer,MrShineAndMrBrightInit
0x080A314C,0x1C,thumb,rom-pointer,MrShineAndMrBrightUpdate
0x080A3168,0x1C,thumb,rom-pointer,MrShineAndMrBrightEnterState
0x080A3184,0x20,thumb,rom-pointer,MrShineAndMrBrightState0
0x080A31A4,0x2C,thumb,rom-pointer,MrShineAndMrBrightState0Update
0x080A31D0,0x20,thumb,rom-pointer,MrShineAndMrBrightState1
0x080A31F0,0x4,thumb,rom-pointer,MrShineAndMrBrightState1Update
0x080A31F4,0x44,thumb,rom-pointer,sub_080a31f4
0x080A3238,0x18,thumb,rom-pointer,MrShineAndMrBrightState2
0x080A3250,0x18,thumb,rom-pointer,MrShineAndMrBrightState2Update
0x080A3268,0x18,thumb,rom-pointer,MrShineAndMrBrightState3
0x080A3280,0x18,thumb,rom-pointer,MrShineAndMrBrightState3Update
0x080A3298,0x2C,thumb,rom-pointer,MrShineInit
0x080A32C4,0x68,thumb,rom-pointer,MrShineUpdate
0x080A332C,0x1C,thumb,rom-pointer,MrShineEnterState
0x080A3348,0x5C,thumb,rom-pointer,MrShineFall
0x080A33A4,0x38,thumb,rom-pointer,MrShineFallUpdate
0x080A33DC,0x48,thumb,rom-pointer,MrShineWait
0x080A3424,0x48,thumb,rom-pointer,MrShineWaitUpdate
0x080A346C,0x20,thumb,rom-pointer,MrShineAscend
0x080A348C,0x10,thumb,rom-pointer,MrShineAscendUpdate
0x080A349C,0x1C,thumb,rom-pointer,MrShineWaitToAttack
0x080A34B8,0x10,thumb,rom-pointer,MrShineWaitToAttackUpdate
0x080A34C8,0x28,thumb,rom-pointer,MrShineState4
0x080A34F0,0x3C,thumb,rom-pointer,MrShineState4Update
0x080A352C,0x1C,thumb,rom-pointer,MrShineDropStars
0x080A3548,0x40,thumb,rom-pointer,MrShineDropStarsUpdate
0x080A3588,0x20,thumb,rom-pointer,MrShineChase
0x080A35A8,0x10,thumb,rom-pointer,MrShineChaseUpdate
0x080A35B8,0x20,thumb,rom-pointer,MrShineWaitToDescend
0x080A35D8,0x10,thumb,rom-pointer,MrShineWaitToDescendUpdate
0x080A35E8,0x34,thumb,rom-pointer,MrShineDescend
0x080A361C,0xC,thumb,rom-pointer,MrShineDescendUpdate
0x080A3628,0x64,thumb,rom-pointer,MrShineWalk
0x080A368C,0x3C,thumb,rom-pointer,MrShineWalkUpdate
0x080A36C8,0xA0,thumb,rom-pointer,MrShineJump
0x080A3768,0x44,thumb,rom-pointer,MrShineJumpUpdate
0x080A37AC,0x94,thumb,rom-pointer,MrShineJumpBack
0x080A3840,0x3C,thumb,rom-pointer,MrShineJumpBackUpdate
0x080A387C,0x70,thumb,rom-pointer,MrShineDash
0x080A38EC,0x68,thumb,rom-pointer,MrShineDashUpdate
0x080A3954,0xBC,thumb,rom-pointer,MrShineRecoil
0x080A3A10,0x30,thumb,rom-pointer,MrShineRecoilUpdate
0x080A3A40,0xD0,thumb,rom-pointer,MrShineThrow
0x080A3B10,0x3C,thumb,rom-pointer,MrShineThrowUpdate
0x080A3B4C,0x2C,thumb,rom-pointer,MrShineState15
0x080A3B78,0x4,thumb,rom-pointer,MrShineState15Update
0x080A3B7C,0x24,thumb,rom-pointer,MrShineState16
0x080A3BA0,0x20,thumb,rom-pointer,sub_080a3ba0
0x080A3BC0,0x48,thumb,rom-pointer,MrShineState17
0x080A3C08,0x20,thumb,rom-pointer,sub_080a3c08
0x080A3C28,0x2C,thumb,rom-pointer,MrBrightInit
0x080A3C54,0x68,thumb,rom-pointer,MrBrightUpdate
0x080A3CBC,0x1C,thumb,rom-pointer,MrBrightEnterState
0x080A3CD8,0x64,thumb,rom-pointer,MrBrightFall
0x080A3D3C,0x48,thumb,rom-pointer,MrBrightFallUpdate
0x080A3D84,0x4C,thumb,rom-pointer,MrBrightWait
0x080A3DD0,0x40,thumb,rom-pointer,MrBrightWaitUpdate
0x080A3E10,0x2C,thumb,rom-pointer,MrBrightAscend
0x080A3E3C,0x24,thumb,rom-pointer,MrBrightAscendUpdate
0x080A3E60,0x1C,thumb,rom-pointer,MrBrightWaitToAttack
0x080A3E7C,0x24,thumb,rom-pointer,MrBrightWaitToAttackUpdate
0x080A3EA0,0x3C,thumb,rom-pointer,MrBrightState4
0x080A3EDC,0x48,thumb,rom-pointer,MrBrightState4Update
0x080A3F24,0x30,thumb,rom-pointer,MrBrightState5
0x080A3F54,0x64,thumb,rom-pointer,MrBrightState5Update
0x080A3FB8,0x1C,thumb,rom-pointer,MrBrightChase
0x080A3FD4,0x24,thumb,rom-pointer,MrBrightChaseUpdate
0x080A3FF8,0x20,thumb,rom-pointer,MrBrightWaitToDescend
0x080A4018,0x24,thumb,rom-pointer,MrBrightWaitToDescendUpdate
0x080A403C,0x30,thumb,rom-pointer,MrBrightDescend
0x080A406C,0x20,thumb,rom-pointer,MrBrightDescendUpdate
0x080A408C,0xA0,thumb,rom-pointer,MrBrightHop
0x080A412C,0x54,thumb,rom-pointer,MrBrightHopUpdate
0x080A4180,0x80,thumb,rom-pointer,MrBrightJump
0x080A4200,0x60,thumb,rom-pointer,MrBrightJumpUpdate
0x080A4260,0x98,thumb,rom-pointer,MrBrightJumpBack
0x080A42F8,0x58,thumb,rom-pointer,MrBrightJumpBackUpdate
0x080A4350,0x88,thumb,rom-pointer,MrBrightDash
0x080A43D8,0x58,thumb,rom-pointer,MrBrightDashUpdate
0x080A4430,0x94,thumb,rom-pointer,MrBrightRecoil
0x080A44C4,0x44,thumb,rom-pointer,MrBrightRecoilUpdate
0x080A4508,0xB4,thumb,rom-pointer,MrBrightThrow
0x080A45BC,0x48,thumb,rom-pointer,MrBrightThrowUpdate
0x080A4604,0x2C,thumb,rom-pointer,MrBrightState15
0x080A4630,0x4,thumb,rom-pointer,MrBrightState15Update
0x080A4634,0x24,thumb,rom-pointer,MrBrightState16
0x080A4658,0x20,thumb,rom-pointer,sub_080a4658
0x080A4678,0x48,thumb,rom-pointer,MrBrightState17
0x080A46C0,0x20,thumb,rom-pointer,sub_080a46c0
0x080A46E0,0x28,thumb,rom-pointer,sub_080a46e0
0x080A4708,0x24,thumb,rom-pointer,MrShineAndMrBrightDropStarRodPiece
0x080A472C,0xDC,thumb,rom-pointer,MrShineAndMrBrightVariant3
0x080A4808,0xC,thumb,rom-pointer,sub_080a4808
0x080A4814,0x78,thumb,bl-target,sub_080a4814
0x080A488C,0x100,thumb,rom-pointer,sub_080a488c
0x080A498C,0x40,thumb,rom-pointer,Task_KingDededeStar
0x080A49CC,0x50,thumb,bl-target,KingDededeStarReleasePlayer
0x080A4A1C,0x44,thumb,rom-pointer,KingDededeStarInit
0x080A4A60,0x48,thumb,rom-pointer,KingDededeStarUpdate
0x080A4AA8,0x1C,thumb,curated,KingDededeStarEnterState
0x080A4AC4,0x58,thumb,rom-pointer,sub_080a4ac4
0x080A4B1C,0x4C,thumb,rom-pointer,sub_080a4b1c
0x080A4B68,0x40,thumb,rom-pointer,Task_KingDededeAirPuff
0x080A4BA8,0x34,thumb,rom-pointer,KingDededeAirPuffInit
0x080A4BDC,0x44,thumb,rom-pointer,KingDededeAirPuffUpdate
0x080A4C20,0x1C,thumb,curated,sub_080a4c20
0x080A4C3C,0x44,thumb,rom-pointer,KingDededeAirPuffState0
0x080A4C80,0x4,thumb,rom-pointer,KingDededeAirPuffState0Update
0x080A4C84,0x40,thumb,rom-pointer,Task_MrShineAndMrBrightAttack
0x080A4CC4,0x3C,thumb,rom-pointer,MrShineCrescentInit
0x080A4D00,0x6C,thumb,rom-pointer,MrShineCrescentUpdate
0x080A4D6C,0x1C,thumb,rom-pointer,MrShineCrescentEnterState
0x080A4D88,0x50,thumb,rom-pointer,MrShineCrescentState0
0x080A4DD8,0x1C,thumb,rom-pointer,MrShineCrescentState0Update
0x080A4DF4,0x1C,thumb,rom-pointer,MrShineCrescentState1
0x080A4E10,0x4,thumb,rom-pointer,sub_080a4e10
0x080A4E14,0x88,thumb,bl-target,MrShineFallingStarSetStart
0x080A4E9C,0x44,thumb,rom-pointer,MrShineFallingStarInit
0x080A4EE0,0x44,thumb,rom-pointer,MrShineFallingStarUpdate
0x080A4F24,0x1C,thumb,curated,sub_080a4f24
0x080A4F40,0xC8,thumb,rom-pointer,MrShineFallingStarState0
0x080A5008,0x18,thumb,rom-pointer,MrShineFallingStarState0Update
0x080A5020,0x1C,thumb,rom-pointer,MrShineFallingStarState1
0x080A503C,0x4,thumb,rom-pointer,sub_080a503c
0x080A5040,0x44,thumb,rom-pointer,MrBrightFireballInit
0x080A5084,0x6C,thumb,rom-pointer,MrBrightFireballUpdate
0x080A50F0,0x1C,thumb,rom-pointer,MrBrightFireballEnterState
0x080A510C,0x58,thumb,rom-pointer,MrBrightFireballState0
0x080A5164,0x4,thumb,rom-pointer,MrBrightFireballState0Update
0x080A5168,0x1C,thumb,rom-pointer,MrBrightFireballState1
0x080A5184,0x4,thumb,rom-pointer,sub_080a5184
0x080A5188,0x54,thumb,rom-pointer,MrBrightBeamInit
0x080A51DC,0x44,thumb,rom-pointer,MrBrightBeamUpdate
0x080A5220,0x1C,thumb,curated,sub_080a5220
0x080A523C,0x50,thumb,bl-target,MrBrightBeamDropStars
0x080A528C,0x3C,thumb,rom-pointer,MrBrightBeamState0
0x080A52C8,0x3C,thumb,rom-pointer,MrBrightBeamState0Update
0x080A5304,0x1C,thumb,rom-pointer,MrBrightBeamState1
0x080A5320,0x4,thumb,rom-pointer,sub_080a5320
0x080A5324,0x64,thumb,rom-pointer,Task_KingDededeLandingStar
0x080A5388,0x20,thumb,rom-pointer,Task_KingDededeHammerHitBox
0x080A53A8,0xDC,thumb,rom-pointer,KingDededeHammerHitBoxUpdate
0x080A5484,0x20,thumb,rom-pointer,Task_KingDededeInhaleHitBox
0x080A54A4,0x40,thumb,rom-pointer,KingDededeInhaleHitBoxUpdate
0x080A54E4,0x40,thumb,rom-pointer,Task_MrBrightBeamEffect
0x080A5524,0x48,thumb,rom-pointer,MrBrightBeamEffectVariant0
0x080A556C,0x40,thumb,rom-pointer,MrBrightBeamEffectVariant1
0x080A55AC,0x40,thumb,rom-pointer,MrBrightBeamEffectVariant2
0x080A55EC,0x58,thumb,rom-pointer,Task_MetaKnight
0x080A5644,0x50,thumb,rom-pointer,MetaKnightInit
0x080A5694,0x1C,thumb,rom-pointer,MetaKnightEnterState
0x080A56B0,0x124,thumb,rom-pointer,MetaKnightUpdate
0x080A57D4,0x2A4,thumb,rom-pointer,MetaKnightIntro
0x080A5A78,0x28,thumb,rom-pointer,MetaKnightIntroUpdate
0x080A5AA0,0x54,thumb,rom-pointer,MetaKnightFollow
0x080A5AF4,0x2DC,thumb,rom-pointer,MetaKnightFollowUpdate
0x080A5DD0,0x60,thumb,rom-pointer,MetaKnightState2
0x080A5E30,0x30,thumb,rom-pointer,MetaKnightState2Update
0x080A5E60,0x3C,thumb,rom-pointer,MetaKnightState3
0x080A5E9C,0x30,thumb,rom-pointer,MetaKnightState3Update
0x080A5ECC,0x24,thumb,rom-pointer,MetaKnightState4
0x080A5EF0,0x30,thumb,rom-pointer,MetaKnightState4Update
0x080A5F20,0x5C,thumb,rom-pointer,MetaKnightState5
0x080A5F7C,0x30,thumb,rom-pointer,MetaKnightState5Update
0x080A5FAC,0x74,thumb,rom-pointer,MetaKnightApproach
0x080A6020,0xB8,thumb,rom-pointer,MetaKnightApproachUpdate
0x080A60D8,0x58,thumb,rom-pointer,MetaKnightRun
0x080A6130,0x84,thumb,rom-pointer,MetaKnightRunUpdate
0x080A61B4,0xB0,thumb,rom-pointer,MetaKnightState9
0x080A6264,0x1C,thumb,rom-pointer,MetaKnightState9Update
0x080A6280,0xB0,thumb,rom-pointer,MetaKnightState8
0x080A6330,0x1C,thumb,rom-pointer,MetaKnightState8Update
0x080A634C,0x40,thumb,rom-pointer,MetaKnightLand
0x080A638C,0x18,thumb,rom-pointer,MetaKnightLandUpdate
0x080A63A4,0x34,thumb,rom-pointer,MetaKnightState11
0x080A63D8,0x18,thumb,rom-pointer,MetaKnightState11Update
0x080A63F0,0x30,thumb,rom-pointer,MetaKnightState12
0x080A6420,0x18,thumb,rom-pointer,MetaKnightState12Update
0x080A6438,0xD4,thumb,rom-pointer,MetaKnightSwordSpin
0x080A650C,0x38,thumb,rom-pointer,MetaKnightSwordSpinUpdate
0x080A6544,0x30,thumb,rom-pointer,MetaKnightState16
0x080A6574,0x18,thumb,rom-pointer,MetaKnightState16Update
0x080A658C,0x9C,thumb,rom-pointer,MetaKnightDownThrust
0x080A6628,0x28,thumb,rom-pointer,MetaKnightDownThrustUpdate
0x080A6650,0x30,thumb,rom-pointer,MetaKnightState14
0x080A6680,0x18,thumb,rom-pointer,MetaKnightState14Update
0x080A6698,0x30,thumb,rom-pointer,MetaKnightState17
0x080A66C8,0x48,thumb,rom-pointer,MetaKnightState17Update
0x080A6710,0x24,thumb,rom-pointer,MetaKnightState18
0x080A6734,0x20,thumb,rom-pointer,MetaKnightState18Update
0x080A6754,0xB8,thumb,rom-pointer,MetaKnightState19
0x080A680C,0x5C,thumb,rom-pointer,MetaKnightState19Update
0x080A6868,0x120,thumb,rom-pointer,MetaKnightDoubleSlash
0x080A6988,0x5C,thumb,rom-pointer,MetaKnightDoubleSlashUpdate
0x080A69E4,0xC8,thumb,rom-pointer,MetaKnightState21
0x080A6AAC,0x90,thumb,rom-pointer,MetaKnightState21Update
0x080A6B3C,0x100,thumb,rom-pointer,MetaKnightState22
0x080A6C3C,0xCC,thumb,rom-pointer,MetaKnightState22Update
0x080A6D08,0x58,thumb,rom-pointer,MetaKnightState23
0x080A6D60,0xBC,thumb,rom-pointer,MetaKnightState23Update
0x080A6E1C,0x3C,thumb,bl-target,MetaKnightGetHealthQuarter
0x080A6E58,0x40,thumb,bl-target,MetaKnightSetFollowTimer
0x080A6E98,0xA0,thumb,bl-target,sub_080a6e98
0x080A6F38,0x3C,thumb,bl-target,sub_080a6f38
0x080A6F74,0x40,thumb,bl-target,MetaKnightClampToRoom
0x080A6FB4,0xCC,thumb,bl-target,MetaKnightPickAirAttack
0x080A7080,0xE8,thumb,bl-target,MetaKnightUpwardSlash
0x080A7168,0x28,thumb,bl-target,sub_080a7168
0x080A7190,0x7C,thumb,bl-target,sub_080a7190
0x080A720C,0x54,thumb,bl-target,sub_080a720c
0x080A7260,0x50,thumb,rom-pointer,MetaKnightReactToDamage
0x080A72B0,0x4C,thumb,rom-pointer,sub_080a72b0
0x080A72FC,0x38,thumb,rom-pointer,MetaKnightReactToDefeat
0x080A7334,0x80,thumb,rom-pointer,MetaKnightHitWall
0x080A73B4,0x48,thumb,rom-pointer,MetaKnightDefeatedInit
0x080A73FC,0x20,thumb,rom-pointer,MetaKnightDefeatedUpdate
0x080A741C,0x1C,thumb,rom-pointer,MetaKnightDefeatedEnterState
0x080A7438,0x168,thumb,rom-pointer,sub_080a7438
0x080A75A0,0x28,thumb,rom-pointer,sub_080a75a0
0x080A75C8,0x2B4,thumb,rom-pointer,sub_080a75c8
0x080A787C,0x4,thumb,rom-pointer,sub_080a787c
0x080A7880,0x20,thumb,rom-pointer,Task_MetaKnightSwordHitBox
0x080A78A0,0xF8,thumb,rom-pointer,MetaKnightSwordHitBoxUpdate
0x080A7998,0x14C,thumb,rom-pointer,Task_MetaKnightCape
0x080A7AE4,0xA4,thumb,rom-pointer,Task_MetaKnightMask
0x080A7B88,0x114,thumb,rom-pointer,Task_MetaKnightMaskHalf
0x080A7C9C,0x84,thumb,rom-pointer,Task_MetaKnightSparkle
0x080A7D20,0xC,thumb,rom-pointer,sub_080a7d20
0x080A7D2C,0x6C,thumb,rom-pointer,Task_Kracko
0x080A7D98,0x5C,thumb,rom-pointer,KrackoJrInit
0x080A7DF4,0x1C,thumb,rom-pointer,KrackoJrEnterState
0x080A7E10,0x34,thumb,rom-pointer,KrackoJrUpdate
0x080A7E44,0x1F4,thumb,rom-pointer,KrackoJrState0
0x080A8038,0x5AC,thumb,rom-pointer,KrackoJrState0Update
0x080A85E4,0x28,thumb,rom-pointer,KrackoJrTransform
0x080A860C,0x1BC,thumb,rom-pointer,KrackoJrTransformUpdate
0x080A87C8,0x6C,thumb,rom-pointer,KrackoInit
0x080A8834,0x1C,thumb,rom-pointer,KrackoEnterState
0x080A8850,0x28,thumb,rom-pointer,KrackoUpdate
0x080A8878,0xD0,thumb,rom-pointer,KrackoIntro
0x080A8948,0x28,thumb,rom-pointer,KrackoIntroUpdate
0x080A8970,0x1D4,thumb,rom-pointer,KrackoPickMove
0x080A8B44,0x28,thumb,rom-pointer,KrackoPickMoveUpdate
0x080A8B6C,0x60,thumb,rom-pointer,KrackoWait
0x080A8BCC,0x28,thumb,rom-pointer,KrackoWaitUpdate
0x080A8BF4,0x90,thumb,rom-pointer,KrackoCross
0x080A8C84,0x98,thumb,rom-pointer,KrackoCrossUpdate
0x080A8D1C,0x1FC,thumb,rom-pointer,KrackoLightningSweep
0x080A8F18,0x28,thumb,rom-pointer,KrackoLightningSweepUpdate
0x080A8F40,0x74,thumb,rom-pointer,KrackoSummon
0x080A8FB4,0x28,thumb,rom-pointer,KrackoSummonUpdate
0x080A8FDC,0x328,thumb,rom-pointer,KrackoSwoop
0x080A9304,0x28,thumb,rom-pointer,KrackoSwoopUpdate
0x080A932C,0xC0,thumb,bl-target,KrackoJrClampToView
0x080A93EC,0x48,thumb,bl-target,sub_080a93ec
0x080A9434,0xA0,thumb,bl-target,sub_080a9434
0x080A94D4,0x108,thumb,bl-target,sub_080a94d4
0x080A95DC,0xC8,thumb,bl-target,sub_080a95dc
0x080A96A4,0x38,thumb,bl-target,sub_080a96a4
0x080A96DC,0x5C,thumb,bl-target,sub_080a96dc
0x080A9738,0x28,thumb,bl-target,KrackoLookAtNearestPlayer
0x080A9760,0x34,thumb,rom-pointer,KrackoReactToDamage
0x080A9794,0x44,thumb,rom-pointer,sub_080a9794
0x080A97D8,0x3C,thumb,rom-pointer,KrackoReactToDefeat
0x080A9814,0x28,thumb,rom-pointer,KrackoDropStarRodPiece
0x080A983C,0xD4,thumb,rom-pointer,Task_KrackoJrOrbs
0x080A9910,0x90,thumb,rom-pointer,KrackoJrOrbsUpdate
0x080A99A0,0x200,thumb,rom-pointer,Task_KrackoCloud
0x080A9BA0,0x88,thumb,rom-pointer,sub_080a9ba0
0x080A9C28,0xC8,thumb,rom-pointer,Task_KrackoLightningTop
0x080A9CF0,0xB4,thumb,rom-pointer,Task_KrackoLightningMiddle
0x080A9DA4,0x70,thumb,rom-pointer,Task_KrackoLightningBottom
0x080A9E14,0x74,thumb,rom-pointer,KrackoLightningUpdate
0x080A9E88,0x1C,thumb,rom-pointer,KrackoDefeatSweepFilter
0x080A9EA4,0x34,thumb,rom-pointer,sub_080a9ea4
0x080A9ED8,0x1C,thumb,rom-pointer,NightmareWizardDrawStreamedFrameNearView
0x080A9EF4,0x278,thumb,bl-target,NightmareWizardDrawStreamedFrame
0x080AA16C,0x1C,thumb,rom-pointer,NightmareWizardTornadoDrawStreamedFrameNearView
0x080AA188,0x100,thumb,bl-target,NightmareWizardTornadoDrawStreamedFrame
0x080AA288,0xB0,thumb,rom-pointer,Task_NightmareWizard
0x080AA338,0x54,thumb,rom-pointer,NightmareWizardInit
0x080AA38C,0x1C,thumb,rom-pointer,NightmareWizardEnterState
0x080AA3A8,0xD4,thumb,rom-pointer,NightmareWizardUpdate
0x080AA47C,0xB0,thumb,rom-pointer,NightmareWizardState0
0x080AA52C,0x34,thumb,rom-pointer,NightmareWizardState0Update
0x080AA560,0xCC,thumb,rom-pointer,NightmareWizardState1
0x080AA62C,0x50,thumb,rom-pointer,NightmareWizardState1Update
0x080AA67C,0x2C,thumb,rom-pointer,NightmareWizardState2
0x080AA6A8,0x28,thumb,rom-pointer,NightmareWizardState2Update
0x080AA6D0,0x4C,thumb,rom-pointer,NightmareWizardState3
0x080AA71C,0x28,thumb,rom-pointer,NightmareWizardState3Update
0x080AA744,0x22C,thumb,rom-pointer,NightmareWizardState4
0x080AA970,0x28,thumb,rom-pointer,NightmareWizardState4Update
0x080AA998,0x1B4,thumb,rom-pointer,NightmareWizardPoint
0x080AAB4C,0x34,thumb,rom-pointer,NightmareWizardPointUpdate
0x080AAB80,0x1E4,thumb,rom-pointer,NightmareWizardOpenPalm
0x080AAD64,0x34,thumb,rom-pointer,NightmareWizardOpenPalmUpdate
0x080AAD98,0x1A0,thumb,rom-pointer,NightmareWizardOpenCloak
0x080AAF38,0x34,thumb,rom-pointer,NightmareWizardOpenCloakUpdate
0x080AAF6C,0x1EC,thumb,rom-pointer,NightmareWizardTwist
0x080AB158,0x50,thumb,rom-pointer,NightmareWizardTwistUpdate
0x080AB1A8,0x1EC,thumb,rom-pointer,NightmareWizardSwoop
0x080AB394,0x34,thumb,rom-pointer,NightmareWizardSwoopUpdate
0x080AB3C8,0x50,thumb,rom-pointer,NightmareWizardState10
0x080AB418,0x28,thumb,rom-pointer,NightmareWizardState10Update
0x080AB440,0x2C,thumb,rom-pointer,NightmareWizardHurt
0x080AB46C,0x34,thumb,rom-pointer,NightmareWizardHurtUpdate
0x080AB4A0,0x30,thumb,bl-target,NightmareWizardMoveToNextSpot
0x080AB4D0,0xA0,thumb,bl-target,NightmareWizardMoveToSpot
0x080AB570,0x50,thumb,bl-target,NightmareWizardSteerTowardNearestPlayer
0x080AB5C0,0xB0,thumb,bl-target,sub_080ab5c0
0x080AB670,0xB8,thumb,bl-target,NightmareWizardAppear
0x080AB728,0xA4,thumb,bl-target,NightmareWizardVanish
0x080AB7CC,0x44,thumb,bl-target,sub_080ab7cc
0x080AB810,0x44,thumb,bl-target,sub_080ab810
0x080AB854,0x54,thumb,rom-pointer,NightmareWizardReactToDamage
0x080AB8A8,0x94,thumb,rom-pointer,NightmareWizardReactToDefeat
0x080AB93C,0x378,thumb,rom-pointer,NightmareWizardDefeat
0x080ABCB4,0x1C,thumb,rom-pointer,NightmareWizardDefeatUpdate
0x080ABCD0,0x34,thumb,bl-target,NightmareWizardScatterStarsAt
0x080ABD04,0x134,thumb,rom-pointer,Task_NightmareWizardDefeatFlash
0x080ABE38,0x44,thumb,rom-pointer,Task_NightmareWizardPalm
0x080ABE7C,0x94,thumb,rom-pointer,NightmareWizardPalmFollowBody
0x080ABF10,0x84,thumb,rom-pointer,Task_NightmareWizardPalmTornado
0x080ABF94,0x8C,thumb,rom-pointer,NightmareWizardPalmTornadoUpdate
0x080AC020,0x6C,thumb,rom-pointer,Task_NightmareWizardPointingHand
0x080AC08C,0x98,thumb,rom-pointer,NightmareWizardPointingHandFollowBody
0x080AC124,0xCC,thumb,rom-pointer,Task_NightmareWizardPointTornado
0x080AC1F0,0x8C,thumb,rom-pointer,NightmareWizardPointTornadoUpdate
0x080AC27C,0x90,thumb,rom-pointer,Task_NightmareWizardCloakHands
0x080AC30C,0x98,thumb,rom-pointer,NightmareWizardCloakPartFollowBody
0x080AC3A4,0x6C,thumb,rom-pointer,Task_NightmareWizardPendant
0x080AC410,0x6C,thumb,rom-pointer,Task_NightmareWizardCloakTornado
0x080AC47C,0x94,thumb,rom-pointer,NightmareWizardCloakTornadoUpdate
0x080AC510,0x20,thumb,rom-pointer,Task_NightmareWizardHitBox
0x080AC530,0x148,thumb,rom-pointer,NightmareWizardHitBoxUpdate
0x080AC678,0xC,thumb,rom-pointer,sub_080ac678
0x080AC684,0xA8,thumb,rom-pointer,Task_MetaKnightSword
0x080AC72C,0x100,thumb,rom-pointer,sub_080ac72c
0x080AC82C,0x20,thumb,rom-pointer,sub_080ac82c
0x080AC84C,0x1C,thumb,rom-pointer,sub_080ac84c
0x080AC868,0xE4,thumb,rom-pointer,sub_080ac868
0x080AC94C,0x4,thumb,rom-pointer,sub_080ac94c
0x080AC950,0xE8,thumb,rom-pointer,sub_080ac950
0x080ACA38,0x4,thumb,rom-pointer,sub_080aca38
0x080ACA3C,0x24,thumb,rom-pointer,sub_080aca3c
0x080ACA60,0x30,thumb,rom-pointer,sub_080aca60
0x080ACA90,0x60,thumb,rom-pointer,Task_KrackoStarman
0x080ACAF0,0x30,thumb,rom-pointer,KrackoStarmanUpdate
0x080ACB20,0xF8,thumb,rom-pointer,KrackoStarmanState0
0x080ACC18,0x74,thumb,rom-pointer,KrackoStarmanCheckParent
0x080ACC8C,0x10,thumb,rom-pointer,sub_080acc8c
0x080ACC9C,0x54,thumb,rom-pointer,Task_NightmareWizardStar
0x080ACCF0,0x48,thumb,rom-pointer,NightmareWizardStarUpdate
0x080ACD38,0x128,thumb,rom-pointer,NightmareWizardStarState0
0x080ACE60,0x48,thumb,rom-pointer,NightmareWizardStarState0Update
0x080ACEA8,0x94,thumb,rom-pointer,Task_PaintRoller
0x080ACF3C,0xC,thumb,rom-pointer,sub_080acf3c
0x080ACF48,0x20,thumb,rom-pointer,PaintRollerEnterState
0x080ACF68,0x94,thumb,rom-pointer,PaintRollerRunToNextSpot
0x080ACFFC,0x90,thumb,rom-pointer,PaintRollerSummon
0x080AD08C,0x6C,thumb,bl-target,sub_080ad08c
0x080AD0F8,0x30,thumb,bl-target+rom-pointer,PaintRollerUpdate
0x080AD128,0x14,thumb,rom-pointer,PaintRollerReactToDamage
0x080AD13C,0x24,thumb,rom-pointer,PaintRollerReactToDefeat
0x080AD160,0x10,thumb,rom-pointer,PaintRollerDropStarRodPiece
0x080AD170,0x108,thumb,bl-target,PaintRollerPickNextSpot
0x080AD278,0xB4,thumb,bl-target,PaintRollerRunMoveStep
0x080AD32C,0x50,thumb,bl-target,PaintRollerMoveToSpot
0x080AD37C,0x24,thumb,bl-target,PaintRollerHasHalfHealth
0x080AD3A0,0x48,thumb,bl-target,sub_080ad3a0
0x080AD3E8,0x70,thumb,bl-target,CreatePaintRollerPainting
0x080AD458,0x24,thumb,bl-target,sub_080ad458
0x080AD47C,0x3C,thumb,rom-pointer,sub_080ad47c
0x080AD4B8,0x178,thumb,rom-pointer,Task_HeavyMole
0x080AD630,0x20,thumb,bl-target,sub_080ad630
0x080AD650,0xC0,thumb,rom-pointer,HeavyMoleMove
0x080AD710,0x78,thumb,rom-pointer,HeavyMoleUpdate
0x080AD788,0x68,thumb,bl-target,sub_080ad788
0x080AD7F0,0x1EC,thumb,bl-target,HeavyMoleStartNextMove
0x080AD9DC,0x44,thumb,bl-target,HeavyMoleSetPhaseFromHealth
0x080ADA20,0xD8,thumb,bl-target,HeavyMolePickPattern
0x080ADAF8,0x60,thumb,bl-target,sub_080adaf8
0x080ADB58,0x38,thumb,rom-pointer,HeavyMoleReactToDamage
0x080ADB90,0x60,thumb,rom-pointer,sub_080adb90
0x080ADBF0,0x54,thumb,rom-pointer,HeavyMoleReactToDefeat
0x080ADC44,0x60,thumb,rom-pointer,HeavyMoleExitAfterDefeat
0x080ADCA4,0xA4,thumb,rom-pointer,Task_HeavyMoleMissileHatch
0x080ADD48,0xB0,thumb,rom-pointer,HeavyMoleMissileHatchFollowBody
0x080ADDF8,0xA0,thumb,bl-target,CreateHeavyMoleMissile
0x080ADE98,0x24,thumb,rom-pointer,sub_080ade98
0x080ADEBC,0x40,thumb,rom-pointer,sub_080adebc
0x080ADEFC,0x54,thumb,rom-pointer,Task_HeavyMoleTurbines
0x080ADF50,0x84,thumb,rom-pointer,HeavyMoleTurbinesFollowBody
0x080ADFD4,0x24,thumb,rom-pointer,sub_080adfd4
0x080ADFF8,0x40,thumb,rom-pointer,sub_080adff8
0x080AE038,0x7C,thumb,rom-pointer,Task_HeavyMoleEye
0x080AE0B4,0xC0,thumb,rom-pointer,HeavyMoleEyeFollowBody
0x080AE174,0x24,thumb,rom-pointer,sub_080ae174
0x080AE198,0x58,thumb,rom-pointer,sub_080ae198
0x080AE1F0,0x18C,thumb,rom-pointer,Task_HeavyMoleSmoke
0x080AE37C,0x4,thumb,rom-pointer,sub_080ae37c
0x080AE380,0x3C,thumb,rom-pointer,HeavyMoleDefeatSweepFilter
0x080AE3BC,0xB4,thumb,rom-pointer,Task_NightmarePowerOrb
0x080AE470,0x54,thumb,rom-pointer,NightmarePowerOrbUpdate
0x080AE4C4,0x84,thumb,bl-target,sub_080ae4c4
0x080AE548,0xE0,thumb,bl-target,NightmarePowerOrbHover
0x080AE628,0x174,thumb,bl-target,NightmarePowerOrbFigureEight
0x080AE79C,0x50,thumb,bl-target,NightmarePowerOrbShootFourStars
0x080AE7EC,0x84,thumb,bl-target,NightmarePowerOrbShoot
0x080AE870,0x70,thumb,bl-target,NightmarePowerOrbShootStar
0x080AE8E0,0x320,thumb,bl-target,NightmarePowerOrbDash
0x080AEC00,0x15C,thumb,bl-target,sub_080aec00
0x080AED5C,0x154,thumb,bl-target,sub_080aed5c
0x080AEEB0,0x48,thumb,bl-target,NightmarePowerOrbPickDashLane
0x080AEEF8,0x38,thumb,bl-target,NightmarePowerOrbFlyAway
0x080AEF30,0x20,thumb,bl-target,sub_080aef30
0x080AEF50,0xC,thumb,rom-pointer,sub_080aef50
0x080AEF5C,0x78,thumb,bl-target,sub_080aef5c
0x080AEFD4,0x24,thumb,bl-target,NightmarePowerOrbStartAnim
0x080AEFF8,0x28,thumb,bl-target,NightmarePowerOrbTickAnim
0x080AF020,0xE0,thumb,bl-target,NightmarePowerOrbStepAnim
0x080AF100,0x14,thumb,rom-pointer,NightmarePowerOrbGetAnimDelay
0x080AF114,0x30,thumb,rom-pointer,sub_080af114
0x080AF144,0x34,thumb,rom-pointer,sub_080af144
0x080AF178,0x10,thumb,rom-pointer,sub_080af178
0x080AF188,0x30,thumb,rom-pointer,sub_080af188
0x080AF1B8,0x10,thumb,rom-pointer,sub_080af1b8
0x080AF1C8,0xC,thumb,rom-pointer,sub_080af1c8
0x080AF1D4,0x38,thumb,bl-target,NightmarePowerOrbShowHurtFrames
0x080AF20C,0x60,thumb,bl-target,CreateNightmarePowerOrbStar
0x080AF26C,0xC,thumb,rom-pointer,NightmarePowerOrbReactToDamage
0x080AF278,0x1C,thumb,rom-pointer,NightmarePowerOrbReactToDefeat
0x080AF294,0x74,thumb,rom-pointer,NightmarePowerOrbDefeat
0x080AF308,0x4,thumb,rom-pointer,sub_080af308
0x080AF30C,0x4C,thumb,rom-pointer,Task_NightmarePowerOrbStar
0x080AF358,0x34,thumb,rom-pointer,NightmarePowerOrbStarUpdate
0x080AF38C,0x118,thumb,rom-pointer,NightmarePowerOrbStarVariant0
0x080AF4A4,0x118,thumb,rom-pointer,NightmarePowerOrbStarVariant1
0x080AF5BC,0x10C,thumb,rom-pointer,NightmarePowerOrbStarVariant2
0x080AF6C8,0x10C,thumb,rom-pointer,NightmarePowerOrbStarVariant3
0x080AF7D4,0x70,thumb,bl-target,sub_080af7d4
0x080AF844,0xF4,thumb,rom-pointer,NightmarePowerOrbStarVariant4
0x080AF938,0xAC,thumb,rom-pointer,NightmarePowerOrbStarVariant5
0x080AF9E4,0xC0,thumb,rom-pointer,NightmarePowerOrbStarVariant6
0x080AFAA4,0xAC,thumb,rom-pointer,NightmarePowerOrbStarVariant7
0x080AFB50,0xC0,thumb,rom-pointer,NightmarePowerOrbStarVariant8
0x080AFC10,0xC4,thumb,rom-pointer,NightmarePowerOrbStarVariant9
0x080AFCD4,0xC8,thumb,rom-pointer,NightmarePowerOrbStarVariant10
0x080AFD9C,0x54,thumb,rom-pointer,NightmarePowerOrbStarVariant11
0x080AFDF0,0x150,thumb,rom-pointer,Task_NightmarePowerOrbStarTrail
0x080AFF40,0x204,thumb,rom-pointer,Task_NightmarePowerOrbStarTrailUp
0x080B0144,0x1F4,thumb,rom-pointer,Task_NightmarePowerOrbStarTrailDown
0x080B0338,0x238,thumb,rom-pointer,Task_NightmarePowerOrbStarAfterimage
0x080B0570,0x78,thumb,curated,sub_080b0570
0x080B05E8,0x1F0,thumb,bl-target,NightmarePowerOrbIntro
0x080B07D8,0x68,thumb,rom-pointer,NightmarePowerOrbIntroUpdate
0x080B0840,0x60,thumb,rom-pointer,Task_NightmarePowerOrbIntroScroll
0x080B08A0,0x44,thumb,rom-pointer,NightmarePowerOrbIntroScrollUpdate
0x080B08E4,0xC8,thumb,rom-pointer,Task_NightmarePowerOrbStreak
0x080B09AC,0x158,thumb,bl-target,sub_080b09ac
0x080B0B04,0x4C,thumb,bl-target,sub_080b0b04
0x080B0B50,0x178,thumb,rom-pointer,sub_080b0b50
0x080B0CC8,0x11C,thumb,rom-pointer,Task_PaintRollerPainting
0x080B0DE4,0x9C,thumb,rom-pointer,PaintRollerPaintingCar
0x080B0E80,0x84,thumb,rom-pointer,PaintRollerPaintingKirby
0x080B0F04,0x94,thumb,rom-pointer,PaintRollerPaintingWaddleDee
0x080B0F98,0x94,thumb,rom-pointer,PaintRollerPaintingMike
0x080B102C,0x9C,thumb,rom-pointer,PaintRollerPaintingBaseball
0x080B10C8,0x174,thumb,rom-pointer,PaintRollerPaintingBomb
0x080B123C,0x28,thumb,rom-pointer,PaintRollerPaintingBombUpdate
0x080B1264,0x134,thumb,rom-pointer,PaintRollerPaintingCloud
0x080B1398,0x24,thumb,rom-pointer,PaintRollerPaintingCloudUpdate
0x080B13BC,0xF0,thumb,rom-pointer,Task_PaintRollerLightning
0x080B14AC,0x50,thumb,rom-pointer,PaintRollerPaintingParasol
0x080B14FC,0x68,thumb,rom-pointer,PaintRollerPaintingParasolUpdate
0x080B1564,0x14,thumb,rom-pointer,sub_080b1564
0x080B1578,0x10,thumb,rom-pointer,PaintRollerPaintingBaseballUpdate
0x080B1588,0xC,thumb,rom-pointer,sub_080b1588
0x080B1594,0x20,thumb,rom-pointer,sub_080b1594
0x080B15B4,0xC,thumb,rom-pointer,sub_080b15b4
0x080B15C0,0x150,thumb,bl-target,PaintRollerPaintingPickSubject
0x080B1710,0x60,thumb,rom-pointer,Task_HeavyMoleUpperArm
0x080B1770,0x60,thumb,rom-pointer,Task_HeavyMoleLowerArm
0x080B17D0,0x60,thumb,bl-target,HeavyMoleUpperArmFollowBody
0x080B1830,0x60,thumb,bl-target,HeavyMoleLowerArmFollowBody
0x080B1890,0x80,thumb,rom-pointer,HeavyMoleLowerArmDraw
0x080B1910,0x8C,thumb,rom-pointer,HeavyMoleArmUpdate
0x080B199C,0x64,thumb,bl-target,HeavyMoleArmCheckHits
0x080B1A00,0x1C,thumb,rom-pointer,HeavyMoleArmEnterState
0x080B1A1C,0x110,thumb,rom-pointer,HeavyMoleArmState0
0x080B1B2C,0xD8,thumb,rom-pointer,HeavyMoleArmState0Update
0x080B1C04,0x128,thumb,rom-pointer,HeavyMoleArmState1
0x080B1D2C,0x6C,thumb,rom-pointer,HeavyMoleArmState1Update
0x080B1D98,0x88,thumb,rom-pointer,HeavyMoleArmState2
0x080B1E20,0xD8,thumb,rom-pointer,HeavyMoleArmState2Update
0x080B1EF8,0x88,thumb,rom-pointer,HeavyMoleArmState3
0x080B1F80,0xD8,thumb,rom-pointer,HeavyMoleArmState3Update
0x080B2058,0x7C,thumb,bl-target,sub_080b2058
0x080B20D4,0x78,thumb,rom-pointer,HeavyMoleArmState5
0x080B214C,0x54,thumb,rom-pointer,HeavyMoleArmState5Update
0x080B21A0,0x88,thumb,rom-pointer,HeavyMoleArmState4
0x080B2228,0x6C,thumb,rom-pointer,HeavyMoleArmState4Update
0x080B2294,0x24,thumb,rom-pointer,sub_080b2294
0x080B22B8,0x40,thumb,rom-pointer,sub_080b22b8
0x080B22F8,0x120,thumb,rom-pointer,Task_HeavyMoleYellowMissile
0x080B2418,0x120,thumb,rom-pointer,Task_HeavyMoleRedMissile
0x080B2538,0x18,thumb,rom-pointer,HeavyMoleMissileUpdate
0x080B2550,0x24,thumb,rom-pointer,WhispyWoodsReactToDefeat
0x080B2574,0x30,thumb,rom-pointer,WhispyWoodsReactToDamage
0x080B25A4,0x44,thumb,bl-target,sub_080b25a4
0x080B25E8,0x7C,thumb,rom-pointer,sub_080b25e8
0x080B2664,0x104,thumb,bl-target,WhispyWoodsPickAttack
0x080B2768,0x48,thumb,bl-target,CreateWhispyWoodsAirPuff
0x080B27B0,0x54,thumb,bl-target,CreateWhispyWoodsApple
0x080B2804,0x80,thumb,bl-target,sub_080b2804
0x080B2884,0xC,thumb,rom-pointer,sub_080b2884
0x080B2890,0x170,thumb,rom-pointer,sub_080b2890
0x080B2A00,0x74,thumb,rom-pointer,Task_WhispyWoods
0x080B2A74,0x30,thumb,rom-pointer,WhispyWoodsInit
0x080B2AA4,0x24,thumb,rom-pointer,WhispyWoodsUpdate
0x080B2AC8,0x1C,thumb,rom-pointer,WhispyWoodsEnterState
0x080B2AE4,0x44,thumb,rom-pointer,WhispyWoodsWait
0x080B2B28,0x18,thumb,rom-pointer,WhispyWoodsWaitUpdate
0x080B2B40,0xB0,thumb,rom-pointer,WhispyWoodsBlowTwoPuffs
0x080B2BF0,0x28,thumb,rom-pointer,WhispyWoodsBlowTwoPuffsUpdate
0x080B2C18,0xB0,thumb,rom-pointer,WhispyWoodsBlowFourPuffs
0x080B2CC8,0x28,thumb,rom-pointer,WhispyWoodsBlowFourPuffsUpdate
0x080B2CF0,0x90,thumb,rom-pointer,WhispyWoodsDropApples
0x080B2D80,0x54,thumb,rom-pointer,WhispyWoodsDropApplesUpdate
0x080B2DD4,0x4C,thumb,rom-pointer,WhispyWoodsDefeatedInit
0x080B2E20,0x1C,thumb,rom-pointer,WhispyWoodsDefeatedUpdate
0x080B2E3C,0x1C,thumb,curated,WhispyWoodsDefeatedEnterState
0x080B2E58,0xDC,thumb,rom-pointer,sub_080b2e58
0x080B2F34,0x4,thumb,rom-pointer,sub_080b2f34
0x080B2F38,0x40,thumb,rom-pointer,sub_080b2f38
0x080B2F78,0x38,thumb,curated,sub_080b2f78
0x080B2FB0,0x38,thumb,curated,sub_080b2fb0
0x080B2FE8,0x28,thumb,bl-target,sub_080b2fe8
0x080B3010,0x40,thumb,bl-target,sub_080b3010
0x080B3050,0x40,thumb,rom-pointer,Task_WhispyWoodsApple
0x080B3090,0x38,thumb,rom-pointer,WhispyWoodsAppleInit
0x080B30C8,0x48,thumb,rom-pointer,WhispyWoodsAppleUpdate
0x080B3110,0x1C,thumb,rom-pointer,WhispyWoodsAppleEnterState
0x080B312C,0x70,thumb,rom-pointer,WhispyWoodsAppleFall
0x080B319C,0x4,thumb,rom-pointer,WhispyWoodsAppleFallUpdate
0x080B31A0,0x40,thumb,rom-pointer,WhispyWoodsAppleState1
0x080B31E0,0x34,thumb,rom-pointer,WhispyWoodsAppleState1Update
0x080B3214,0x44,thumb,rom-pointer,WhispyWoodsAppleState2
0x080B3258,0x34,thumb,rom-pointer,WhispyWoodsAppleState2Update
0x080B328C,0x44,thumb,rom-pointer,WhispyWoodsAppleState3
0x080B32D0,0x48,thumb,rom-pointer,WhispyWoodsAppleState3Update
0x080B3318,0x50,thumb,rom-pointer,Task_WhispyWoodsAirPuff
0x080B3368,0x30,thumb,rom-pointer,WhispyWoodsAirPuffInit
0x080B3398,0x24,thumb,rom-pointer,WhispyWoodsAirPuffUpdate
0x080B33BC,0x1C,thumb,curated,sub_080b33bc
0x080B33D8,0x380,thumb,rom-pointer,WhispyWoodsAirPuffState0
0x080B3758,0x94,thumb,rom-pointer,WhispyWoodsAirPuffState0Update
0x080B37EC,0x104,thumb,bl-target,WhispyWoodsLeavesShiftTrail
0x080B38F0,0x110,thumb,bl-target,WhispyWoodsLeavesFillTrail
0x080B3A00,0x64,thumb,bl-target,sub_080b3a00
0x080B3A64,0x204,thumb,rom-pointer,WhispyWoodsLeavesDraw
0x080B3C68,0x1C8,thumb,rom-pointer,Task_WhispyWoodsLeaves
0x080B3E30,0x24,thumb,rom-pointer,WhispyWoodsLeavesUpdate
0x080B3E54,0x40,thumb,rom-pointer,Task_OneUp
0x080B3E94,0x40,thumb,rom-pointer,Task_MaximTomato
0x080B3ED4,0x40,thumb,rom-pointer,Task_InvincibleCandy
0x080B3F14,0x40,thumb,rom-pointer,Task_EnergyDrink
0x080B3F54,0x78,thumb,bl-target,sub_080b3f54
0x080B3FCC,0x30,thumb,bl-target,sub_080b3fcc
0x080B3FFC,0x50,thumb,bl-target,sub_080b3ffc
0x080B404C,0x20,thumb,rom-pointer,PickupStartFall
0x080B406C,0x20,thumb,rom-pointer,PickupLand
0x080B408C,0x18,thumb,rom-pointer,PickupEnterWater
0x080B40A4,0x5C,thumb,rom-pointer,PickupInit
0x080B4100,0x58,thumb,rom-pointer,PickupUpdate
0x080B4158,0x1C,thumb,rom-pointer,PickupEnterState
0x080B4174,0x1C,thumb,rom-pointer,PickupState0
0x080B4190,0x4,thumb,rom-pointer,PickupState0Update
0x080B4194,0x34,thumb,rom-pointer,PickupFall
0x080B41C8,0x4,thumb,rom-pointer,PickupFallUpdate
0x080B41CC,0x34,thumb,rom-pointer,PickupFallInWater
0x080B4200,0x4,thumb,rom-pointer,PickupFallInWaterUpdate
0x080B4204,0x3C,thumb,bl-target,HealPlayerStep
0x080B4240,0x5C,thumb,rom-pointer,PickupHeal
0x080B429C,0x5C,thumb,rom-pointer,MaximTomatoHeal
0x080B42F8,0x98,thumb,rom-pointer,EnergyDrinkHeal
0x080B4390,0x44,thumb,rom-pointer,AbilityStarBounceOffFloor
0x080B43D4,0x20,thumb,rom-pointer,AbilityStarEnterWater
0x080B43F4,0x38,thumb,rom-pointer,AbilityStarBounceOffWall
0x080B442C,0x50,thumb,rom-pointer,sub_080b442c
0x080B447C,0x74,thumb,bl-target,sub_080b447c
0x080B44F0,0x34,thumb,bl-target,sub_080b44f0
0x080B4524,0x9C,thumb,bl-target,AbilityStarCheckPlayerFar
0x080B45C0,0x4C,thumb,bl-target,sub_080b45c0
0x080B460C,0x3C,thumb,bl-target,sub_080b460c
0x080B4648,0x54,thumb,bl-target,AbilityStarCheckExpire
0x080B469C,0x78,thumb,rom-pointer,Task_AbilityStar
0x080B4714,0x40,thumb,rom-pointer,AbilityStarUpdate
0x080B4754,0x1C,thumb,rom-pointer,AbilityStarEnterState
0x080B4770,0x18,thumb,rom-pointer,AbilityStarState0
0x080B4788,0xC,thumb,rom-pointer,AbilityStarState0Update
0x080B4794,0x2C,thumb,rom-pointer,AbilityStarSink
0x080B47C0,0xC,thumb,rom-pointer,AbilityStarSinkUpdate
0x080B47CC,0x40,thumb,rom-pointer,Task_StarRodPiece
0x080B480C,0x6C,thumb,bl-target,DefeatAllAbilityStars
0x080B4878,0x68,thumb,bl-target,StarRodPieceCollect
0x080B48E0,0x18,thumb,bl-target,StarRodPieceInitDanceWalk
0x080B48F8,0x70,thumb,bl-target,StarRodPieceStartDance
0x080B4968,0xCC,thumb,bl-target,StarRodPieceGatherPlayers
0x080B4A34,0x28,thumb,bl-target,StarRodPieceGatherUpdate
0x080B4A5C,0x30,thumb,rom-pointer,StarRodPieceHoverInit
0x080B4A8C,0x70,thumb,rom-pointer,StarRodPieceHoverUpdate
0x080B4AFC,0x1C,thumb,rom-pointer,StarRodPieceHoverEnterState
0x080B4B18,0x7C,thumb,rom-pointer,StarRodPieceHoverState0
0x080B4B94,0x1C,thumb,rom-pointer,StarRodPieceHoverState0Update
0x080B4BB0,0x28,thumb,rom-pointer,StarRodPieceHoverState1
0x080B4BD8,0xC,thumb,rom-pointer,StarRodPieceHoverState1Update
0x080B4BE4,0x30,thumb,rom-pointer,StarRodPieceSlideOutInit
0x080B4C14,0x70,thumb,rom-pointer,StarRodPieceSlideOutUpdate
0x080B4C84,0x1C,thumb,rom-pointer,StarRodPieceSlideOutEnterState
0x080B4CA0,0x7C,thumb,rom-pointer,StarRodPieceSlideOutState0
0x080B4D1C,0x34,thumb,rom-pointer,StarRodPieceSlideOutState0Update
0x080B4D50,0x64,thumb,rom-pointer,StarRodPieceSlideOutState1
0x080B4DB4,0x1C,thumb,rom-pointer,StarRodPieceSlideOutState1Update
0x080B4DD0,0x28,thumb,rom-pointer,StarRodPieceSlideOutState2
0x080B4DF8,0xC,thumb,rom-pointer,StarRodPieceSlideOutState2Update
0x080B4E04,0x3C,thumb,rom-pointer,StarRodPieceVariant2
0x080B4E40,0x68,thumb,bl-target,InitRoomObjects
0x080B4EA8,0x17C,thumb,bl-target,LoadRoomObjectGfx
0x080B5024,0x314,thumb,bl-target,SpawnRoomObjectsOnLoad
0x080B5338,0x16C,thumb,bl-target,SpawnRoomObject
0x080B54A4,0x2C,thumb,bl-target,ReleaseRoomObject
0x080B54D0,0x70,thumb,bl-target,MarkRoomObjectUsed
0x080B5540,0x18,thumb,bl-target,TransferRoomObject
0x080B5558,0x80,thumb,bl-target,sub_080b5558
0x080B55D8,0x50,thumb,bl-target,AllocObjTilesAndPalettes
0x080B5628,0x2C,thumb,bl-target,AllocObjTiles
0x080B5654,0x1C,thumb,bl-target,AllocObjPalettes
0x080B5670,0x1D0,thumb,bl-target,LoadRoomEnemyGfx
0x080B5840,0xCC,thumb,bl-target,LoadRoomMidBossGfx
0x080B590C,0xCC,thumb,bl-target,LoadRoomBossGfx
0x080B59D8,0xBC,thumb,bl-target,LoadRoomMetaKnightsGfx
0x080B5A94,0x148,thumb,bl-target,sub_080b5a94
0x080B5BDC,0x1A8,thumb,bl-target,SpawnRoomEnemy
0x080B5D84,0x2B8,thumb,bl-target,sub_080b5d84
0x080B603C,0xAC,thumb,rom-pointer,HBlankScrollVBlankCallback
0x080B60E8,0x6C,thumb,rom-pointer,UpdateHBlankScroll
0x080B6154,0x13C,thumb,rom-pointer,sub_080b6154
0x080B6290,0x114,thumb,rom-pointer,sub_080b6290
0x080B63A4,0xD0,thumb,rom-pointer,sub_080b63a4
0x080B6474,0xFC,thumb,rom-pointer,sub_080b6474
0x080B6570,0x26C,thumb,rom-pointer,sub_080b6570
0x080B67DC,0x2B4,thumb,rom-pointer,sub_080b67dc
0x080B6A90,0x78,thumb,rom-pointer,UpdateRoomHBlankScroll
0x080B6B08,0x138,thumb,rom-pointer,sub_080b6b08
0x080B6C40,0xC4,thumb,rom-pointer,sub_080b6c40
0x080B6D04,0x140,thumb,rom-pointer,sub_080b6d04
0x080B6E44,0x1C,thumb,bl-target,ResetHBlankScroll
0x080B6E60,0xC,thumb,bl-target,StopHBlankScroll
0x080B6E6C,0x34,thumb,bl-target,StartHBlankScroll
0x080B6EA0,0x34,thumb,bl-target,StartRoomHBlankScroll
0x080B6ED4,0x18,thumb,bl-target,HoldHBlankScroll
0x080B6EEC,0x18,thumb,bl-target,SuspendHBlankScroll
0x080B6F04,0x1C,thumb,bl-target,RestoreRoomHBlankScroll
0x080B6F20,0x18,thumb,bl-target,ResumeHBlankScroll
0x080B6F38,0x384,thumb,bl-target,InputRecorderStart
0x080B72BC,0x2E8,thumb,bl-target,InputRecorderRestoreState
0x080B75A4,0x104,thumb,bl-target,InputRecorderRecordFrame
0x080B76A8,0x12C,thumb,bl-target,InputRecorderPlayFrame
0x080B77D4,0x2C,thumb,bl-target,InputRecorderUpdate
0x080B7800,0xE4,thumb,bl-target,InitSaveSlots
0x080B78E4,0x34,thumb,bl-target,SelectLatestSaveSlot
0x080B7918,0x74,thumb,bl-target,ReadSaveSlot
0x080B798C,0x2C,thumb,bl-target,InitNewSaveFile
0x080B79B8,0xE4,thumb,bl-target,CalcCompletionPercent
0x080B7A9C,0x5C,thumb,bl-target,WriteSaveSlot
0x080B7AF8,0x28,thumb,bl-target,WriteSramSignature
0x080B7B20,0x5C,thumb,bl-target,WriteNewSaveFile
0x080B7B7C,0x84,thumb,bl-target,SaveProgress
0x080B7C00,0xB4,thumb,bl-target,SaveMetaKnightmareBestTime
0x080B7CB4,0xC0,thumb,bl-target,SaveBossEnduranceBestTime
0x080B7D74,0x20,thumb,bl-target,EraseSaveSlot
0x080B7D94,0x3C,thumb,bl-target,ClearSaveSlot
0x080B7DD0,0x24,thumb,bl-target,CalcSaveSlotChecksum
0x080B7DF4,0x20,thumb,bl-target,UpdateSaveSlotChecksum
0x080B7E14,0x144,thumb,bl-target,StoreProgressInSaveSlot
0x080B7F58,0x118,thumb,bl-target,StoreProgressInBothHalves
0x080B8070,0x130,thumb,bl-target,LoadSaveSlot
0x080B81A0,0x60,thumb,bl-target,ResetLevelProgress
0x080B8200,0x90,thumb,bl-target,ResetProgress
0x080B8290,0xB8,thumb,bl-target,CheckNewMilestones
0x080B8348,0x2C,thumb,bl-target,ReadInputRecording
0x080B8374,0x2C,thumb,bl-target,WriteInputRecording
0x080B83A0,0x18,thumb,bl-target,WriteInputRecordingEntry
0x080B83B8,0x138,thumb,bl-target,CopySaveSlotToLinkSlot
0x080B84F0,0x1A4,thumb,bl-target,FillSendCmdWithSaveSlot
0x080B8694,0x1F4,thumb,bl-target,ReceiveLinkSaveSlots
0x080B8888,0x90,thumb,bl-target,ExchangeLinkSaveSlots
0x080B8918,0x214,thumb,bl-target,MergeLinkSaveSlots
0x080B8B2C,0x374,thumb,bl-target,MergeProgressIntoSaveSlot
0x080B8EA0,0x1C,thumb,bl-target,PlayerLifeRequestClear
0x080B8EBC,0x38,thumb,bl-target,PlayerClearOwnLifeRequests
0x080B8EF4,0x98,thumb,bl-target,PlayerLifeRequestPickStartState
0x080B8F8C,0x64,thumb,bl-target,PlayerLifeRequestLoadGfx
0x080B8FF0,0x3C,thumb,bl-target,PlayerLifeRequestOpenMenu
0x080B902C,0x38,thumb,bl-target,PlayerLifeRequestOpenGiverList
0x080B9064,0x2C,thumb,bl-target,PlayerLifeRequestStartAsking
0x080B9090,0x38,thumb,bl-target,PlayerLifeRequestTakeLife
0x080B90C8,0x30,thumb,bl-target,PlayerLifeRequestFinish
0x080B90F8,0x10,thumb,bl-target,PlayerLifeRequestStartFail
0x080B9108,0x10,thumb,bl-target,PlayerLifeRequestStartNoGiver
0x080B9118,0x28,thumb,bl-target,PlayerLifeRequestShowGameOver
0x080B9140,0x58,thumb,bl-target,PlayerLifeRequestMoveMenuCursor
0x080B9198,0x64,thumb,bl-target,PlayerLifeRequestSelectChoice
0x080B91FC,0x80,thumb,bl-target,PlayerLifeRequestMoveListCursor
0x080B927C,0xC8,thumb,bl-target,PlayerLifeRequestSelectGiver
0x080B9344,0x48,thumb,bl-target,PlayerLifeRequestReceiveCheckPress
0x080B938C,0x4C,thumb,bl-target,PlayerLifeRequestFailCheckPress
0x080B93D8,0x4C,thumb,bl-target,PlayerLifeRequestNoGiverCheckPress
0x080B9424,0x90,thumb,bl-target,PlayerLifeRequestCountGivers
0x080B94B4,0xC4,thumb,bl-target,PlayerLifeRequestRefreshGiverList
0x080B9578,0x34,thumb,bl-target,PlayerLifeRequestCheckGiven
0x080B95AC,0x40,thumb,bl-target,PlayerLifeRequestCheckTimeout
0x080B95EC,0x24,thumb,bl-target,PlayerLifeRequestCheckGiverLives
0x080B9610,0x2C,thumb,bl-target+rom-pointer,PlayerLifeRequestInit
0x080B963C,0x1C,thumb,rom-pointer,PlayerLifeRequestUpdate
0x080B9658,0x1C,thumb,rom-pointer,PlayerLifeRequestEnterState
0x080B9674,0x1C,thumb,rom-pointer,PlayerLifeRequestChoose
0x080B9690,0x10,thumb,rom-pointer,PlayerLifeRequestChooseUpdate
0x080B96A0,0x1C,thumb,rom-pointer,PlayerLifeRequestPickGiver
0x080B96BC,0x54,thumb,rom-pointer,PlayerLifeRequestPickGiverUpdate
0x080B9710,0x20,thumb,rom-pointer,PlayerLifeRequestWait
0x080B9730,0x10,thumb,rom-pointer,PlayerLifeRequestWaitUpdate
0x080B9740,0x24,thumb,rom-pointer,PlayerLifeRequestReceive
0x080B9764,0xC,thumb,rom-pointer,PlayerLifeRequestReceiveUpdate
0x080B9770,0x28,thumb,rom-pointer,PlayerLifeRequestFail
0x080B9798,0xC,thumb,rom-pointer,PlayerLifeRequestFailUpdate
0x080B97A4,0x2C,thumb,rom-pointer,PlayerLifeRequestNoGiver
0x080B97D0,0xC,thumb,rom-pointer,PlayerLifeRequestNoGiverUpdate
0x080B97DC,0x1C,thumb,rom-pointer,PlayerLifeRequestGameOver
0x080B97F8,0x4,thumb,rom-pointer,PlayerLifeRequestGameOverUpdate
0x080B97FC,0x7C,thumb,bl-target,PlayerLifeRequestDrawMenu
0x080B9878,0x48,thumb,bl-target,PlayerLifeRequestDrawListTitle
0x080B98C0,0xA8,thumb,bl-target,PlayerLifeRequestDrawGiverList
0x080B9968,0x80,thumb,bl-target,PlayerLifeRequestDrawGiverIcon
0x080B99E8,0xA0,thumb,bl-target,PlayerLifeRequestDrawLives
0x080B9A88,0x80,thumb,bl-target,PlayerLifeRequestDrawListCursor
0x080B9B08,0x90,thumb,bl-target,PlayerLifeRequestDrawAsking
0x080B9B98,0x90,thumb,bl-target,PlayerLifeRequestDrawBorrowed
0x080B9C28,0x4C,thumb,bl-target,PlayerLifeRequestDrawCannotBorrow
0x080B9C74,0x4C,thumb,bl-target,PlayerLifeRequestDrawGotNothing
0x080B9CC0,0x4C,thumb,bl-target,PlayerLifeRequestDrawGameOver
0x080B9D0C,0x18,thumb,bl-target,SubGameReplay
0x080B9D24,0x24,thumb,bl-target,SubGameQuit
0x080B9D48,0x20,thumb,bl-target,SubGameInit
0x080B9D68,0x40,thumb,bl-target,SubGameAnyPressedAOrStart
0x080B9DA8,0x40,thumb,curated,SubGameAnyPressedB
0x080B9DE8,0x48,thumb,bl-target,SubGameDimAndHalt
0x080B9E30,0x20,thumb,bl-target,SubGameCheckEnd
0x080B9E50,0x50,thumb,bl-target,SubGameLoadScreen
0x080B9EA0,0x94,thumb,bl-target,SubGameSetDisplayLayers
0x080B9F34,0x1E4,thumb,bl-target,SubGameRunScreen
0x080BA118,0x1C,thumb,bl-target,SubGameRunLinkFrame
0x080BA134,0x1C,thumb,bl-target,SubGameRunFrame
0x080BA150,0x1CC,thumb,bl-target,SubGameSyncLink
0x080BA31C,0x38,thumb,bl-target,FreeOtherTasks
0x080BA354,0xB0,thumb,bl-target,SubGameMain
0x080BA404,0x28,thumb,rom-pointer,Task_SubGame
0x080BA42C,0x28,thumb,rom-pointer,SubGameStartBody
0x080BA454,0x8C,thumb,rom-pointer,QuickDrawInit
0x080BA4E0,0x2C,thumb,rom-pointer,QuickDrawMain
0x080BA50C,0x6C,thumb,bl-target,QuickDrawFreeze
0x080BA578,0x44,thumb,bl-target,CreateQuickDrawTimer
0x080BA5BC,0x60,thumb,bl-target,CreateQuickDrawPlayers
0x080BA61C,0x20,thumb,bl-target,QuickDrawSetupRound
0x080BA63C,0x4C,thumb,bl-target,CreateQuickDrawSignal
0x080BA688,0x2C,thumb,bl-target,QuickDrawStartTimer
0x080BA6B4,0x54,thumb,bl-target,QuickDrawWaitForSignal
0x080BA708,0x6C,thumb,bl-target,QuickDrawCountPresses
0x080BA774,0x18,thumb,bl-target,QuickDrawIsTimeUp
0x080BA78C,0x24,thumb,bl-target,QuickDrawEndRoundTimeUp
0x080BA7B0,0x4C,thumb,bl-target,QuickDrawEndRoundFalseStart
0x080BA7FC,0x64,thumb,bl-target,QuickDrawEndRoundWin
0x080BA860,0x6C,thumb,bl-target,QuickDrawEndRoundTie
0x080BA8CC,0x34,thumb,bl-target,QuickDrawResetRound
0x080BA900,0x4C,thumb,bl-target,CreateQuickDrawRedrawSign
0x080BA94C,0x2C,thumb,bl-target,CreateQuickDrawSlash
0x080BA978,0x2C,thumb,bl-target,CreateQuickDrawBurst
0x080BA9A4,0x94,thumb,bl-target,QuickDrawUpdateRanking
0x080BAA38,0x84,thumb,bl-target,QuickDrawAwardRound
0x080BAABC,0x4C,thumb,bl-target,QuickDrawPoseTiedPlayers
0x080BAB08,0x60,thumb,rom-pointer,QuickDrawRound
0x080BAB68,0x48,thumb,rom-pointer,QuickDrawRoundUpdate
0x080BABB0,0xAC,thumb,bl-target,QuickDrawFalseStart
0x080BAC5C,0x60,thumb,bl-target,QuickDrawFindMatchWinner
0x080BACBC,0x28,thumb,bl-target,QuickDrawDecideRound
0x080BACE4,0x1C,thumb,rom-pointer,QuickDrawEnterState
0x080BAD00,0x44,thumb,rom-pointer,QuickDrawRoundWait
0x080BAD44,0x3C,thumb,rom-pointer,QuickDrawRoundWaitUpdate
0x080BAD80,0x1C,thumb,rom-pointer,QuickDrawRoundSignal
0x080BAD9C,0x48,thumb,rom-pointer,QuickDrawRoundSignalUpdate
0x080BADE4,0x28,thumb,rom-pointer,QuickDrawRoundTimeUp
0x080BAE0C,0x28,thumb,rom-pointer,QuickDrawRoundTimeUpUpdate
0x080BAE34,0x28,thumb,rom-pointer,QuickDrawRoundAllFalseStart
0x080BAE5C,0x28,thumb,rom-pointer,QuickDrawRoundAllFalseStartUpdate
0x080BAE84,0x2C,thumb,rom-pointer,QuickDrawRoundWin
0x080BAEB0,0x40,thumb,rom-pointer,QuickDrawRoundWinUpdate
0x080BAEF0,0x28,thumb,rom-pointer,QuickDrawRoundTie
0x080BAF18,0x28,thumb,rom-pointer,QuickDrawRoundTieUpdate
0x080BAF40,0x5C,thumb,rom-pointer,QuickDrawRoundNext
0x080BAF9C,0x2C,thumb,rom-pointer,QuickDrawRoundNextUpdate
0x080BAFC8,0xAC,thumb,bl-target,QuickDrawFalseStartVsCpu
0x080BB074,0x64,thumb,bl-target,CreateQuickDrawOpponent
0x080BB0D8,0x48,thumb,bl-target,QuickDrawDecideRoundVsCpu
0x080BB120,0x54,thumb,bl-target,QuickDrawResetRoundVsCpu
0x080BB174,0x28,thumb,bl-target,QuickDrawEndRoundWinVsCpu
0x080BB19C,0x28,thumb,bl-target,QuickDrawEndRoundLoseVsCpu
0x080BB1C4,0x28,thumb,bl-target,QuickDrawEndRoundTieVsCpu
0x080BB1EC,0x50,thumb,bl-target,QuickDrawFindMatchWinnerVsCpu
0x080BB23C,0x1C,thumb,rom-pointer,QuickDrawEnterStateVsCpu
0x080BB258,0x44,thumb,rom-pointer,QuickDrawRoundWaitVsCpu
0x080BB29C,0x3C,thumb,rom-pointer,QuickDrawRoundWaitVsCpuUpdate
0x080BB2D8,0x1C,thumb,rom-pointer,QuickDrawRoundSignalVsCpu
0x080BB2F4,0x34,thumb,rom-pointer,QuickDrawRoundSignalVsCpuUpdate
0x080BB328,0x30,thumb,rom-pointer,QuickDrawRoundFalseStartVsCpu
0x080BB358,0x28,thumb,rom-pointer,QuickDrawRoundFalseStartVsCpuUpdate
0x080BB380,0x28,thumb,rom-pointer,QuickDrawRoundWinVsCpu
0x080BB3A8,0x40,thumb,rom-pointer,QuickDrawRoundWinVsCpuUpdate
0x080BB3E8,0x28,thumb,rom-pointer,QuickDrawRoundLoseVsCpu
0x080BB410,0x1C,thumb,rom-pointer,QuickDrawRoundLoseVsCpuUpdate
0x080BB42C,0x28,thumb,rom-pointer,QuickDrawRoundTieVsCpu
0x080BB454,0x28,thumb,rom-pointer,QuickDrawRoundTieVsCpuUpdate
0x080BB47C,0x80,thumb,rom-pointer,QuickDrawRoundNextVsCpu
0x080BB4FC,0x2C,thumb,rom-pointer,QuickDrawRoundNextVsCpuUpdate
0x080BB528,0x2C,thumb,bl-target,QuickDrawSetupResults
0x080BB554,0x48,thumb,bl-target,QuickDrawInitContinueMenu
0x080BB59C,0x1C,thumb,bl-target,QuickDrawPlaySfxIfPlayer0
0x080BB5B8,0x84,thumb,bl-target,QuickDrawContinueMenuInput
0x080BB63C,0x30,thumb,bl-target,QuickDrawInitLevelMenu
0x080BB66C,0xAC,thumb,bl-target,QuickDrawLevelMenuInput
0x080BB718,0x48,thumb,bl-target,CreateQuickDrawBonusSign
0x080BB760,0x40,thumb,bl-target,QuickDrawInitBonusSteps
0x080BB7A0,0x2C,thumb,bl-target,QuickDrawCreateNextBonus
0x080BB7CC,0x54,thumb,bl-target,CreateQuickDrawBonus
0x080BB820,0x54,thumb,bl-target,CreateQuickDrawRankLabel
0x080BB874,0x84,thumb,bl-target,QuickDrawPlaceRankLabel
0x080BB8F8,0x38,thumb,bl-target,QuickDrawCreateRankLabels
0x080BB930,0x84,thumb,bl-target,sub_080bb930
0x080BB9B4,0x18,thumb,bl-target,sub_080bb9b4
0x080BB9CC,0x24,thumb,bl-target,sub_080bb9cc
0x080BB9F0,0x2C,thumb,bl-target,sub_080bb9f0
0x080BBA1C,0xB8,thumb,bl-target,sub_080bba1c
0x080BBAD4,0x9C,thumb,bl-target,QuickDrawPickResultsSong
0x080BBB70,0x48,thumb,bl-target,QuickDrawSetupResultsLink
0x080BBBB8,0x4C,thumb,bl-target,sub_080bbbb8
0x080BBC04,0x6C,thumb,bl-target,QuickDrawSetupResultsVsCpu
0x080BBC70,0x6C,thumb,bl-target,CreateQuickDrawDefeatedLabel
0x080BBCDC,0x70,thumb,bl-target,CreateQuickDrawBestTimeLabel
0x080BBD4C,0x50,thumb,bl-target,CreateQuickDrawResultsPlayer
0x080BBD9C,0x48,thumb,rom-pointer,QuickDrawResults
0x080BBDE4,0x20,thumb,rom-pointer,QuickDrawResultsUpdate
0x080BBE04,0x1C,thumb,rom-pointer,QuickDrawResultsEnterState
0x080BBE20,0x38,thumb,rom-pointer,QuickDrawResultsPlaySong
0x080BBE58,0x28,thumb,rom-pointer,QuickDrawResultsPlaySongUpdate
0x080BBE80,0x5C,thumb,rom-pointer,QuickDrawResultsBonusSign
0x080BBEDC,0x28,thumb,rom-pointer,QuickDrawResultsBonusSignUpdate
0x080BBF04,0x40,thumb,rom-pointer,QuickDrawResultsAwardBonuses
0x080BBF44,0x28,thumb,rom-pointer,QuickDrawResultsAwardBonusesUpdate
0x080BBF6C,0x30,thumb,rom-pointer,QuickDrawResultsRanking
0x080BBF9C,0x28,thumb,rom-pointer,QuickDrawResultsRankingUpdate
0x080BBFC4,0x44,thumb,rom-pointer,QuickDrawResultsContinueMenu
0x080BC008,0x34,thumb,rom-pointer,QuickDrawResultsContinueMenuUpdate
0x080BC03C,0x30,thumb,rom-pointer,QuickDrawResultsLevelMenu
0x080BC06C,0x34,thumb,rom-pointer,QuickDrawResultsLevelMenuUpdate
0x080BC0A0,0x18,thumb,rom-pointer,QuickDrawResultsWaitQuit
0x080BC0B8,0x14,thumb,rom-pointer,QuickDrawResultsWaitQuitUpdate
0x080BC0CC,0x20,thumb,rom-pointer,Task_QuickDrawObject
0x080BC0EC,0x7C,thumb,bl-target,QuickDrawPlayerSlideIn
0x080BC168,0x5C,thumb,bl-target,QuickDrawPlayerStartSlideIn
0x080BC1C4,0x148,thumb,bl-target,QuickDrawPlacePlayer
0x080BC30C,0xBC,thumb,bl-target,QuickDrawPlacePlayerStrike
0x080BC3C8,0x98,thumb,bl-target,QuickDrawPlayerSetKnockBack
0x080BC460,0x50,thumb,bl-target,sub_080bc460
0x080BC4B0,0x9C,thumb,bl-target,CreateQuickDrawFalseStartMark
0x080BC54C,0x80,thumb,bl-target,CreateQuickDrawSweatDrop
0x080BC5CC,0xB4,thumb,bl-target,CreateQuickDrawPlayerTag
0x080BC680,0x8C,thumb,bl-target,CreateQuickDrawWinCountLabel
0x080BC70C,0x34,thumb,bl-target,sub_080bc70c
0x080BC740,0x5C,thumb,bl-target,QuickDrawSetPlayerState
0x080BC79C,0x2C,thumb,bl-target,QuickDrawSetAllPlayersState
0x080BC7C8,0x38,thumb,bl-target,QuickDrawIsTaskOnScreen
0x080BC800,0x50,thumb,bl-target,QuickDrawPlacePlayerForResults
0x080BC850,0x58,thumb,rom-pointer,QuickDrawPlayer
0x080BC8A8,0x1C,thumb,rom-pointer,QuickDrawPlayerUpdate
0x080BC8C4,0x1C,thumb,rom-pointer,QuickDrawPlayerEnterState
0x080BC8E0,0x68,thumb,rom-pointer,QuickDrawPlayerArrive
0x080BC948,0x40,thumb,rom-pointer,QuickDrawPlayerArriveUpdate
0x080BC988,0x38,thumb,rom-pointer,QuickDrawPlayerReady
0x080BC9C0,0x4,thumb,rom-pointer,QuickDrawPlayerReadyUpdate
0x080BC9C4,0xA4,thumb,rom-pointer,QuickDrawPlayerStrike
0x080BCA68,0x4,thumb,rom-pointer,QuickDrawPlayerStrikeUpdate
0x080BCA6C,0x40,thumb,rom-pointer,QuickDrawPlayerLose
0x080BCAAC,0x30,thumb,rom-pointer,QuickDrawPlayerLoseUpdate
0x080BCADC,0xE0,thumb,rom-pointer,QuickDrawPlayerFalseStart
0x080BCBBC,0x4,thumb,rom-pointer,QuickDrawPlayerFalseStartUpdate
0x080BCBC0,0x38,thumb,rom-pointer,QuickDrawPlayerResults
0x080BCBF8,0x4,thumb,rom-pointer,QuickDrawPlayerResultsUpdate
0x080BCBFC,0xC0,thumb,rom-pointer,QuickDrawLabelDraw
0x080BCCBC,0xF0,thumb,bl-target,sub_080bccbc
0x080BCDAC,0x34,thumb,rom-pointer,QuickDrawLabel
0x080BCDE0,0x48,thumb,bl-target,QuickDrawTimerInit
0x080BCE28,0x4C,thumb,bl-target,QuickDrawTimerCount
0x080BCE74,0xEC,thumb,rom-pointer,QuickDrawTimerDraw
0x080BCF60,0x2C,thumb,rom-pointer,QuickDrawTimer
0x080BCF8C,0x18,thumb,rom-pointer,QuickDrawTimerUpdate
0x080BCFA4,0xC8,thumb,rom-pointer,QuickDrawSlash
0x080BD06C,0xA4,thumb,rom-pointer,QuickDrawBurst
0x080BD110,0x78,thumb,rom-pointer,QuickDrawSweatDrop
0x080BD188,0x48,thumb,bl-target,QuickDrawLoadOpponentGraphics
0x080BD1D0,0x40,thumb,bl-target,QuickDrawSetOpponentState
0x080BD210,0x4C,thumb,bl-target,QuickDrawOpponentSlideIn
0x080BD25C,0x34,thumb,bl-target,QuickDrawOpponentStartSlideIn
0x080BD290,0xE0,thumb,bl-target,QuickDrawPlaceOpponent
0x080BD370,0x6C,thumb,bl-target,CreateQuickDrawOpponentTag
0x080BD3DC,0xB8,thumb,bl-target,QuickDrawPlaceOpponentStrike
0x080BD494,0x28,thumb,bl-target,QuickDrawOpponentSetKnockBack
0x080BD4BC,0x4C,thumb,rom-pointer,QuickDrawOpponent
0x080BD508,0x1C,thumb,rom-pointer,QuickDrawOpponentUpdate
0x080BD524,0x20,thumb,rom-pointer,QuickDrawOpponentEnterState
0x080BD544,0x50,thumb,rom-pointer,QuickDrawOpponentArrive
0x080BD594,0x40,thumb,rom-pointer,QuickDrawOpponentArriveUpdate
0x080BD5D4,0x38,thumb,rom-pointer,QuickDrawOpponentReady
0x080BD60C,0x4,thumb,rom-pointer,QuickDrawOpponentReadyUpdate
0x080BD610,0x1C,thumb,rom-pointer,QuickDrawOpponentStrike
0x080BD62C,0x4,thumb,rom-pointer,QuickDrawOpponentStrikeUpdate
0x080BD630,0x34,thumb,rom-pointer,QuickDrawOpponentLose
0x080BD664,0x30,thumb,rom-pointer,QuickDrawOpponentLoseUpdate
0x080BD694,0x1C,thumb,rom-pointer,QuickDrawOpponentTie
0x080BD6B0,0x4,thumb,rom-pointer,QuickDrawOpponentTieUpdate
0x080BD6B4,0x138,thumb,rom-pointer,QuickDrawOpponentTag
0x080BD7EC,0x4,thumb,rom-pointer,QuickDrawOpponentTagUpdate
0x080BD7F0,0x38,thumb,rom-pointer,QuickDrawBonusSign
0x080BD828,0x84,thumb,bl-target,QuickDrawGiveBonus
0x080BD8AC,0x8C,thumb,rom-pointer,QuickDrawBonus
0x080BD938,0x78,thumb,rom-pointer,QuickDrawRankLabelDraw
0x080BD9B0,0x38,thumb,rom-pointer,QuickDrawRankLabel
0x080BD9E8,0x24,thumb,rom-pointer,BombRallyInit
0x080BDA0C,0x20,thumb,rom-pointer,BombRallyMain
0x080BDA2C,0x4C,thumb,rom-pointer,BombRallyRound
0x080BDA78,0x20,thumb,rom-pointer,BombRallyRoundUpdate
0x080BDA98,0x1C,thumb,rom-pointer,BombRallyEnterState
0x080BDAB4,0x164,thumb,rom-pointer,BombRallyRoundPass
0x080BDC18,0x28,thumb,rom-pointer,BombRallyRoundPassUpdate
0x080BDC40,0xC0,thumb,rom-pointer,BombRallyRoundNext
0x080BDD00,0x28,thumb,rom-pointer,BombRallyRoundNextUpdate
0x080BDD28,0x48,thumb,bl-target,BombRallyKnockOutTurnPlayer
0x080BDD70,0x48,thumb,bl-target,BombRallyIsMatchOver
0x080BDDB8,0x54,thumb,bl-target,BombRallyInitSpeed
0x080BDE0C,0x6C,thumb,bl-target,BombRallyRestartSpeed
0x080BDE78,0x44,thumb,bl-target,CreateBombRallyBomb
0x080BDEBC,0x80,thumb,bl-target,CreateBombRallyBombSmoke
0x080BDF3C,0x60,thumb,bl-target,CreateBombRallyStarBurst
0x080BDF9C,0x74,thumb,bl-target,CreateBombRallyBurstStar
0x080BE010,0x3C,thumb,bl-target,CreateBombRallyStartSign
0x080BE04C,0x118,thumb,bl-target,BombRallySeatPlayers
0x080BE164,0x4C,thumb,rom-pointer,BombRallyResults
0x080BE1B0,0x20,thumb,rom-pointer,BombRallyResultsUpdate
0x080BE1D0,0x1C,thumb,rom-pointer,BombRallyResultsEnterState
0x080BE1EC,0x104,thumb,rom-pointer,BombRallyResultsShow
0x080BE2F0,0x28,thumb,rom-pointer,BombRallyResultsShowUpdate
0x080BE318,0x188,thumb,rom-pointer,BombRallyResultsMenu
0x080BE4A0,0x4,thumb,rom-pointer,BombRallyResultsMenuUpdate
0x080BE4A4,0xAC,thumb,bl-target,CreateBombRallyResultsPoses
0x080BE550,0xAC,thumb,bl-target,CreateBombRallyLivesIcons
0x080BE5FC,0xB8,thumb,bl-target,CreateBombRallyPlaceLabels
0x080BE6B4,0x60,thumb,bl-target,CreateBombRallyContinueItems
0x080BE714,0x60,thumb,bl-target,CreateBombRallyLevelItems
0x080BE774,0x4C,thumb,bl-target,BombRallyAwardLives
0x080BE7C0,0x1C,thumb,bl-target,BombRallyPlaySfxIfPlayer0
0x080BE7DC,0x20,thumb,rom-pointer,Task_BombRallyObject
0x080BE7FC,0x54,thumb,rom-pointer,BombRallyPlayer
0x080BE850,0x58,thumb,rom-pointer,BombRallyPlayerUpdate
0x080BE8A8,0x1C,thumb,rom-pointer,BombRallyPlayerEnterState
0x080BE8C4,0x21C,thumb,rom-pointer,BombRallyPlayerServe
0x080BEAE0,0x28,thumb,rom-pointer,BombRallyPlayerServeUpdate
0x080BEB08,0x4C,thumb,rom-pointer,BombRallyPlayerReady
0x080BEB54,0x80,thumb,rom-pointer,BombRallyPlayerReadyUpdate
0x080BEBD4,0xEC,thumb,rom-pointer,BombRallyPlayerTurn
0x080BECC0,0x48,thumb,rom-pointer,BombRallyPlayerTurnUpdate
0x080BED08,0x214,thumb,rom-pointer,BombRallyPlayerThrow
0x080BEF1C,0x48,thumb,rom-pointer,BombRallyPlayerThrowUpdate
0x080BEF64,0xE4,thumb,rom-pointer,BombRallyPlayerFollowThrough
0x080BF048,0x64,thumb,rom-pointer,BombRallyPlayerFollowThroughUpdate
0x080BF0AC,0xA8,thumb,bl-target,BombRallyPlayerJudgePress
0x080BF154,0x78,thumb,bl-target,BombRallyPlayerUpdatePose
0x080BF1CC,0x48,thumb,rom-pointer,BombRallyPlayerCpuReady
0x080BF214,0x98,thumb,rom-pointer,BombRallyPlayerCpuReadyUpdate
0x080BF2AC,0x80,thumb,rom-pointer,BombRallyPlayerCpuTurn
0x080BF32C,0x68,thumb,rom-pointer,BombRallyPlayerCpuTurnUpdate
0x080BF394,0x2E8,thumb,rom-pointer,BombRallyPlayerCpuThrow
0x080BF67C,0x28,thumb,rom-pointer,BombRallyPlayerCpuThrowUpdate
0x080BF6A4,0xE4,thumb,rom-pointer,BombRallyPlayerCpuFollowThrough
0x080BF788,0x68,thumb,rom-pointer,BombRallyPlayerCpuFollowThroughUpdate
0x080BF7F0,0x144,thumb,rom-pointer,BombRallyPlayerBlownUp
0x080BF934,0x60,thumb,rom-pointer,BombRallyPlayerBlownUpUpdate
0x080BF994,0x190,thumb,rom-pointer,BombRallyPlayerBubblesServe
0x080BFB24,0x28,thumb,rom-pointer,BombRallyPlayerBubblesServeUpdate
0x080BFB4C,0x48,thumb,rom-pointer,BombRallyPlayerBubblesWait
0x080BFB94,0x60,thumb,rom-pointer,BombRallyPlayerBubblesWaitUpdate
0x080BFBF4,0x164,thumb,rom-pointer,BombRallyPlayerBubblesThrow
0x080BFD58,0x28,thumb,rom-pointer,BombRallyPlayerBubblesThrowUpdate
0x080BFD80,0x30,thumb,rom-pointer,BombRallyBomb
0x080BFDB0,0x1C,thumb,rom-pointer,BombRallyBombUpdate
0x080BFDCC,0x1C,thumb,rom-pointer,BombRallyBombEnterState
0x080BFDE8,0x7C,thumb,rom-pointer,BombRallyBombStart
0x080BFE64,0xC4,thumb,rom-pointer,BombRallyBombStartUpdate
0x080BFF28,0x14C,thumb,rom-pointer,BombRallyBombPass
0x080C0074,0x314,thumb,rom-pointer,BombRallyBombPassUpdate
0x080C0388,0x1B8,thumb,rom-pointer,BombRallyBombExplode
0x080C0540,0xB0,thumb,rom-pointer,BombRallyBombExplodeUpdate
0x080C05F0,0x2C,thumb,bl-target,BombRallyBombPlaceAtSeat
0x080C061C,0xE8,thumb,bl-target,BombRallyBombSetArcPos
0x080C0704,0x28,thumb,bl-target,BombRallyScrollToSeat
0x080C072C,0x2E4,thumb,bl-target,BombRallyScrollAlongPass
0x080C0A10,0x108,thumb,bl-target,BombRallyBombDrawShadow
0x080C0B18,0x140,thumb,bl-target,BombRallyPanToSeat
0x080C0C58,0x4C,thumb,rom-pointer,BombRallyBombSmoke
0x080C0CA4,0x8C,thumb,rom-pointer,BombRallyBombSmokeUpdate
0x080C0D30,0xB8,thumb,rom-pointer,BombRallyStarBurst
0x080C0DE8,0xA0,thumb,rom-pointer,BombRallyStarBurstState0
0x080C0E88,0xCC,thumb,rom-pointer,BombRallyStarBurstState4
0x080C0F54,0x90,thumb,rom-pointer,BombRallyStarBurstState5
0x080C0FE4,0x84,thumb,rom-pointer,BombRallyStarBurstState6
0x080C1068,0xAC,thumb,rom-pointer,BombRallyStarBurstState7
0x080C1114,0xB8,thumb,rom-pointer,sub_080c1114
0x080C11CC,0x94,thumb,rom-pointer,BombRallyStarBurstState8
0x080C1260,0xA0,thumb,rom-pointer,BombRallyStarBurstState9
0x080C1300,0x90,thumb,rom-pointer,BombRallyStarBurstState10
0x080C1390,0x94,thumb,rom-pointer,BombRallyStarBurstState11
0x080C1424,0x94,thumb,rom-pointer,BombRallyStarBurstState2
0x080C14B8,0xA0,thumb,rom-pointer,BombRallyStarBurstState12
0x080C1558,0xB0,thumb,rom-pointer,BombRallyStarBurstState13
0x080C1608,0x84,thumb,rom-pointer,BombRallyStarBurstState14
0x080C168C,0xB0,thumb,rom-pointer,BombRallyStarBurstState15
0x080C173C,0x70,thumb,rom-pointer,BombRallyStartSign
0x080C17AC,0x4,thumb,rom-pointer,BombRallyStartSignUpdate
0x080C17B0,0x54,thumb,rom-pointer,BombRallyResultsPlayer
0x080C1804,0x1C,thumb,rom-pointer,BombRallyResultsPlayerUpdate
0x080C1820,0x1C,thumb,curated,BombRallyResultsPlayerEnterState
0x080C183C,0x88,thumb,rom-pointer,BombRallyResultsPlayerPose
0x080C18C4,0x4,thumb,rom-pointer,BombRallyResultsPlayerPoseUpdate
0x080C18C8,0x88,thumb,rom-pointer,BombRallyResultsPlayerLives
0x080C1950,0x168,thumb,rom-pointer,BombRallyResultsPlayerLivesUpdate
0x080C1AB8,0x74,thumb,rom-pointer,BombRallyResultsPlayerPlace
0x080C1B2C,0x4,thumb,rom-pointer,BombRallyResultsPlayerPlaceUpdate
0x080C1B30,0x48,thumb,rom-pointer,BombRallyMenuItem
0x080C1B78,0x1C,thumb,rom-pointer,BombRallyMenuItemUpdate
0x080C1B94,0x54,thumb,rom-pointer,BombRallyMenuItemContinue
0x080C1BE8,0x104,thumb,rom-pointer,BombRallyMenuItemContinueUpdate
0x080C1CEC,0x98,thumb,rom-pointer,BombRallyMenuItemLevel
0x080C1D84,0x138,thumb,rom-pointer,BombRallyMenuItemLevelUpdate
0x080C1EBC,0xCC,thumb,bl-target,BombRallyShakeScreen
0x080C1F88,0x14,thumb,bl-target,sub_080c1f88
0x080C1F9C,0x40,thumb,rom-pointer,AirGrindInit
0x080C1FDC,0x20,thumb,rom-pointer,AirGrindMain
0x080C1FFC,0x3C,thumb,bl-target,CreateAirGrindRacers
0x080C2038,0x40,thumb,bl-target,CreateAirGrindScenery
0x080C2078,0x3C,thumb,bl-target,CreateAirGrindEffect
0x080C20B4,0xFC,thumb,bl-target,AirGrindSetupRace
0x080C21B0,0x26C,thumb,rom-pointer,AirGrindRace
0x080C241C,0x20,thumb,rom-pointer,AirGrindRaceUpdate
0x080C243C,0x188,thumb,rom-pointer,AirGrindResults
0x080C25C4,0x17C,thumb,rom-pointer,AirGrindResultsDraw
0x080C2740,0x44C,thumb,bl-target,AirGrindResultsStep
0x080C2B8C,0x1C,thumb,rom-pointer,AirGrindResultsUpdate
0x080C2BA8,0x124,thumb,bl-target,AirGrindResultsDrawCursor
0x080C2CCC,0x6C,thumb,bl-target,AirGrindResultsSetCursorBlend
0x080C2D38,0x280,thumb,rom-pointer,AirGrindBuildSky
0x080C2FB8,0x40,thumb,rom-pointer,AirGrindSkyVBlankCallback
0x080C2FF8,0x20,thumb,rom-pointer,Task_AirGrindObject
0x080C3018,0x300,thumb,rom-pointer,AirGrindRacer
0x080C3318,0x88,thumb,bl-target,AirGrindCpuRollTarget
0x080C33A0,0x10C,thumb,bl-target,AirGrindCpuHoldsA
0x080C34AC,0x19C,thumb,rom-pointer,AirGrindRacerUpdate
0x080C3648,0x28,thumb,bl-target,AirGrindRacerSlowDown
0x080C3670,0x28,thumb,bl-target,AirGrindScrollCourseTo
0x080C3698,0x120,thumb,bl-target,AirGrindRacerTryBoost
0x080C37B8,0x84,thumb,bl-target,AirGrindUpdateEngineSound
0x080C383C,0x8C,thumb,bl-target,AirGrindRacerUpdateDepth
0x080C38C8,0x490,thumb,bl-target,AirGrindRacerRaceStep
0x080C3D58,0xC0,thumb,bl-target,AirGrindRacerIdleStep
0x080C3E18,0xE4,thumb,bl-target,AirGrindRacerUpdateScreenPos
0x080C3EFC,0x24,thumb,rom-pointer,AirGrindRacerRaceUpdate
0x080C3F20,0x24,thumb,rom-pointer,AirGrindRacerIdleUpdate
0x080C3F44,0x398,thumb,rom-pointer,AirGrindEffect
0x080C42DC,0x88,thumb,bl-target,AirGrindEffectFollowRacer
0x080C4364,0x84,thumb,rom-pointer,sub_080c4364
0x080C43E8,0xD4,thumb,rom-pointer,AirGrindPenaltyScatterEffectUpdate
0x080C44BC,0x34,thumb,rom-pointer,sub_080c44bc
0x080C44F0,0x78,thumb,rom-pointer,AirGrindPressEffectUpdate
0x080C4568,0x6C,thumb,rom-pointer,AirGrindReleaseEffectUpdate
0x080C45D4,0x28,thumb,rom-pointer,AirGrindBoostRatingUpdate
0x080C45FC,0x34,thumb,rom-pointer,AirGrindPenaltyEffectUpdate
0x080C4630,0x34,thumb,bl-target,AirGrindDrawSceneryObject
0x080C4664,0x88,thumb,bl-target,AirGrindRollSceneryObject
0x080C46EC,0xA4,thumb,rom-pointer,AirGrindScenery
0x080C4790,0x88,thumb,rom-pointer,AirGrindSceneryUpdate
0x080C4818,0x48,thumb,rom-pointer,AirGrindCourseSignUpdate
0x080C4860,0x30,thumb,bl-target,AirGrindShowCourseSign
0x080C4890,0xCC,thumb,bl-target,AirGrindStepPaletteFades
0x080C495C,0x18,thumb,bl-target,AirGrindStopAllPaletteFades
0x080C4974,0xAC,thumb,bl-target,AirGrindStartPaletteFade
0x080C4A20,0x28,thumb,bl-target,AirGrindStopPaletteFade
0x080C4A48,0x14,thumb,bl-target,AirGrindSetDigitPalette
0x080C4A5C,0x38,thumb,bl-target,AirGrindDrawDigit
0x080C4A94,0x30,thumb,bl-target,AirGrindDrawSymbol
0x080C4AC4,0xA0,thumb,bl-target,AirGrindDrawTime
0x080C4B64,0x88,thumb,bl-target,AirGrindDrawNumber
0x080C4BEC,0x44,thumb,bl-target,AirGrindDrawRatio
0x080C4C30,0x48,thumb,bl-target,AirGrindDrawRacerSprite
0x080C4C78,0x2C,thumb,bl-target,AirGrindSeedRandom
0x080C4CA4,0x30,thumb,bl-target,AirGrindRandom
0x080C4CD4,0x34,thumb,bl-target,AirGrindRandomRange
0x080C4D08,0x108,thumb,rom-pointer,AirGrindRacerDraw
0x080C4E10,0x98,thumb,rom-pointer,AirGrindEffectDrawOrFree
0x080C4EA8,0xB8,thumb,rom-pointer,AirGrindRacerMove
0x080C4F60,0x260,thumb,bl-target,AirGrindScaleSprite
0x080C51C0,0x14,thumb,bl-target,AirGrindClearScript
0x080C51D4,0x68,thumb,bl-target,AirGrindStepScript
0x080C523C,0x48,thumb,bl-target,AirGrindStartScript
0x080C5284,0x40,thumb,bl-target,AirGrindSin
0x080C52C4,0x1E0,thumb,bl-target,AirGrindCalcLanePoint
0x080C54A4,0x98,thumb,bl-target,AirGrindFindLaneSegment
0x080C553C,0x44,thumb,bl-target,AirGrindFindSegmentEnd
0x080C5580,0x58,thumb,bl-target,AirGrindCountSegmentBits
0x080C55D8,0x50,thumb,bl-target,AirGrindCourseToLanePos
0x080C5628,0x50,thumb,bl-target,AirGrindLaneToCoursePos
0x080C5678,0x360,thumb,bl-target,AirGrindLayOutCourse
0x080C59D8,0x1AC,thumb,bl-target,AirGrindBuildCourse
0x080C5B84,0x6B8,thumb,bl-target,AirGrindDrawCourse
0x080C623C,0x1C,thumb,bl-target,AirGrindGetDepthScale
0x080C6258,0x8,thumb,bl-target,sub_080c6258
0x080C6260,0x90,thumb,bl-target,EndingMain
0x080C62F0,0x64,thumb,bl-target,EndingEpilogueScene
0x080C6354,0x34,thumb,bl-target,CreateEndingEpilogue
0x080C6388,0x64,thumb,bl-target,EndingStarRodReturnScene
0x080C63EC,0x34,thumb,bl-target,CreateEndingStarRodReturn
0x080C6420,0x1E0,thumb,bl-target,FinalResultsScreen
0x080C6600,0x150,thumb,bl-target,DrawLargeClockScreen
0x080C6750,0xBC,thumb,bl-target,ShowMilestonePicture
0x080C680C,0xA4,thumb,bl-target,ShowMilestonePictureForMode
0x080C68B0,0x204,thumb,bl-target,DrawScoreToBgMap
0x080C6AB4,0x188,thumb,bl-target,DrawClockToBgMap
0x080C6C3C,0x28,thumb,bl-target,CopyToBgMap
0x080C6C64,0x3C,thumb,rom-pointer,Task_EndingEpilogue
0x080C6CA0,0x98,thumb,bl-target,EndingEpilogueLoadGraphics
0x080C6D38,0x4C,thumb,bl-target,CreateEndingEpilogueObjects
0x080C6D84,0x918,thumb,rom-pointer,EndingEpilogueWarpStar
0x080C769C,0x130,thumb,rom-pointer,EndingEpilogueWarpStarDraw
0x080C77CC,0x44,thumb,bl-target,sub_080c77cc
0x080C7810,0x4B0,thumb,rom-pointer,sub_080c7810
0x080C7CC0,0x18C,thumb,rom-pointer,sub_080c7cc0
0x080C7E4C,0x44C,thumb,rom-pointer,EndingEpilogueKirby
0x080C8298,0x1D0,thumb,rom-pointer,EndingEpilogueKirbyDraw
0x080C8468,0x30,thumb,bl-target,CreateEndingEpilogueStarRod
0x080C8498,0x140,thumb,rom-pointer,EndingEpilogueStarRod
0x080C85D8,0x1A0,thumb,rom-pointer,EndingEpilogueKingDedede
0x080C8778,0x178,thumb,rom-pointer,EndingEpilogueKingDededeDraw
0x080C88F0,0x34,thumb,rom-pointer,sub_080c88f0
0x080C8924,0x34,thumb,bl-target,sub_080c8924
0x080C8958,0x37C,thumb,rom-pointer,sub_080c8958
0x080C8CD4,0x1B4,thumb,rom-pointer,sub_080c8cd4
0x080C8E88,0x20,thumb,rom-pointer,sub_080c8e88
0x080C8EA8,0x15C,thumb,rom-pointer,sub_080c8ea8
0x080C9004,0x3C,thumb,rom-pointer,Task_EndingStarRodReturn
0x080C9040,0x88,thumb,bl-target,EndingStarRodReturnLoadGraphics
0x080C90C8,0x4C,thumb,bl-target,CreateEndingStarRodReturnObjects
0x080C9114,0x304,thumb,rom-pointer,EndingStarRodReturnStarRod
0x080C9418,0xB4,thumb,rom-pointer,EndingStarRodReturnStarRodDraw
0x080C94CC,0x260,thumb,rom-pointer,EndingStarRodReturnWarpStar
0x080C972C,0x74,thumb,rom-pointer,EndingStarRodReturnWarpStarUpdate
0x080C97A0,0xE4,thumb,rom-pointer,EndingStarRodReturnWarpStarDraw
0x080C9884,0x54,thumb,rom-pointer,sub_080c9884
0x080C98D8,0x9C,thumb,rom-pointer,EndingStarRodReturnKirby
0x080C9974,0xB4,thumb,rom-pointer,EndingStarRodReturnKirbyDraw
0x080C9A28,0x2C8,thumb,rom-pointer,sub_080c9a28
0x080C9CF0,0x20,thumb,rom-pointer,sub_080c9cf0
0x080C9D10,0x17C,thumb,rom-pointer,sub_080c9d10
0x080C9E8C,0x4B8,thumb,rom-pointer,sub_080c9e8c
0x080CA344,0x22C,thumb,rom-pointer,sub_080ca344
0x080CA570,0xD0,thumb,bl-target,sub_080ca570
0x080CA640,0xDC,thumb,bl-target,sub_080ca640
0x080CA71C,0x114,thumb,rom-pointer,EndingStarRodReturnFountainJet
0x080CA830,0xC0,thumb,rom-pointer,sub_080ca830
0x080CA8F0,0x14C,thumb,rom-pointer,sub_080ca8f0
0x080CAA3C,0x7C,thumb,bl-target,BootLogoInitObjects
0x080CAAB8,0x238,thumb,bl-target,BootLogoUpdateObjects
0x080CACF0,0x9C,thumb,bl-target,GameOverMain
0x080CAD8C,0x160,thumb,bl-target,GameOverScreen
0x080CAEEC,0x144,thumb,bl-target,GameOverMetaKnightmareScreen
0x080CB030,0x28,thumb,bl-target,GameOverShowClock
0x080CB058,0x90,thumb,bl-target,GameOverBossEnduranceScreen
0x080CB0E8,0x20,thumb,bl-target,GameOverMoveCursor
0x080CB108,0x24,thumb,bl-target,GameOverIsUpDownPressed
0x080CB12C,0x4C,thumb,bl-target,GameOverCheckConfirm
0x080CB178,0x60,thumb,bl-target,GameOverCheckTimeout
0x080CB1D8,0x44,thumb,bl-target,GameOverCheckChoice
0x080CB21C,0x94,thumb,bl-target,GameOverLoadGraphics
0x080CB2B0,0x1C,thumb,bl-target,GameOverResetWait
0x080CB2CC,0x88,thumb,bl-target,CreateGameOverObjects
0x080CB354,0x54,thumb,rom-pointer,Task_GameOverSprite
0x080CB3A8,0x70,thumb,rom-pointer,Task_GameOverCursor
0x080CB418,0xDC,thumb,rom-pointer,Task_GameOverPalette
0x080CB4F4,0x94,thumb,rom-pointer,Task_HalveScore
0x080CB588,0x3C,thumb,rom-pointer,Task_GameOverObject
0x080CB5C4,0x4C,thumb,rom-pointer,GameOverPlayer
0x080CB610,0x1C,thumb,rom-pointer,GameOverPlayerUpdate
0x080CB62C,0x20,thumb,rom-pointer,GameOverPlayerEnterState
0x080CB64C,0x8C,thumb,rom-pointer,GameOverPlayerWait
0x080CB6D8,0x34,thumb,rom-pointer,GameOverPlayerWaitUpdate
0x080CB70C,0x3B0,thumb,rom-pointer,GameOverPlayerContinue
0x080CBABC,0x4,thumb,rom-pointer,GameOverPlayerContinueUpdate
0x080CBAC0,0x3E4,thumb,rom-pointer,GameOverPlayerGiveUp
0x080CBEA4,0x30,thumb,rom-pointer,GameOverPlayerGiveUpUpdate
0x080CBED4,0x44,thumb,rom-pointer,GameOverChoice
0x080CBF18,0x1C,thumb,rom-pointer,GameOverChoiceUpdate
0x080CBF34,0x34,thumb,bl-target,CreateGameOverObject
0x080CBF68,0x44,thumb,bl-target,GameOverPlayerShowChoice
0x080CBFAC,0x1C,thumb,bl-target,sub_080cbfac
0x080CBFC8,0x1C,thumb,rom-pointer,GameOverChoiceEnterState
0x080CBFE4,0x40,thumb,rom-pointer,GameOverChoiceWait
0x080CC024,0x80,thumb,rom-pointer,GameOverChoiceWaitUpdate
0x080CC0A4,0xA8,thumb,rom-pointer,GameOverChoiceMove
0x080CC14C,0x34,thumb,rom-pointer,GameOverChoiceMoveUpdate
0x080CC180,0x138,thumb,rom-pointer,sub_080cc180
0x080CC2B8,0x28,thumb,rom-pointer,sub_080cc2b8
0x080CC2E0,0x2F4,thumb,rom-pointer,sub_080cc2e0
0x080CC5D4,0x34,thumb,rom-pointer,sub_080cc5d4
0x080CC608,0x138,thumb,rom-pointer,sub_080cc608
0x080CC740,0x28,thumb,rom-pointer,sub_080cc740
0x080CC768,0x5A8,thumb,rom-pointer,sub_080cc768
0x080CCD10,0x3C,thumb,rom-pointer,sub_080ccd10
0x080CCD4C,0x14C,thumb,rom-pointer,sub_080ccd4c
0x080CCE98,0x30,thumb,rom-pointer,sub_080cce98
0x080CCEC8,0x48,thumb,rom-pointer,sub_080ccec8
0x080CCF10,0x1C,thumb,rom-pointer,sub_080ccf10
0x080CCF2C,0x19C,thumb,rom-pointer,sub_080ccf2c
0x080CD0C8,0x4,thumb,rom-pointer,sub_080cd0c8
0x080CD0CC,0x17C,thumb,rom-pointer,sub_080cd0cc
0x080CD248,0x4,thumb,rom-pointer,sub_080cd248
0x080CD24C,0xAC,thumb,rom-pointer,sub_080cd24c
0x080CD2F8,0x38,thumb,rom-pointer,sub_080cd2f8
0x080CD330,0x344,thumb,bl-target,CreditsMain
0x080CD674,0x98,thumb,bl-target,CreditsLoadScene
0x080CD70C,0x50,thumb,bl-target,CreditsInitText
0x080CD75C,0xCC,thumb,bl-target,CreditsStreamText
0x080CD828,0x74,thumb,rom-pointer,CreditsScrollText
0x080CD89C,0x10,thumb,bl-target,umul3232H32
0x080CD8AC,0x84,thumb,bl-target,SoundMain
0x080CD930,0x39E,thumb,rom-pointer,SoundMainRAM
0x080CDCCE,0x6,thumb,bl-target,sub_080cdcce
0x080CDCD4,0x18,thumb,rom-pointer,SoundMainBTM
0x080CDCEC,0x20,thumb,bl-target+rom-pointer,RealClearChain
0x080CDD0C,0x30,thumb,rom-pointer,ply_fine
0x080CDD3C,0x18,thumb,bl-target,MPlayJumpTableCopy
0x080CDD54,0x2,thumb,bl-target,ld_r3_r2
0x080CDD56,0x1A,thumb,bl-target,chk_adr_r2
0x080CDD70,0x2,thumb,bl-target,ld_r3_tp_adr_i
0x080CDD72,0xA,thumb,bl-target,sub_080cdd72
0x080CDD7C,0x20,thumb,rom-pointer,ply_goto
0x080CDD9C,0x1C,thumb,rom-pointer,ply_patt
0x080CDDB8,0x14,thumb,rom-pointer,ply_pend
0x080CDDCC,0x30,thumb,rom-pointer,ply_rept
0x080CDDFC,0xC,thumb,rom-pointer,ply_prio
0x080CDE08,0x14,thumb,rom-pointer,ply_tempo
0x080CDE1C,0x14,thumb,rom-pointer,ply_keysh
0x080CDE30,0x30,thumb,rom-pointer,ply_voice
0x080CDE60,0x14,thumb,rom-pointer,ply_volu
0x080CDE74,0x14,thumb,rom-pointer,ply_pan
0x080CDE88,0x14,thumb,rom-pointer,ply_bend
0x080CDE9C,0x14,thumb,rom-pointer,ply_bendr
0x080CDEB0,0xC,thumb,rom-pointer,ply_lfodl
0x080CDEBC,0x18,thumb,rom-pointer,ply_modt
0x080CDED4,0x14,thumb,rom-pointer,ply_tune
0x080CDEE8,0x18,thumb,rom-pointer,ply_port
0x080CDF00,0x4C,thumb,bl-target,m4aSoundVSync
0x080CDF4C,0x258,thumb,rom-pointer,MPlayMain
0x080CE1A4,0x10,thumb,bl-target,sub_080ce1a4
0x080CE1B4,0x44,thumb,bl-target+rom-pointer,TrackStop
0x080CE1F8,0x30,thumb,bl-target,ChnVolSetAsm
0x080CE228,0x200,thumb,rom-pointer,ply_note
0x080CE428,0x40,thumb,rom-pointer,ply_endtie
0x080CE468,0x1C,thumb,bl-target,ClearModM_asm
0x080CE484,0xC,thumb,bl-target,ld_r3_tp_adr
0x080CE490,0x14,thumb,rom-pointer,ply_lfos
0x080CE4A4,0x14,thumb,rom-pointer,ply_mod
0x080CE4B8,0x64,thumb,bl-target,MidiKeyToFreq
0x080CE51C,0x4,thumb,curated,UnusedDummyFunc
0x080CE520,0x1C,thumb,bl-target,MPlayContinue
0x080CE53C,0x20,thumb,bl-target,MPlayFadeOut
0x080CE55C,0x78,thumb,bl-target,m4aSoundInit
0x080CE5D4,0xC,thumb,bl-target,m4aSoundMain
0x080CE5E0,0x2C,thumb,bl-target,m4aSongNumStart
0x080CE60C,0x4C,thumb,curated,m4aSongNumStartOrChange
0x080CE658,0x54,thumb,bl-target,m4aSongNumStartOrContinue
0x080CE6AC,0x34,thumb,bl-target,m4aSongNumStop
0x080CE6E0,0x34,thumb,curated,m4aSongNumContinue
0x080CE714,0x2C,thumb,bl-target,m4aMPlayAllStop
0x080CE740,0xC,thumb,curated,m4aMPlayContinue
0x080CE74C,0x2C,thumb,bl-target,m4aMPlayAllContinue
0x080CE778,0x10,thumb,curated,m4aMPlayFadeOut
0x080CE788,0x20,thumb,curated,m4aMPlayFadeOutTemporarily
0x080CE7A8,0x28,thumb,curated,m4aMPlayFadeIn
0x080CE7D0,0x48,thumb,bl-target,m4aMPlayImmInit
0x080CE818,0x118,thumb,bl-target,MPlayExtender
0x080CE930,0x4,thumb,curated,MusicPlayerJumpTableCopy
0x080CE934,0x14,thumb,bl-target,ClearChain
0x080CE948,0x14,thumb,bl-target,Clear64byte
0x080CE95C,0xF8,thumb,bl-target,SoundInit
0x080CEA54,0xA4,thumb,bl-target+rom-pointer,SampleFreqSet
0x080CEAF8,0x98,thumb,bl-target,m4aSoundMode
0x080CEB90,0x54,thumb,curated,SoundClear
0x080CEBE4,0x7C,thumb,bl-target,m4aSoundVSyncOff
0x080CEC60,0x3C,thumb,bl-target,m4aSoundVSyncOn
0x080CEC9C,0x78,thumb,bl-target,MPlayOpen
0x080CED14,0xE4,thumb,bl-target,MPlayStart
0x080CEDF8,0x40,thumb,bl-target,m4aMPlayStop
0x080CEE38,0xC8,thumb,bl-target+rom-pointer,FadeOutBody
0x080CEF00,0xB4,thumb,bl-target+rom-pointer,TrkVolPitSet
0x080CEFB4,0xA8,thumb,rom-pointer,MidiKeyToCgbFreq
0x080CF05C,0x50,thumb,bl-target+rom-pointer,CgbOscOff
0x080CF0AC,0x68,thumb,bl-target,CgbModVol
0x080CF114,0x474,thumb,rom-pointer,CgbSound
0x080CF588,0x68,thumb,bl-target,m4aMPlayVolumeControl
0x080CF5F0,0x74,thumb,bl-target,m4aMPlayPitchControl
0x080CF664,0x68,thumb,curated,m4aMPlayPanpotControl
0x080CF6CC,0x20,thumb,bl-target,ClearModM
0x080CF6EC,0x74,thumb,curated,m4aMPlayModDepthSet
0x080CF760,0x74,thumb,curated,m4aMPlayLFOSpeedSet
0x080CF7D4,0x158,thumb,rom-pointer,ply_memacc
0x080CF92C,0x20,thumb,rom-pointer,ply_xcmd
0x080CF94C,0x14,thumb,rom-pointer,ply_xxx
0x080CF960,0x48,thumb,rom-pointer,ply_xwave
0x080CF9A8,0x14,thumb,rom-pointer,ply_xtype
0x080CF9BC,0x14,thumb,rom-pointer,ply_xatta
0x080CF9D0,0x14,thumb,rom-pointer,ply_xdeca
0x080CF9E4,0x14,thumb,rom-pointer,ply_xsust
0x080CF9F8,0x14,thumb,rom-pointer,ply_xrele
0x080CFA0C,0xC,thumb,rom-pointer,ply_xiecv
0x080CFA18,0xC,thumb,rom-pointer,ply_xiecl
0x080CFA24,0x14,thumb,rom-pointer,ply_xleng
0x080CFA38,0x14,thumb,rom-pointer,ply_xswee
0x080CFA4C,0x4,thumb,rom-pointer,DummyFunc
0x080CFA50,0x4,thumb,bl-target,ArcTan2
0x080CFA54,0x4,thumb,bl-target,CpuFastSet
0x080CFA58,0x4,thumb,bl-target,CpuSet
0x080CFA5C,0x4,thumb,bl-target,Div
0x080CFA60,0x8,thumb,bl-target,Mod
0x080CFA68,0x4,thumb,bl-target,HuffUnComp
0x080CFA6C,0x4,thumb,bl-target,LZ77UnCompVram
0x080CFA70,0x4,thumb,bl-target,LZ77UnCompWram
0x080CFA74,0x8,thumb,bl-target,MultiBoot
0x080CFA7C,0x4,thumb,bl-target,SoundDriverVSyncOff
0x080CFA80,0x1C,thumb,bl-target,SoftReset
0x080CFA9C,0x24,thumb,rom-pointer,ReadSram_Core
0x080CFAC0,0x64,thumb,bl-target+rom-pointer,ReadSram
0x080CFB24,0x40,thumb,bl-target,WriteSram
0x080CFB64,0x30,thumb,rom-pointer,VerifySram_Core
0x080CFB94,0x64,thumb,bl-target+rom-pointer,VerifySram
0x080CFBF8,0x38,thumb,bl-target,WriteSramEx
0x080CFC30,0x4,thumb,bl-target,_call_via_r0
0x080CFC34,0x4,thumb,bl-target,_call_via_r1
0x080CFC38,0x4,thumb,bl-target,_call_via_r2
0x080CFC3C,0x30,thumb,bl-target,_call_via_r3
0x080CFC6C,0x94,thumb,bl-target,__divsi3
0x080CFD00,0x4,thumb,bl-target,_div0
0x080CFD04,0xC0,thumb,bl-target,__umodsi3
0x080CFDC4,0x4,thumb,bl-target,TaskSwitchTrampoline
0x080CFDC8,0x4,arm,prologue-scan,sub_080cfdc8
0x080CFDCC,0x4,thumb,bl-target,TaskYieldTrampoline
0x080CFDD0,0x4,arm,prologue-scan,sub_080cfdd0
0x080CFDD4,0x4,thumb,bl-target,TaskExitTrampoline
0x080CFDD8,0x4,arm,prologue-scan,sub_080cfdd8
0x080CFDDC,0x8,arm,bl-target,sub_080cfddc
