symbol,kind,reason,note
Actor.unk16,field,two-meanings,"the extra sprite's x offset in ActorDrawSpriteAndExtra (src/actor_653ec.c:141) and the parasol carriers' 6-frame parasol frame timer (ActorStartCarryingParasol / ActorDrawWorldInViewOrDestroyWithParasol, :1453-1576)"
Actor.unk26,field,never-accessed,fieldcensus: no access
Actor.unk34,field,no-verb,"ActorPlaySfx's override for its which != 0 sounds (-1 the default, -2 silent, src/actor_653ec.c:650-662); only ActorInitFromDefSlot ever writes it (-1): what the second sound slot is is not proven"
ActorDef.unk0E,field,never-accessed,no code reads it; 0 in all 136 ActorDef records (src/data/actor_records.c)
ActorHandlers.unk14,field,unnamed-input,"ActorCollideTerrain calls it on the ground when gTerrainResult.unk3 & 1 (src/actor_692fc.c:142-147); several families install their hit-wall hook there too (Noddy, Chilly, Axe Knight, src/data/actor_handlers.c:846-1586): TerrainResult.unk3 has two meanings"
ActorSpawn.unk0B,field,never-accessed,fieldcensus: no access
AirGrindCourse.unk004,field,unnamed-input,AirGrindScrollCourseTo copies AirGrindScript.unk4 into it (src/subgame_c3648.c:56) and AirGrindDrawCourse writes it * the depth scale + 0x30 px through gUnk_08757310[lane] (src/subgame_c5284.c:494): the lane registers gUnk_08757310 point at are unnamed
AirGrindCourse.unk008,field,unnamed-input,AirGrindScrollCourseTo copies AirGrindScript.unk2 (src/subgame_c3648.c:57); AirGrindDrawCourse adds it * the depth scale through gUnk_08757300[lane] (src/subgame_c5284.c:496): unnamed targets
AirGrindCourse.unk10C,field,no-verb,"AirGrindBuildCourse's second argument, always 1 from its only caller (src/subgame_b9d0c.c:230); AirGrindDrawCourse runs its held-A strip block only while it is set (src/subgame_c5284.c:500)"
AirGrindCourse.unk110,field,write-only,"AirGrindBuildCourse stores its first argument, the level (src/subgame_c5284.c:309); no reader"
AirGrindRacerState.unk21,field,local,"the CPU racer's A-hold flip-flop: AirGrindRacer sets 1 (src/subgame_c2ff8.c:123), only AirGrindCpuHoldsA reads and toggles it (:161-171)"
AirGrindScenerySet.unk76,field,unnamed-input,"16 colours copied from row 2 of the palette gUnk_08609E40 (src/subgame_c1ffc.c:110-111), the source AirGrindRace's two-step OBJ colour fade starts from (colours 161+, :150): which picture they colour is not proven"
AirGrindScenerySet.unk96,field,unnamed-input,"the next 16 colours (row 4 of gUnk_08609E40, src/subgame_c1ffc.c:112), the fade's second step after unk76: same"
AirGrindScript.unk2,field,unnamed-input,"the script step's first value (p[step * 2], src/subgame_c4d08.c:207), copied into AirGrindCourse.unk008 (src/subgame_c3648.c:57): its target is unnamed"
AirGrindScript.unk4,field,unnamed-input,"the script step's second value (p[step * 2 + 1], src/subgame_c4d08.c:208), copied into AirGrindCourse.unk004: same"
AttackBox.unk07,field,never-accessed,no read or write in src/ (gcc census wip/D/attackbox2.json: the header and the two local copies only)
AttackBox.unk12,field,never-accessed,no read or write in src/ (gcc census wip/D/attackbox2.json)
AttackBox.unk18,field,unnamed-input,"a class-0x20 kind mask (gColliderClass20KindBits[k] | 0x4000): a set bit spares the collider the HIT_KIND_NO_DAMAGE mark (src/hitbox_1b24c.c:188, 262); what that mark does to a class-0x20 collider (the player, its effects, the defeat explosion) is not read"
BgAnim.unkA,field,never-accessed,only declared (src/camera_2d01c.c:53 copy)
BgMap.unk0,field,never-accessed,"only declared (src/bgmap_2a9cc.c:22, camera_2d01c.c:63, level_27a6c.c:38 copies)"
BgMap.unk6,field,two-meanings,DrawBg3Tile reads the map entries from offset 6 (src/bgmap_2a9cc.c:375) while LoadBg3Map decompresses from offset 8 (src/camera_28b8c.c:338): two layouts of the BG3 map record
BodyBox.unk06,field,never-accessed,no read or write in src/ (gcc census wip/D/bodybox2.json)
BodyBox.unk07,field,never-accessed,no read or write in src/ (gcc census wip/D/bodybox2.json)
BodyBox.unk09,field,never-accessed,no read or write in src/ (gcc census wip/D/bodybox2.json)
BodyBox.unk0A,field,never-accessed,no read or write in src/ (gcc census wip/D/bodybox2.json)
BodyBox.unk0B,field,never-accessed,no read or write in src/ (gcc census wip/D/bodybox2.json)
BootLogoObject.unk1E,field,never-accessed,fieldcensus: no access (the 2-byte tail after loopCount)
CannonFusePiece.unk00,field,two-meanings,"u8[4]: [cannonFuseExit] the exit direction to the next cell (CannonFuseStepCell, src/actor_763e8.c:1143) and [2] the piece's frame count (CannonFuseEnterPiece, :1110)"
CannonFusePiece.unk06,field,unnamed-input,"one of the piece's two frame lists, read through offset 6 by CannonFuseGetPieceFrame for (burn, exit 0) or (restore, exit 1) (src/actor_763e8.c:1045-1082): which side of the piece cannonFuseExit 0 is rests on the unnamed gUnk_087401CC"
CannonFusePiece.unk12,field,unnamed-input,"the other frame list (offset 18) for (burn, exit 1) or (restore, exit 0): same unnamed input"
Door.unk0,field,two-meanings,"the destination room index of a plain door (EnterDoor: gRoomIndex = d->unk0, src/level_242d0.c:703/719/800) or a door-kind code (0x270F hub door, 0x1A0A / 0x1E61 / 0x15B3 / 0x22B8: src/level_242d0.c:536-546, 604, 737, 1028, 1100; src/door_26b60.c:36); a union view would separate them (owner)"
Door.unk2,field,two-meanings,"the door's cell x for every door that has a cell (FindDoorAt src/level_242d0.c:544, the entry points * 16 + 22, DrawDoors) but the destination room for the 0x1E61 / 0x1A0A doors (ExitOnWarpStar src/level_242d0.c:1032, ExitByCannon :1104)"
Door.unk4,field,two-meanings,"the door's cell y (src/level_242d0.c:544, the entry points * 16 + 5) but another value for the 0x1A0A door (sub_080260b0 r = d->unk4, src/level_242d0.c:1081)"
Door.unk6,field,two-meanings,"a hub door's DOOR_KIND_* byte (0x270F doors: EnterDoor's switch src/level_242d0.c:607, SpawnDoorObjects src/room_28320.c:64) or a plain / warp door's arrival x (gRoomEntryX = d->unk6, src/level_242d0.c:704/801/1033/1105)"
Door.unk8,field,two-meanings,"a hub stage door's stage index (gStageIndex = d->unk8, src/level_242d0.c:611; SpawnDoorObjects src/room_28320.c:82-116) or a plain / warp door's arrival y (gRoomEntryY = d->unk8 - 3, src/level_242d0.c:705/802/1034/1106)"
Door.unkA,field,never-accessed,no read or write in src/ (gcc census wip/D/door.json)
GfxDesc.unk04,field,never-accessed,fieldcensus: no access
GfxHeader.unk04,field,never-accessed,fieldcensus: no access (RoomObjectGfx reads the same word's halves: unk4 / tilesCompressed)
GfxSrc.unk04,field,never-accessed,fieldcensus: no access (RoomObjectGfx reads the same word's halves)
HitBoxSet.unk0,field,two-meanings,"bit 0x8000 = mirror the boxes with the task's facing and & 0xFFF = the attack id CanBreakBlock gets (src/block_30804.c:132-229, the struct comment): a flag and an id in one word"
HudBar.unk1,field,never-accessed,fieldcensus: no access
Link.unk0F,field,never-accessed,no access in any copy
Link.unk10F,field,never-accessed,alignment padding between sendQueue.count and the receive ring at 0x110
Link.unk1B,field,never-accessed,alignment padding before the send ring at 0x1C
M04Spark.unk0E,field,never-accessed,only declared (src/player_36c94.c:35 copy)
PlayerHitBoxSet.unk00,field,never-accessed,"no named access: the player's sets are copied whole (gPlayerHitBoxSets[p] = gPlayerParasolHitBoxSet) and passed on as HitBoxSet, whose unk0 word these two bytes are"
PlayerHitBoxSet.unk01,field,never-accessed,"same: the high byte of HitBoxSet.unk0's word, never accessed by this name"
PlayerState.unk1E,field,write-only,"only cleared (sub_08033414 src/player_32688.c:503/517, PlayerActionShareItem src/player_3bde8.c:208/301/387, InitPlayerState*, PlayerUpdatePaletteFlash src/stage_3cd60.c:916, sub_0803e28c :1027); no reader (gcc census wip/D/pstate.json)"
PlayerState.unk20,field,write-only,"only cleared, at the same sites as unk1E (src/player_32688.c:503/517, src/stage_3cd60.c:915, :1028 ...); no reader"
PlayerState.unk36,field,unnamed-input,"PlayerStartRequestedAction sets 1 when an action starts with an ability (src/player_32688.c:251); its one reader, sub_08033414, re-creates player effect 15 (no variant name) and reloads the Spark tiles when the previous action was Fire / Spark, then clears it (:561-572)"
PlayerState.unk37,field,two-meanings,"0-3: 2 = the Star Rod flight (screen-space position, src/player_32688.c:146/337), 3 = both the Warp Star ride (src/actor_6ef5c.c:92 ... PlayerEndRideLanding src/actor_6ff24.c:426) and the Star Rod held after PlayerActionGetAbility (src/player_47fe8.c:177), 1 = Meta Knight's sword (src/player_32688.c:489); the readers test 2, 3, 2|3 or != 0 (40 sites)"
PlayerState.unk3C,field,local,"sub_0803db74's own step (switch (unk3C++), reset at its end, src/stage_3cd60.c:734/758); the inits only clear it"
PlayerState.unk50,field,unnamed-input,"PlayerActionLadder sets 1 (src/player_36c94.c:116), sub_08033414 clears it at each action request (src/player_32688.c:535); its one reader feeds it to the terrain probe as gTerrainProbeResult.unkD = unk50 << 4 (PlayerProbeTerrain, src/terrain_1baa4.c:28), which is unnamed"
RoomDef.unk42,field,never-accessed,"no code access; 0 in all 333 RoomDefs (src/data/room_defs.c, gcc census wip/D/roomdef.json)"
RoomDef.unk56,field,unnamed-input,"a set byte (3 of 333 rooms) makes InitRoomBgLayout / sub_08028130 set gRoomBgLayout = 2 (src/room_27e28.c:58, 149); what layout 2 is to its readers is not read"
RoomDef.unk57,field,unnamed-input,"copied into gUnk_02007D64 by every room loader (src/level_2296c.c:275/415, level_23948.c:45/150/298, level_242d0.c:82/222/347); values 0-8, of which only 3 (the museum: CreateMuseumAbilitySigns, src/room_27e28.c:125) has a proven role; 2 / 3 (src/effect_5a358.c:225), 4 (the mid-boss retry count is not kept, src/stage_273a0.c:81, src/hud_b5840.c:306) and 5 (the pause screen, src/mode_08664.c:48) are tested without a settled role"
RoomObjectEntry.unk2,field,two-meanings,"the actor variant / palette variant (high nibble, src/hud_b5670.c:107), a Big Switch index (src/hud_b5024.c:187), a room-bounds table index (:176-183), the first entry of a kind-6 group (src/hud_b4ea8.c:115) - by kind"
RoomObjectEntry.unk3,field,two-meanings,"the spawn argument (CreateActorByKind's 4th, src/hud_b5024.c:149), the Warp Star Station number + 1 (:170-172), the used-object bit (& 31, src/hud_b5840.c:264), a kind-6 group's entry count (src/hud_b4ea8.c:116) - by kind"
RoomObjectGfx.unk4,field,never-accessed,fieldcensus: no access (its neighbour tilesCompressed is the word's used half)
RoomParticleAnimFrame.unk01,field,never-accessed,fieldcensus: no access (the room-particle rows are read only for .frame)
RoomParticleAnimFrame.unk02,field,never-accessed,fieldcensus: no access
RoomParticleAnimFrame.unk03,field,never-accessed,fieldcensus: no access
SaveSlot.unk00,field,never-accessed,no named access; ClearSaveSlot's 0x99999999 fill covers it and InitSaveData tests the raw first word of each read slot against the fill (src/save_b77d4.c:41)
SioWork.unk04,field,write-only,LinkSetupMultiBoot stores 2 / 3 / 4 by the multiboot probe stage (src/early_3964.c:317-326); no reader
SioWork.unk05,field,never-accessed,no access in any copy
SioWork.unk0A,field,two-meanings,"the multi-cart setup's count of in-sequence exchanges (state 2 past 30, src/early_4000.c:140-176) and the multiboot setup's stage counter (16 ready, 17 start, 18 started, src/early_3964.c:313-344)"
SioWork.unk14,field,write-only,"MultiBootSetParams / MultiBootInitWithParams store the image end (src/early_3964.c:107, 123); no reader"
SioWork.unk1C,field,never-accessed,no access in any copy
SioWork.unk26,field,write-only,LinkSetupIntr counts it up every serial interrupt (src/early_4000.c:109); no reader
SioWork.unk27,field,never-accessed,no access in any copy
SioWork.unk2A,field,two-meanings,"1 once the partners reached state 2 / connected (src/early_3964.c:238, 303) and 2 while the multiboot transfer starts (:342): the readers test != 0 and == 1"
SioWork.unk2B,field,two-meanings,"1 = the start request (LinkSetupRequestStart, src/early_3964.c:133-137; the multi-cart parent then sends 0xE4E4, :219-224) and 2 = the multiboot server-type phase (probe 0xD1, :320-322, cleared at :346-348)"
SioWork.unk2D,field,never-accessed,no access in any copy
SioWork.unk2E,field,never-accessed,no access in any copy
Task.unk81,field,never-accessed,"only declared in the engine's local copies (src/early_58e4.c:82, early_5c4c.c:80)"
Task.unk84,field,two-meanings,"the terrain probe's one-way floor state kept between frames (low byte gTerrainProbeResult.unkB, high byte floorRow: TerrainProbeBegin / End, src/terrain_1c51c.c:29-57; 128 = reset) and Whispy Woods' leaves' y in their trail (src/hud_b2fe8.c:645-757)"
Task.unk86,field,never-accessed,"only declared in the engine's local copies (src/early_58e4.c:85, early_5c4c.c:83)"
TerrainProbeResult.unk0,field,two-meanings,"the wall side the wall probes found (1 right, 2 left, 3 both: src/terrain_1c690.c, 1e178.c, 2069c.c, 1c930.c:45 a direction) and a count sub_0801c8dc increments: ActorCollideTerrain tests & 3 (src/actor_692fc.c:134)"
TerrainProbeResult.unk2,field,two-meanings,"set to 1 by the landing probes and counted up (++) by the floor followers (src/terrain_1d394.c:20, terrain_21b18.c:98), cleared when no floor: a flag in some writers, a count in others"
TerrainProbeResult.unk3,field,two-meanings,"a direction (dir) or 1 in the slope probes (src/terrain_1d394.c:105-133, 1c930.c:196-224) and a count (++) in others (src/terrain_1d394.c:191-195); ActorCollideTerrain tests & 1 for ActorHandlers.unk14 (unnamed)"
TerrainProbeResult.unk5,field,two-meanings,a hit flag of the floor probes (src/terrain_1c930.c:182/277) and a value from gUnk_087337F0[a] (src/terrain_214e0.c:205)
TerrainProbeResult.unkB,field,unproven-bits,"flag word persisted in the low byte of Task.unk84: 1 one-way floor below, 2 / 4 one-way slope left / right, 0x30 tested in terrain_1e178.c:124, 0x80 a reset marker (TaskInitWaterFlags stores 128): bits 0x10 / 0x20 not proven"
TerrainProbeResult.unkD,field,two-meanings,the player's PlayerState.unk50 << 4 (src/terrain_1baa4.c:28) and flags 1 / 2 / 0x10 of the floor probe (src/terrain_1c930.c:88-103); its low nibble becomes gTerrainResult.unk6
TerrainResult.unk0,field,two-meanings,"TerrainProbeEnd's copy of gTerrainProbeResult.unk0 (wall side, or sub_0801c8dc's count)"
TerrainResult.unk2,field,two-meanings,copy of gTerrainProbeResult.unk2 (a flag or a count by writer)
TerrainResult.unk3,field,two-meanings,copy of gTerrainProbeResult.unk3 (a direction or a count by writer)
TerrainResult.unk5,field,two-meanings,copy of gTerrainProbeResult.unk5; PlayerActionSlide tests it (src/player_36280.c:292)
TerrainResult.unk6,field,unnamed-input,"the low nibble of gTerrainProbeResult.unkD (src/terrain_1baa4.c:90), which holds two meanings; one reader tests & 3 (src/player_36c94.c:460)"
TerrainResult.unk7,field,never-accessed,"no named, byte-indexed (gTerrainResult[7]) or wide access in src/: TerrainProbeEnd copies no byte into it and no reader tests it"
Unk02006098Bits.unk0,field,unnamed-input,"a byte view of gUnk_02006098 (src/camtask_2d38c.c:27), an unnamed cell with several meanings (run 6 D)"
Unk02006098Bits.unk1,field,unnamed-input,same view of gUnk_02006098
Unk02006098Bits.unk2,field,unnamed-input,same view of gUnk_02006098
Unk02006098Bits.unk3,field,unnamed-input,the 8-bit field the room-palette chain resets to -1 (src/camtask_2d38c.c:285): same unnamed cell
Unk030023A8.unk00,field,identity,"players 0-2's bytes of gUnk_030023A8 (src/early_3888.c / 3964.c local view), the cell left with an identity reason"
Unk030023A8.unk03,field,identity,player 3's byte of gUnk_030023A8: same cell
Unk03004B00.unk0,field,never-accessed,fieldcensus: no access
Unk03004B00.unk4,field,never-accessed,fieldcensus: no access
Unk03004B00.unk8,field,write-only,sub_08029b30 stores RoomTaskHubLateUpdateBg23 (src/camera_296a0.c:218); nothing reads it (run 6 D: 'one unread store')
Unk_030023A8.unk0,field,identity,player 0's byte of gUnk_030023A8 (src/agb_init.c local view): same cell
Unk_030023A8.unk1,field,identity,player 1's byte of gUnk_030023A8: same cell
Unk_030023A8.unk2,field,identity,player 2's byte of gUnk_030023A8: same cell
Unk_030023A8.unk3,field,identity,player 3's byte of gUnk_030023A8: same cell
sub_080002a8,function,dead,"the ARM task-done check after TaskExit (asm/task_switch_helpers.s:57-74: returns unless gTaskSavedR0 == -1, then hangs if gTaskFlagsTable[gCurTaskIdx] != 0); no bl, pointer or data word references it (grep of asm/, data/, src/, include/, tools/split_config.json)"
sub_08000700,function,library,"not a function: AgbInit's compiler-emitted pool-skip branch (b 0x080008E8) before its literal pool, which the census lists because a data word points at it (docs/analysis/rom-map.md section 2, row 5)"
sub_080060c0,function,no-verb,"src/early_5d9c.c:185: TaskDrawScreen (src/early_5c4c.c:178) with a 32-px cull margin instead of 64 (x -31..271, y -31..191); one user (BombRallyPlayer's drawCallback, src/subgame_bda2c.c:690); the only word that separates it from TaskDrawScreen would be the margin number"
sub_08008cb8,function,identity,"src/gfx_08b8c.c:83: StageInit copies the 7 x 4 tiles gUnk_080D2AD0 over OBJ tiles 0x70E0.. of the common sheet; the render shows two large yellow stars (wip/B/d2ad0_new.png) whose user (which template reads tiles 903+) is not found, so 'which stars' has no source"
sub_080093cc,function,dead,"src/boot_091ac.c:102: a twin of BootLogoWait's skip test (A/B/START while a fade runs) that nothing calls, points at or lists"
sub_0800a178,function,unnamed-input,"src/hud_0a130.c:34: stores its argument into gUnk_0200801C for the local player in HUD mode 1 (PlayerActionGetAbility passes 0x7FFF); that cell is the ability panel's extent while it opens / closes and its frames left while open (HudUpdateAbilityPanel) - two meanings, unnamed"
sub_0800da74,function,unnamed-input,"src/menu_0d450.c:208: 1 when gLinkSessionMode is 1-3 and gLinkSetupMode == 2; gLinkSetupMode's values (2 = gMultiBootStruct.unk25 == 1, src/early_3964.c:183-186) are not named"
sub_0800ffd8,function,unnamed-input,"src/bgscroll_0fcbc.c:141: returns gMultiBootStruct[1] - 1, floored at 0; the byte's meaning (a link partner count) is not named"
sub_080109c8,function,identity,"CutsceneActorScript1's update: the three particles of gUnk_02007E90 (struct M04Spark) per player, started ahead and accelerating back (run 6 D): what they are needs a render"
sub_08012fe0,function,dead,"no call, slot or data word references it; body: TaskIntegrateMotion when moving, then the pixel position relative to the parent (TaskMoveRelativeToParent's shape)"
sub_08019ecc,function,restates,SetCameraFocus(its pixel position) alone: CutsceneFountainActorScript61's update
sub_0801a76c,function,dead,"no call, slot or data word references it; body: TaskMove, the player draw, layer 7, gPlayerFrames, a tile word and player record by index"
sub_0801c8dc,function,unnamed-input,"counts gTerrainProbeResult.unk0 up when the cell at the box top is solid and not one-way; unk0 holds two encodings (wall side 1 / 2 / 3 from the wall probes, this count), see its field row"
sub_0801f540,function,unnamed-input,TerrainCollideBoxWalls' right wall probe (file comment); the word that separates it from TerrainProbeWallRightOnGround / ...InAir rests on the unnamed gUnk_08732DF0 wall class 0xA0 and the one-way shape-class-1 corner cells it tests
sub_0801f6b0,function,unnamed-input,the left mirror of sub_0801f540 (TerrainCollideBoxWalls' left wall probe): same unnamed inputs
sub_0801f9b8,function,unnamed-input,TerrainCollideBoxCeilingAndFloor's landing probe; it tracks passable floor tiles in gTerrainProbeResult.unkB bits 0-2 (unnamed flag word): separating it from TerrainProbeLandingNoSlopeLink rests on those bits
sub_08020698,function,dead,"empty body, no referrer (the file comment says 'an empty dead export')"
sub_08021b70,function,dead,"no call, slot or data word references it (include/collision.h:328 only); body: gRoomMap[y >> 4][x >> 4].slopeIndex, 0 outside the room"
sub_08021c14,function,unnamed-input,"returns 1 for a water cell or a tile set whose gUnk_087339F0 entry is non-zero, else 0: the table gUnk_087339F0 is unnamed (callers Slippy and Kabu/Twister probes)"
sub_08021c74,function,unnamed-input,"the player's spawn-time floor and slope resolver (writes onGround, the one-way floor bytes into Task.unk84, re-seats the position); rests on gTerrainProbeResult.unk2 / unkB / unkC, unnamed"
sub_0802205c,function,unproven-bits,"stores into Task.unk84 the one-way slope / floor bits 4 (right), 2 (left), 1 (floor below) of gTerrainProbeResult.unkB at a player object's spawn: the word's bits are not all proven (0x10 / 0x20 / 0x80 elsewhere)"
sub_0802233c,function,unproven-bits,the point version of sub_0802205c (bits 4 / 2 of gTerrainProbeResult.unkB into Task.unk84): same flag word
sub_08022540,function,unnamed-input,"the fuse piece kind 0-5 of a cell: byte 3 (collisionTile) of the cell's second block record minus 56 (blockMetatiles[layer + 1]), -1 otherwise: rests on what that record holds for a fuse cell (unnamed); one caller CannonFuseStepCell"
sub_0802259c,function,unnamed-input,"returns 256 for a water cell plus gUnk_087335F0[tile] when the pixel is solid in the tile's shape: the attribute table gUnk_087335F0 is unnamed (one caller family, PlayerActionHammer)"
sub_080228c4,function,dead,"no call, slot or data word references it (include/collision.h:342 only)"
sub_08022f98,function,no-verb,"empty body (src/level_2296c.c:242), one caller (src/mode_0b44c.c:116): a hook with no job"
sub_08024904,function,dead,"slot gRoomTaskVariants[5], which no CreateRoomTask call selects (renames.csv RoomTaskSnapCameraToFocus: 'the unspawned variant 5'); body: no draw, RoomTaskSnapCameraToFocus, late update by gRoomBgLayout"
sub_08025e00,function,restates,CameraResetRoomView() alone (callers: the Warp Star camera paths)
sub_08025e0c,function,unnamed-input,"sets gRoomBounds[2] / gCameraBounds[2] to the room height - gRoomBorder[1] - 80, the players' bounds y0 76 px above it and gViewRect[2] 80 above: the role of RoomDef.unk54 room kind 5 (InitRoomBgLayout, src/room_27e28.c:107-115) and of WarpStarCameraPath24 that also calls it is not proven"
sub_080262e8,function,unnamed-input,"CreateMapEventBreakTwoBlocks at gUnk_08732638[a] (one caller, enemy_9ba44.c:209, by its variant): the block-pair position table is unnamed"
sub_08026704,function,unproven-bits,"sets task i's layer 15 and Task.spriteFlags 0x4000 (the door exits, like the player's own 0x4000 just before): the sprite-flag bit is unnamed"
sub_08026994,function,dead,"empty body, no referrer (the file comment: 'an empty dead export')"
sub_080269d8,function,unnamed-input,"pixel wrapper of sub_08031738 (cell x >> 4, y >> 4, record n passed through r2: 0 when the spark enters a fuse cell, 1 when CannonFuseRestore redraws it); what records 0 / 1 show is unnamed"
sub_08027548,function,unnamed-input,"raises gUnk_02007D60 (max 5, clears its 0x8000 bit) unless gUnk_02007D64 == 4, on a player's defeat: both cells are unnamed (run 5 G: the mid-boss retry count)"
sub_08027588,function,unnamed-input,"in a room of kind 4 (gUnk_0200B078) with gUnk_02006098[0] clear, CreateMapEvent(1) (MapEventFadeToNextRoomPalettes) and gUnk_02006098[0] |= 0x80; returns 1 when created (PlayerObjectLightOrb): the room kind code and gUnk_02006098 are unnamed"
sub_080275cc,function,unnamed-input,keeps the gUnk_02006098 room-palette chain of room kind 5 (Mr. Shine & Mr. Bright's callers) by its argument: gUnk_02006098's bytes are unnamed
sub_08029b30,function,unnamed-input,"draws the BG2/3 columns on both sides of the view, resets the stream position and the BG1 scroll and sets gUnk_03004B00.unk8 = RoomTaskHubLateUpdateBg23 (MapEventStageUnlockPan): Unk03004B00.unk8 is unnamed"
sub_0802d0c4,function,dead,no referrer (the file comment: 'a dead export'); both arms store CAMERA_MODE_FOLLOW_FOCUS
sub_0802d96c,function,unnamed-input,gMapEventVariants[4]: blends BG3 palettes between the rooms gUnk_087328BC[gUnk_02006098[1] / [2]] by the sign of gUnk_02006098[4]: the chain bytes of gUnk_02006098 are unnamed
sub_0802da8c,function,unnamed-input,"sub_0802d96c's per-frame update (the blend ratio, the chain step through gUnk_02006098[3]): same cell"
sub_0802f93c,function,unnamed-input,"Task_WarpStarStationDoorSign's draw: marker frame 1 while Task.unk18 is set, else open / closed by gDoorStates[].isOpen, then its frame with the sprite flags gUnk_020055D4: unk18 and gUnk_020055D4 are unnamed"
sub_0802fd98,function,unnamed-input,Task_WarpStarStationDoorSparkle's draw with the sprite flags gUnk_020055D4 (unnamed)
sub_08030254,function,identity,gStageEffectStates[0]: a short sprite animation of gUnk_0874CD54; what it shows needs a render
sub_080302cc,function,identity,gStageEffectStates[1]: a short sprite animation of gUnk_0874CD68; what it shows needs a render
sub_08030404,function,identity,gStageEffectStates[2]: a falling sprite animation (accelY -0x400); what it shows needs a render
sub_080304ec,function,identity,gStageEffectStates[5]: a rising sprite animation (velY -1.0); what it shows needs a render
sub_08030580,function,identity,gStageEffectStates[3]: a short sprite animation of gUnk_0874CDE0; what it shows needs a render
sub_08030604,function,identity,"gStageEffectStates[4] (the effect the cleared stage doors spawn, ApplyEntryDoorEvent): what it shows needs a render"
sub_08031310,function,no-verb,"1 when the cell's centre is inside the view rect widened by 16 px on the left, right and top - there is no bottom test: OnScreen / InView would claim more than it checks (CanBreakBlock's four arms)"
sub_08031738,function,unnamed-input,"BreakBlockAt's body without the tier test, for block record n of the cell (blockMetatiles + layer + n) with script gUnk_0873A47C[5] and chain attack 7: the fuse cells' records and script 5 are unnamed"
sub_08033414,function,no-verb,"the player's per-frame event step run from its draw: hit kind -> action requests, the Meta Knightmare sword / candy status bits, the high-fall request, the 8.8 pixel offsets: no one verb (run 6 C)"
sub_080337f4,function,no-verb,"empty body in gPlayerActions[59], an action nothing requests"
sub_080337f8,function,dead,"empty body, no referrer (the file comment: a dead export)"
sub_080337fc,function,no-verb,"empty body in gPlayerActions[60], an action nothing requests"
sub_08033800,function,dead,"empty body, no referrer (the file comment: a dead export)"
sub_08033804,function,no-verb,"empty body in gPlayerActions[61], an action nothing requests"
sub_08033808,function,no-verb,empty body in gPlayerActionHandlers[56]
sub_08034f70,function,no-verb,"gPlayerActions[22] (PLAYER_ACTION_22): clears PlayerState.terrainBox and runs PlayerActionFall, but nothing requests action 22, so no use proves the role"
sub_0803c9b4,function,identity,draws the three particles of gUnk_02007E90 (M04Spark) from the ability tiles (tile word + 0x180C): what they are needs a render
sub_0803d010,function,identity,returns 1 for Task.frame 1511-1515 (PlayerUpdateBlink skips the blink then): which pose those player frames show is not rendered
sub_0803db74,function,unnamed-input,"the player's status palette overrides by PlayerState.unk37 2 / 3 (a timed blend through unk3C) and by frame ranges 655-873 / 4369-4392 / 874-882, unless unk42 bit 0x10: unk37, unk3C and the unk42 bits are unnamed"
sub_0803ddc0,function,no-verb,"the player's Task.drawCallback, which also runs the event step sub_08033414 (action requests, hit reactions, the 8.8 offsets) before drawing: Draw would hide that"
sub_0803e28c,function,unproven-bits,while paletteFlashMode == 1 clears PlayerState.unk42 bits 0x10 / 0x200 and the halfwords at +0x1E / +0x20: those bits and fields are unnamed
sub_0803e55c,function,unnamed-input,"the shared fall step of seven ability actions: stop at ceiling / wall, SWIM request on a water crossing, else PlayerLand(1) + PlayerSetMotionXPreset(0, 72) on the ground or the presets Y 2 / X (11, 2) in the air: what the motion presets are is unnamed"
sub_0803e68c,function,unnamed-input,"StarRodPieceCollect's player set-up (layer by local player, the ground / air slide accelerations, PlayerState.unk42 = 64, mouth and mode cases 14 / 10): the unk42 value and the mode codes are unnamed"
sub_0803eaf8,function,unnamed-input,"the 2,820-byte frame -> (hi, lo) offset table for FIRE / SPARK / BURNING frames (0x5A5A none), read only by player effect 15's update (sub_080552fc, unnamed)"
sub_0803f834,function,unnamed-input,"copies 32 bytes into gUnk_02007F60 and marks pair a0 -1: gUnk_02007F60 has two users (the Crash blast's fade buffer), unnamed"
sub_080404e4,function,restates,"remaps PlayerState.mouthState 2 / 1 to codes 1 / 2 (0 otherwise and in Meta Knightmare) for its one caller's animation switch (PlayerActionEnterDoor, src/player_3919c.c:312)"
sub_08040858,function,unproven-bits,"sets PlayerState.unk40 bit 32 and unk42 bit 2 for a player (Nightmare Wizard's sword drop, src/enemy_aa338.c:1644-1652): the bits are unnamed"
sub_080408e4,function,no-verb,1 when any player is invincible with more than 240 frames left (PlayRoomBgm keeps the invincibility song then): the threshold's meaning has no proven word (run 5 / 6 reason)
sub_08040934,function,unnamed-input,frees both CreatePlayerEffect slot bands of a player (gUnk_0873AF3A) and lets sub_080409b8 recreate effect 15: effect 15 is unnamed
sub_080409b8,function,unnamed-input,recreates player effect 15 for FIRE / SPARK at the player: player effect variant 15 is unnamed
sub_08040a44,function,identity,"draws gUnk_087519CC over 11 frames of each ability row of gUnk_0873DB44 (local render run 6: ice, flame, lightning and balloon pieces): no one word"
sub_08050f80,function,identity,"the swinging trail behind the spit star and the Star Rod shots (frames 4-6 in room player modes 2 / 3, 8-10 otherwise): what the two trails show needs a render"
sub_080513d4,function,identity,"PlayerObjectSpitMultiStar's late trail (frames 24-26 every second step, an 8-step cycle): what it shows needs a render"
sub_08054de8,function,mixed,"player effect 14 (ability get): four forms by its spawn sub-state - a cloud band, a star burst, a blue orb, a star ring (gUnk_0874C67C) (run 6 B renders, local)"
sub_08054fe4,function,mixed,"player effect 15: two forms by the player's ability - flames rising around a FIRE player, sparks flickering around a SPARK player - looping until the ability changes (src/effect_54a80.c); several spawners (ability get, sub_080409b8)"
sub_080552fc,function,unnamed-input,"effect 15's update (frees it on an ability change, room exit or player modes 13 / 22; hides it in water or when sub_0803eaf8 has no offset); named after effect 15, which stays (mixed)"
sub_080553d4,function,unnamed-input,effect 15's late update (draws it at the offset sub_0803eaf8 gives); follows effect 15
sub_08055520,function,unnamed-input,"player effect 18 (gUnk_0874C980: a star shrinking to a twinkle, run 6 c980.png): created only by sub_080396a4 when the dying player falls below screen y 184 and PlayerState.unk37 != 2 (src/player_3919c.c:240-249); its event rests on the unnamed death branch / unk37"
sub_0805574c,function,unnamed-input,"player effect 19, created by sub_0805ddb0 at the dance start: draws gUnk_0874C784 at +-48 px from the player for 8 x 4 frames, then sets PlayerState.unk40 |= 0x80 (src/effect_55460.c); its end flag is an unnamed bit (unk40 bit 0x80)"
sub_080557d4,function,unnamed-input,effect 19's update (queues the two sprites at +-48 px); follows effect 19
sub_0805587c,function,no-verb,"player effect 20: white puffs of gUnk_0874C600 (run 6 render) by sub-mode 0 / 1 (a pair thrown backward, which spawns sub-mode 2) - one picture, used by several unrelated spawners (run 6 B: door exit, attack starts)"
sub_0805614c,function,identity,"player effect 24: cyan rings breaking (run 6 render), created only for hurt variant 3 (src/player_37ed8.c:443); the picture gives no defensible word and the hurt variants 1-3 have no consumer-proven names"
sub_08056300,function,unnamed-input,effect 24's helper; follows effect 24 (identity)
sub_08056320,function,identity,"player effect 25: orange smoke (run 6 render), the first hurt phase of hurt variants 1 and 2 (src/player_37ed8.c:281/354); no defensible word"
sub_08056428,function,unnamed-input,effect 25's helper; follows effect 25 (identity)
sub_080564ac,function,mixed,"player effect 27: forms by sub-mode 0 / 1 / 2 (it spawns 27 / 1 and 27 / 2 itself, src/effect_56448.c:59-60); spawned by the Backdrop hold and Stone (run 6 B) - no one picture"
sub_08056770,function,no-verb,"player effect 28: white puffs with sub-modes 0-4 and nine spawners (src/player_47fe8.c, player_4c64c.c, stage_43654.c ...): one picture, many uses"
sub_08056da8,function,unnamed-input,effect 28's helper; follows effect 28
sub_08057ad4,function,mixed,"player effect 34 (the Wheel's, src/player_46330.c:46/80): sub-mode 0 a red disc over the spinning player, 1 a spray of yellow sparks behind it (run 6 wheel0/wheel1.png)"
sub_08057c98,function,unnamed-input,effect 34's update; follows effect 34 (mixed)
sub_08058720,function,no-verb,"player effect 39: white puffs (gUnk_08751E00) with sub-modes 0 / 1, spawned by Needle / the down thrust and two stage helpers (src/player_47fe8.c:467, stage_43654.c:603): one picture, unrelated uses"
sub_08059570,function,mixed,player effect 42 (Hi-Jump): three frame tables by sub-state (run 6 B)
sub_08059aac,function,unnamed-input,effect 42's helper; follows effect 42 (mixed)
sub_08059b18,function,unnamed-input,effect 42's helper; follows effect 42 (mixed)
sub_08059d7c,function,mixed,"player effect 44 (the Ball's): five forms by the spawn word - 0x100 a flashing overlay, 0x200-0x400 trails while |velY| is large, 0x500-0x503 four bursts (src/player_4e78c.c:60-64, player_47fe8.c:638-641)"
sub_0805a320,function,unnamed-input,effect 44's update; follows effect 44 (mixed)
sub_0805acec,function,no-verb,"player effect 47: white puffs, sub-modes 0 / 1, four spawners in src/player_4c64c.c (Throw hold) - one picture, the role differs per spawner"
sub_0805ae00,function,unnamed-input,effect 47's helper; follows effect 47
sub_0805af80,function,unnamed-input,the late draw shared by effects 34 and 48 (draws only while PlayerState.mode == 13); follows effect 34 (mixed) and the unnamed mode 13
sub_0805b370,function,restates,"PlayerGoalGameInit's one-caller set-up step (src/effect_5afac.c:268-299): the first player loads the goal sheet and creates the seven signs and the camera; every player is placed on its lane and creates task #88, its spring and (with several players) its marker - 'SetUp' would only restate its caller"
sub_0805b83c,function,unnamed-input,"PlayerGoalGameLaunch's helper: counts consecutive goal games landing on layers 6, 5, ... 0 in gUnk_02006A14 and sets gUnk_02007D00[9] at 0 (run 6 E-notes) - rests on those two unnamed cells"
sub_0805b8f8,function,no-verb,"gPlayerGoalGameStates[5] and called by PlayerGoalGameLaunch: four 4-px rises with pauses, a hop, then Land (run 6 E-notes); no defined verb covers rise-and-hop"
sub_0805d564,function,identity,"task #88 body (TASK_88), created once per player by sub_0805b370 (src/effect_5afac.c:291) right after the player's goal-game start position is set; draws frame 0 of gUnk_087548A0 (goal sheet, tile word 0xB010) and loops gUnk_0874CDF8[0..3], the star overlay DrawDoors puts over an open door (src/door_26b60.c:192) - so 'a door at the start point' is the reading, but the main sprite renders as a 16 x 32 notched block (run 6 E t88_main_b11.png), WiKirby's Goal Game text has no door, and the start point rests on the first-frame read of the parent's pixel position: two sources at most"
sub_0805d5fc,function,unnamed-input,"task #88's draw callback (TaskDrawWorld + the door star overlay gUnk_0874CDF8[unk6C], src/effect_5afac.c:1488-1500); named after task #88, which stays (identity)"
sub_0805dba0,function,unnamed-input,"the entry of the dance-wait table gUnk_0873DEA0 (clears the callbacks and flip, gPlayerFrames, TaskStop, then CallTableEntry(state, 2, ...)); named after that table's states, which stay (pair)"
sub_0805dbfc,function,dead,"the one-line re-arm copy CallTableEntry(Task.state, 2, gUnk_0873DEA0) that nothing calls or lists (src/effect_5afac.c:1742)"
sub_0805dc18,function,pair,"gUnk_0873DEA0[0], the dance wait with several players: faces right and holds (or loops, for FIRE / SPARK / BURNING / TORNADO) the ability's pose gUnk_0873DEA8[ability]; twin gUnk_0873DEA0[1] (sub_0805dd88, one player, frame 146); the entering condition (gPlayerCount) is not one of R1's words"
sub_0805dd4c,function,unnamed-input,"the dance waits' update: with one active player, starts StartAllPlayersDance once the task in unk46 (the dance-start effect 19, created by sub_0805ddb0) is gone; rests on effect 19 (unnamed)"
sub_0805dd88,function,pair,"gUnk_0873DEA0[1], the dance wait with one player: frame 146, sleeps; twin sub_0805dc18"
sub_0805ddb0,function,unnamed-input,"StarRodPieceStartDance's per-player step: creates effect 19 (kept in unk46), effect 17 PlayerEffectAbilityLoss for a lasting ability, then ability = NORMAL and PlayerState.mode = 22; rests on effect 19 and mode 22 (unnamed)"
sub_0805df9c,function,unnamed-input,"PlayerWalkToDanceSpotUpdate's arrival step: state 0 (several players) or 1 (one), TaskSetEntry(sub_0805dba0), PlayerState.unk16 = 2 (src/effect_5afac.c); rests on the unnamed unk16 value and the unnamed wait table gUnk_0873DEA0"
sub_0805e2d4,function,no-verb,"the dance choreography shared by gPlayerDances[0] and [6] (src/data/game_tables.c:515), picked by RandomRange(7) in PlayerDanceInGoalGame; a choreography has no word, and two slots share it (no slot name)"
sub_080641b0,function,dead,"no call, slot or data word references it (only include/actor.h:372); body: ArcTan2 angle >> 7 from (x0, y0) to (x1, y1) and the vector * mag into gUnk_030023B4 / gUnk_030023D4"
sub_08065dd0,function,unnamed-input,copies palette gUnk_0873F01C[i] into OBJ bank slot; i is RoomObjectGfxSlot.unk0 (unnamed) and gUnk_0873F01C is unnamed; one caller sub_080b5558
sub_08065dfc,function,unnamed-input,"copies palette gUnk_0825CA44 into OBJ bank slot; one caller, room object kind 2 with unk2 == 1 (hud_b5024.c:193-195): the entry field and the palette's picture are unnamed"
sub_0806601c,function,no-verb,"returns the boss / mid-boss VRAM size record (gUnk_0873F0C4 / gUnk_0873F138[subtype]: tile units, palette banks) for ActorInitBossGfx AND sets Actor.palette from gMidBossPaletteVariants for a mid-boss variant: Get would hide the store; one caller"
sub_08066144,function,unnamed-input,"clears gUnk_02007D00[10], gUnk_02006190[8], gUnk_02006040[10] and the boss hit-stun hooks: the three arrays are unnamed multi-user cells (run 6 D-notes)"
sub_08066544,function,restates,"ActorSetAttackBox(Actor.unk60->altAttackBox) + ActorShowHpBar: the name would restate its two calls (callers: boss intros ActorIntroPoseUntilHpBarFull, Task_MetaKnights, MetaKnightIntro, KrackoIntro, NightmareWizardState0, Task_HeavyMole)"
sub_08066580,function,restates,ActorShowHpBar + ActorSetAttackBox(def->attackBox) (= ActorResetAttackBox): the name would restate its two calls (callers: the eight mid-bosses' bodies and intros
sub_08066988,function,unnamed-input,"BossDefeatSweep's per-task step: releases an attached actor and destroys it when PlayerState.unk16 + 2 <= 1, else ActorDie with hitEffect 0: rests on the unnamed PlayerState.unk16 (two endings)"
sub_08068950,function,unnamed-input,"stores x, y, -facing into gUnk_02007D00[2..4] for HeldPlayerSpitBounceOff (one caller sub_080a49cc): gUnk_02007D00 is an unnamed multi-user array"
sub_080694e0,function,dead,"no call, slot or data word references it (only include/actor.h:552); body: ActorGetTerrainBox then sub_0802205c"
sub_0806aa0c,function,no-verb,"empty body in gActorDefeatFrozenStateUpdates[2]; no frozen state stores updateState = 2 (ActorDefeatFrozenBurst clears the update hook), so the pair name does not apply (lesson 4.160)"
sub_0806b40c,function,dead,"empty body, no referrer (only include/actor.h)"
sub_0806b95c,function,no-verb,"ActorAttachToHitter's common step for its three cases: the player's catchKind = 1 (except enemy subtype 40), drops the extra-sprite draw, hit reactions gUnk_0873F92C (unnamed) unless a mid-boss, saves the palette bits, palette restore delay 2, Actor.attachEffect = hitEffect: several unrelated stores, no defined verb"
sub_0806bb34,function,unnamed-input,"ActorAttachedEnterState's step: frame 1 for the Swallow state, 2 for BackdropHeld / PullIn, and OBJ palette bank 15 in the tile word: what frames 1 / 2 and bank 15 show is not proven"
sub_0806bc9c,function,no-verb,"ActorAwardScore(parent, 1), then marks the carrier holding (heldCount = attachedCount = 1) or, when it already holds, the actor as an extra mouthful (actorMouthFull = 1): two jobs, no defined verb; callers ActorAttachedBackdropHeld, ActorAttachedPullIn"
sub_0806ee2c,function,no-verb,"empty body (src/actor_6e0f0.c:647) called from 15 places (teardowns, hit reactions, RoomParticles): only a vague word (Nop, Stub) would fit"
sub_08070208,function,restates,"PlayerWarpStarRideState2's set-up (TaskCopyParentPixelPos, taskClass 4, no late hook, PlayerSetWarpStarRideFrame): its one caller's step"
sub_08070ffc,function,restates,"MetaKnightWarpStarRideState2's set-up (copy parent pos, class 4, hidden): its one caller's step"
sub_08071774,function,no-verb,"empty body in gWarpStarStateUpdates[2]; WarpStarVanish clears the update hook and stores no updateState = 2, so the pair name does not apply"
sub_08071d2c,function,dead,"only caller sub_080743cc, which nothing references; body: sound 219, TaskSetMotionY(+3.0 px, -0x4000, 3.0), 4 frames, sound 216, unk24 = 0"
sub_080743cc,function,dead,"no call, slot or data word references it (include/cutscene.h:276 only); body: updateState 25, sub_08071d2c, speedLimitY 5.0, sleep"
sub_080745d0,function,restates,"TaskExitTrampoline alone (gWarpStarCameraPaths[7], [9], [16], [19], [22]: the routes whose camera needs no path)"
sub_08074628,function,restates,TaskStop + TaskExitTrampoline (gWarpStarCameraPaths[1] and [3])
sub_08074e8c,function,unnamed-input,copies BG palette bank 8 on (2 x 128 halfwords) into gUnk_02005E10 and two OBJ ranges into gObjPaletteBlendBase for Task_NightmarePowerOrbEscape's fades: gUnk_02005E10 is an unnamed buffer with another user (sub_080b5558)
sub_08074ee0,function,unproven-bits,sets / clears PlayerState.unk42 bit 0x10 for every active player: that flag word's bits are not proven
sub_08074f48,function,unnamed-input,"by level 0-3 blends the saved palettes (gUnk_02005E10, gObjPaletteBlendBase) toward gUnk_0873FD98 / gUnk_0873FE98 (96/64, 192/128, 256/256, 0/0) and sets PlayerState.unk42 bit 0x10 (clears it at 3): the blend targets' picture and the bit are unnamed"
sub_080761b4,function,dead,"no call, slot or data word references it (include/cutscene.h only); body: DISPCNT / backdrop flashes with gUnk_08740098"
sub_08076454,function,restates,"PlayerCannonWait's set-up (seat, pose cells, camera focus): its one caller's step"
sub_080764f8,function,restates,"PlayerCannonWaitUpdate's step (A -> PlayerJumpOutOfCannon, Down -> pose dir, PlayerCannonStepPose): its one caller's step"
sub_080766ac,function,restates,"PlayerCannonLaunchUp's set-up (hidden 25 frames, PlayerCannonSetLaunchVelocityFacing(384), tumble, camera): its one caller's step"
sub_08076710,function,restates,"PlayerCannonLaunchUpRight's set-up (barrel offset, PlayerCannonSetLaunchVelocity(448), tumble): its one caller's step"
sub_08076798,function,restates,"PlayerCannonLaunchShort's set-up (velocity at 384, standing frame, 10-frame timer): its one caller's step"
sub_080768c8,function,restates,"PlayerCannonArrive's set-up (fall-in motion, land count, rider spread, DisablePause): its one caller's step"
sub_08076958,function,unnamed-input,"PlayerCannonLaunchShort's pose loop: for 12 abilities toggles the standing frame gUnk_0873D384[ability] and +1 every 2 frames forever, else sleeps: what the two frames show (and gUnk_0873D384) is not rendered"
sub_08076a58,function,no-verb,"PlayerCannonState5's body (Meta Knight after his first cannon touchdown): a scripted skid, hop and back-and-forth slide with frames 0x1255-0x1263, then PlayerEndRideLanding: no defined verb (not Land: it moves)"
sub_08076c00,function,no-verb,"Meta Knight's cannon touchdown counter (PlayerCannonArriveUpdate / state 5's update): the first touchdown plays sound 153, shakes, bursts and enters state 5, the second shows frame 0x1264: counts and starts states, no defined verb"
sub_0807717c,function,restates,"CannonLaunchShort's blast (a puff when empty, smoke 2, shake, sound 296): its one caller's step"
sub_080771b0,function,restates,"CreateCannonSmoke(2, 2) + RequestScreenShake(4): restates its two calls (CannonLaunchUp)"
sub_080771c4,function,restates,"CreateCannonSmoke(3, 3) + RequestScreenShake(4): restates its two calls (CannonLaunchUpRight)"
sub_08077cd4,function,restates,"frame 1, FreezeStage(15), SetRoomUpdateFlags(2): BigSwitchStartPress's step"
sub_08078258,function,dead,"no call, slot or data word references it; body: QueueSprite of gUnk_08752E00[gUnk_087404A0[row][step].frame] (RoomParticleDrawFixed's twin for the other sheet)"
sub_080786b4,function,identity,"RoomParticlesVariant0's per-frame update (8 particles, RoomParticleStepX): its name follows the particles' identity (no render, no public text this round)"
sub_08078734,function,identity,"RoomParticlesVariant1's update (8 particles, RoomParticleStepY row 0): waits on the particles' identity"
sub_080787b8,function,identity,"RoomParticlesVariant2's update (3 particles, row 2): waits on the particles' identity"
sub_0807883c,function,identity,"RoomParticlesVariant3's update (4 particles, row 1): waits on the particles' identity"
sub_080788e0,function,identity,"RoomParticlesVariant4's update (rows 3 and 4, 3 particles each): waits on the particles' identity"
sub_08078b68,function,no-verb,"Waddle Dee's walk-frame ping-pong (frames 4-8), shared by six states of three families' rows; a frame loop several states share (no frame-loop naming pattern; as Starman's sub_08081814)"
sub_080794d0,function,dead,TaskTurnAroundAndReverseX; return 0 - a dead export (src/enemy_78b68.c:42 comment; no table or call)
sub_08079a70,function,unnamed-input,"gBomberTerrainHandlers[5] (enters BOMBER_STATE_2): an ActorHandlers.unk14 slot (called when on the ground and gTerrainResult[3] & 1, src/actor_692fc.c); that event is unnamed"
sub_08079eec,function,restates,Sparky: a random sparkyJumpIndex (0-2) and ActorSetState(arg); one caller sub_08079f18
sub_08079f18,function,no-verb,"Sparky's pick: far player (> 64 px) -> sub_08079eec, near -> 1 in 4 state 0, else sub_08079eec; callers SparkyPickNextState / PickStartState; no verb beyond Pick, which its callers carry"
sub_0807a8fc,function,restates,ScarfyHover's set-up: scarfyWaveSign by variant (and the anim for variant 0)
sub_0807aa5c,function,restates,"ScarfyHover's velY wave from gUnk_08740864 / gUnk_087408AC (one caller, its loop)"
sub_0807b058,function,unnamed-input,"gSwordAndBladeKnightTerrainHandlers[5]: an ActorHandlers.unk14 slot (called when on the ground and gTerrainResult[3] & 1, src/actor_692fc.c); that event is unnamed"
sub_0807b11c,function,restates,the two rows' Init reset: a list of field clears and ActorSetState(0) (run 6 F)
sub_0807b144,function,no-verb,"starts the anim gUnk_0874099C when none runs, used walking and standing alike (run 6 F: not a walk anim)"
sub_0807b200,function,unnamed-input,"the Walk row's reaction to the nearest task in slots 4-15 (sub_08063a2c, unnamed) that enters state 6"
sub_0807bd60,function,dead,TaskFaceNearestPlayer + TaskSetEntry(NeedlousEnterState): a dead export
sub_0807bed4,function,unnamed-input,"gNeedlousTerrainHandlers[5]: an ActorHandlers.unk14 slot (called when on the ground and gTerrainResult[3] & 1, src/actor_692fc.c); that event is unnamed"
sub_0807bf0c,function,restates,"NeedlousWalk's set-up (timers, anim, attack box once, X motion); one caller"
sub_0807bf74,function,restates,"NeedlousBounce1's body (curl, velY -3 jump, frames, anim); one caller"
sub_0807bfd0,function,restates,NeedlousBounce2's body (velY -2 jump); one caller
sub_0807c000,function,restates,NeedlousBounce3's body (velY -1 jump); one caller
sub_0807c030,function,restates,"NeedlousDash's set-up (timers, speed, attack box, sound 199); one caller"
sub_0807c4d4,function,restates,"UFOInit's set-up (UFO_STATE_PICK_MOVE, counters, anim, palette anim); one caller"
sub_0807cbf4,function,no-verb,"the step Parasol Rise and Chase share (hittable flags, a velX from the angle to the player, frames 9 / 8); no defined verb"
sub_0807cff0,function,restates,TaskSetEntry(ActorDie): gParasolVariants[3]'s body
sub_0807d384,function,no-verb,"gUFOLaserStateUpdates[1], an empty body; its pair name would follow the unnamed UFO Laser state 1"
sub_0807dd10,function,no-verb,"Rocky's resting frame script (frame 12 with three short frame-13 flickers, about 200 frames), shared by RockyWalkState1, RockyIdle and RockyStandState1; a frame loop several states share (no frame-loop naming pattern; as Starman's sub_08081814)"
sub_0807e484,function,no-verb,Sir Kibble's frame loop shared by SirKibbleWait and SirKibbleIdle; a frame loop several states share (no frame-loop naming pattern; as Starman's sub_08081814)
sub_0807e4cc,function,unnamed-input,"gSirKibbleTerrainHandlers[4] (hit wall) and [5] (unk14): faces the player and reverses the X motion - two slots, one of them the unnamed unk14 event"
sub_0807ef7c,function,no-verb,Cool Spook's velY wave loop shared by CoolSpookFly and CoolSpookBob; a frame loop several states share (no frame-loop naming pattern; as Starman's sub_08081814)
sub_0807f6a8,function,unnamed-input,"1 when the four sub_08021c14 samples around the actor's terrain box at (x, y) are all 0 (src/enemy_7f044.c:410-450; KabuTeleport, TwisterState2): its meaning is sub_08021c14's, which is unnamed"
sub_08080b2c,function,no-verb,Hot Head's frame ping-pong (4-8) shared by five states; a frame loop several states share (no frame-loop naming pattern; as Starman's sub_08081814)
sub_08080f34,function,no-verb,"StarmanAmbush state 1: the leap that flies up off the view steering at the player; Ascend is Mr. Shine's, no defined verb (run 6 F)"
sub_08080fa4,function,unnamed-input,StarmanAmbush update 1; follows state 1 (sub_08080f34)
sub_080812f0,function,mixed,"StarmanAmbush state 4: the ledge fall in flight frames, then a dust-trail slide to a stop - two jobs (run 6 F)"
sub_080813a4,function,unnamed-input,StarmanAmbush update 4; follows state 4
sub_08081814,function,no-verb,"Starman's walk-frame loop shared by StarmanAmbushWalk, StarmanJumpWalk and StarmanIdle; a frame loop several states share (no frame-loop naming pattern; as Starman's sub_08081814)"
sub_08081884,function,unnamed-input,"gStarmanTerrainHandlers[5]: an ActorHandlers.unk14 slot (called when on the ground and gTerrainResult[3] & 1, src/actor_692fc.c); that event is unnamed"
sub_08081e64,function,unnamed-input,Poppy Bros. Jr.'s hop / walk check on gTerrainResult[4] (stored in unk1C) by facing; the terrain class is unnamed
sub_08082548,function,restates,gPoppyBrosJrRideIdleStateUpdates[0]: one call to PoppyBrosJrRiderHopUpdate
sub_08082cc4,function,no-verb,"Wheelie's frame loop (frames 6, 4, 6, 5 scaled by wheelieFrameScale, for ever), shared by WheelieRollLoop, WheelieWait, WheelieFall and WheelieIdle (src/enemy_820b8.c); a frame loop that several states share has no naming pattern yet (as Starman's sub_08081814)"
sub_08082db0,function,unnamed-input,"gWheelieTerrainHandlers[5] (stops the skid, wheelieSkidStopped = 1): an ActorHandlers.unk14 slot (called when on the ground and gTerrainResult[3] & 1, src/actor_692fc.c); that event is unnamed"
sub_08083bbc,function,unnamed-input,Flamer's crawl probe (FlamerCrawlUpdate) over the offset tables gUnk_0874168C / gUnk_08741690 by flamerCrawlDir; the probe's classes are unnamed
sub_08083dfc,function,no-verb,Flamer's frame loop shared by states 3 and 6; a frame loop several states share (no frame-loop naming pattern; as Starman's sub_08081814)
sub_08084248,function,restates,"gHotHeadFireBreathStateUpdates[0], empty; its pair name would be the row's own Update (run 6 F)"
sub_080843f8,function,restates,"gHotHeadFireBallStateUpdates[0], empty; its pair name would be the row's own Update"
sub_08086444,function,no-verb,gBrontoBurtWeaveStateUpdates[0]: the Weave state's update; its pair name would be the row's own Update (run 6 A)
sub_080873b0,function,no-verb,gTwizzyWeaveStateUpdates[0]: same as Bronto Burt's
sub_08088054,function,pair,"TwizzyHopToChase state 0 (src/enemy_88000.c:44-78): a 15-frame wait that faces the player and picks Jump / WaitShort / WaitLong at random; Wait would be its third Wait, and R1's words give no qualifier for it (its update alone checks the player); twins TwizzyHopToChaseWaitShort / ...WaitLong"
sub_080880fc,function,unnamed-input,"TwizzyHopToChase update 0 (src/enemy_88000.c:80-96): re-enters on a state change and starts the TakeOff when a player is within gUnk_0874269C / gUnk_087426A4[actorSpawnArg]; its name follows state 0, which stays"
sub_08088aec,function,no-verb,"EnterState; Squishy row 1 (src/enemy_88000.c:526-624): placed 80 px from the nearest player, rises with terrain collision off until sub_08021c14 finds a free tile, jumps once at him, lands, then shoots straight up with collision off and leaves the view; 'Leap' fits both its jumps (in and away), and no defined word covers rise + jump + leave (R2 failed; 3 placements, L6S5R4)"
sub_08088b10,function,no-verb,"Update (terrain collision only while squishyCollideTerrain); Squishy row 1 (src/enemy_88000.c:526-624): placed 80 px from the nearest player, rises with terrain collision off until sub_08021c14 finds a free tile, jumps once at him, lands, then shoots straight up with collision off and leaves the view; 'Leap' fits both its jumps (in and away), and no defined word covers rise + jump + leave (R2 failed; 3 placements, L6S5R4)"
sub_08088b58,function,no-verb,"state 0: the rise; Squishy row 1 (src/enemy_88000.c:526-624): placed 80 px from the nearest player, rises with terrain collision off until sub_08021c14 finds a free tile, jumps once at him, lands, then shoots straight up with collision off and leaves the view; 'Leap' fits both its jumps (in and away), and no defined word covers rise + jump + leave (R2 failed; 3 placements, L6S5R4)"
sub_08088b98,function,no-verb,"update 0: free tile -> state 1; Squishy row 1 (src/enemy_88000.c:526-624): placed 80 px from the nearest player, rises with terrain collision off until sub_08021c14 finds a free tile, jumps once at him, lands, then shoots straight up with collision off and leaves the view; 'Leap' fits both its jumps (in and away), and no defined word covers rise + jump + leave (R2 failed; 3 placements, L6S5R4)"
sub_08088bd8,function,no-verb,"state 1: the jump at the player; Squishy row 1 (src/enemy_88000.c:526-624): placed 80 px from the nearest player, rises with terrain collision off until sub_08021c14 finds a free tile, jumps once at him, lands, then shoots straight up with collision off and leaves the view; 'Leap' fits both its jumps (in and away), and no defined word covers rise + jump + leave (R2 failed; 3 placements, L6S5R4)"
sub_08088ca0,function,no-verb,"update 1, empty; Squishy row 1 (src/enemy_88000.c:526-624): placed 80 px from the nearest player, rises with terrain collision off until sub_08021c14 finds a free tile, jumps once at him, lands, then shoots straight up with collision off and leaves the view; 'Leap' fits both its jumps (in and away), and no defined word covers rise + jump + leave (R2 failed; 3 placements, L6S5R4)"
sub_08088ca4,function,no-verb,"state 2: the jump away; Squishy row 1 (src/enemy_88000.c:526-624): placed 80 px from the nearest player, rises with terrain collision off until sub_08021c14 finds a free tile, jumps once at him, lands, then shoots straight up with collision off and leaves the view; 'Leap' fits both its jumps (in and away), and no defined word covers rise + jump + leave (R2 failed; 3 placements, L6S5R4)"
sub_08088ce4,function,no-verb,"update 2, empty; Squishy row 1 (src/enemy_88000.c:526-624): placed 80 px from the nearest player, rises with terrain collision off until sub_08021c14 finds a free tile, jumps once at him, lands, then shoots straight up with collision off and leaves the view; 'Leap' fits both its jumps (in and away), and no defined word covers rise + jump + leave (R2 failed; 3 placements, L6S5R4)"
sub_08088efc,function,no-verb,"SquishyJumpToWalk state 1 (src/enemy_88000.c:710-717): entered only by SquishyHitCeiling case 2; velY = 0, 24 frames, back to the Jump - a pause under the ceiling; no defined verb (BounceOffCeiling is Bubbles' bounce, this one stops)"
sub_08088f24,function,unnamed-input,"SquishyJumpToWalk update 1: re-enters on a state change; named after state 1 (sub_08088efc), which stays"
sub_08089530,function,restates,gBubblesStateUpdates[2]: velY += accelY
sub_080896ec,function,no-verb,"gBubblesTerrainHandlers[0], the land hook (enters BUBBLES_STATE_LAND unless in it); its slot word Land is the state's name BubblesLand"
sub_0808abf4,function,no-verb,BlipperChase update 0 (steers at the player every 8 frames); its pair name would be the row's own Update
sub_0808acdc,function,no-verb,BlipperChase state 1 (a stroke loop by blipperStroking; its update steers at angle + 9): no defined verb (run 6 F)
sub_0808ad20,function,unnamed-input,BlipperChase update 1; follows state 1
sub_0808aeec,function,no-verb,BlipperWave update 0 (anim tick; the Leap check for variants 3 / 4); its pair name would be the row's own Update
sub_0808af34,function,no-verb,"Blipper row 2: rises in three zigzag cycles to the surface, then sinks about 140 frames (run 6 F): a vertical patrol, no defined row word"
sub_0808afac,function,unnamed-input,Blipper row 2's re-arm entry; follows the unnamed row
sub_0808afd0,function,unnamed-input,Blipper row 2's update; follows the unnamed row
sub_0808b008,function,unnamed-input,Blipper row 2 state 0 (the zigzag rise); follows the unnamed row
sub_0808b094,function,unnamed-input,Blipper row 2 update 0; follows the unnamed row
sub_0808b120,function,unnamed-input,Blipper row 2 state 1 (the sink); follows the unnamed row
sub_0808b1a8,function,unnamed-input,Blipper row 2 update 1; follows the unnamed row
sub_0808b28c,function,no-verb,"BlipperLeap state 0, the buoyant swim (upward accelY, a turn every 192 frames) (run 6 F)"
sub_0808b2fc,function,no-verb,BlipperLeap update 0; its pair name would be the row's own Update
sub_0808b468,function,no-verb,BlipperLeap update 1 (BlipperLeap's); its pair name BlipperLeapUpdate is the row's hook
sub_0808b4d0,function,mixed,the turn timer and the leap check in one body (run 6 F)
sub_0808b5b4,function,no-verb,Blipper's out-of-water flop and its four hops (sub_0808b650 / 704 / 79c / 830); Flop is not defined (run 6 F)
sub_0808b650,function,unnamed-input,one of the flop's four hops; follows sub_0808b5b4
sub_0808b704,function,unnamed-input,one of the flop's four hops; follows sub_0808b5b4
sub_0808b79c,function,unnamed-input,one of the flop's four hops; follows sub_0808b5b4
sub_0808b830,function,unnamed-input,one of the flop's four hops; follows sub_0808b5b4
sub_0808b8c4,function,unnamed-input,the flop's update (back in the water: TaskSetEntry of the variant's Init); follows sub_0808b5b4
sub_0808d388,function,unnamed-input,"gBroomHatterTerrainHandlers[5] (unk18 / unk2C scratch): an ActorHandlers.unk14 slot (called when on the ground and gTerrainResult[3] & 1, src/actor_692fc.c); that event is unnamed"
sub_0808d460,function,restates,sets or clears SPRITE_FLAG_FLIP_X by facing (one line each way)
sub_0808d494,function,no-verb,Actor.extraFrame = 9 (run 6 F: a frame ordinal or an unproven noun - the broom's specks)
sub_0808d4a8,function,no-verb,Actor.extraFrame = 8 (as sub_0808d494)
sub_0808d4bc,function,no-verb,Actor.extraFrame = 10 (as sub_0808d494)
sub_0808d4d0,function,no-verb,Actor.extraFrame = -1 (as sub_0808d494)
sub_0808d58c,function,unnamed-input,"Broom Hatter row 0 (its Update) (no row word, R2 failed): rows 0 and 1 run the same three states (a forward sweep, a back-and-forth sweep, a fall) with other frame timings; row 1 only gates its X motion on broomHatterLanded, which BroomHatterLand sets at its first ground contact, and all 21 room placements (row 1: L3S4R2 (216, 40)) stand one block above solid ground (wip/B/coll.py) - so the states would need a row word that nothing proves"
sub_0808d624,function,unnamed-input,"Broom Hatter row 0 (its EnterState) (no row word, R2 failed): rows 0 and 1 run the same three states (a forward sweep, a back-and-forth sweep, a fall) with other frame timings; row 1 only gates its X motion on broomHatterLanded, which BroomHatterLand sets at its first ground contact, and all 21 room placements (row 1: L3S4R2 (216, 40)) stand one block above solid ground (wip/B/coll.py) - so the states would need a row word that nothing proves"
sub_0808d640,function,unnamed-input,"Broom Hatter row 0, state 0 (no row word, R2 failed): rows 0 and 1 run the same three states (a forward sweep, a back-and-forth sweep, a fall) with other frame timings; row 1 only gates its X motion on broomHatterLanded, which BroomHatterLand sets at its first ground contact, and all 21 room placements (row 1: L3S4R2 (216, 40)) stand one block above solid ground (wip/B/coll.py) - so the states would need a row word that nothing proves"
sub_0808d764,function,unnamed-input,"Broom Hatter row 0, update 0 (no row word, R2 failed): rows 0 and 1 run the same three states (a forward sweep, a back-and-forth sweep, a fall) with other frame timings; row 1 only gates its X motion on broomHatterLanded, which BroomHatterLand sets at its first ground contact, and all 21 room placements (row 1: L3S4R2 (216, 40)) stand one block above solid ground (wip/B/coll.py) - so the states would need a row word that nothing proves"
sub_0808d790,function,unnamed-input,"Broom Hatter row 0, state 1 (no row word, R2 failed): rows 0 and 1 run the same three states (a forward sweep, a back-and-forth sweep, a fall) with other frame timings; row 1 only gates its X motion on broomHatterLanded, which BroomHatterLand sets at its first ground contact, and all 21 room placements (row 1: L3S4R2 (216, 40)) stand one block above solid ground (wip/B/coll.py) - so the states would need a row word that nothing proves"
sub_0808d938,function,unnamed-input,"Broom Hatter row 0, update 1 (no row word, R2 failed): rows 0 and 1 run the same three states (a forward sweep, a back-and-forth sweep, a fall) with other frame timings; row 1 only gates its X motion on broomHatterLanded, which BroomHatterLand sets at its first ground contact, and all 21 room placements (row 1: L3S4R2 (216, 40)) stand one block above solid ground (wip/B/coll.py) - so the states would need a row word that nothing proves"
sub_0808d964,function,unnamed-input,"Broom Hatter row 0, state 2 (no row word, R2 failed): rows 0 and 1 run the same three states (a forward sweep, a back-and-forth sweep, a fall) with other frame timings; row 1 only gates its X motion on broomHatterLanded, which BroomHatterLand sets at its first ground contact, and all 21 room placements (row 1: L3S4R2 (216, 40)) stand one block above solid ground (wip/B/coll.py) - so the states would need a row word that nothing proves"
sub_0808d9fc,function,unnamed-input,"Broom Hatter row 0, update 2 (no row word, R2 failed): rows 0 and 1 run the same three states (a forward sweep, a back-and-forth sweep, a fall) with other frame timings; row 1 only gates its X motion on broomHatterLanded, which BroomHatterLand sets at its first ground contact, and all 21 room placements (row 1: L3S4R2 (216, 40)) stand one block above solid ground (wip/B/coll.py) - so the states would need a row word that nothing proves"
sub_0808da34,function,unnamed-input,"Broom Hatter row 1 (its Update) (no row word, R2 failed): rows 0 and 1 run the same three states (a forward sweep, a back-and-forth sweep, a fall) with other frame timings; row 1 only gates its X motion on broomHatterLanded, which BroomHatterLand sets at its first ground contact, and all 21 room placements (row 1: L3S4R2 (216, 40)) stand one block above solid ground (wip/B/coll.py) - so the states would need a row word that nothing proves"
sub_0808dacc,function,unnamed-input,"Broom Hatter row 1 (its EnterState) (no row word, R2 failed): rows 0 and 1 run the same three states (a forward sweep, a back-and-forth sweep, a fall) with other frame timings; row 1 only gates its X motion on broomHatterLanded, which BroomHatterLand sets at its first ground contact, and all 21 room placements (row 1: L3S4R2 (216, 40)) stand one block above solid ground (wip/B/coll.py) - so the states would need a row word that nothing proves"
sub_0808dae8,function,unnamed-input,"Broom Hatter row 1, state 0 (no row word, R2 failed): rows 0 and 1 run the same three states (a forward sweep, a back-and-forth sweep, a fall) with other frame timings; row 1 only gates its X motion on broomHatterLanded, which BroomHatterLand sets at its first ground contact, and all 21 room placements (row 1: L3S4R2 (216, 40)) stand one block above solid ground (wip/B/coll.py) - so the states would need a row word that nothing proves"
sub_0808dc68,function,unnamed-input,"Broom Hatter row 1, update 0 (no row word, R2 failed): rows 0 and 1 run the same three states (a forward sweep, a back-and-forth sweep, a fall) with other frame timings; row 1 only gates its X motion on broomHatterLanded, which BroomHatterLand sets at its first ground contact, and all 21 room placements (row 1: L3S4R2 (216, 40)) stand one block above solid ground (wip/B/coll.py) - so the states would need a row word that nothing proves"
sub_0808dc94,function,unnamed-input,"Broom Hatter row 1, state 1 (no row word, R2 failed): rows 0 and 1 run the same three states (a forward sweep, a back-and-forth sweep, a fall) with other frame timings; row 1 only gates its X motion on broomHatterLanded, which BroomHatterLand sets at its first ground contact, and all 21 room placements (row 1: L3S4R2 (216, 40)) stand one block above solid ground (wip/B/coll.py) - so the states would need a row word that nothing proves"
sub_0808de90,function,unnamed-input,"Broom Hatter row 1, update 1 (no row word, R2 failed): rows 0 and 1 run the same three states (a forward sweep, a back-and-forth sweep, a fall) with other frame timings; row 1 only gates its X motion on broomHatterLanded, which BroomHatterLand sets at its first ground contact, and all 21 room placements (row 1: L3S4R2 (216, 40)) stand one block above solid ground (wip/B/coll.py) - so the states would need a row word that nothing proves"
sub_0808debc,function,unnamed-input,"Broom Hatter row 1, state 2 (no row word, R2 failed): rows 0 and 1 run the same three states (a forward sweep, a back-and-forth sweep, a fall) with other frame timings; row 1 only gates its X motion on broomHatterLanded, which BroomHatterLand sets at its first ground contact, and all 21 room placements (row 1: L3S4R2 (216, 40)) stand one block above solid ground (wip/B/coll.py) - so the states would need a row word that nothing proves"
sub_0808df54,function,unnamed-input,"Broom Hatter row 1, update 2 (no row word, R2 failed): rows 0 and 1 run the same three states (a forward sweep, a back-and-forth sweep, a fall) with other frame timings; row 1 only gates its X motion on broomHatterLanded, which BroomHatterLand sets at its first ground contact, and all 21 room placements (row 1: L3S4R2 (216, 40)) stand one block above solid ground (wip/B/coll.py) - so the states would need a row word that nothing proves"
sub_0808e0d0,function,mixed,"Laser Ball: the target X and the 8-way direction to it, two outputs (run 6 F)"
sub_0808ed0c,function,dead,a byte-for-byte twin of ParasolShotzoReactToDefeat that nothing references (src/enemy_8e404.c:32)
sub_0808fa04,function,dead,TaskTurnAroundAndReverseX; return 0 - a dead export (src/enemy_8f41c.c:26)
sub_08091a30,function,no-verb,src/enemy_9113c.c:441: the hop frames 4-6-8-9-7-5 at poppyBrosSrFrameDelay with head animation 0; played on the forward hops (and states 4 / 5's first jump): a pose sequence
sub_08091a98,function,no-verb,"src/enemy_9113c.c:471: the hop frames 5-7-9-8-6-4 with head animation 1; the back hops and states 4 / 5's second jump, which in state 5 can go straight up: no direction word holds on every path"
sub_080942b4,function,no-verb,"src/enemy_93f64.c:199: the drop-in's update callback (GrandWheelieInit, src/enemy_93f64.c:177): the state update, GrandWheelieUpdateAttackBoxes and the hit checks without the terrain check; run 6's reason: no word (the drop-in state is GrandWheelieFall, whose slot update is GrandWheelieFallUpdate)"
sub_08095834,function,no-verb,"src/enemy_957bc.c:56: Task_FireLion's setup (boss graphics, the four flame children, register clears, health): a name would repeat its only caller"
sub_08095ad0,function,restates,"gFireLionStateUpdates[1] (src/enemy_957bc.c:174): ActorTickAnim, its one call; selected by FireLionShowHpBar and FireLionWait alike (both store 1)"
sub_0809616c,function,no-verb,"gFireLionStateUpdates[8] (src/enemy_957bc.c:459): selected only by FireLionState9 (a glowing leap, then FireLionCharge), whose slot name stays; cuts the leap short (sub_080962d0) when the nearest player is not 24 px above"
sub_080962d0,function,no-verb,"src/enemy_957bc.c:522: the short form of state 9's run-up (a backward slide, frames 44 / 45, then FireLionCharge); part of the unnamed state 9"
sub_080963c0,function,restates,gFireLionStateUpdates[9] (src/enemy_957bc.c:565): velY 0 while rising at a wall: two lines; selected by FireLionBounceOffWall and sub_080962d0
sub_080968c0,function,restates,"src/enemy_957bc.c:808: the tail of FireLionJumpBack, its only caller: the jump frames 23-25 until fireLionLanded, then frame 12 (the jump's twin of FireLionWaitForLanding)"
sub_0809699c,function,no-verb,"src/enemy_957bc.c:852: the drop-in's update callback (Task_FireLion, src/enemy_957bc.c:48): FireLionUpdate without the catch and terrain checks; run 6's reason: no word"
sub_08096a28,function,restates,"gFireLionStateUpdates[12] (src/enemy_957bc.c:876): TaskSetEntry(FireLionEnterState), its one call: the hand-over slot each state stores after its ActorSetState"
sub_08096e70,function,dead,"src/enemy_957bc.c:1049: frees four task slots packed in Task.unk24; no call, table slot or data word references it"
sub_08097580,function,no-verb,"src/enemy_974c8.c:61: Task_PhanPhan's setup (extra attack box, facing, register clears, MidBossResetHealth): a name would repeat its only caller"
sub_080975c8,function,no-verb,"src/enemy_974c8.c:80: the drop-in's update callback (Task_PhanPhan, src/enemy_974c8.c:51): PhanPhanUpdate without the flash and terrain checks; run 6's reason: no word"
sub_0809773c,function,no-verb,"gPhanPhanStates[1] (src/enemy_974c8.c:143): with the catch box on, gUnk_087448E4[spawnArg] rounds of a random choice (near: the pose sub_0809780c or PhanPhanHopBackward; far: nothing, PhanPhanHopBackward or PhanPhanHopForward), then PhanPhanChooseNextState: neither Wait (it moves) nor Hop (state 2's word); run 6's reason stands"
sub_0809780c,function,no-verb,"src/enemy_974c8.c:178: the frames 4-7, 8 frames each: a pose of state 1 (src/enemy_974c8.c:160) that needs an animated render"
sub_08098708,function,dead,"src/enemy_974c8.c:857: Task.unk2C = 0; no call, table slot or data word references it"
sub_080988c0,function,dead,src/enemy_974c8.c:967: an empty body that nothing references
sub_08098c54,function,restates,"src/enemy_988f8.c:214: the whole body of MrFrostyDashUpdate, its only caller: counts mrFrostyTimer and at 120 / 60 / 45 (by spawn arg, 1 in 2 or 1 in 4) stops the dash into the wait; a name would restate its caller's step"
sub_08099fd0,function,restates,src/enemy_99b20.c:310: velX = -velX; called by the back-and-forth walks of states 17 / 18 only
sub_08099fe0,function,dead,"src/enemy_99b20.c:318: an empty bx lr that no call, table slot or data word references (the file header says so)"
sub_08099fe4,function,dead,src/enemy_99b20.c:322: an empty bx lr that nothing references
sub_08099fe8,function,restates,"src/enemy_99b20.c:326: velY = 0.5 / 1.0 px/frame by mrTickTockStatePhase; one step of state 16's bobbing, its only caller (state 16 has no verb)"
sub_0809a00c,function,restates,"src/enemy_99b20.c:342: onGround 0 and velY = -0.5 / -1.0 px/frame by mrTickTockStatePhase; the other step of state 16's bobbing, its only caller"
sub_0809a080,function,restates,"src/enemy_99b20.c:378: RequestScreenShake(2, or 4 when the argument is 0) and PlaySfx(0x1F7): its two engine calls; callers MrTickTockLand and MrFrostyLand (every landing thud)"
sub_0809b210,function,no-verb,"src/enemy_99b20.c:1454: an empty body in gMrTickTockStateUpdates[18], a slot no state selects (MrTickTockState18 stores updateState 17)"
sub_0809c028,function,restates,"Task_MetaKnights' set-up: loads the line-up record gUnk_08745CFC / 08745D4C[variant * 4 + players - 1] (ActorDef, gUnk_02007D00[4], metaKnightsQueue0-3); one caller"
sub_0809c490,function,no-verb,"src/enemy_9c0a8.c:241: kind 0 of Task_MetaKnightsKnight: the Axe Knight's frame table and ActorDef, then its variant table; run 6's reason: Init is the variant rows' word, and a per-kind entry name would only restate the dispatch"
sub_0809d13c,function,no-verb,"src/enemy_9cc24.c:277: kind 1 of Task_MetaKnightsKnight: the Javelin Knight's draw hook, frame table and ActorDef, then its variant table; run 6's reason (Init is the variant rows' word)"
sub_0809dc7c,function,no-verb,"src/enemy_9da1c.c:184: kind 2 of Task_MetaKnightsKnight: the Mace Knight's frame table and ActorDef, then its variant table; run 6's reason"
sub_0809e824,function,no-verb,"src/enemy_9da1c.c:746: kind 3 of Task_MetaKnightsKnight: the Trident Knight's draw hook, frame table and ActorDef, then its variant table; run 6's reason"
sub_0809ec80,function,no-verb,"gTridentKnightStateUpdates[4] (src/enemy_9da1c.c:1028): an empty body, selected only by TridentKnightFallInInit while it falls (updateState 4); no state of the table uses it"
sub_0809f90c,function,restates,"src/enemy_9f37c.c:348 : TaskFaceNearestPlayer and TaskUpdateFlip, its two engine calls (the knights' states, e.g. src/enemy_9c0a8.c:299)"
sub_0809f91c,function,restates,"src/enemy_9f37c.c:354 : facing = -facing, its one line (AxeKnightWalk, src/enemy_9c0a8.c:300)"
sub_0809f930,function,restates,"src/enemy_9f37c.c:359 : TaskFaceNearestPlayer + TaskUpdateFlip, then facing = minus the old facing and velX reversed: three engine steps; the knights' turn at MetaKnightsKnightIsAtEdge"
sub_0809f960,function,restates,"src/enemy_9f37c.c:372 : TaskFaceNearestPlayer and TaskTurnAroundAndReverseX, its two engine calls (AxeKnightState4, src/enemy_9c0a8.c:545)"
sub_0809f970,function,restates,"src/enemy_9f37c.c:378 : facing = -facing, velX = -velX, TaskUpdateFlip: the body of TaskTurnAroundAndReverseX inline (src/enemy_9cb90.c:38, src/enemy_9cc24.c:266)"
sub_0809fca4,function,restates,"src/enemy_9fbd0.c:73: ActorCheckHitsWithExtraBox and ActorReactToHit, its two engine calls; callers KingDededeUpdate and KingDededeHitStunLateUpdate"
sub_0809ffec,function,dead,"src/enemy_9fbd0.c:253: requests PLAYER_ACTION_RECOIL for the hitter on a no-damage hit with effect 4; no call, table slot or data word references it"
sub_080a00ec,function,unnamed-input,KingDededeInhaleUpdate's particle step over gUnk_02006040 (unnamed)
sub_080a05c8,function,no-verb,"src/enemy_a0274.c:235: KingDededeInit's reset (register clears, kingDededeChildSlot -1, faces the player, the Intro state): a name would repeat its only caller"
sub_080a060c,function,no-verb,"src/enemy_a0274.c:255: returns 1 when his pixel position is within gViewRect widened by about 20 px (X -19..259, Y -19..179); naming.md 2.1's InView / OnScreen (64 px) and NearView (80 x 40) carry other margins, so no defined word fits"
sub_080a1704,function,restates,"src/enemy_a1590.c:251: KingDededeDefeatedCheckHoldBackPlayer when the player is on his facing side (TaskGetFacingToward), else marks it done: the facing filter of its only caller KingDededeDefeatedCheckPlayers"
sub_080a2020,function,restates,"src/enemy_a1590.c:671: ActorCheckHitsWithExtraBox and ActorReactToHit, its two engine calls (the same two lines are inline in many families); callers MrShineUpdate, MrBrightUpdate"
sub_080a27b8,function,no-verb,"src/enemy_a1590.c:1059: MrShineInit's own setup (callbacks, frame table, the first state Fall, twelve register clears): a name would only repeat MrShineInit, its only caller"
sub_080a2a44,function,no-verb,"src/enemy_a1590.c:1222: MrBrightInit's own setup (callbacks, frame table, the first state Fall, register clears): a name would only repeat MrBrightInit"
sub_080a2b14,function,no-verb,"src/enemy_a1590.c:1280: TaskStop and frame 10 for 12 frames; run after Hop's and Jump's landings and before JumpBack's jump: a pose, no single role"
sub_080a30d0,function,unnamed-input,"src/enemy_a1590.c:1567: destroys the actors in gUnk_02006040[0-2], which hold Mr. Bright's three dash fire trails (MrBrightDash) or the beam and two beam effects (CreateMrBrightBeam / ...Effects): the cells have two meanings and stay unnamed"
sub_080a4808,function,identity,"src/enemy_a1590.c:2717: calls sub_080a4814; variant 3's update (MrShineAndMrBrightVariant3), very likely Mr. Bright's body (run 6), but its streamed frames have no render: fewer than three sources"
sub_080a4814,function,identity,"src/enemy_a1590.c:2723: variant 3 follows Mr. Bright's frame (frame tables by his frames 12 / 13, hidden above 15), facing and palette override; the identity of variant 3 is unproven (run 6)"
sub_080a488c,function,identity,src/enemy_a1590.c:2749: variant 3's draw hook (streams its tiles into OBJ VRAM 0xFE00 + and queues the sprite); the identity of variant 3 is unproven
sub_080a4e10,function,no-verb,"src/enemy_a1590.c:3021: an empty body in gMrShineCrescentStateUpdates[1], a slot nothing selects (MrShineCrescentDie clears the update callback instead of storing updateState)"
sub_080a503c,function,no-verb,"src/enemy_a1590.c:3129: an empty body in gMrShineFallingStarStateUpdates[1], a slot nothing selects (MrShineFallingStarDie clears the update callback)"
sub_080a5184,function,no-verb,"src/enemy_a1590.c:3202: an empty body in gMrBrightFireballStateUpdates[1], a slot nothing selects (MrBrightFireballDie clears the update callback)"
sub_080a5320,function,no-verb,"src/enemy_a1590.c:3297: an empty body in gMrBrightBeamStateUpdates[1], a slot nothing selects (no code enters the beam's state 1)"
sub_080a6f38,function,restates,"src/enemy_a5644.c:1182: returns 1 when GetCollisionTileAtOffset finds any collision tile one metatile right or left of (x, y): its two engine calls; callers MetaKnightFollowUpdate phases 1-2 only"
sub_080a7168,function,restates,"src/enemy_a5644.c:1268: metaKnightGuardFlags |= 128 and TaskSetEntry(MetaKnightEnterState): the re-entry every update makes after ActorSetState, plus the guard-roll bit; a name would restate the two lines"
sub_080a7438,function,no-verb,"gMetaKnightDefeatedStates[0] (src/enemy_a5644.c:1376): falls, drops his sword (TASK_META_KNIGHT_SWORD variant 1), then jumps to screen X 128 / 64 / 176 by the player's place and lands: three jobs, no defined verb covers the whole body"
sub_080a75a0,function,no-verb,gMetaKnightDefeatedStateUpdates[0] (src/enemy_a5644.c:1423): the re-entry check of the unnamed state sub_080a7438; its name follows that state's
sub_080a75c8,function,no-verb,"gMetaKnightDefeatedStates[1] (src/enemy_a5644.c:1429): the mask comes off (Task_MetaKnightMask), pose frames 24-58 with three small hops, then flies off the top (velY -7), fades the BGM and drops the Star Rod piece: the poses need a render of streamed frames; FlyAway covers only the end"
sub_080a787c,function,no-verb,gMetaKnightDefeatedStateUpdates[1] (src/enemy_a5644.c:1531): an empty update of the unnamed state sub_080a75c8
sub_080a9434,function,unnamed-input,"src/enemy_a93ec.c:77: starts a move at the target player (its position into krackoJrTargetX / Y, a heading in gUnk_02007D00[4], gUnk_02007D00[0] = 131 for the orbs, phase 4); what phase 4 and the orbs' mode 131 are is not settled (Kracko Jr's state 0 stays a slot name)"
sub_080a96a4,function,unnamed-input,"src/enemy_a93ec.c:175: after a player has been airborne 120 frames (krackoJrAirborneTimer bit 15) and still is: gUnk_02007D00[0] = 2, krackoJrAccelTimer 4, phase 3; the phases and the orbs' mode 2 are not settled"
sub_080ab7cc,function,no-verb,"src/enemy_aa338.c:951: frames 44-47, two frames each: a pose loop of streamed frames (Wizard states 4, 9), which the renderer does not assemble (run 6)"
sub_080ab810,function,no-verb,"src/enemy_aa338.c:963: frames 36-39, two frames each: a pose loop of streamed frames (Wizard states 4, 6, 7, 9) (run 6)"
sub_080ac82c,function,restates,"src/enemy_aa338.c:1663: ActorCollideTerrainCeilingAndFloor and the state-update dispatch: the variant-1 sword's update, its two engine calls"
sub_080ac84c,function,restates,"src/enemy_aa338.c:1669: the state-update dispatch, its one call: the variant-2 sword's update"
sub_080ac950,function,no-verb,"state 1 of gMetaKnightSwordStates (src/enemy_aa338.c:1722): the sword Meta Knight drops at his defeat leaps up (velY -4, nudged away from a player within 15 px) spinning through frames 16-23 and then lies on frame 24: one jump that hands over to nothing (Jump's landing enters another state) - no defined verb"
sub_080aca38,function,no-verb,src/enemy_aa338.c:1759: the empty update of the unnamed sword state sub_080ac950 (gMetaKnightSwordStateUpdates[1])
sub_080aca3c,function,no-verb,"state 2 of gMetaKnightSwordStates (src/enemy_aa338.c:1763): frame 35 for 216 frames, then TaskExitTrampoline: what frame 35 shows (a sign?) needs a render"
sub_080acf3c,function,restates,"src/enemy_aa338.c:1984: calls PaintRollerUpdate, its whole body; the update Task_PaintRoller installs for the intro (src/enemy_aa338.c:1978)"
sub_080ad08c,function,no-verb,"src/enemy_aa338.c:2050: TaskStop and the frames 20-22-24-26-24-22-20-18 (44 frames): a pose of streamed frames after the run and the summon (src/enemy_aa338.c:2013, 2041)"
sub_080ad3a0,function,unnamed-input,"src/enemy_aa338.c:2181: paintRollerStepsLeft = the toggled gUnk_02007D00[2] plus 2 when at half health or more: the count of sub_080ad08c poses PaintRollerSummon plays (src/enemy_aa338.c:2035-2042), whose role is unnamed"
sub_080ad630,function,restates,"src/enemy_aa338.c:2294: TaskYieldTrampoline(gUnk_0874AAF4[phase]): one sleep, its one engine call (Task_HeavyMole, Task_HeavyMoleTurbines)"
sub_080ad788,function,unnamed-input,"src/enemy_aa338.c:2371: steps the high half of gUnk_02007D00[2] (0-2) by the sign of velX; the cell is shared scratch (Meta Knight's sword count, Paint Roller's toggle) and its Heavy Mole reader is not settled"
sub_080ade98,function,unnamed-input,"src/enemy_aa338.c:2720: stops the missile hatch (update sub_080adebc, no late update); entered when gUnk_0200D120[].hitState == 2 (src/enemy_aa338.c:2678), whose meaning is not settled (run 5)"
sub_080adebc,function,unnamed-input,src/enemy_aa338.c:2731: shows the part only while the parent is drawn; the update of sub_080ade98's stop (gUnk_0200D120[].hitState == 2)
sub_080adfd4,function,unnamed-input,src/enemy_aa338.c:2801: the turbines' stop on gUnk_0200D120[].hitState == 2 (src/enemy_aa338.c:2798); the twin of sub_080ade98
sub_080adff8,function,unnamed-input,src/enemy_aa338.c:2812: the turbines' visibility update after that stop; twin of sub_080adebc
sub_080ae174,function,unnamed-input,src/enemy_aa338.c:2915: the eye's stop on gUnk_0200D120[].hitState == 2 (src/enemy_aa338.c:2903); twin of sub_080ade98
sub_080ae198,function,unnamed-input,"src/enemy_aa338.c:2926: the eye's update after that stop (destroyed when the parent is no longer task type 62, else shown with it); twin of sub_080adebc"
sub_080ae37c,function,no-verb,src/enemy_aa338.c:2988: an empty late-update callback Task_HeavyMoleSmoke installs (src/enemy_aa338.c:2952)
sub_080ae4c4,function,no-verb,"src/enemy_ae3bc.c:140: the fight's setup after the intro (graphics gUnk_082FEFF4, extra attack box, animation reset, the shared cells, nightmarePowerOrbMaxHealth): Init is the row word of the enemy pattern, which this task does not have; Setup would be vague"
sub_080aef30,function,restates,"src/enemy_ae3bc.c:803: updateCallback = sub_080aef50, TaskStop, TaskSleepForever: the script's last step after NightmarePowerOrbFlyAway, keeping only sub_080aef5c running"
sub_080aef50,function,restates,"src/enemy_ae3bc.c:810: calls sub_080aef5c, its whole body; the update callback of the stop after FlyAway and of the defeat"
sub_080aef5c,function,mixed,src/enemy_ae3bc.c:815: two jobs every frame: scrolls gCameraAnchorY (gUnk_02007D00[8] += 0x3300 until [9] is set) and blends the orb's palette between gUnk_082FE0E4 / gUnk_082FE104 by gUnk_0874AD44 (24 steps)
sub_080af114,function,no-verb,"gNightmarePowerOrbStateUpdates[0] (src/enemy_ae3bc.c:919): ticks the animation and after 40 frames starts gUnk_0874ADA8 with updateState 1; one phase of an animation cycle that runs under Hover and FigureEight alike (stored by NightmarePowerOrbHover and by sub_080af188), not one state's update; the look of the cycle (frames 8-11) needs an animated render (run 6)"
sub_080af144,function,no-verb,"gNightmarePowerOrbStateUpdates[1] (src/enemy_ae3bc.c:937): picks 1-4 pulses (gUnk_02007D00[1]) and every 140 frames spawns star variant 4, then updateState 2; a phase of the same cycle (stored by NightmarePowerOrbFigureEight and sub_080af114)"
sub_080af178,function,no-verb,src/enemy_ae3bc.c:948: gUnk_02007D00[1]-- (one pulse done); called by the animation script gUnk_0874ADA8 after each pulse; part of the unnamed cycle
sub_080af188,function,no-verb,"gNightmarePowerOrbStateUpdates[2] (src/enemy_ae3bc.c:953): ticks the animation until the pulses are counted down, then gUnk_0874AD74 and updateState 0; a phase of the same cycle"
sub_080af1b8,function,no-verb,"src/enemy_ae3bc.c:967: NightmarePowerOrbStartAnim(gUnk_0874B07C), the last step of the animation script gUnk_0874AF90 (the Dash's); one engine call of an unnamed script chain"
sub_080af1c8,function,restates,"gNightmarePowerOrbStateUpdates[3] (src/enemy_ae3bc.c:972): NightmarePowerOrbTickAnim, its whole body; selected by ShootFourStars, Shoot, Dash, the returns, FlyAway and the defeat"
sub_080af308,function,no-verb,"src/enemy_ae3bc.c:1046: an empty body in gUnk_0873E758[7], the orb's slot of ActorDefeatBoss's per-boss continuation (src/data/game_tables.c:642); the orb runs its own defeat (NightmarePowerOrbDefeat)"
sub_080b0570,function,dead,"src/enemy_ae3bc.c:1993: a move callback (position relative to the parent's pixel position) that no call, table slot or data word references"
sub_080b1564,function,restates,"src/enemy_ae3bc.c:2746: ActorCollideTerrain, ActorCheckHits, ActorReactToHit: its three engine calls; the update callback the car, Kirby, Waddle Dee, Mike and lightning paintings install"
sub_080b2294,function,unnamed-input,"src/enemy_ae3bc.c:3559: stops the arm (update sub_080b22b8, no late update); entered by HeavyMoleArmUpdate when gUnk_0200D120[parent].hitState == 2, whose meaning is not settled (run 5)"
sub_080b22b8,function,unnamed-input,"src/enemy_ae3bc.c:3570: shows the arm only while the parent is drawn (drawCallback 0 at parent frame -1, else TaskDrawWorld); the update of sub_080b2294's stop, entered on the unsettled gUnk_0200D120[].hitState == 2"
sub_080b25a4,function,no-verb,"src/enemy_ae3bc.c:3774: frames 4-5-6-5-4 over 7 frames; WhispyWoodsWait's pose, twice (src/enemy_ae3bc.c:4120, 4123): a pose word needs an animated render"
sub_080b2e58,function,no-verb,"gWhispyWoodsDefeatedStates[0] (src/enemy_ae3bc.c:4345): the Star Rod piece, frames 10 / 11, then frames 12 / 13 alternating in timed loops forever: a pose loop (run 6); no defined verb"
sub_080b2f34,function,no-verb,gWhispyWoodsDefeatedStateUpdates[0] (src/enemy_ae3bc.c:4398): an empty update of the unnamed state sub_080b2e58
sub_080b2f78,function,dead,"src/enemy_ae3bc.c:4420: a bounce setup (X 1.8 px/frame, velY -0.25, gravity) that no call, table slot or data word references; twin of sub_080b2fb0"
sub_080b2fb0,function,dead,src/enemy_ae3bc.c:4435: the same body as sub_080b2f78; nothing references it
sub_080b2fe8,function,restates,three stores: whispyWoodsAirPuffEffectTimer = 6 and the effect X / Y = the puff's pixel position (src/hud_b2fe8.c:114-122); its one caller WhispyWoodsAirPuffState0's step
sub_080b3a00,function,unnamed-input,"Task_WhispyWoodsLeaves' set-up: random -10..19 values into hitTimer, onGround and the bytes 0x7B-0x7E of the task (src/hud_b2fe8.c:693-...) - per-leaf offsets in fields that have no leaves meaning or alias"
sub_080b3fcc,function,no-verb,"PickupUpdate's step: while the pickup is hidden (frame -1) it shows Actor.extraFrame 5 and sets frame 4, otherwise hides the extra frame (src/hud_b2fe8.c:944-964); no defined verb for that swap"
sub_080b3ffc,function,no-verb,"PickupUpdate's step: palette bank 15 on frame 5, else 14 for subtype 1 in Meta Knightmare mode (src/hud_b2fe8.c:966-975); a name would restate the bank pick"
sub_080b45c0,function,no-verb,"AbilityStarCheckExpire's test (src/hud_b2fe8.c:1351-1366): ActorDie unless the owner (Task + 0x44) is an active player and byte 13 of the record at Task + 0x88 is 0 - two conditions on raw offsets, no one word (run 6 E)"
sub_080b5558,function,unnamed-input,"LoadRoomObjectGfx's tail when gUnk_0200B078 == 4: saves OBJ banks 8-13 to gUnk_02005E10, reloads each room object's alternative palette (sub_08065dd0) and saves the result to gUnk_02005F10 (src/hud_b5024.c:355-371); rests on the unnamed mode value 4 and the two unnamed buffers"
sub_080b6154,function,no-verb,"HBlank scroll effect 0 (src/save_b*.c; the table gHBlankScrollEffects, read by UpdateHBlankScroll / UpdateRoomHBlankScroll; started by StartHBlankScroll(n) from the menus): a line-table fade with alternating +-16 * frame offsets and a BLDALPHA fade; each effect is a menu transition whose line pattern has no defined word"
sub_080b6290,function,no-verb,"HBlank scroll effect 1 (src/save_b*.c; the table gHBlankScrollEffects, read by UpdateHBlankScroll / UpdateRoomHBlankScroll; started by StartHBlankScroll(n) from the menus)"
sub_080b63a4,function,no-verb,"HBlank scroll effect 2 (src/save_b*.c; the table gHBlankScrollEffects, read by UpdateHBlankScroll / UpdateRoomHBlankScroll; started by StartHBlankScroll(n) from the menus)"
sub_080b6474,function,no-verb,"HBlank scroll effect 3 (src/save_b*.c; the table gHBlankScrollEffects, read by UpdateHBlankScroll / UpdateRoomHBlankScroll; started by StartHBlankScroll(n) from the menus)"
sub_080b6570,function,no-verb,"HBlank scroll effects 4 and 5 (one body, two slots) (src/save_b*.c; the table gHBlankScrollEffects, read by UpdateHBlankScroll / UpdateRoomHBlankScroll; started by StartHBlankScroll(n) from the menus)"
sub_080b67dc,function,no-verb,"HBlank scroll effects 6 and 7 (one body, two slots) (src/save_b*.c; the table gHBlankScrollEffects, read by UpdateHBlankScroll / UpdateRoomHBlankScroll; started by StartHBlankScroll(n) from the menus)"
sub_080b6b08,function,no-verb,"HBlank scroll effect 8 (src/save_b*.c; the table gHBlankScrollEffects, read by UpdateHBlankScroll / UpdateRoomHBlankScroll; started by StartHBlankScroll(n) from the menus)"
sub_080b6c40,function,no-verb,"HBlank scroll effect 9 (src/save_b*.c; the table gHBlankScrollEffects, read by UpdateHBlankScroll / UpdateRoomHBlankScroll; started by StartHBlankScroll(n) from the menus)"
sub_080b6d04,function,no-verb,"HBlank scroll effect 10 (src/save_b*.c; the table gHBlankScrollEffects, read by UpdateHBlankScroll / UpdateRoomHBlankScroll; started by StartHBlankScroll(n) from the menus)"
sub_080bb9b4,function,restates,one QuickDrawCreateRankBonus call (rank 1) for two players (src/subgame_bb528.c:306-309)
sub_080bb9cc,function,restates,two QuickDrawCreateRankBonus calls (ranks 1-2) for three players (src/subgame_bb528.c:311-315)
sub_080bb9f0,function,restates,three QuickDrawCreateRankBonus calls (ranks 1-3) for four players (src/subgame_bb528.c:317-322)
sub_080bc460,function,unnamed-input,QuickDrawPlayerFalseStart's step: Task.unk20 = 0..3 by the stand X (68 / 188 / 60 / 164) and sound 256 (src/subgame_bc0cc.c:252-273); rests on the unnamed unk20
sub_080c1114,function,no-verb,"shared by gBombRallyStarBurstStates[1] and [3]: one of the burst's 16 flight paths (velocity / acceleration pairs and frame runs, src/subgame_c0de8.c:317); the paths are picked by the caller's arc index and differ only by their numbers"
sub_080c1f88,function,unnamed-input,"clears the u16 at gAirGrind + 772 (src/subgame_c0de8.c), called around the Air Grind's frames (src/subgame_b9d0c.c:231/304/311/389); the field is unnamed"
sub_080c4364,function,identity,"AirGrindEffect kind 0's update (spawned every 4th frame while A is held on a segment, run 6 D); what it shows is not rendered"
sub_080c44bc,function,identity,"AirGrindEffect kind 1's update (every 8th frame, run 6 D); what it shows is not rendered"
sub_080c6258,function,restates,"the whole body is return value / 2 (src/sub_080c6258.c:4), one caller AirGrindScaleSprite"
sub_080c9a28,function,no-verb,"Star Rod return variant 11 (src/ending_c9004.c:417): BG palette flashes from frame 99, then EndingStarRodReturnConvergingStars, eleven BurstStars, a camera pan up, a fade, an OBJ-only display and sixteen FallingStars - a sequence of the scene's effects; 'Finale' fails (it starts at frame 99, the Warp Star ends the scene)"
sub_080c9cf0,function,unnamed-input,"the camera-follow hook of sub_080c9a28 (SetCameraFocusOrAnchor of the task's pixel position, src/ending_c9004.c:489); its name follows that unnamed task, as EndingEpilogueCameraUpdate follows EndingEpilogueCamera"
sub_080ca830,function,identity,"Star Rod return variant 7: a fountain piece drawn by sub_0801a3e4 at (128, 192) from 115 frames (a wide flat water shape, run 6 srr_v7.png); 'basin' / 'pool' is a picture reading with no text source (WiKirby's Fountain of Dreams page describes no basin in the ending)"
sub_080ca8f0,function,identity,"Star Rod return variant 8: the fountain's vertical streams (run 6 srr_v8.png) at (128, 192) from 140 frames; 'falls' / 'cascade' has no text source"
sub_080cbfac,function,unnamed-input,"GameOverPlayerShowChoice + clears gameOverChoiceShowPending + CreateGameOverObject(3) (src/gameover_cbed4.c:77-82), one caller GameOverChoiceContinueEndUpdate; the name would carry variant 3 (sub_080ccec8, the nightcap, identity)"
sub_080ccd4c,function,identity,"game-over variant 2 (src/gameover_ccd4c.c:25): small circles rising from the sleeping player while variant 0 is in GameOverPlayerWait; 'sleep bubble' has no text source (WiKirby's Game Over page, run 6 E-notes)"
sub_080cce98,function,unnamed-input,"variant 2's hook: TaskFree once gGameOverPlayerTask leaves state 0 (src/gameover_ccd4c.c:66); named after variant 2, which stays (identity)"
sub_080ccec8,function,identity,"game-over variant 3: the nightcap flying off (run 6 go_v3.png), two scripts by gGameOverCursor; WiKirby's Game Over text has no nightcap"
sub_080ccf10,function,unnamed-input,variant 3's per-frame dispatch over gUnk_0875832C; follows sub_080ccec8 (identity)
sub_080ccf2c,function,identity,variant 3 sub-state 0 (Continue: the cap flies up and away); the family word is the unproven 'nightcap'
sub_080cd0c8,function,identity,variant 3 sub-state 0's empty update (gUnk_0875832C[0]); its name follows the unnamed family
sub_080cd0cc,function,identity,"variant 3 sub-state 1 (Give up: the cap shakes, rises and falls); the family word is the unproven 'nightcap'"
sub_080cd248,function,identity,variant 3 sub-state 1's empty update (gUnk_0875832C[1]); its name follows the unnamed family
sub_080cd24c,function,identity,"game-over variant 4, created by GameOverPlayerGiveUp (src/gameover_cb64c.c:260): frame 19 of gUnk_087548B8 (a pink round shape, run 6 go_v4b.png) hopping twice and sliding right; no text source says what it is"
sub_080cdcce,function,library,"m4a asm core: a 'bx r3' call shim inside m4a_1 (asm/m4a_1.s:506), no canonical name in pret's m4a_1.s (docs/analysis/rom-map.md, m4a)"
sub_080cdd72,function,library,"m4a asm core: a 'bx r3' call shim (asm/m4a_1.s:626), no canonical name"
sub_080ce1a4,function,library,"m4a asm core: a 'bx r3' call shim (asm/m4a_1.s:1257), no canonical name"
sub_080cfdc8,function,library,"the ARM half ('b TaskSwitch') of TaskSwitchTrampoline (asm/sdk_libc.s:312; docs/analysis/rom-map.md section 6), an ARM_ENTRIES label of tools/symdb.py with no upstream name"
sub_080cfdd0,function,library,"the ARM half ('b TaskYield') of TaskYieldTrampoline (asm/sdk_libc.s:322), no upstream name"
sub_080cfdd8,function,library,"the ARM half ('b TaskExit') of TaskExitTrampoline (asm/sdk_libc.s:332), no upstream name"
sub_080cfddc,function,library,"the ARM-to-Thumb interworking veneer TaskExit's only ARM bl reaches (asm/interworking_veneer.s:14; docs/analysis/rom-map.md: the only ARM bl in the ROM), a linker-style stub with no upstream name"
gUnk_02004000,ram,local,one use: the second buffer of SendLinkBlockAndVerify in ExtraModeTitleSendModeData (src/mode_07b68.c:112)
gUnk_02005574,ram,unnamed-input,"[0] = 1 in the set-up kinds 1 and 4 (src/room_27e28.c:69, 101), 0 elsewhere; while 0 the player is clamped and killed at the bottom of gTerrainBoundsClamp (bit 4) (src/player_32688.c:298, src/stage_3cd60.c:2421, src/terrain_1c930.c:30, terrain_1e178.c:37): what that bounds bit is in those rooms is not read"
gUnk_02005590,ram,two-meanings,"read and written by the HUD's task HP bars (HudStartTaskHpBar / HudSetTaskHpBar / HudAnimateTaskHpBar / HudRemoveHpBar, src/hud_0a130.c:123-204) and by the room-object list (SpawnRoomObject / ReleaseRoomObject / MarkRoomObjectUsed / InitRoomObjects, src/hud_b5024.c:286-323, src/hud_b2fe8.c:1972): two subsystems, no common noun"
gUnk_020055F0,ram,two-meanings,"[0] a HUD mode and [1] a timer in one array (HudInit / HudReset / HudRedraw / HudUpdate, src/hud_099fc.c:68-164, src/hud_0a130.c:237-251)"
gUnk_02005E10,ram,two-meanings,"a palette save area with two shapes: BG banks 2-15 for StartBgPaletteBlend / PaletteAnimBgBlend (src/actor_653ec.c:291, 516-531) and BG bank 8 (+256) for sub_08074e8c / sub_08074f48 (src/actor_74c0c.c:137-190), also MapEventFadeToNextRoomPalettes and sub_080b5558"
gUnk_02005F10,ram,write-only,"one write: sub_080b5558 saves OBJ palette bank 8 into it (CpuSet, src/hud_b5024.c:370); no reader in C"
gUnk_02006040,ram,two-meanings,"per-boss scratch: Mr. Bright's beam and dash (src/enemy_a1590.c:450-2515), King Dedede's inhale (src/enemy_9fbd0.c:294), sub_080a00ec, sub_08066144 - 89 sites in 18 functions with different contents"
gUnk_02006098,ram,unnamed-input,"a 5-byte record (flags | 0x80, low, high, previous, direction; src/stage_273a0.c:93-170, src/camtask_2d38c.c:246-285) reset by the set-up kinds 6 / 7 (src/room_27e28.c:118-122); its rooms' gUnk_0200B078 kinds 4 / 5 are unnamed"
gUnk_02006190,ram,two-meanings,"the hit-stun record of the bosses (BossStartHitStun / BossEndHitStun / BossHitStunShake, src/actor_653ec.c:879-957) and King Dedede's own reactions (src/enemy_9fbd0.c:88-213): 69 sites in 19 functions; the fields differ between the two users"
gUnk_020061E0,ram,unnamed-input,"WarpStarCopyTilesToRider counts its copies (src/actor_70ec0.c:235), the ride ends and the resets clear it (14 functions), WarpStarBoard boards only while it is 0 (:180); what that guard keeps apart (one rider's tiles in OBJ VRAM at a time) is not proven"
gUnk_02006A14,ram,unnamed-input,"goal-game per-player countdown (sub_0805b83c, src/effect_5afac.c:472-479; read by PlayerGoalGameFinish :687 and the helper Kirby :1387, 1453); its writer sub_0805b83c is unnamed"
gUnk_02007D00,ram,two-meanings,"a shared array the mid-bosses and bosses use for their own values (586 sites in 220 functions: [0] Meta Knight's target player, [2] the sword pickups, [6] / [7] timers, ...); no single noun"
gUnk_02007D64,ram,unnamed-input,"RoomDef.unk57 copied by every room loader; of its values 0-8 only 3 (the museum) has a proven role; 2 / 4 / 5 are tested without a settled meaning (src/effect_5a358.c:225, src/stage_273a0.c:81, src/mode_08664.c:48)"
gUnk_02007E90,ram,identity,"three particles per player started ahead of the player and pulled back to it (struct M04Spark), drawn while PLAYER_ACTION_FLAG_CATCHING (Inhale and Throw, src/player_36c94.c:518-522, src/player_4dc08.c:260-264, sub_0803c9b4 src/player_3bde8.c:440); what they show needs a render"
gUnk_02007F60,ram,unnamed-input,a palette that sub_0803f834 fills (src/stage_3cd60.c:2320-2322) and PlayerEffectCrashBlast fades with BeginFade (src/effect_5a358.c:226-353); sub_0803f834 is unnamed
gUnk_02007FC8,ram,unnamed-input,"MenuLinkPlay stores 0, then 1 (src/menu_0d450.c:138-186); the link-play menu tasks test it (src/menutask_0f180.c:123, 173, 263); the condition that sets 1 is not read"
gUnk_0200801C,ram,two-meanings,"the ability panel's slide offset (16 / 0, +-8) and its 180-frame timer in one array (HudInit / HudOpenAbilityPanel / HudUpdateAbilityPanel ..., src/hud_099fc.c:90-303, src/hud_0a130.c:26-293)"
gUnk_0200B038,ram,unnamed-input,"a restart-point flag: SetRoomEntryPoint records gRestartPoint at the room entry only while it is 0 (src/camera_28b8c.c:167-180), EnterDoor records it at the door taken while it is set (src/level_242d0.c:794-798); set when a stage is entered from a hub door (:643, 708), cleared by the exits; the two senses are not reconciled"
gUnk_0200B048,ram,unnamed-input,"Quick Draw: QuickDrawPlaceRankLabel stores its argument (src/subgame_bb528.c:266), the bonus and rank tables read it (gQuickDrawDefeatBonusSteps[it], CreateQuickDrawRankLabel(it + 1), :189-261, 410-431); its argument's meaning is not traced"
gUnk_0200B060,ram,local,BlockAnimDrawWithEdges' 3x3 edge grid (src/block_318b4.c:408-436); no other user
gUnk_0200B078,ram,unnamed-input,"InitRoomBgLayout's code for RoomDef.setupKind (1, 2, 3, 6, 7, 4, 5 for kinds 1-7, src/room_27e28.c:64-118), read by 21 functions; only 3 (the Warp Star station) is named among its values"
gUnk_0200D120,ram,unnamed-input,"an array of per-slot records (slot - 32: hitState, savedTileWord, attackBox) used by src/enemy_970c4.c and src/enemy_aa338.c; its tag Unk0200D120 and its fields are not settled"
gUnk_0200E900,ram,local,"InitSaveSlots' 256-byte block, filled and written to SRAM (src/save_b77d4.c:37-52); no other user"
gUnk_0200EC4C,ram,write-only,"one store, gRecvCmds[4] in LinkBroadcastWordStep (src/early_4000.c:240); no reader"
gUnk_0201B1F4,ram,local,"AirGrindLayOutCourse's loop bound (n * 2, src/subgame_c5284.c:289-292); no other user"
gUnk_0201C1A4,ram,local,"CreditsMain's saved score (src/credits_cd330.c:72, 157); no other user"
gUnk_0201C1B0,ram,local,CreditsMain's scene index (src/credits_cd330.c:78-125); no other user
gUnk_02020000,ram,two-meanings,"the LZ77 / Huffman decompression buffer of the graphics loaders (e.g. src/ending_c6c64.c:60-67, src/gfx_08b8c.c:96-190, src/hud_b5840.c:114-240), whose data some users copy out frames later (src/ending_c7e4c.c:710), and ExtraModeTitleLoadMultiBootImage's multiboot image (src/mode_07b68.c:161-202): no one noun"
gUnk_02028000,ram,local,PauseScreenLoadGraphics' decompression buffer (src/gfx_08b8c.c:163-192); no other user
gUnk_02030000,ram,two-meanings,"the boot logo's object array (BootLogoInitObjects / BootLogoUpdateObjects, src/boot_caa3c.c:21, src/boot_caab8.c:44) and PauseScreenLoadGraphics' graphics buffer (src/gfx_08b8c.c:193-194): two shapes, no common noun"
gUnk_0203BFE0,ram,dead,"declared only (include/task.h:409); TaskCreate spells the task stacks' address as the literal EWRAM_START + 0x3BFE0 (src/early_5654.c:128-133, lesson 3.486)"
gUnk_03000020,ram,write-only,AgbInit's one store (src/agb_init.c:180); no reader
gUnk_03000B20,ram,write-only,cleared by AgbInit only (src/agb_init.c:305)
gUnk_03000B24,ram,write-only,"cleared by AgbInit and ResetGameSession only (src/agb_init.c:305, src/mode_0b44c.c:52)"
gUnk_03000B7C,ram,write-only,cleared by AgbInit only (src/agb_init.c:305)
gUnk_03000F90,ram,write-only,"only cleared (AgbInit, src/agb_init.c:199); VBlankIntr would call it after ReadKeys on a finished frame (src/early_10cc.c:99-100), but nothing stores a callback"
gUnk_03000FD8,ram,write-only,AgbInit's one store (src/agb_init.c:259); no reader
gUnk_03001004,ram,local,"AgbInit's WAITCNT working copy (|= 0x4014 then REG_WAITCNT; later REG_WAITCNT & 0x8000, src/agb_init.c:157-158, 203); no other user"
gUnk_03001008,ram,write-only,"only cleared (AgbInit, src/agb_init.c:305); VBlankIntr reads it to call ReadKeys during an unfinished frame (src/early_10cc.c:93), but nothing sets it"
gUnk_0300100C,ram,local,ReadKeys' fresh REG_KEYINPUT ^ 0x3FF before it becomes gHeldKeys (src/early_11ac.c:39-62); AgbInit only clears it (src/agb_init.c:258)
gUnk_03001014,ram,write-only,"only cleared (AgbInit src/agb_init.c:303, EndFrame src/early_0de4.c:96)"
gUnk_03001020,ram,write-only,cleared by AgbInit only (src/agb_init.c:305)
gUnk_03001170,ram,write-only,cleared by AgbInit only (src/agb_init.c:305)
gUnk_03001178,ram,write-only,cleared by AgbInit only (src/agb_init.c:305)
gUnk_03001EA0,ram,write-only,AgbInit's one store (src/agb_init.c:261); no reader
gUnk_03001EFC,ram,write-only,"cleared by LinkSyncRandom and LinkSyncClock (src/early_2378.c:130, early_2668.c:182); its only 'reader' is the decomp's zero-code stand-in conjunct (src/early_2378.c:139, lesson 3.488)"
gUnk_03001F10,ram,two-meanings,"shared scratch: DrawDoors' overlay frame (src/door_26b60.c:163-189) and |a1| in src/stage_3cd60.c:415; each writes it before reading; seven same-shaped scratch words (with gUnk_03001F2C, 03002160, 03002344, 03002448, 030023B4, 030023D4) would need ordinals"
gUnk_03001F24,ram,two-meanings,"the hit tests' player record: a player index (HitRecordHitter, class-2 touch) or a bit mask of the touched players (class 3: |= 1 << player) (src/hitbox_1a8c8.c:149-334, src/hitbox_1b7dc.c:83)"
gUnk_03001F2C,ram,two-meanings,"shared scratch word (109 sites in 29 functions: door distances, PlayerMove's velocity, HubMain's game state ...); no surviving value found in the users read (src/door_26b60.c:45-102, src/stage_3cd60.c:455-460, src/mode_075b8.c:100-102); not checked function by function"
gUnk_03002160,ram,two-meanings,"shared scratch: UpdateDoors' near-player count (src/door_26b60.c:90-108), Kracko's state pick (src/enemy_a87c8.c:211-215) and |a0| in src/stage_3cd60.c:414; each writes it before reading"
gUnk_03002344,ram,two-meanings,"shared scratch word (16 sites in 6 functions: the door distance limit 128, PlayerMove's speed limit, Kracko's table row ...); not checked function by function"
gUnk_030023A8,ram,identity,"s8 per player: the byte each player sent in the 0xBB00 link exchange (always 1 from this ROM, -1 until received), reduced to gUnk_0300244C: same open question"
gUnk_030023B4,ram,two-meanings,"shared scratch word (146 sites in 77 functions, mostly enemy positions and velocities); not checked function by function"
gUnk_030023D4,ram,two-meanings,"shared scratch word (230 sites in 102 functions, mostly enemy positions and velocities, e.g. HotHeadFireBreath's velY); not checked function by function"
gUnk_03002448,ram,two-meanings,"shared scratch word (31 sites in 12 functions: door dy, PlayerMove's velocity step ...); not checked function by function"
gUnk_0300244C,ram,identity,"the minimum of the per-player bytes gUnk_030023A8 that each game sends as the constant 1 in the 0xBB00 link exchange (LinkSyncRandom / LinkSyncClock, src/early_2378.c:156-164, early_2668.c:183-212; -1 = not negotiated, a missing answer counts 0), 1 in single play (src/menu_0b920.c:154); 64 sites keep older behaviour while it is 0 (dead players boarding / loading, ability-star counting): what the value stands for (a protocol revision?) needs a source"
gUnk_03004B00,ram,write-only,"one store of a callback into its unk8 (sub_08029b30, src/camera_296a0.c:218); no reader"
gUnk_03004D34,ram,write-only,cleared by EnableSerial only (src/early_6464.c:226)
gUnk_03004D78,ram,local,"ConnectLink's retry counter (src/early_7004.c:180, 204); no other user"
gUnk_03004DA4,ram,dead,"declared only; the SIOMULTI snapshot it marks is read through gLink + 4 (the comments of src/early_6d18.c:41, early_7004.c:40)"
gUnk_03005270,ram,dead,declared only (include/link.h:79); no code reference
gUnk_03005278,ram,write-only,cleared by EnableSerial only (src/early_6464.c:226)
gUnk_08732DF0,rom,unproven-bits,"a per-tile byte the probes read as codes (== 0x93 / 0xA3, & 0xF0 == 0x90 / 0xA0, & 0xCF == 0x83; src/terrain_1e178.c:212-318, 38 sites): rom-map.md calls them 'edge bits', but no reader names each bit"
gUnk_087337F0,rom,unnamed-input,"a per-tile byte the floor probe ANDs into gTerrainProbeResult.unk5 (src/terrain_1c930.c:175-181) and Gip's wall probes exclude (src/enemy_8aa68.c:1428, 1460); the result field unk5 is unnamed"
gUnk_0873A5D4,rom,unnamed-input,"s8 per collision tile: only attack kind 5 breaks a tile whose entry is non-zero, and attack 0 on it starts the chain attack 0x805 (src/block_30804.c:517, 582-602): the attack kinds and chain codes are unnamed"
gUnk_0873D350,rom,identity,"s16 per ability: the base frame PlayerActionWalk, PlayerActionRun and PlayerActionSkid all store (src/player_337f4.c:339, player_343c0.c:112, 251): which pose it is (walk cycle?) needs a render"
gUnk_0873F720,rom,unnamed-input,"an attack box shared by FlamerState6, TwisterState0 and NeedlousWalk's set-up (three families); what sets it apart is in the AttackBox fields still unk*"
gUnk_0873F774,rom,no-verb,"one of the two attack boxes Sparky's discharge alternates every 2 frames (with gUnk_08740DE4; SparkyJumpDischarge / SparkyStandDischarge, src/enemy_78b68.c:1235-1258); which is the widened one needs the AttackBox fields"
gUnk_0873F894,rom,no-verb,"a terrain box shared by the attached flights (src/actor_6b2e4.c:843, actor_6c2a4.c:172) and three unrelated ActorDefs (src/data/actor_records.c:419, 521, 589): no one owner"
gUnk_08740320,rom,identity,RoomParticleAnimFrame rows of RoomParticlesVariant0's particles: their name waits on the particles' identity
gUnk_087404A0,rom,identity,RoomParticleAnimFrame rows of RoomParticlesVariant1-4's particles: same
gUnk_087406EC,rom,unnamed-input,"the animation script of ParasolWaddleDeeStandState1 / ParasolWaddleDeeWalkState1, which keep their slot names"
gUnk_08740DE4,rom,no-verb,the other attack box of Sparky's discharge (see gUnk_0873F774)
gUnk_087413EC,rom,unnamed-input,an animation script of Task_Twister / TwisterState0Update; Twister's states keep their slot names
gUnk_08741420,rom,unnamed-input,an animation script of TwisterState0Update / TwisterState2 (unnamed states)
gUnk_0874168C,rom,no-verb,"Flamer's crawl probe: X offset of one of two probe points per crawl direction (FlamerGetSurfaceSlopeOnSide, sub_08083bbc); which point is which is not proven"
gUnk_08741690,rom,no-verb,Flamer's crawl probe: Y offset of the same point as gUnk_0874168C
gUnk_08741694,rom,no-verb,Flamer's crawl probe: X offset of the second probe point
gUnk_08741698,rom,no-verb,Flamer's crawl probe: Y offset of the second probe point
gUnk_087416A4,rom,unnamed-input,maps gCollisionTileSlope values to the slope result of FlamerGetSurfaceSlopeAt / InDir and sub_08083bbc; the result values are unnamed
gUnk_08742020,rom,no-verb,one of the two frame delays of Waddle Doo's walk-frame loop (with gUnk_08742024); an ordinal would tell them apart
gUnk_08742024,rom,no-verb,the other frame delay of Waddle Doo's walk-frame loop
gUnk_087420C0,rom,no-verb,"one of the two flap animation scripts of Bronto Burt's Diagonal / Swoop / TakeOff states (with gUnk_087420D4); not rendered, an ordinal would tell them apart"
gUnk_087420D4,rom,no-verb,the other Bronto Burt flap animation script
gUnk_08742598,rom,no-verb,one of Twizzy's two flap animation scripts (Bronto Burt's twins)
gUnk_087425A4,rom,no-verb,the other Twizzy flap animation script
gUnk_08742704,rom,no-verb,"Squishy row 1 state / update table; Squishy row 1 (src/enemy_88000.c:526-624): placed 80 px from the nearest player, rises with terrain collision off until sub_08021c14 finds a free tile, jumps once at him, lands, then shoots straight up with collision off and leaves the view; 'Leap' fits both its jumps (in and away), and no defined word covers rise + jump + leave (R2 failed; 3 placements, L6S5R4)"
gUnk_08742830,rom,unnamed-input,"u8 by spawn arg: the pause before Slippy's strokes in SlippyState8 / SlippyState9, which keep their slot names"
gUnk_08743194,rom,unnamed-input,a Broom Hatter row 0 / 1 state or update table: its name needs the row word (see the rows above)
gUnk_087431AC,rom,unnamed-input,a Broom Hatter row 0 / 1 state or update table: its name needs the row word (see the rows above)
gUnk_087432EC,rom,no-verb,"u8 [spawn arg][4]: four durations of Coner's idle and walk steps (ConerIdle, ConerWalk); four different waits, no one noun"
gUnk_0874433C,rom,no-verb,"Grand Wheelie's animation for the intro pose, the drop-in, the still wait, the end of the skid turn, state 7's turn and the rush on ground class 3 (src/enemy_93f64.c:165-828): no one role"
gUnk_08744360,rom,no-verb,Grand Wheelie's animation for GrandWheelieHop and the rush on ground classes 0-2 (src/enemy_93f64.c:443-618): two roles
gUnk_08744384,rom,no-verb,"Grand Wheelie's animation at the charge's start, the rush on ground class 4, state 7's rush and the hop's landings (src/enemy_93f64.c:499-1020): no one role"
gUnk_08744408,rom,no-verb,"the animation of the first knock-back hop of both GrandWheelieBounceOffWall and GrandWheelieDefeat (src/enemy_93f64.c:912, 959); a pose word would need a render"
gUnk_0874441C,rom,no-verb,"the animation of the second knock-back hop of the same two states (src/enemy_93f64.c:920, 969); a pose word would need a render"
gUnk_08744550,rom,no-verb,"Fire Lion's animation in FireLionPounce and FireLionDefeat (src/enemy_957bc.c:658, 960): two roles"
gUnk_08748574,rom,no-verb,"Mr. Bright's animation in MrBrightFall and MrBrightWait (src/enemy_a1590.c:2189, 2223): a fall and a wait"
gUnk_08748588,rom,no-verb,"Mr. Bright's sky animation of MrBrightStartWaitToAttack and MrBrightStartSkyAnim(0) (wait to attack, chase, wait to descend; src/enemy_a1590.c:1467, 1483): no single move"
gUnk_08749270,rom,no-verb,"the Wizard's animation in NightmareWizardIntro, NightmareWizardWait and NightmareWizardOpenCloak (src/enemy_aa338.c:176, 215, 561): no one role"
gUnk_08749284,rom,no-verb,"the Wizard's animation in state 4's run and NightmareWizardSwoop (src/enemy_aa338.c:359, 726, 747); state 4 is unnamed"
gUnk_0874988C,rom,unnamed-input,the attack box NightmareWizardUpdate uses while gUnk_02007D00[1] is set (src/enemy_aa338.c:153; the alternate box of gUnk_08749B00) - what that cell means (the upside-down form?) is not settled
gUnk_08749AF8,rom,unnamed-input,the ActorAux NightmareWizardUpdate sets while gUnk_02007D00[1] is 0 (src/enemy_aa338.c:149) and his ActorDef's aux (src/data/actor_records.c:2551); rests on the same unnamed cell
gUnk_0874AD74,rom,no-verb,"the Power Orb's animation script of NightmarePowerOrbHover and of the animation cycle's reset (src/enemy_ae3bc.c:199, 960); the cycle stays unnamed (its look needs an animated render)"
gUnk_0874ADA8,rom,no-verb,"the Power Orb's pulse script (FigureEight, Shoot and the cycle's update 0; src/enemy_ae3bc.c:272, 391, 931); 'pulse' needs an animated render (run 6)"
gUnk_0874B20C,rom,no-verb,"the stars' animation while they drift (every star variant but 11, src/enemy_ae3bc.c:1114-1666): a look that needs a render"
gUnk_0874B220,rom,no-verb,the four-fan stars' animation once they fire (src/enemy_ae3bc.c:1135-1348): a look that needs a render
gUnk_0874B63E,rom,no-verb,"maps an arm frame to a pose index that both HeavyMoleLowerArmDraw (its overlay frame) and HeavyMoleArmCheckHits (its box count and boxes) read (src/enemy_ae3bc.c:2955, 3001): the pose's meaning needs a render"
gUnk_0874C44C,rom,identity,"a star frame table shared by unrelated star objects (PlayerObjectSpitStar, Task_KingDededeStar, Task_WarpStarTrailStar, MrShineFallingStarState0, ending scenes): which picture needs a render"
gUnk_0874C500,rom,identity,"a small-star frame table shared by Task_ImpactStar, PlayerEffectImpactStar / DeathStar, Task_KingDededeLandingStar, Task_WarpStarTrailStar and ending / cutscene scripts: which picture needs a render"
gUnk_0874C600,rom,mixed,"frame table of the dust effects (catch, spit, skid, run, slide), Burning, effects 20 / 28 / 47 and the fountain scripts 53 / 54; its frames are white puffs (0-13), a red arrow (14-15) and two sparkles (16-17) (wip/B/ft_4c600.png): no one picture noun"
gUnk_0874C67C,rom,mixed,"frame table of player effect 14 (ability get) and CutsceneActorScript3: a cloud band, a star burst, a blue orb and a star ring"
gUnk_0874C718,rom,identity,"frame table of Task_DashFireTrail, effect 15, PlayerEffectHurtFlames and PlayerEffectBurningFlames: fire bursts and orange smoke (wip/B/ft_4c718.png); gFlameFrames already names another fire set, and no word separates the two"
gUnk_0874C828,rom,mixed,"frame table of Task_LandingImpact and effects 27 / 42: white puffs, an explosion spray and a blue arch (wip/B/ft_4c828.png)"
gUnk_08751E00,rom,mixed,frame table of effect 39 and the Balloons cutscene scripts 27-29: white puffs and blue diamond shards (wip/B/ft_51e00.png)
gUnk_08752DB8,rom,identity,RoomParticlesVariant0's frame table: same
gUnk_08752E00,rom,identity,RoomParticlesVariant1-4's frame table: same
gUnk_087536FC,rom,two-meanings,"the frame table of two different objects, Task_BugzzyAfterimage and Task_BugzzyLadybug (src/enemy_91f9c.c:1204, src/enemy_93f64.c:46): no one noun"
gUnk_08753DA0,rom,two-meanings,"the frame table of Meta Knight's cape, mask, mask halves, sparkle and sword tasks (src/enemy_a7998.c:75-197, src/enemy_aa338.c:1599): several objects, no one noun"
gUnk_08754180,rom,identity,"the frame table of MrShineAndMrBrightVariant3 (src/enemy_a1590.c:2685, 2739), whose identity (very likely Mr. Bright's body) has no render"
gUnk_08754418,rom,two-meanings,"the frame table of Task_KrackoJrOrbs and Task_KrackoCloud (src/enemy_a93ec.c:273, 336): two objects"
gUnk_08754560,rom,identity,the frame table WarpStarFlight23 and sub_080b0b04 (Nightmare Power Orb) share: what it shows needs a render
gUnk_08754738,rom,two-meanings,"the frame table of the Wizard's defeat flash, palm, pointing hand, cloak hands, pendant and star tasks (src/enemy_aa338.c:1145-1873): several objects"
gUnk_087548B8,rom,unnamed-input,"the frame table of GameOverPlayerGiveUp and of task #264's variant 4 sub_080cd24c (src/gameover_cb64c.c:172, src/gameover_ccd4c.c:209), whose role is unnamed"
gUnk_0875546C,rom,identity,CutsceneFountainActorScript59's frame table (FountainSpriteDraw's one-sprite layout): the piece is unnamed (run 6 B)
gUnk_08755484,rom,identity,CutsceneFountainActorScript60's frame table: the piece is unnamed (run 6 B)
gUnk_08755620,rom,two-meanings,"the frame table of several unrelated menu sprites: the file-select slot, label and cursor, the file-menu slot, the menu screen title (src/menutask_0daf8.c:34-234, src/menutask_0f180.c:274)"
gUnk_08755650,rom,two-meanings,"the frame table of a dozen unrelated menu sprites (file-menu highlight and slot, mode-list cursor, panels, the erase dialog and wipe; src/menutask_0daf8.c, menutask_0e314.c, menutask_0ea0c.c)"
gUnk_08755EFC,rom,mixed,Bomb Rally frame table used as BombRallyStartSign's and BombRallyResultsPlayerPlace's table and for frames 6 / 7 of BombRallyResultsPlayerLivesUpdate: several labels in one table
gUnk_08755FEC,rom,two-meanings,"the frame table of AirGrindEffect and of the race's digits (AirGrindDrawDigit queues table[digit]; src/subgame_c3f44.c:122, src/subgame_c4630.c:219, src/subgame_c1ffc.c:123): two kinds of sprites"
gUnk_087565F4,rom,unnamed-input,"per-throw rows read by bombRallyThrow and the speed level (r[speedLevel * 5 + k]) in BombRallyPlayerCpuThrow and BombRallyPlayerJudgePress (src/subgame_bda2c.c:1123, 1278); what the five values pick is not settled (the header says 'the animation pick')"
